episode_index,episode_seed,condition,arm,terminal_joint_success,tail80_joint_success,dwell15_joint_success,tail50_joint_occupancy,terminal_localization_error_m,terminal_formation_error_m,ever_locked,unsafe_transition_count,unsafe_track_start_count,unsafe_track_end_count,post300_unsafe_track_end_count,audit_release_violation_count,mean_squared_action,maximum_combined_decision_runtime_s,model_evaluated,model_activated,noise_tape_sha256,stress_tape_sha256,online_history_sha256
0,48100,nominal,v24_nominal_model,True,True,True,1.0,0.6958557306319738,0.6061394769417148,True,0,0,0,0,0,0.23760088519543124,0.5440670830430463,False,False,87da738c728faecb375a2940e1402063aef81a943e8e1b4fe58bdb1540e441dc,1a2a2638c09cff1041ec89464e5d2862e819e033123787ef5890336627eb528b,03a0c0861fc0adca21929b95edbbfacd68d97af3cd93430f060eeba3059eedb9
0,48100,nominal,v35_bias_gate_300,True,True,True,1.0,0.6958557306319738,0.6061394769417148,True,0,0,0,0,0,0.23760088519543124,0.6011050409870222,True,False,87da738c728faecb375a2940e1402063aef81a943e8e1b4fe58bdb1540e441dc,1a2a2638c09cff1041ec89464e5d2862e819e033123787ef5890336627eb528b,03a0c0861fc0adca21929b95edbbfacd68d97af3cd93430f060eeba3059eedb9
0,48100,doppler_common_bias_p003,v24_nominal_model,True,True,True,1.0,1.788415366196022,1.6304513856712777,True,0,0,0,0,0,0.25738895673580026,0.5445634160423651,False,False,87da738c728faecb375a2940e1402063aef81a943e8e1b4fe58bdb1540e441dc,d2b24a48bc9bb13195c475c39f8456bfd5d3dca758e8f9d56dc5b664514d7015,e72a2cddf09e9fb1c64d3e230186178a6c8d2eced9bad7a6eab96fb886874da5
0,48100,doppler_common_bias_p003,v35_bias_gate_300,True,True,True,1.0,0.5158208285774982,0.48703953876535944,True,0,0,0,0,0,0.2570990211615639,1.101238542003557,True,True,87da738c728faecb375a2940e1402063aef81a943e8e1b4fe58bdb1540e441dc,d2b24a48bc9bb13195c475c39f8456bfd5d3dca758e8f9d56dc5b664514d7015,32129d8b3465fcd2a9ed4586402495739d6b973bb7a6d5d068bc0a3f6aee29c9
0,48100,doppler_differential_bias_003,v24_nominal_model,True,True,True,1.0,2.9320749007935407,2.936391834228566,True,0,0,0,0,0,0.26353068958149267,0.5400270420359448,False,False,87da738c728faecb375a2940e1402063aef81a943e8e1b4fe58bdb1540e441dc,508873f40bda6e2e3d3ef32b9ae6d0fe4b5d9fe2f07fb96532d39b433eb8602e,208bc1fcfaa31c41e42416d05cd65a3e93d3fa1aae089888a3fdaeff12041c06
0,48100,doppler_differential_bias_003,v35_bias_gate_300,True,True,True,1.0,0.7965156946241287,0.6889218591453222,True,0,0,0,0,0,0.26393162124276565,1.092587917111814,True,True,87da738c728faecb375a2940e1402063aef81a943e8e1b4fe58bdb1540e441dc,508873f40bda6e2e3d3ef32b9ae6d0fe4b5d9fe2f07fb96532d39b433eb8602e,095b6c78301cc3c8ba41faf2f510bb32a622971b25fb7a73950b8dc36f406031
0,48100,doppler_scale_102,v24_nominal_model,True,True,True,1.0,1.814834460247962,1.7672016701966153,True,0,0,0,0,0,0.24173143373303502,0.5240553329931572,False,False,87da738c728faecb375a2940e1402063aef81a943e8e1b4fe58bdb1540e441dc,b79f8eec0de4623d9edbdb33df92b000e53717dc9b6fab191d4c08a9f8741e16,4f68fc448e615ec47c237e60b1bdff56a9882f1e009b1397d0a84aa4f59bcb7f
0,48100,colored_noise_rho09_sd003,v24_nominal_model,True,True,True,1.0,2.1424912087018746,2.016498685874673,True,0,0,0,0,0,0.24627986021986487,0.5369310420937836,False,False,87da738c728faecb375a2940e1402063aef81a943e8e1b4fe58bdb1540e441dc,d44241f96b47e4ddc7c6cde5922b1b61054170abe16b605482676e5ef875f807,6c443edbb59efa0b26e9aafa1c1ed393a94338e82a543921762f8857aaabc7e2
0,48100,colored_noise_rho09_sd003,v35_bias_gate_300,True,True,True,1.0,2.1424912087018746,2.016498685874673,True,0,0,0,0,0,0.24627986021986487,0.5196331249317154,True,False,87da738c728faecb375a2940e1402063aef81a943e8e1b4fe58bdb1540e441dc,d44241f96b47e4ddc7c6cde5922b1b61054170abe16b605482676e5ef875f807,6c443edbb59efa0b26e9aafa1c1ed393a94338e82a543921762f8857aaabc7e2
0,48100,dropout_iid10,v24_nominal_model,True,True,True,1.0,0.5687147470128475,0.49804277547884485,True,0,0,0,0,0,0.25853036552377584,0.57527658296749,False,False,87da738c728faecb375a2940e1402063aef81a943e8e1b4fe58bdb1540e441dc,a17342f86b34c080400e3413bcb68661dfa20ce2e610005fdf9e2185f526bb4c,92f17c7082676b1c717708bd28d9647fc4d44d544b0d6883032bc0c366971475
0,48100,broadcast_delay_2s,v24_nominal_model,True,False,True,0.7,3.942721741938227,0.5094071592085242,True,0,0,0,0,0,0.24103061824239788,0.5441850830102339,False,False,87da738c728faecb375a2940e1402063aef81a943e8e1b4fe58bdb1540e441dc,df0776827b197eaf5e19485f7b92db25ae64496d282b9c19b061f71dae45c7bf,213911ff14a172f17302975aa000e1523ea5eb8dd4b41cd920fd4e1217dd951b
0,48100,dead_reckoning_scale_101,v24_nominal_model,True,True,True,1.0,4.776984571806916,4.628165859666322,True,0,0,0,0,0,0.24103796009077844,0.5435361249838024,False,False,87da738c728faecb375a2940e1402063aef81a943e8e1b4fe58bdb1540e441dc,65a045ad3f98e6d3e671703001788b62a2a7b5581cc17de0305ba437e9d0d4bc,12a299fac8d8b2fcde10ef520b29e0ec61afa7b5766e9065532f8df2b326b343
1,48101,nominal,v24_nominal_model,True,True,True,1.0,0.8722373478441254,0.7794313930381611,True,0,0,0,0,0,0.25937269620044595,0.5271942499093711,False,False,5d317443b04c095e5eca05ce55ab9ba1b4ded26416265c67954590b662c0ed31,825d22653679c066fa1c5456e079b481a21645b16afacb7684c55ef7d1484157,a9ba29a4c4ac242e4dc580bdaf08e0b4ad394f21f47a0ee21d172b34bde00846
1,48101,nominal,v35_bias_gate_300,True,True,True,1.0,0.8722373478441254,0.7794313930381611,True,0,0,0,0,0,0.25937269620044595,0.5122623749775812,True,False,5d317443b04c095e5eca05ce55ab9ba1b4ded26416265c67954590b662c0ed31,825d22653679c066fa1c5456e079b481a21645b16afacb7684c55ef7d1484157,a9ba29a4c4ac242e4dc580bdaf08e0b4ad394f21f47a0ee21d172b34bde00846
1,48101,doppler_common_bias_p003,v24_nominal_model,True,True,True,1.0,0.30202766910781126,0.4298549534241763,True,0,0,0,0,0,0.26339108244361686,0.5358593330020085,False,False,5d317443b04c095e5eca05ce55ab9ba1b4ded26416265c67954590b662c0ed31,7b3448f50c21c56598004cceaf9e87b91aaf15497579335d2f6416893429b9c0,dbc4a6924674beda38942db83f61a62fb3a4bd5c4d357e79a4a97385c6bc626b
1,48101,doppler_common_bias_p003,v35_bias_gate_300,True,True,True,1.0,0.8678077650608244,0.802700914484695,True,0,0,0,0,0,0.2625048115917786,1.0900179990567267,True,True,5d317443b04c095e5eca05ce55ab9ba1b4ded26416265c67954590b662c0ed31,7b3448f50c21c56598004cceaf9e87b91aaf15497579335d2f6416893429b9c0,a6cdc8ed2167530ecb64a00a1f5968ac9a13d8f544133ad74c23211891275d01
1,48101,doppler_differential_bias_003,v24_nominal_model,True,True,True,1.0,0.8758378543968668,0.9127417375116387,True,0,0,0,0,0,0.22180587633924792,0.5120106660760939,False,False,5d317443b04c095e5eca05ce55ab9ba1b4ded26416265c67954590b662c0ed31,d814958d903ab31156c215e57476a47e4f5eee6c849c70a73ba4584e25c0ecff,083daa2b2cd689ea8788d13ff1e676e0af3f708707c22012bd0dce4069b15d63
1,48101,doppler_differential_bias_003,v35_bias_gate_300,True,True,True,1.0,0.7200252858728966,0.7440684355346897,True,0,0,0,0,0,0.221272780709782,1.0846180819207802,True,True,5d317443b04c095e5eca05ce55ab9ba1b4ded26416265c67954590b662c0ed31,d814958d903ab31156c215e57476a47e4f5eee6c849c70a73ba4584e25c0ecff,ffe1f4336358f6ffc558ae89e3249050967215c12eb3717098772386fe17e98f
1,48101,doppler_scale_102,v24_nominal_model,False,False,False,0.0,4.127509974521616,2332.7892687193203,False,0,0,0,0,0,0.1594677627837042,0.5696724159643054,False,False,5d317443b04c095e5eca05ce55ab9ba1b4ded26416265c67954590b662c0ed31,d9addbb71288c53f453dbecd5bb81b92c223b3f07299b0e4b91a5220122c7871,5a8c886ecbea554f90a73d1bb2dd2b6b5cf9c2d98f5cc66bb812c271a8f9e623
1,48101,colored_noise_rho09_sd003,v24_nominal_model,True,True,True,1.0,1.103747762358957,1.063071378112941,True,0,0,0,0,0,0.23201590792278237,0.5251426660688594,False,False,5d317443b04c095e5eca05ce55ab9ba1b4ded26416265c67954590b662c0ed31,2f0e262b10eca4a7f60f046f0af438bcd0422b2ac14a1f9fd277f9e99897777b,3ce5c5c976c5b8f7860697bd1aa8f18d1f0d8e9e011be6604397934f11cea994
1,48101,colored_noise_rho09_sd003,v35_bias_gate_300,True,True,True,1.0,1.103747762358957,1.063071378112941,True,0,0,0,0,0,0.23201590792278237,0.6157941659912467,True,False,5d317443b04c095e5eca05ce55ab9ba1b4ded26416265c67954590b662c0ed31,2f0e262b10eca4a7f60f046f0af438bcd0422b2ac14a1f9fd277f9e99897777b,3ce5c5c976c5b8f7860697bd1aa8f18d1f0d8e9e011be6604397934f11cea994
1,48101,dropout_iid10,v24_nominal_model,True,True,True,1.0,0.2891733643155769,0.26943312291826815,True,0,0,0,0,0,0.22451712467107612,0.4664847089443356,False,False,5d317443b04c095e5eca05ce55ab9ba1b4ded26416265c67954590b662c0ed31,4e84c497e812d55e2407ab375c60d266c74b867dc362f220a5947a7b72dac5e7,1606b095813f49a61cf9dc8bbc331d5a0c14de8a5248db3716b2e6d795333261
1,48101,broadcast_delay_2s,v24_nominal_model,True,True,True,1.0,5.549506722363159,0.9264570508933544,True,0,0,0,0,0,0.2609240151577646,0.5320624579908326,False,False,5d317443b04c095e5eca05ce55ab9ba1b4ded26416265c67954590b662c0ed31,db75d33e25a4889757240b76ebf1b5486039d1eb3a27f3dd03586fc7a9d8b3f9,c015c9ba987a6f15ce68cddd04a3cb56ad4783a19fa317b449fd6b4858993381
1,48101,dead_reckoning_scale_101,v24_nominal_model,True,True,True,1.0,6.567805218954248,6.666812394956125,True,0,0,0,0,0,0.28058141550025456,0.5205700830556452,False,False,5d317443b04c095e5eca05ce55ab9ba1b4ded26416265c67954590b662c0ed31,5ebcbc0a0c70431f396ae992f8b083f1561b8ff8cacf38d34d0ec2aa19df2362,395952ac31d9a9cb79a696543a2c9760845700174cb405df388ef363e9d8b096
2,48102,nominal,v24_nominal_model,True,True,True,1.0,0.8042150849780296,0.71858919861825,True,0,0,0,0,0,0.2884220850678144,0.6416147500276566,False,False,42979ca49cd65a4ffc5f7bfeeb260c96a10c156f4958b24c57ce2aadada11fe8,54ab68873db8ce1ed3309ab424297f33fe375fd6a1204c652a9f5b35c4c9421c,54be91f1269e06b1e38c5dce7c4127f1dc5e0467d8d4a0990ed4873c1401d102
2,48102,nominal,v35_bias_gate_300,True,True,True,1.0,0.8042150849780296,0.71858919861825,True,0,0,0,0,0,0.2884220850678144,0.5134030829649419,True,False,42979ca49cd65a4ffc5f7bfeeb260c96a10c156f4958b24c57ce2aadada11fe8,54ab68873db8ce1ed3309ab424297f33fe375fd6a1204c652a9f5b35c4c9421c,54be91f1269e06b1e38c5dce7c4127f1dc5e0467d8d4a0990ed4873c1401d102
2,48102,doppler_common_bias_p003,v24_nominal_model,True,False,True,0.36,2.09609254316028,1.7907290903872604,True,0,0,0,0,0,0.2695568627582254,0.5263960000593215,False,False,42979ca49cd65a4ffc5f7bfeeb260c96a10c156f4958b24c57ce2aadada11fe8,73385be2c7f09c17e1885291bd7a45e8aba514d82bb52419f8069dca9547b1cd,b289866d0f063bc5a5da72fde60bc4c994af11a1ec5e55e5fdeda4f3098d8a0f
2,48102,doppler_common_bias_p003,v35_bias_gate_300,True,False,True,0.36,1.1676608861838345,1.2623887031861478,True,0,0,0,0,0,0.269465722644355,1.1825925828889012,True,True,42979ca49cd65a4ffc5f7bfeeb260c96a10c156f4958b24c57ce2aadada11fe8,73385be2c7f09c17e1885291bd7a45e8aba514d82bb52419f8069dca9547b1cd,85bc314ccc183b7e89cf118eacd8daa7d758af2f549e4ae9f5d69c3a279770aa
2,48102,doppler_differential_bias_003,v24_nominal_model,True,True,True,1.0,1.0922440622586616,1.0258300393238238,True,0,0,0,0,0,0.27901898344115333,0.5777197079733014,False,False,42979ca49cd65a4ffc5f7bfeeb260c96a10c156f4958b24c57ce2aadada11fe8,6ff1fb7d4aa2b54fd8d32125f9455f6026472a59e7ded142c70d3b919a0fe043,8cb9cef61a50e475bb8cf3adddfe1881111089c1bcb6594ee443b716fac6bdbd
2,48102,doppler_differential_bias_003,v35_bias_gate_300,True,True,True,1.0,0.9005492937434314,0.8222581581117125,True,0,0,0,0,0,0.27876584038724433,1.1700439179548994,True,True,42979ca49cd65a4ffc5f7bfeeb260c96a10c156f4958b24c57ce2aadada11fe8,6ff1fb7d4aa2b54fd8d32125f9455f6026472a59e7ded142c70d3b919a0fe043,3f47099fa4a38d1bf962216905a2f9e9a5e3d83a445e147761bf3b5b9abcac32
2,48102,doppler_scale_102,v24_nominal_model,True,True,True,1.0,3.4230570244179397,3.442175974588628,True,0,0,0,0,0,0.29261311346050417,0.5639029170852154,False,False,42979ca49cd65a4ffc5f7bfeeb260c96a10c156f4958b24c57ce2aadada11fe8,624e10f38a4e09997610e92bcd6124cfb10bc1fb54820c77f6eb866aaaada3cd,baab8b8cb79b03fc8ae544fc5a82f0744cfe5dbd5fd963572b4f424ee8f9a802
2,48102,colored_noise_rho09_sd003,v24_nominal_model,True,False,True,0.46,1.9034087986487436,1.6723264038231533,True,0,0,0,0,0,0.2748538575903139,0.6354355840012431,False,False,42979ca49cd65a4ffc5f7bfeeb260c96a10c156f4958b24c57ce2aadada11fe8,dfb6cfec844b6c6219807c5f4671c387824e69741c4cef9405cc8343f1e20b5d,ca06bfcc7577ecf384a82a3a6794cc24901a76a5a853a66fa8a974685a5e5b94
2,48102,colored_noise_rho09_sd003,v35_bias_gate_300,True,False,True,0.46,1.9034087986487436,1.6723264038231533,True,0,0,0,0,0,0.2748538575903139,0.6243132089730352,True,False,42979ca49cd65a4ffc5f7bfeeb260c96a10c156f4958b24c57ce2aadada11fe8,dfb6cfec844b6c6219807c5f4671c387824e69741c4cef9405cc8343f1e20b5d,ca06bfcc7577ecf384a82a3a6794cc24901a76a5a853a66fa8a974685a5e5b94
2,48102,dropout_iid10,v24_nominal_model,True,True,True,1.0,0.7741515941509164,0.6929606367238444,True,0,0,0,0,0,0.288416676420012,0.5191180410329252,False,False,42979ca49cd65a4ffc5f7bfeeb260c96a10c156f4958b24c57ce2aadada11fe8,42f22626dcb9c723cb56eb9c8c3f664e24ee80fe5da86ff440e435a8a5328484,b9876e22a3113ca1c2fab308ddc63270bb29842c0af6c55b5da89df0c39d57b4
2,48102,broadcast_delay_2s,v24_nominal_model,True,True,True,1.0,4.886169991268001,0.7330483876417077,True,0,0,0,0,0,0.2882228292326154,0.780590416979976,False,False,42979ca49cd65a4ffc5f7bfeeb260c96a10c156f4958b24c57ce2aadada11fe8,3ff60568586d4cb15a24e6afc171334e5fedf9422ba8bcd33c28d62ecb2d711b,e97f6f4878e79c29b895bde41013f598b511d468d62ee95d01b83a365b15c0c7
2,48102,dead_reckoning_scale_101,v24_nominal_model,True,False,False,0.08,3.321451681810942,6.485121254699122,True,0,0,0,0,0,0.24376535378693787,0.7598391659557819,False,False,42979ca49cd65a4ffc5f7bfeeb260c96a10c156f4958b24c57ce2aadada11fe8,4db2ddaabb82b21d3820413810ea03370391c237e576fe9823c4bef20ada7502,95513ab301d1b7124851c4dccdb0297957d91c731ff5e7201411469ed344ebfc
3,48103,nominal,v24_nominal_model,True,True,True,1.0,0.4174734215359063,0.5238687083434617,True,0,0,0,0,0,0.26938658027351114,1.4241939999628812,False,False,12ccebf303850254618f384911a7d949496d808162930e89982aa5dc2aa733c0,9c3ec8c7f347ff6894f0a44d7193a4aface7cecde52682c2c7afa772ffc02ce3,b12bcc9d97c669a96d6f496af34179c8a30454fdf1c27c3c197eee7c819ee688
3,48103,nominal,v35_bias_gate_300,True,True,True,1.0,0.4174734215359063,0.5238687083434617,True,0,0,0,0,0,0.26938658027351114,0.9777204579440877,True,False,12ccebf303850254618f384911a7d949496d808162930e89982aa5dc2aa733c0,9c3ec8c7f347ff6894f0a44d7193a4aface7cecde52682c2c7afa772ffc02ce3,b12bcc9d97c669a96d6f496af34179c8a30454fdf1c27c3c197eee7c819ee688
3,48103,doppler_common_bias_p003,v24_nominal_model,True,True,True,1.0,0.7459743531906613,0.852434006348921,True,0,0,0,0,0,0.33424966480671087,0.7648085829569027,False,False,12ccebf303850254618f384911a7d949496d808162930e89982aa5dc2aa733c0,601f7288683d697a5cc6ad349715570b46a49835c47825d00d9c62249faee87e,8ad7db085a13b75295450239677bfab9bec3fb473c72d29db0794ee17e75b049
3,48103,doppler_common_bias_p003,v35_bias_gate_300,True,True,True,1.0,0.5681376060894024,0.6915094032172793,True,0,0,0,0,0,0.35003256022481183,1.2851929150056094,True,True,12ccebf303850254618f384911a7d949496d808162930e89982aa5dc2aa733c0,601f7288683d697a5cc6ad349715570b46a49835c47825d00d9c62249faee87e,90ad9e58432191973c2af4b701387c3540069f7f62dac8ff33ac09652eb6562d
3,48103,doppler_differential_bias_003,v24_nominal_model,True,True,True,1.0,1.013592249922292,1.1142237384676574,True,0,0,0,0,0,0.3730920673727352,0.5627809169236571,False,False,12ccebf303850254618f384911a7d949496d808162930e89982aa5dc2aa733c0,cd37cfffb44ca685478fd846d0d1cf7dc8a66eb2046166bb06a552c49200ab4b,84d580accba0585cbdd205c74ae43014cee8e558f952bc92a3ed01190d22570e
3,48103,doppler_differential_bias_003,v35_bias_gate_300,True,True,True,1.0,0.4565241228034803,0.5145632135187772,True,0,0,0,0,0,0.3728711302748727,1.0752652910305187,True,True,12ccebf303850254618f384911a7d949496d808162930e89982aa5dc2aa733c0,cd37cfffb44ca685478fd846d0d1cf7dc8a66eb2046166bb06a552c49200ab4b,f6dbe60468770e78bd65302c5c6b0571b3b92bd83c5f1ee9b302cb721035141c
3,48103,doppler_scale_102,v24_nominal_model,True,True,True,1.0,2.145324918152175,2.1590923389731524,True,0,0,0,0,0,0.2711875213660807,0.5376339999493212,False,False,12ccebf303850254618f384911a7d949496d808162930e89982aa5dc2aa733c0,92bd357e859954652a76ac42f782ac5dcaf0e3617d544bca734d263dec4a87b7,6bad262cb47b9d5251e5dcbc09329c1470e4d38bc3c840f17f52d4ce9f165b1c
3,48103,colored_noise_rho09_sd003,v24_nominal_model,True,True,True,1.0,1.473389003554699,1.5929145254955916,True,0,0,0,0,0,0.2720372398246901,0.5212810829980299,False,False,12ccebf303850254618f384911a7d949496d808162930e89982aa5dc2aa733c0,b9d1639f26a289f0193b1a59fe8b1108d7dbf3bad43f60383da846fbc090dc06,1d71c41be5b96358262e2a68db54b6d436107769ee443a0d54e5d8a96e45eb97
3,48103,colored_noise_rho09_sd003,v35_bias_gate_300,True,True,True,1.0,1.473389003554699,1.5929145254955916,True,0,0,0,0,0,0.2720372398246901,0.5909549589268863,True,False,12ccebf303850254618f384911a7d949496d808162930e89982aa5dc2aa733c0,b9d1639f26a289f0193b1a59fe8b1108d7dbf3bad43f60383da846fbc090dc06,1d71c41be5b96358262e2a68db54b6d436107769ee443a0d54e5d8a96e45eb97
3,48103,dropout_iid10,v24_nominal_model,True,True,True,1.0,0.5300445561354313,0.6105918487013748,True,0,0,0,0,0,0.26558507949935334,0.4848878749180585,False,False,12ccebf303850254618f384911a7d949496d808162930e89982aa5dc2aa733c0,82d27390ab460e198a8470cbd99b2314a400c72ce6b89c0d32d48c09385e2d7f,c30c9f835cc35285703db6edd841d081bcf9a7a89223094b8fa5a1df95569754
3,48103,broadcast_delay_2s,v24_nominal_model,True,True,True,1.0,2.5144031577083994,1.2877258890270045,True,0,0,0,0,0,0.27774582433828765,0.8252974170027301,False,False,12ccebf303850254618f384911a7d949496d808162930e89982aa5dc2aa733c0,119adf133262b4e730cdbd2fdf38712ff521c8d80ab95ebc0cd5934b755e7545,d0e7cb935b297a6d779c6260d86b668357b667f6f43932799212d31bd2ce72b3
3,48103,dead_reckoning_scale_101,v24_nominal_model,True,True,True,1.0,3.5177710423295876,3.346423514375224,True,0,0,0,0,0,0.36608059222331,0.6930684160906821,False,False,12ccebf303850254618f384911a7d949496d808162930e89982aa5dc2aa733c0,37d06dc3b1e9013de747a65031899398919b5efe314f8bfed9b0e122839b48c4,51ce9b3ef9749ecf21d13113279271070321fa01d6fcae098a9fc90044c4fb30
4,48104,nominal,v24_nominal_model,True,True,True,1.0,0.39035017344524303,0.46189318742595625,True,0,0,0,0,0,0.2689562404848725,0.934832957922481,False,False,e6aa84110f05ed800eb36514dc0bda98f0b0323e4c6cf82048418c330ae45cd4,65309a6e360e194fdcb50204a466ac46e5b81f12153e022a0a52ba423ee75570,587d24e69922d10edfca0298a0361d6dc66ba2bc7ade3bbe0b61c085eeea2f1e
4,48104,nominal,v35_bias_gate_300,True,True,True,1.0,0.39035017344524303,0.46189318742595625,True,0,0,0,0,0,0.2689562404848725,0.8888631669105962,True,False,e6aa84110f05ed800eb36514dc0bda98f0b0323e4c6cf82048418c330ae45cd4,65309a6e360e194fdcb50204a466ac46e5b81f12153e022a0a52ba423ee75570,587d24e69922d10edfca0298a0361d6dc66ba2bc7ade3bbe0b61c085eeea2f1e
4,48104,doppler_common_bias_p003,v24_nominal_model,True,True,True,1.0,0.5036213030357147,0.5121999753346036,True,0,0,0,0,0,0.29518999472429097,0.7155618749093264,False,False,e6aa84110f05ed800eb36514dc0bda98f0b0323e4c6cf82048418c330ae45cd4,8ec0735fa0be7d481492c047931b05973ef99a8e668afa0acfeab4c8ece50462,e3aac9eea2bf704b15f7d92fb89a7dc7ca502eff29fa60a7957b0526561e12d2
4,48104,doppler_common_bias_p003,v35_bias_gate_300,True,True,True,1.0,0.6281829442420366,0.7050331027098798,True,0,0,0,0,0,0.3238261847611403,1.466433874098584,True,True,e6aa84110f05ed800eb36514dc0bda98f0b0323e4c6cf82048418c330ae45cd4,8ec0735fa0be7d481492c047931b05973ef99a8e668afa0acfeab4c8ece50462,e4536469d19ae5244894708ae15b67b219f158e0f8eac2b245d73aeeb077effc
4,48104,doppler_differential_bias_003,v24_nominal_model,True,True,True,1.0,0.7829523891589333,0.7430929531718403,True,0,0,0,0,0,0.2915232870965271,0.5227930420078337,False,False,e6aa84110f05ed800eb36514dc0bda98f0b0323e4c6cf82048418c330ae45cd4,032f7a2ed8c418cacad1e45d279cd4bb06038251a680ac7e6d702470b53b5602,1053890009c1fe9f0aae901da7e07ed985c96c6cb7e971e38570ab997def89bf
4,48104,doppler_differential_bias_003,v35_bias_gate_300,True,True,True,1.0,0.5716632298284362,0.6414666007616462,True,0,0,0,0,0,0.2907305470664161,1.2356002499582246,True,True,e6aa84110f05ed800eb36514dc0bda98f0b0323e4c6cf82048418c330ae45cd4,032f7a2ed8c418cacad1e45d279cd4bb06038251a680ac7e6d702470b53b5602,b7786bbae542aa200d8fdae7cf1d20a7378436179b9e9b7766a94032cea0ac07
4,48104,doppler_scale_102,v24_nominal_model,False,False,False,0.0,1.5231849078302018,1335.6058912567428,False,0,0,0,0,0,0.1909194678923786,0.8436395829776302,False,False,e6aa84110f05ed800eb36514dc0bda98f0b0323e4c6cf82048418c330ae45cd4,6a2796b74c05a346b4a27f96010458d657c1eb8ac7035d59c44d120f8958c804,39699dd007e010308bab0a8a67b3f413cf367415779870187494a3401ec94954
4,48104,colored_noise_rho09_sd003,v24_nominal_model,True,True,True,1.0,1.1823571569037261,1.1926549747077368,True,0,0,0,0,0,0.2737398349675025,0.6371599580161273,False,False,e6aa84110f05ed800eb36514dc0bda98f0b0323e4c6cf82048418c330ae45cd4,4a2b942855638b3f2608b14d940ae3419ac217ce95e519a31040dd9d7b646625,129a419ed23954916071d9127cc1b12374f698f4db452b18cadd89dd50a830c9
4,48104,colored_noise_rho09_sd003,v35_bias_gate_300,True,True,True,1.0,1.1823571569037261,1.1926549747077368,True,0,0,0,0,0,0.2737398349675025,0.5395494169788435,True,False,e6aa84110f05ed800eb36514dc0bda98f0b0323e4c6cf82048418c330ae45cd4,4a2b942855638b3f2608b14d940ae3419ac217ce95e519a31040dd9d7b646625,129a419ed23954916071d9127cc1b12374f698f4db452b18cadd89dd50a830c9
4,48104,dropout_iid10,v24_nominal_model,True,True,True,1.0,0.5345939573814383,0.607954880382354,True,0,0,0,0,0,0.2887957903871525,0.46777324995491654,False,False,e6aa84110f05ed800eb36514dc0bda98f0b0323e4c6cf82048418c330ae45cd4,35dd2bfcb2e40d9f45a10bfbb5351444acbec74bec6be245a48421dc4c47e3d8,93245f7343b2a2b1ce671ed9a2859e9d75534e1db0e4c384e198ce43c84c0fd0
4,48104,broadcast_delay_2s,v24_nominal_model,True,True,True,1.0,4.804425436418861,1.0339321536492305,True,0,0,0,0,0,0.27331782402380256,0.588773834053427,False,False,e6aa84110f05ed800eb36514dc0bda98f0b0323e4c6cf82048418c330ae45cd4,b1c1934bb3213c2c2c984b1563a01a1e93c007866abc97a501ea70e72f15a2c1,0cd667b332deac01e590c6bda7200234e0106d26e32c6029529f7910992a8e9d
4,48104,dead_reckoning_scale_101,v24_nominal_model,True,True,True,1.0,5.3584700972107155,5.321502618828682,True,0,0,0,0,0,0.2701324085230897,0.5417391250375658,False,False,e6aa84110f05ed800eb36514dc0bda98f0b0323e4c6cf82048418c330ae45cd4,745df4d0b58ffe9d3e9fd29a08cbc00c7cf3c07a44e2b547a1ec536aa37d268c,ff4e0b7c38c2b01594ebb159e70ae5bee2b01e8c47c0cc9deeacb43f26c1e351
5,48105,nominal,v24_nominal_model,True,True,True,1.0,0.3125408018767108,0.41836822456329625,True,0,0,0,0,0,0.3020556530185523,0.5388981670839712,False,False,a7649e179b09226dff613fdef3eff8db10becc85d1b0511879fc15a586f7c68e,0f03e1699ca1e57b915ad91c5be54065629985885ec456035ba9f2249cfba221,3776f8fd6cd128e118f31685bef00f339cb890720f92ebf977a10a4b6c5329b0
5,48105,nominal,v35_bias_gate_300,True,True,True,1.0,0.3125408018767108,0.41836822456329625,True,0,0,0,0,0,0.3020556530185523,0.6480378330452368,True,False,a7649e179b09226dff613fdef3eff8db10becc85d1b0511879fc15a586f7c68e,0f03e1699ca1e57b915ad91c5be54065629985885ec456035ba9f2249cfba221,3776f8fd6cd128e118f31685bef00f339cb890720f92ebf977a10a4b6c5329b0
5,48105,doppler_common_bias_p003,v24_nominal_model,True,True,True,1.0,0.25839045841987907,0.32695767962260064,True,0,0,0,0,0,0.36555558421825596,0.5370600830065086,False,False,a7649e179b09226dff613fdef3eff8db10becc85d1b0511879fc15a586f7c68e,b5e1d5e67c702ba4ed438bae22f2947d64c2cf8cb4ee2318449ae427b5e635d8,1d3fe324fff85ee8b99cd4e270ee30c2398d01d4aab2d725e06eb9111c9d75e1
5,48105,doppler_common_bias_p003,v35_bias_gate_300,True,True,True,1.0,0.26348541434233325,0.3623189794054738,True,0,0,0,0,0,0.368464966962286,1.0770584580022842,True,True,a7649e179b09226dff613fdef3eff8db10becc85d1b0511879fc15a586f7c68e,b5e1d5e67c702ba4ed438bae22f2947d64c2cf8cb4ee2318449ae427b5e635d8,2d4dc734fc1ed77bc5f296caba2eb319355ce601552e767cfd31bdcbe371177c
5,48105,doppler_differential_bias_003,v24_nominal_model,True,True,True,1.0,2.3322715436863453,2.3422481321143525,True,0,0,0,0,0,0.3689869021779392,0.5425462500425056,False,False,a7649e179b09226dff613fdef3eff8db10becc85d1b0511879fc15a586f7c68e,c6872c7406fa38944ec24b2e5caa353f0ca234d9d4f9e211b55089cd9dff194d,f7629ef20d00c37fd6b1df71ea82fc8ff6d5423c46eb26e4ad2330460f3badfc
5,48105,doppler_differential_bias_003,v35_bias_gate_300,True,True,True,1.0,0.7805767373904998,0.8016717803935894,True,0,0,0,0,0,0.3699026044298586,1.1638626659987494,True,True,a7649e179b09226dff613fdef3eff8db10becc85d1b0511879fc15a586f7c68e,c6872c7406fa38944ec24b2e5caa353f0ca234d9d4f9e211b55089cd9dff194d,73f4bb461ff3787576fa49b3c9c2447e15bbc180336a1b75fb31d43ea60951fa
5,48105,doppler_scale_102,v24_nominal_model,True,True,True,1.0,2.660175149185204,2.6837726295701954,True,0,0,0,0,0,0.3065652130114461,0.5805159579031169,False,False,a7649e179b09226dff613fdef3eff8db10becc85d1b0511879fc15a586f7c68e,9df31b7c8c3258ac23a9d547e539c1b5dc4e7aedd0aa68c62c82c6e61b6733ce,dcf68c57afd9fc3947c965c00487994a46298945947d0d5a43be4399a2161885
5,48105,colored_noise_rho09_sd003,v24_nominal_model,True,True,True,1.0,0.21704053537585657,0.2650998568696774,True,0,0,0,0,0,0.3339032500476398,0.541998083004728,False,False,a7649e179b09226dff613fdef3eff8db10becc85d1b0511879fc15a586f7c68e,6ae47c2a7877ae2a1ef552d5994f354e1becc4e699463fe781f7fcbbecc992b5,33bfb841f761ed54aaf14ed43c1dd3326ff7fc2c3f49d4cd22f92ba5ce86bd0d
5,48105,colored_noise_rho09_sd003,v35_bias_gate_300,True,True,True,1.0,0.21704053537585657,0.2650998568696774,True,0,0,0,0,0,0.3339032500476398,0.5401013749651611,True,False,a7649e179b09226dff613fdef3eff8db10becc85d1b0511879fc15a586f7c68e,6ae47c2a7877ae2a1ef552d5994f354e1becc4e699463fe781f7fcbbecc992b5,33bfb841f761ed54aaf14ed43c1dd3326ff7fc2c3f49d4cd22f92ba5ce86bd0d
5,48105,dropout_iid10,v24_nominal_model,True,True,True,1.0,0.43023732208965226,0.5375660392062817,True,0,0,0,0,0,0.3026203664472188,0.47968391596805304,False,False,a7649e179b09226dff613fdef3eff8db10becc85d1b0511879fc15a586f7c68e,e4203a4c4f1093f589e7c9d68132216237c65b5fc17273683ee9809f6f2e70d4,8ccbc6967dcb521d1157c2479aaa3ffd08fcfbdb6c2bd4cc58d575a38b2f05d1
5,48105,broadcast_delay_2s,v24_nominal_model,False,False,False,0.0,2.1480301633539933,38.50745430359814,True,0,0,0,0,0,0.24406498800508816,0.5480689579853788,False,False,a7649e179b09226dff613fdef3eff8db10becc85d1b0511879fc15a586f7c68e,4b4a84573dcf1097ff22d162df28733ba9c3026b9e5d44f54369f112d5904116,9eea1b0a2bca46e087e5666b5a354e71ef7ac6fab8869efdb97d50b638b6d9b0
5,48105,dead_reckoning_scale_101,v24_nominal_model,True,True,True,1.0,4.090614348532686,4.192489133290864,True,0,0,0,0,0,0.3296066768812665,0.552266167011112,False,False,a7649e179b09226dff613fdef3eff8db10becc85d1b0511879fc15a586f7c68e,0a75507f8f331deaa5bf0130ffa3fb054b87b3e49156620df2da190a752f9464,60bc79b26167d3e5fab9493adca2bd4d28745b50ba91a3cbb8f17bd499838f86
6,48106,nominal,v24_nominal_model,True,True,True,1.0,0.6155699238693538,0.4549847536452325,True,0,0,0,0,0,0.25679048487165973,0.5172571659786627,False,False,1c96ef610cdcfbfbedf8fc35d60d44a4ea44ef97fd2f0ba207f181319cef1448,c034dc96affe795cc71832e8e7aa0f62459c883e10fe4581b4ad189f9fc765d7,7fc6a06bec44856c92d7a777152d9c6ead449f6a2ac85f1b06c3be8a6a57e812
6,48106,nominal,v35_bias_gate_300,True,True,True,1.0,0.6155699238693538,0.4549847536452325,True,0,0,0,0,0,0.25679048487165973,0.5299317499157041,True,False,1c96ef610cdcfbfbedf8fc35d60d44a4ea44ef97fd2f0ba207f181319cef1448,c034dc96affe795cc71832e8e7aa0f62459c883e10fe4581b4ad189f9fc765d7,7fc6a06bec44856c92d7a777152d9c6ead449f6a2ac85f1b06c3be8a6a57e812
6,48106,doppler_common_bias_p003,v24_nominal_model,True,True,True,1.0,0.45098903051069666,0.43094929336014715,True,0,0,0,0,0,0.24196793038937492,0.5369803750654683,False,False,1c96ef610cdcfbfbedf8fc35d60d44a4ea44ef97fd2f0ba207f181319cef1448,794f17a526ddf4d59284341b76c44eb72e951185954e96b5a4a44deda4c4535d,afcd11b346886508324c349bb40ef854157c6c0ea7fa1f63c5c9acd3aba688c1
6,48106,doppler_common_bias_p003,v35_bias_gate_300,True,True,True,1.0,0.39479021643845,0.3589612133166914,True,0,0,0,0,0,0.295449010061491,1.0993217090144753,True,True,1c96ef610cdcfbfbedf8fc35d60d44a4ea44ef97fd2f0ba207f181319cef1448,794f17a526ddf4d59284341b76c44eb72e951185954e96b5a4a44deda4c4535d,09da6a9922d8aab4a7231517ec11e3f262c8c12d16b64bbf3b401a094f515268
6,48106,doppler_differential_bias_003,v24_nominal_model,True,True,True,1.0,0.4570978223276513,0.3339407430074695,True,0,0,0,0,0,0.31581662261800647,0.5179627920733765,False,False,1c96ef610cdcfbfbedf8fc35d60d44a4ea44ef97fd2f0ba207f181319cef1448,ae96cacbd28b376a3b3b05871c98a870189c80a60ef23820e36336defe3f6f6a,381be22dca6c14509e9f989a4c1422e70439c8e138375cac7a74925a1420624b
6,48106,doppler_differential_bias_003,v35_bias_gate_300,True,True,True,1.0,0.3454556364090447,0.27298965232318523,True,0,0,0,0,0,0.33137451385892946,1.3074819579487666,True,True,1c96ef610cdcfbfbedf8fc35d60d44a4ea44ef97fd2f0ba207f181319cef1448,ae96cacbd28b376a3b3b05871c98a870189c80a60ef23820e36336defe3f6f6a,0c5948832d707db45cfe2a95f9245d2dc6e0ad6cef2d02367355033018acbdff
6,48106,doppler_scale_102,v24_nominal_model,False,False,False,0.0,0.7003006524354466,253.62791729359049,True,0,0,0,0,0,0.38437168927619414,1.0685724159702659,False,False,1c96ef610cdcfbfbedf8fc35d60d44a4ea44ef97fd2f0ba207f181319cef1448,0b523dfeb3d19c2a13b3db6d3f3bcb23895b41460cf6ec7d33075c70c1d79075,b30bb1c44a4e515d614a45da4a93f13f7ac776ac09c52d3ba21ac60cee6f532d
6,48106,colored_noise_rho09_sd003,v24_nominal_model,True,True,True,1.0,0.5040813924485525,0.33291525714985865,True,0,0,0,0,0,0.32131895282295325,0.8455478749237955,False,False,1c96ef610cdcfbfbedf8fc35d60d44a4ea44ef97fd2f0ba207f181319cef1448,8b211d8dff69810888f53bf31d577fc86f53fe4a9b4d5c7d66f27955a46bb41d,27984b51da3d6030767c3ac2b01a87a91b8bee8c9837e07f664f5f4f4e1277b9
6,48106,colored_noise_rho09_sd003,v35_bias_gate_300,True,True,True,1.0,0.5040813924485525,0.33291525714985865,True,0,0,0,0,0,0.32131895282295325,0.6666907090693712,True,False,1c96ef610cdcfbfbedf8fc35d60d44a4ea44ef97fd2f0ba207f181319cef1448,8b211d8dff69810888f53bf31d577fc86f53fe4a9b4d5c7d66f27955a46bb41d,27984b51da3d6030767c3ac2b01a87a91b8bee8c9837e07f664f5f4f4e1277b9
6,48106,dropout_iid10,v24_nominal_model,True,True,True,1.0,0.9016361521440956,0.7798737455389129,True,0,0,0,0,0,0.2533004410274951,0.5906304579693824,False,False,1c96ef610cdcfbfbedf8fc35d60d44a4ea44ef97fd2f0ba207f181319cef1448,c80a0c85fdfd8c7abab535614bcc46883a051e54fe9d94e32bf2ba580dcc2673,1d4253a821041092bf486f05bca288959ee87eab5450bff3694c59821de11cfd
6,48106,broadcast_delay_2s,v24_nominal_model,True,True,True,1.0,5.465902339257093,1.6381762739834662,True,0,0,0,0,0,0.2567453090363261,0.5722457920201123,False,False,1c96ef610cdcfbfbedf8fc35d60d44a4ea44ef97fd2f0ba207f181319cef1448,a8a12579e592ad380ace84178065b5a0b47f62935feacfb2ab774d069c19f2e0,a9a87b728259cf754f731324a4bdc4512deab3ecb575b07e44bbdaa0063c3f3d
6,48106,dead_reckoning_scale_101,v24_nominal_model,True,True,True,1.0,6.19076170224362,6.261332940603897,True,0,0,0,0,0,0.30545372950006094,0.5296520409174263,False,False,1c96ef610cdcfbfbedf8fc35d60d44a4ea44ef97fd2f0ba207f181319cef1448,2664a313e767369c8cceb160147c1b87ab72b4e966b9e47ee3e3fdae5aedbe17,090b8517401513aee87eab30a413d1815d48e6e699b2d4f66f9fee661ecb1dab
7,48107,nominal,v24_nominal_model,True,True,True,1.0,0.3878815389103526,0.37194165280451014,True,0,0,0,0,0,0.29594218724075333,0.544807874946855,False,False,d63e69fec8660bb8181533269662e5746a7f1a9753c588bf7d81dc5f3bca2948,a1b34d6d21a550f617b39cb8b1862a46dbad5dac09b900aea517e93d29691404,00a8346a3a36366d88a925f3ed882ac0d5eb41160982d7e4ccd20586b0c521ce
7,48107,nominal,v35_bias_gate_300,True,True,True,1.0,0.3878815389103526,0.37194165280451014,True,0,0,0,0,0,0.29594218724075333,0.5278096660040319,True,False,d63e69fec8660bb8181533269662e5746a7f1a9753c588bf7d81dc5f3bca2948,a1b34d6d21a550f617b39cb8b1862a46dbad5dac09b900aea517e93d29691404,00a8346a3a36366d88a925f3ed882ac0d5eb41160982d7e4ccd20586b0c521ce
7,48107,doppler_common_bias_p003,v24_nominal_model,True,True,True,1.0,0.313499459758708,0.2904786440574215,True,0,0,0,0,0,0.3094721216352221,0.5298440000042319,False,False,d63e69fec8660bb8181533269662e5746a7f1a9753c588bf7d81dc5f3bca2948,3bd7ad846e5bdf404ee6ba3de71bc443509b30e24caf160ae54db81912ecaacc,ecf81dbcbad58df09d8edb0b945ee045001826738dd3c0b29a2698932c3f6e4e
7,48107,doppler_common_bias_p003,v35_bias_gate_300,True,True,True,1.0,0.3738632810229573,0.3580544253642267,True,0,0,0,0,0,0.3092897137243141,1.096786541864276,True,True,d63e69fec8660bb8181533269662e5746a7f1a9753c588bf7d81dc5f3bca2948,3bd7ad846e5bdf404ee6ba3de71bc443509b30e24caf160ae54db81912ecaacc,62178fec16749245ac69b15a8d68e4bdc8e48a325beffe295be4e05a7c36cf5f
7,48107,doppler_differential_bias_003,v24_nominal_model,True,True,True,1.0,0.34909875402020857,0.33273854083927934,True,0,0,0,0,0,0.3095637548341691,0.5414310420164838,False,False,d63e69fec8660bb8181533269662e5746a7f1a9753c588bf7d81dc5f3bca2948,1124d4c3a47ae641bed3d2afdddbfc642e847bf5015f66abdba243707035cee9,e7e7de08bb52a51e8591a73e18e89280add166844578773e7cc819719901bf7f
7,48107,doppler_differential_bias_003,v35_bias_gate_300,True,True,True,1.0,0.17937183524510342,0.17400097637594092,True,0,0,0,0,0,0.3094859060058389,1.1397812509676442,True,True,d63e69fec8660bb8181533269662e5746a7f1a9753c588bf7d81dc5f3bca2948,1124d4c3a47ae641bed3d2afdddbfc642e847bf5015f66abdba243707035cee9,9435edd8e2f50d4ed2f43f63f3b0852163385f394bde7fa92114322d03ef0137
7,48107,doppler_scale_102,v24_nominal_model,False,False,False,0.0,1.162186774124537,1435.3537500894085,False,0,0,0,0,0,0.1734673465914691,0.9969180410262197,False,False,d63e69fec8660bb8181533269662e5746a7f1a9753c588bf7d81dc5f3bca2948,7c4c64e9d171f2958404ac2004f28747b68cc591de865b7d398119d6cf441870,7bcdc1fe6135d983a050fa457f38f75f87309d4b8c1667ea5e21c6c186639297
7,48107,colored_noise_rho09_sd003,v24_nominal_model,True,True,True,1.0,0.4301447106955594,0.43968847552826684,True,0,0,0,0,0,0.27776180387663646,0.694364249939099,False,False,d63e69fec8660bb8181533269662e5746a7f1a9753c588bf7d81dc5f3bca2948,cd35aa3b6c92c5aaa377a49fdb632fe6d61f03599662331772c9bb0995ddf2c2,126f9ec6e0c16229d2596a53bb7b404c72e18f5f0bfe24e63e9029b3949b2cfc
7,48107,colored_noise_rho09_sd003,v35_bias_gate_300,True,True,True,1.0,0.4301447106955594,0.43968847552826684,True,0,0,0,0,0,0.27776180387663646,0.6689667910104617,True,False,d63e69fec8660bb8181533269662e5746a7f1a9753c588bf7d81dc5f3bca2948,cd35aa3b6c92c5aaa377a49fdb632fe6d61f03599662331772c9bb0995ddf2c2,126f9ec6e0c16229d2596a53bb7b404c72e18f5f0bfe24e63e9029b3949b2cfc
7,48107,dropout_iid10,v24_nominal_model,True,True,True,1.0,0.45889684949486015,0.4510534904781531,True,0,0,0,0,0,0.27008852449895715,0.5834366249619052,False,False,d63e69fec8660bb8181533269662e5746a7f1a9753c588bf7d81dc5f3bca2948,003783df9f49f9f8e59cb42a92d9b39f393bb69b820814a91398f5f6ffc75b4e,96f24150f5c1587a3568b2f96f8150c0cbee6be6f93123f30d8b63157fc41bcb
7,48107,broadcast_delay_2s,v24_nominal_model,True,True,True,1.0,4.105754383662625,0.6886496048353707,True,0,0,0,0,0,0.303167336170566,0.5240423750365153,False,False,d63e69fec8660bb8181533269662e5746a7f1a9753c588bf7d81dc5f3bca2948,57424ceddb4fea1d83e3769fb0576b11e8f3677650b6dd9ee6e79214fc4bb9cb,34205abe17dd86fac84023f81b6f95528ecda666c02f6c188d11abdf788e3c71
7,48107,dead_reckoning_scale_101,v24_nominal_model,True,True,True,1.0,5.099147731759165,5.08393393809044,True,0,0,0,0,0,0.30092604998988065,0.526068624923937,False,False,d63e69fec8660bb8181533269662e5746a7f1a9753c588bf7d81dc5f3bca2948,45f4a493d418905d64421a098992dfe4905d768e10b31794784fb2c2d1987604,487d8b60b19ea2ffcbb69e8a97652b6b95dc618c05852d38adc5d8df18c349e1
8,48108,nominal,v24_nominal_model,True,True,True,1.0,0.3804391836013768,0.4145389011152953,True,0,0,0,0,0,0.2411186093747584,0.5485885830130428,False,False,0c82921de2b1e88aa3a84dce1754c15c967a188a3fbfcfc9c350295a7211128b,deafc1f3331f892eeadd292311ac4d568144e1a73869ad2e55fac46593ad0378,4a3a1fb98b690b29b0cd417623e610dcdabd6bf4a3d1d0dd49f655767437a692
8,48108,nominal,v35_bias_gate_300,True,True,True,1.0,0.3804391836013768,0.4145389011152953,True,0,0,0,0,0,0.2411186093747584,0.6606617500074208,True,False,0c82921de2b1e88aa3a84dce1754c15c967a188a3fbfcfc9c350295a7211128b,deafc1f3331f892eeadd292311ac4d568144e1a73869ad2e55fac46593ad0378,4a3a1fb98b690b29b0cd417623e610dcdabd6bf4a3d1d0dd49f655767437a692
8,48108,doppler_common_bias_p003,v24_nominal_model,True,True,True,1.0,1.3097376146701292,1.4114882684369225,True,0,0,0,0,0,0.2553944162225946,0.5992789999581873,False,False,0c82921de2b1e88aa3a84dce1754c15c967a188a3fbfcfc9c350295a7211128b,5e26d9dbdde38492ebbfe3f696dd06317cab0d5e84b10a77de2d2890585c739f,38be90348f58ee7c4d4591f9a246bfdd9ee92e1321dba280aa681c8934e1ec7b
8,48108,doppler_common_bias_p003,v35_bias_gate_300,True,True,True,1.0,0.44090117297685033,0.4138603494549178,True,0,0,0,0,0,0.2550644882685199,1.1199615409132093,True,True,0c82921de2b1e88aa3a84dce1754c15c967a188a3fbfcfc9c350295a7211128b,5e26d9dbdde38492ebbfe3f696dd06317cab0d5e84b10a77de2d2890585c739f,45cf9ae9011ac4ea18d1edf17e8d7226c9b13ee2ebf71bc199c1af5d0ae8c947
8,48108,doppler_differential_bias_003,v24_nominal_model,True,True,True,1.0,1.4975815157887218,1.5926758042572782,True,0,0,0,0,0,0.2963167342325427,0.5290302500361577,False,False,0c82921de2b1e88aa3a84dce1754c15c967a188a3fbfcfc9c350295a7211128b,a96941ababd5bd690283cf00b37c8843ddcc5945d2e6159e9674b9085e68fd6e,68af76b4383bcc298def95b93f42bae6d52fadb9137a3b1db643855541ae63c2
8,48108,doppler_differential_bias_003,v35_bias_gate_300,True,True,True,1.0,0.4885894984886642,0.6193680733741401,True,0,0,0,0,0,0.3053696412514908,1.0913133750436828,True,True,0c82921de2b1e88aa3a84dce1754c15c967a188a3fbfcfc9c350295a7211128b,a96941ababd5bd690283cf00b37c8843ddcc5945d2e6159e9674b9085e68fd6e,68b34a7ed9f5b14b9f3943f4c98d3db0ea895e33b1d8d77da82a7e82d6d8c169
8,48108,doppler_scale_102,v24_nominal_model,False,False,False,0.0,3.455826102913385,1459.4339617369455,False,0,0,0,0,0,0.24267986379490172,0.718649291084148,False,False,0c82921de2b1e88aa3a84dce1754c15c967a188a3fbfcfc9c350295a7211128b,8f522d6eda30ca0a6c35ec3b140e9b57b366d51080bcf42d1e24326da101d990,40c2293bd8f0f904c8e9b0759653e4896ae64a65961e0fedbee83c2462163fc1
8,48108,colored_noise_rho09_sd003,v24_nominal_model,True,True,True,1.0,0.5843541282303373,0.49677341070187503,True,0,0,0,0,0,0.25520650908631093,0.5305440830998123,False,False,0c82921de2b1e88aa3a84dce1754c15c967a188a3fbfcfc9c350295a7211128b,846f13e476d85f8dbf8f6b0c21caaa89385e3b46745d72dd582d172d1381b26d,f5af7ac22fff53cadb0b80dfa7c1362ac9a608d9576de0daabb0b02de043db55
8,48108,colored_noise_rho09_sd003,v35_bias_gate_300,True,True,True,1.0,0.5843541282303373,0.49677341070187503,True,0,0,0,0,0,0.25520650908631093,0.5971897500567138,True,False,0c82921de2b1e88aa3a84dce1754c15c967a188a3fbfcfc9c350295a7211128b,846f13e476d85f8dbf8f6b0c21caaa89385e3b46745d72dd582d172d1381b26d,f5af7ac22fff53cadb0b80dfa7c1362ac9a608d9576de0daabb0b02de043db55
8,48108,dropout_iid10,v24_nominal_model,True,True,True,1.0,0.35376401422501536,0.3922800790526618,True,0,0,0,0,0,0.24412457017824424,0.4779182500205934,False,False,0c82921de2b1e88aa3a84dce1754c15c967a188a3fbfcfc9c350295a7211128b,c46ca87bc548f9387ab27822ce58c6dc40ff587f40bef99d4e2a7c8dad15a165,d9907ad12d1f9af145e9f2eb986c50ff6ac6f9aad0ca867e5f50351a22587b96
8,48108,broadcast_delay_2s,v24_nominal_model,True,True,True,1.0,2.8383534332895097,1.0129106080153645,True,0,0,0,0,0,0.32163103501774554,0.5920569159789011,False,False,0c82921de2b1e88aa3a84dce1754c15c967a188a3fbfcfc9c350295a7211128b,de5602ef27e6afdc05ec9d64c0013ae12787bbb640ee031f4a87a5a0881b81d4,4f394eb4955ef5a80efa87882522f9a302d76d5bbf5895b5f62b6926c8636e87
8,48108,dead_reckoning_scale_101,v24_nominal_model,True,True,True,1.0,5.831771368927448,5.810797845433963,True,0,0,0,0,0,0.25031486452984086,0.550380332977511,False,False,0c82921de2b1e88aa3a84dce1754c15c967a188a3fbfcfc9c350295a7211128b,5679b5de24246f74b20cf53a777c791636946d050788c5eed5010b9a95fd6c1e,31f84689cac7f64fee233ccff9418d20f062c1b4cced130f846431f7afb56f93
9,48109,nominal,v24_nominal_model,True,True,True,1.0,0.681524200716599,0.7748718284849431,True,0,0,0,0,0,0.3332918568243863,0.6209158330457285,False,False,74138703d0b37d0401bd53ffd2e797411c060c3d46e11e4edb114f2fa2e5a58d,b355b875d399215a1323a4954d6e930f45eb035b69470341bb2f4eef83f0312e,b025fa7358a64f9fae7714f61ebb546b6e570af5f3b0c668264778c99db86499
9,48109,nominal,v35_bias_gate_300,True,True,True,1.0,0.681524200716599,0.7748718284849431,True,0,0,0,0,0,0.3332918568243863,0.5512039170134813,True,False,74138703d0b37d0401bd53ffd2e797411c060c3d46e11e4edb114f2fa2e5a58d,b355b875d399215a1323a4954d6e930f45eb035b69470341bb2f4eef83f0312e,b025fa7358a64f9fae7714f61ebb546b6e570af5f3b0c668264778c99db86499
9,48109,doppler_common_bias_p003,v24_nominal_model,True,True,True,1.0,0.38884493841429596,0.5444022602598249,True,0,0,0,0,0,0.3638725510429131,0.7029271660139784,False,False,74138703d0b37d0401bd53ffd2e797411c060c3d46e11e4edb114f2fa2e5a58d,669acdc3e39a4ffc92f79875fec6841dec46de20538973853ac4166907e0a602,0a5e17ea665b208656ffb22501057355e0165bc909a57cd6320490e8e37487f3
9,48109,doppler_common_bias_p003,v35_bias_gate_300,True,True,True,1.0,0.534348690850245,0.6542096139193424,True,0,0,0,0,0,0.3632853513167065,1.0941017500590533,True,True,74138703d0b37d0401bd53ffd2e797411c060c3d46e11e4edb114f2fa2e5a58d,669acdc3e39a4ffc92f79875fec6841dec46de20538973853ac4166907e0a602,9a3b85f028c8df4e9859f68ddf03b8099fed941e6040084d4f51511e4a099471
9,48109,doppler_differential_bias_003,v24_nominal_model,True,True,True,1.0,0.6489307993039587,0.8028451996117321,True,0,0,0,0,0,0.35854821021461725,0.5679933750070632,False,False,74138703d0b37d0401bd53ffd2e797411c060c3d46e11e4edb114f2fa2e5a58d,3e8326f991eb9a8d8841f19e054302d72f66ec293ed76fa823380c3889c3d97b,9fafdae1d6427ff0e5208e7f843fe6d03e4d83fa15c4b7457cb4db8bedd5ab2c
9,48109,doppler_differential_bias_003,v35_bias_gate_300,True,True,True,1.0,0.5327407618268968,0.6535640726399788,True,0,0,0,0,0,0.3579529055780188,1.1774125000229105,True,True,74138703d0b37d0401bd53ffd2e797411c060c3d46e11e4edb114f2fa2e5a58d,3e8326f991eb9a8d8841f19e054302d72f66ec293ed76fa823380c3889c3d97b,56b675acc7bb8b12696d43f740e78924233fd965cb20e5b04cf9641417c997f9
9,48109,doppler_scale_102,v24_nominal_model,False,False,False,0.0,1.2440536425100324,1295.6774055607862,False,0,0,0,0,0,0.25423756689409066,0.7932882490567863,False,False,74138703d0b37d0401bd53ffd2e797411c060c3d46e11e4edb114f2fa2e5a58d,70dc0f11d50a7dd49d54035d0c437b102d3a40c77724ebb89a1a95dd71ad4ffe,1d58786d83ea5cb9714a5de087cedd0a97ba4f0a6dcc3065af160669a6f5b89d
9,48109,colored_noise_rho09_sd003,v24_nominal_model,False,False,False,0.0,0.6779354268986079,101.27800605908241,True,0,0,0,0,0,0.3134302704196838,0.9352327919332311,False,False,74138703d0b37d0401bd53ffd2e797411c060c3d46e11e4edb114f2fa2e5a58d,05ea77706a5fd61adfd3f5736deeb3451b36b7103d796657969a5a0573494cae,9a5176a7e4fadbdbf98d69f3df20295a0a49419241b024b8276dcd03a08bbb88
9,48109,colored_noise_rho09_sd003,v35_bias_gate_300,False,False,False,0.0,0.6779354268986079,101.27800605908241,True,0,0,0,0,0,0.3134302704196838,0.5169707079185173,True,False,74138703d0b37d0401bd53ffd2e797411c060c3d46e11e4edb114f2fa2e5a58d,05ea77706a5fd61adfd3f5736deeb3451b36b7103d796657969a5a0573494cae,9a5176a7e4fadbdbf98d69f3df20295a0a49419241b024b8276dcd03a08bbb88
9,48109,dropout_iid10,v24_nominal_model,True,True,True,1.0,0.7184505778124703,0.8101298867471272,True,0,0,0,0,0,0.3326902226791045,0.5504986250307411,False,False,74138703d0b37d0401bd53ffd2e797411c060c3d46e11e4edb114f2fa2e5a58d,972404ee6da3550c2122231c571c201a2bca331e4544bb1bc14d64d0bd2be8cb,ea743a0f70fe51f7aeab277e49f2af5f72aef7cc0232340eb4dadc2400c17272
9,48109,broadcast_delay_2s,v24_nominal_model,True,True,True,1.0,3.7129513238916205,1.3939075885071954,True,0,0,0,0,0,0.3379687642912977,0.5464352919952944,False,False,74138703d0b37d0401bd53ffd2e797411c060c3d46e11e4edb114f2fa2e5a58d,5897edafb3d9ebf5e084d4b7070303dff94efb8f681c453abce005c0f813c7ad,942aba4370f82f015863c4dfb140bbcb2cfad5e7cc8567e142eab3e8764ba0f5
9,48109,dead_reckoning_scale_101,v24_nominal_model,True,True,True,1.0,5.530849050622359,5.620252805005191,True,0,0,0,0,0,0.319301109859076,1.091565249953419,False,False,74138703d0b37d0401bd53ffd2e797411c060c3d46e11e4edb114f2fa2e5a58d,3df3b6920c7b038266df7152a1c77c1fa4b3df08b49b01e569b2ff0477047fcc,b9e1f993e70205e6ea3f3e0f14d7ba54838c6afb677c73621611c7c1835a6a95
10,48110,nominal,v24_nominal_model,False,False,False,0.0,0.731551165653088,165.21481705652369,True,0,0,0,0,0,0.2863065456247569,0.7719319579191506,False,False,fc793e460b2b42053566c0e59b1c20ef28eaa13bc5835d622843ec4aafe9639e,b97c4a2c0f36126dc10c4f1eb01fae6d9214ded99ed32dbee8416c45d97cdf2d,c2ec66f2f00918350cbc3e0b9da2f5e43a50e4a2748ae1affa62b367e4690b1d
10,48110,nominal,v35_bias_gate_300,False,False,False,0.0,0.731551165653088,165.21481705652369,True,0,0,0,0,0,0.2863065456247569,0.5100421250099316,True,False,fc793e460b2b42053566c0e59b1c20ef28eaa13bc5835d622843ec4aafe9639e,b97c4a2c0f36126dc10c4f1eb01fae6d9214ded99ed32dbee8416c45d97cdf2d,c2ec66f2f00918350cbc3e0b9da2f5e43a50e4a2748ae1affa62b367e4690b1d
10,48110,doppler_common_bias_p003,v24_nominal_model,False,False,False,0.28,7.7161211138800265,7.609306020850053,True,0,35,36,36,0,0.21985506177935957,1.0424943749094382,False,False,fc793e460b2b42053566c0e59b1c20ef28eaa13bc5835d622843ec4aafe9639e,117ccd6fd72f51c92189b16960a2ba05dd13dfb405626ae2a28f994001c480d3,90e75095d2235ce0c29a900c49230ecaf99d2c912f0a0f3d40ede7292940c3d5
10,48110,doppler_common_bias_p003,v35_bias_gate_300,True,True,True,1.0,1.2621316267664786,1.298977616643419,True,0,0,0,0,0,0.28392240303315786,1.1128055831650272,True,True,fc793e460b2b42053566c0e59b1c20ef28eaa13bc5835d622843ec4aafe9639e,117ccd6fd72f51c92189b16960a2ba05dd13dfb405626ae2a28f994001c480d3,cacf751a6fc92c4529788ab1085d1842e79c5a6ea791696d101b1f9f562446a5
10,48110,doppler_differential_bias_003,v24_nominal_model,False,False,False,0.18,7.38599454780128,7.464390476703785,True,0,40,41,41,0,0.2925914806128074,0.5790659170597792,False,False,fc793e460b2b42053566c0e59b1c20ef28eaa13bc5835d622843ec4aafe9639e,4f393c78f58df7b6d8c62d29856f4e3205efa4717d78b4887d70824342fa627c,b3a5eea834d53e8966f72ad831872e7f12ba7a4c47b71ead669cd1a030f8b83b
10,48110,doppler_differential_bias_003,v35_bias_gate_300,True,True,True,1.0,0.8569589642696285,0.8396561538642874,True,0,0,0,0,0,0.3550226538906104,1.0485766249476,True,True,fc793e460b2b42053566c0e59b1c20ef28eaa13bc5835d622843ec4aafe9639e,4f393c78f58df7b6d8c62d29856f4e3205efa4717d78b4887d70824342fa627c,6d0981d18fad23c7e0d58a7777d2c4a7cda855d45f85384c1a79a665764a0a20
10,48110,doppler_scale_102,v24_nominal_model,False,False,False,0.0,12.050266277647612,305.1875627947474,True,1,98,98,70,0,0.27549949039050137,1.0098397079855204,False,False,fc793e460b2b42053566c0e59b1c20ef28eaa13bc5835d622843ec4aafe9639e,8f7b87c94913a6ad4a9a9d30f4ad304c04ddde4ee3b5d11cf07a1e246918cc10,3d4eeaab92379a284dbdf3bae33183f8f5c1915c6b5bb94662438065de9f6adb
10,48110,colored_noise_rho09_sd003,v24_nominal_model,False,False,False,0.0,3.079495445597394,498.97698900506805,True,0,0,0,0,0,0.34727890229300146,0.7584974580677226,False,False,fc793e460b2b42053566c0e59b1c20ef28eaa13bc5835d622843ec4aafe9639e,787460c74d74dc8a4b2ca154426ebae52c48fdd62bd77cca2fdd18ba2b7617a0,ae92e657a5d5c43c0bb3cf10014f255e5851ecd5de6f3137c31b84ca91d4cc1e
10,48110,colored_noise_rho09_sd003,v35_bias_gate_300,False,False,False,0.0,3.079495445597394,498.97698900506805,True,0,0,0,0,0,0.34727890229300146,0.6594530829461291,True,False,fc793e460b2b42053566c0e59b1c20ef28eaa13bc5835d622843ec4aafe9639e,787460c74d74dc8a4b2ca154426ebae52c48fdd62bd77cca2fdd18ba2b7617a0,ae92e657a5d5c43c0bb3cf10014f255e5851ecd5de6f3137c31b84ca91d4cc1e
10,48110,dropout_iid10,v24_nominal_model,True,False,False,0.2,3.213288089214227,4.192722522874022,True,0,0,0,0,0,0.2605167174893071,0.7041755829704925,False,False,fc793e460b2b42053566c0e59b1c20ef28eaa13bc5835d622843ec4aafe9639e,c33af51f5b92720bf26de1d3aeb21690d57534ea71d2ccb6d465f51872778a0a,cb1b2edb5ea9fc229f029e27b39c9abcfc0bfd5742d221c035a00b5994cd55cb
10,48110,broadcast_delay_2s,v24_nominal_model,False,False,False,0.0,5.270959956856392,201.25529763333796,True,0,0,0,0,0,0.3011792189303594,1.034037375007756,False,False,fc793e460b2b42053566c0e59b1c20ef28eaa13bc5835d622843ec4aafe9639e,438abd6aad62e1164539a0c1e857a04b0d1271f3359154f81301301367a4f49e,253a87486d46026264b992ba323aa63e3571ab57df1628fc5097aca614f8628d
10,48110,dead_reckoning_scale_101,v24_nominal_model,False,False,False,0.0,7.961563761247243,508.3529778193072,True,1,53,53,44,0,0.28630242849265886,0.6480439170263708,False,False,fc793e460b2b42053566c0e59b1c20ef28eaa13bc5835d622843ec4aafe9639e,51c3f84924b179d110cbaaa477b9b64a3f37ef1005271023e504dd7a0ada0550,4f87dd7c972e6f78acb239a34839e749d158b37912610e83458150e0a86a4fe5
11,48111,nominal,v24_nominal_model,True,True,True,1.0,0.9376579534507818,0.9975201987894526,True,0,0,0,0,0,0.19504072720752358,0.605215958901681,False,False,08727e8c33342b9b84983588be00c3ca05fc91298fb290bc1b1ba54d43aee8ea,a782942d804c5e767b904c1ab782252db6707e3432a50ef026c42ffc7b0a7d7f,e2f93f98b38e4cffa5a85feeb1f589c5720f2914a359d87254cb6bf72a5cb4e3
11,48111,nominal,v35_bias_gate_300,True,True,True,1.0,0.9376579534507818,0.9975201987894526,True,0,0,0,0,0,0.19504072720752358,0.5707387499278411,True,False,08727e8c33342b9b84983588be00c3ca05fc91298fb290bc1b1ba54d43aee8ea,a782942d804c5e767b904c1ab782252db6707e3432a50ef026c42ffc7b0a7d7f,e2f93f98b38e4cffa5a85feeb1f589c5720f2914a359d87254cb6bf72a5cb4e3
11,48111,doppler_common_bias_p003,v24_nominal_model,True,True,True,1.0,1.022909113269321,0.955467065827938,True,0,0,0,0,0,0.2695780009241756,0.6361415840219706,False,False,08727e8c33342b9b84983588be00c3ca05fc91298fb290bc1b1ba54d43aee8ea,4691e10327613474ad9ba56fcad58758525fdaee016fbd2b797a4d6cbd28a305,30adca5634b4863a71a4fd204ecb3e93bb0c9550a9e9f5f18af227bb3ca8ec03
11,48111,doppler_common_bias_p003,v35_bias_gate_300,True,True,True,1.0,0.7787575638105756,0.8696161337900271,True,0,0,0,0,0,0.2695738134215083,1.393950875964947,True,True,08727e8c33342b9b84983588be00c3ca05fc91298fb290bc1b1ba54d43aee8ea,4691e10327613474ad9ba56fcad58758525fdaee016fbd2b797a4d6cbd28a305,3333b79235f48e4c0c1362bcb7ba349c64fe6ed7ba558f4fc835321275179727
11,48111,doppler_differential_bias_003,v24_nominal_model,True,True,True,1.0,0.7970266658515058,0.9089964392311595,True,0,0,0,0,0,0.25356502333381725,0.6495189999695867,False,False,08727e8c33342b9b84983588be00c3ca05fc91298fb290bc1b1ba54d43aee8ea,266bb48cc9ed7370b596468688d3a67e773170f6556258bc9c3b9b5ede3f5d8c,1cbfcb6ef8aa93b86aa2745051d44daa090762578f421ad2a3ceb3dc5df0bd27
11,48111,doppler_differential_bias_003,v35_bias_gate_300,True,True,True,1.0,0.6529261396494097,0.7468419195868506,True,0,0,0,0,0,0.2534334929670129,1.103632042882964,True,True,08727e8c33342b9b84983588be00c3ca05fc91298fb290bc1b1ba54d43aee8ea,266bb48cc9ed7370b596468688d3a67e773170f6556258bc9c3b9b5ede3f5d8c,119b2c58bd41b318a71f5705fef63d9457611c5dabbb6bf60cc56f10fbb95a3a
11,48111,doppler_scale_102,v24_nominal_model,True,True,True,0.82,1.540287041244976,1.56511820254108,True,0,0,0,0,0,0.25329217695305484,0.5415900000371039,False,False,08727e8c33342b9b84983588be00c3ca05fc91298fb290bc1b1ba54d43aee8ea,60e279e7827f820d774f19b4312bc1d60a037fe958254ceb1d006596ce513b30,3d726c67e2a203462b8157da6b00f7fd9265c1f7d880416c5158391edd0a0faf
11,48111,colored_noise_rho09_sd003,v24_nominal_model,True,True,True,1.0,0.09086743756908672,0.12123034259917687,True,0,0,0,0,0,0.2532971878543314,1.0256180829601362,False,False,08727e8c33342b9b84983588be00c3ca05fc91298fb290bc1b1ba54d43aee8ea,e28714a1de9b1c35c344a595be972f3441b3528c41a6076afa0bd17fcc99ede7,ef992b7d34224146ca3dd6ea3b2b8994e053b64e46d563be268ee07a986b6ff4
11,48111,colored_noise_rho09_sd003,v35_bias_gate_300,True,True,True,1.0,0.09086743756908672,0.12123034259917687,True,0,0,0,0,0,0.2532971878543314,0.6972437500953674,True,False,08727e8c33342b9b84983588be00c3ca05fc91298fb290bc1b1ba54d43aee8ea,e28714a1de9b1c35c344a595be972f3441b3528c41a6076afa0bd17fcc99ede7,ef992b7d34224146ca3dd6ea3b2b8994e053b64e46d563be268ee07a986b6ff4
11,48111,dropout_iid10,v24_nominal_model,True,True,True,1.0,0.8398839028681715,0.903787908733635,True,0,0,0,0,0,0.26188166993383366,0.4893819170538336,False,False,08727e8c33342b9b84983588be00c3ca05fc91298fb290bc1b1ba54d43aee8ea,3766c005ff87ade84e788f1cb015972b758ac9105435cf7010e1ddfb6e41511c,d55741a36b7b78bb021c89d95f4c2509a0450be6fc1a6f565738cb9178cc67c8
11,48111,broadcast_delay_2s,v24_nominal_model,True,True,True,1.0,3.464935496562936,1.7227371264629727,True,0,0,0,0,0,0.26478636990122284,0.5337890419177711,False,False,08727e8c33342b9b84983588be00c3ca05fc91298fb290bc1b1ba54d43aee8ea,8dc175f78450f583d5550337cafc723daa5af9ed08e1936a0d55a833e5197179,ef21476c484fba5b17b11b581af49f5754fdcd4505c55c807143a128935f10c1
11,48111,dead_reckoning_scale_101,v24_nominal_model,True,True,True,1.0,5.071530000208778,5.115579578941744,True,0,0,0,0,0,0.1980056597710227,0.5413010829361156,False,False,08727e8c33342b9b84983588be00c3ca05fc91298fb290bc1b1ba54d43aee8ea,eb7c210af5b69368cf9410388eca5a73c12d2ce2c9c8609ac1043b07f2c59f15,36165d2ed7e29c6f99366b062bb52a34fe0007c83e7e171a4c109e5a17d5fb27
12,48112,nominal,v24_nominal_model,True,True,True,1.0,1.9897199375964874,1.865588426105489,True,0,0,0,0,0,0.2574264838152439,0.5304773750249296,False,False,c56b70f91e393dace7db36592869256a6522dd9d3525558fd3270dd9308c39d5,b62725a81f529f3ae80ef9f84664169d6da32a5c95da7cbed7dc39ff6a9e609c,a42f46cec909db95e69585c73d59ba4ba7979bde61e7c9d3e00cb3659b114fd8
12,48112,nominal,v35_bias_gate_300,True,True,True,1.0,1.9897199375964874,1.865588426105489,True,0,0,0,0,0,0.2574264838152439,0.9351250409381464,True,False,c56b70f91e393dace7db36592869256a6522dd9d3525558fd3270dd9308c39d5,b62725a81f529f3ae80ef9f84664169d6da32a5c95da7cbed7dc39ff6a9e609c,a42f46cec909db95e69585c73d59ba4ba7979bde61e7c9d3e00cb3659b114fd8
12,48112,doppler_common_bias_p003,v24_nominal_model,True,False,False,0.12,1.3861468583824341,3.572726500861747,True,0,0,0,0,0,0.351117758791513,0.5992393339984119,False,False,c56b70f91e393dace7db36592869256a6522dd9d3525558fd3270dd9308c39d5,c472fb2f933b5c3601f413ede4caac5c2328752dd686997621194c3668aa2f49,dac06f10445f3212423af1ede42f86884317dbf3a623f27bf0038701863f70b9
12,48112,doppler_common_bias_p003,v35_bias_gate_300,True,False,False,0.1,1.3345458401429326,4.266956116840705,True,0,0,0,0,0,0.3510407549083365,1.1087932491209358,True,True,c56b70f91e393dace7db36592869256a6522dd9d3525558fd3270dd9308c39d5,c472fb2f933b5c3601f413ede4caac5c2328752dd686997621194c3668aa2f49,d2c600b5013fe2d2487ec918e47501c654ef5b72a0fbdae96ca346932cfd9670
12,48112,doppler_differential_bias_003,v24_nominal_model,True,False,False,0.28,3.050805239256687,3.1990734574496966,True,0,0,0,0,0,0.3083047395474139,0.594821541919373,False,False,c56b70f91e393dace7db36592869256a6522dd9d3525558fd3270dd9308c39d5,5207903b5f61228d6d623c374bcb1451f2a1d35478d7082e88ef88e777ae68de,5b70bd9347b39422836fc508027aa451ea10adea46c3a96fb07f8a08a9a8012a
12,48112,doppler_differential_bias_003,v35_bias_gate_300,True,False,True,0.3,1.3487967438001451,1.3395092825202197,True,0,0,0,0,0,0.30905442939471933,1.065793875954114,True,True,c56b70f91e393dace7db36592869256a6522dd9d3525558fd3270dd9308c39d5,5207903b5f61228d6d623c374bcb1451f2a1d35478d7082e88ef88e777ae68de,c7f36c7e93e978f1c6f3c4538090e624fdbc9a3c71c3f37c36986321b85b75eb
12,48112,doppler_scale_102,v24_nominal_model,True,True,True,1.0,3.1085927652795533,3.2351823881477655,True,0,0,0,0,0,0.30686057564326397,1.000005375011824,False,False,c56b70f91e393dace7db36592869256a6522dd9d3525558fd3270dd9308c39d5,d65822d72359ef6d6d57d4786ce52a4636068e1be283a5c5fa33a8ff82c64820,41a1aa4b6a6146b0e0aac6caf8bcc8c0c42ad0802d45467a59589e32ec95d90a
12,48112,colored_noise_rho09_sd003,v24_nominal_model,False,False,False,0.0,1.1150103264314137,255.97017163243132,True,0,0,0,0,0,0.30633743658168255,0.7921533329645172,False,False,c56b70f91e393dace7db36592869256a6522dd9d3525558fd3270dd9308c39d5,6f155fe6c5f2da92c4eb400a589a16ba1492cbcfa969e815a68e29fa53a0d7ed,75fb5f02ca22571544a21361af1d523856b83c88de28690b2ff38081fb4e26a4
12,48112,colored_noise_rho09_sd003,v35_bias_gate_300,False,False,False,0.0,1.1150103264314137,255.97017163243132,True,0,0,0,0,0,0.30633743658168255,0.7006549158832058,True,False,c56b70f91e393dace7db36592869256a6522dd9d3525558fd3270dd9308c39d5,6f155fe6c5f2da92c4eb400a589a16ba1492cbcfa969e815a68e29fa53a0d7ed,75fb5f02ca22571544a21361af1d523856b83c88de28690b2ff38081fb4e26a4
12,48112,dropout_iid10,v24_nominal_model,True,True,True,1.0,0.6404633044365953,0.5228073976736042,True,0,0,0,0,0,0.21961668385321617,0.6061187500599772,False,False,c56b70f91e393dace7db36592869256a6522dd9d3525558fd3270dd9308c39d5,8aab5364e8a43a48152a1050f55e06083874d264af56c5d4d89b8d36cbdc8681,6d37760e116fc7ca60d6fe70aa32a5ba7d5a0c8b2ce10aedec9765b4225703de
12,48112,broadcast_delay_2s,v24_nominal_model,True,True,True,0.96,4.432320774442358,1.4982642820131356,True,0,0,0,0,0,0.32835703684199896,0.5054137499537319,False,False,c56b70f91e393dace7db36592869256a6522dd9d3525558fd3270dd9308c39d5,4a4c62b01a599bb73b93a5c3fc20c22ada145ae7361c646ced8b39dd5f8c59f9,a14301283909ed9d4bf16594fc472068f20bd8ca76e289bca59eadf9a291cf63
12,48112,dead_reckoning_scale_101,v24_nominal_model,True,True,True,1.0,6.343680905683538,6.2770791677510696,True,0,0,0,0,0,0.2925260154479419,0.6658133750315756,False,False,c56b70f91e393dace7db36592869256a6522dd9d3525558fd3270dd9308c39d5,c94a2bc860d45fef1bebe493a4c54752b865ec84d8ed3383125cf05aed178b1f,5d598cafedd2d05103fd1f8ad48ec858db9908466e75dcdd9a28901a96198d9a
13,48113,nominal,v24_nominal_model,True,True,True,1.0,0.5699875128626872,0.5756643353970091,True,0,0,0,0,0,0.29882099534363527,0.762493040994741,False,False,b244ad1fb7c81fa0020c426d19cb152d473d353116feb5e6798c8bcb6cd06830,c9eab8a2ddf65a7dcbda41b563d3a2241be81ba7eaa809fba82062ecfba4e1c1,141243ad63197d551721bc9956ce8706c9072851349598a955f109ca77ab131c
13,48113,nominal,v35_bias_gate_300,True,True,True,1.0,0.5699875128626872,0.5756643353970091,True,0,0,0,0,0,0.29882099534363527,0.5703138740500435,True,False,b244ad1fb7c81fa0020c426d19cb152d473d353116feb5e6798c8bcb6cd06830,c9eab8a2ddf65a7dcbda41b563d3a2241be81ba7eaa809fba82062ecfba4e1c1,141243ad63197d551721bc9956ce8706c9072851349598a955f109ca77ab131c
13,48113,doppler_common_bias_p003,v24_nominal_model,True,True,True,1.0,0.3524792372726505,0.3377773432973587,True,0,0,0,0,0,0.3980230323324308,0.8907847499940544,False,False,b244ad1fb7c81fa0020c426d19cb152d473d353116feb5e6798c8bcb6cd06830,5c0334adc0a33968dbba62f5c9cb542f6cc48a00bd104dafb990f62511ac1069,7c970adfe9ed7ee571fb9cf297f35526f3e34d5099d4130f1c209e98243a6780
13,48113,doppler_common_bias_p003,v35_bias_gate_300,True,True,True,1.0,0.41191847610969545,0.43010844958334743,True,0,0,0,0,0,0.40274680481744807,1.3129372920375317,True,True,b244ad1fb7c81fa0020c426d19cb152d473d353116feb5e6798c8bcb6cd06830,5c0334adc0a33968dbba62f5c9cb542f6cc48a00bd104dafb990f62511ac1069,c1939d1f549878813b6c656455f03f6522d9c706af5e81b86b926da0f394129d
13,48113,doppler_differential_bias_003,v24_nominal_model,True,True,True,1.0,0.441316714960698,0.44976192093996853,True,0,0,0,0,0,0.3065717593243513,1.1470374999335036,False,False,b244ad1fb7c81fa0020c426d19cb152d473d353116feb5e6798c8bcb6cd06830,6a9fb6507881d974029e335b203836b1f23f96c56ede50fed21989f377cfb93d,2e0c5eda82292d65877ff8f7fa9c4e475900e23675bea449c294cfb1cda5ad9d
13,48113,doppler_differential_bias_003,v35_bias_gate_300,True,True,True,1.0,0.5836610678791536,0.5735316648195271,True,0,0,0,0,0,0.3065632944898801,1.5999385428149253,True,True,b244ad1fb7c81fa0020c426d19cb152d473d353116feb5e6798c8bcb6cd06830,6a9fb6507881d974029e335b203836b1f23f96c56ede50fed21989f377cfb93d,6c808da47318a244f05a60e8e2e90ba005c360802702a17ca2bdbd2bf28a9e90
13,48113,doppler_scale_102,v24_nominal_model,False,False,False,0.0,0.900947930317314,2047.8966033119434,False,0,0,0,0,0,0.22488076297685627,0.8852390409447253,False,False,b244ad1fb7c81fa0020c426d19cb152d473d353116feb5e6798c8bcb6cd06830,a2ae015f2d5dbfb428d6ac1df9c54b7a53a76df61bcbd7fb232200e0a344a03b,c2b8d90090e2b92b4160fa729757ef5dbb3f94c0af54202cb5bbd2dbeb904efb
13,48113,colored_noise_rho09_sd003,v24_nominal_model,True,True,True,1.0,0.611619852109676,0.5902343625088338,True,0,0,0,0,0,0.30703679093770947,0.722574041923508,False,False,b244ad1fb7c81fa0020c426d19cb152d473d353116feb5e6798c8bcb6cd06830,9688697f933188b5766d8b11362ee64284397af35512076ef61103fb5340bc60,d3734d639d59e559bf844a3e8e0402457e51664bb16de733b496c80b45302162
13,48113,colored_noise_rho09_sd003,v35_bias_gate_300,True,True,True,1.0,0.611619852109676,0.5902343625088338,True,0,0,0,0,0,0.30703679093770947,0.7922259159386158,True,False,b244ad1fb7c81fa0020c426d19cb152d473d353116feb5e6798c8bcb6cd06830,9688697f933188b5766d8b11362ee64284397af35512076ef61103fb5340bc60,d3734d639d59e559bf844a3e8e0402457e51664bb16de733b496c80b45302162
13,48113,dropout_iid10,v24_nominal_model,True,True,True,1.0,0.5875788551930134,0.6008256490099789,True,0,0,0,0,0,0.2988038149175321,0.7471422919770703,False,False,b244ad1fb7c81fa0020c426d19cb152d473d353116feb5e6798c8bcb6cd06830,52fb88cbc2ab09ecc5db27fe368eaabf7528c4e70a85d5dfa5640d50eee8f27b,b32ab40f51e59b9ce8b98fdaf0af0ba35041c4272aa9129597f4da26ab16e8fe
13,48113,broadcast_delay_2s,v24_nominal_model,True,True,True,1.0,3.0061931346668747,0.5185819049755688,True,0,0,0,0,0,0.29892515106102946,0.7015163750620559,False,False,b244ad1fb7c81fa0020c426d19cb152d473d353116feb5e6798c8bcb6cd06830,c142ae1e22e61aac51f14bde9e745033f743528b19c8c4f36bed9568b49d08c3,90528831806e3a42cec01b732912278d3c9e574010746e6a4bb9c9d142bdcf1a
13,48113,dead_reckoning_scale_101,v24_nominal_model,True,True,True,1.0,3.2316579507236183,3.2084751466634485,True,0,0,0,0,0,0.3077073595056202,0.5296271659899503,False,False,b244ad1fb7c81fa0020c426d19cb152d473d353116feb5e6798c8bcb6cd06830,29315a5c587da33f81aab75f7c9b534765fe764bd0e36e27df1a25e1515bfada,55004a20c6a60cb2ae7ff8a8a715194d0b8cbc81c2707e14f9a2a1995e3c571b
14,48114,nominal,v24_nominal_model,True,True,True,1.0,0.20100347054527784,0.2480281487423446,True,0,0,0,0,0,0.2225401969850463,1.1027813330292702,False,False,7bb288e07ca6f7dee0965af5d4c3eb54e1e09d08a24d285e776ea9e1e19f8326,cbed4ecb0be98b438eb6309127263914842ce70723558614103d56a1e38d79ef,d7f1c57019364d3051a97662088c601a5a3d1016666f6f23eece44530b5a7a99
14,48114,nominal,v35_bias_gate_300,True,True,True,1.0,0.20100347054527784,0.2480281487423446,True,0,0,0,0,0,0.2225401969850463,0.7224581249756739,True,False,7bb288e07ca6f7dee0965af5d4c3eb54e1e09d08a24d285e776ea9e1e19f8326,cbed4ecb0be98b438eb6309127263914842ce70723558614103d56a1e38d79ef,d7f1c57019364d3051a97662088c601a5a3d1016666f6f23eece44530b5a7a99
14,48114,doppler_common_bias_p003,v24_nominal_model,True,True,True,1.0,1.5138169487717026,1.5278522678208435,True,0,0,0,0,0,0.24011793174462231,0.5165503750322387,False,False,7bb288e07ca6f7dee0965af5d4c3eb54e1e09d08a24d285e776ea9e1e19f8326,1d66573bbd70335f71a8d74580bef196ace3f858d4cf3b30d8828ebe461f8272,11042fdb645cc567a794ca32465bb0145c78e88840d16fe243d6f4d22629ab0d
14,48114,doppler_common_bias_p003,v35_bias_gate_300,True,True,True,1.0,0.5801072516259786,0.6005106687694888,True,0,0,0,0,0,0.25249130744735515,1.2093369589420035,True,True,7bb288e07ca6f7dee0965af5d4c3eb54e1e09d08a24d285e776ea9e1e19f8326,1d66573bbd70335f71a8d74580bef196ace3f858d4cf3b30d8828ebe461f8272,6c5c090fd437d24ceed9102e58d7c065600795fc009e6f76e16b1453e5a23a99
14,48114,doppler_differential_bias_003,v24_nominal_model,False,False,False,0.0,0.4536974562036919,34.6232304007185,True,0,0,0,0,0,0.19947495185713213,0.6081577909644693,False,False,7bb288e07ca6f7dee0965af5d4c3eb54e1e09d08a24d285e776ea9e1e19f8326,5b1c5f9eb0078acc4a0890b50d048d341e0734d554cfdde1303c365da0d5b15b,38502a4a9e068aa548849591fca78c82e2500e0b84a9baee22083c6814da5432
14,48114,doppler_differential_bias_003,v35_bias_gate_300,False,False,False,0.0,0.3466441531415499,34.58498182254472,True,0,0,0,0,0,0.2011701888975893,1.083002750063315,True,True,7bb288e07ca6f7dee0965af5d4c3eb54e1e09d08a24d285e776ea9e1e19f8326,5b1c5f9eb0078acc4a0890b50d048d341e0734d554cfdde1303c365da0d5b15b,7d22b85261a1def9112e573d2dc1c5024eb54c95b8b6d036581d4e30d5c51846
14,48114,doppler_scale_102,v24_nominal_model,False,False,False,0.0,7.757480477514489,2166.226271450146,False,0,0,0,0,0,0.1294669825776101,0.5271705840714276,False,False,7bb288e07ca6f7dee0965af5d4c3eb54e1e09d08a24d285e776ea9e1e19f8326,a6a2c700d5a781b30561c4e469a4bebfa1aa87342aad6bc6b93b2eb77fa5630c,be8bf43a7d5d188691f1a8121d76abe8ac20af6772f4c3fbf706224067624c17
14,48114,colored_noise_rho09_sd003,v24_nominal_model,True,True,True,1.0,0.8105355646638567,0.8628678507495937,True,0,0,0,0,0,0.22902104786801483,0.5198163340101019,False,False,7bb288e07ca6f7dee0965af5d4c3eb54e1e09d08a24d285e776ea9e1e19f8326,783314c4f79259ba880b8fe420925d3831ee4dbbd8e785db56c0c17fd53fdcc3,006b9dc2e626be2f88f233a2ea3d9556176c81ed04c0dd5ae9a653b1e0b107dd
14,48114,colored_noise_rho09_sd003,v35_bias_gate_300,True,True,True,1.0,0.8105355646638567,0.8628678507495937,True,0,0,0,0,0,0.22902104786801483,0.5182856249157339,True,False,7bb288e07ca6f7dee0965af5d4c3eb54e1e09d08a24d285e776ea9e1e19f8326,783314c4f79259ba880b8fe420925d3831ee4dbbd8e785db56c0c17fd53fdcc3,006b9dc2e626be2f88f233a2ea3d9556176c81ed04c0dd5ae9a653b1e0b107dd
14,48114,dropout_iid10,v24_nominal_model,True,True,True,1.0,0.6927443922120254,0.7364728647156813,True,0,0,0,0,0,0.24176310696943912,0.45635424996726215,False,False,7bb288e07ca6f7dee0965af5d4c3eb54e1e09d08a24d285e776ea9e1e19f8326,43c4bef4fe16934a50c7b71a2ba2e5468d7145419414d236e4177d24dc8c9caa,9664d06950bf196cf82287897eb6e9cc4e929b00a92b25823e02e28831eea895
14,48114,broadcast_delay_2s,v24_nominal_model,True,True,True,1.0,5.421958757484059,2.3945783156078293,True,0,0,0,0,0,0.1856161733727755,0.5326886250404641,False,False,7bb288e07ca6f7dee0965af5d4c3eb54e1e09d08a24d285e776ea9e1e19f8326,b16c42ed56fe1853df856605a39f337417fac8b0270291eb077dc8031d672fb2,7ede1d7dee3c25831d7c0881654488aabfff0f7ba518f8d544e4a8e5382a2d25
14,48114,dead_reckoning_scale_101,v24_nominal_model,True,True,True,1.0,6.7734041024544505,6.694704584616193,True,0,0,0,0,0,0.22272791766730274,0.5321418329840526,False,False,7bb288e07ca6f7dee0965af5d4c3eb54e1e09d08a24d285e776ea9e1e19f8326,d34cc0bc0f2a628372368400ebeb58504d678b05caac3347f47eac92203f0011,e957ed7111061a18ec6cbcd05c5a4d2ea3e2c9ca1eb4153d2132719512085e20
15,48115,nominal,v24_nominal_model,True,True,True,1.0,1.2895853432825848,1.3843016567910669,True,0,0,0,0,0,0.2269383195293359,0.5011110829655081,False,False,bcf7e0cdf7b50f68449ac7403675486a0475c4a9467cdbc34ae192951342ce75,fa2d599069a3e5ea3512129deb70e20524bf2e0f919c2892d2f8ae69cf661af5,684c04fb2dcef2479b9778475c02b84cf59a421a7dea325d630fccfb5f29a995
15,48115,nominal,v35_bias_gate_300,True,True,True,1.0,1.2895853432825848,1.3843016567910669,True,0,0,0,0,0,0.2269383195293359,0.5711027500219643,True,False,bcf7e0cdf7b50f68449ac7403675486a0475c4a9467cdbc34ae192951342ce75,fa2d599069a3e5ea3512129deb70e20524bf2e0f919c2892d2f8ae69cf661af5,684c04fb2dcef2479b9778475c02b84cf59a421a7dea325d630fccfb5f29a995
15,48115,doppler_common_bias_p003,v24_nominal_model,True,True,True,1.0,1.4596006984895644,1.5235392649993356,True,0,0,0,0,0,0.38245894252573476,0.5691905419807881,False,False,bcf7e0cdf7b50f68449ac7403675486a0475c4a9467cdbc34ae192951342ce75,aa191418be864becbbdf4181f8171b3a646a9ffe721d332493f5f3aa2315a3d9,812bd3edc2bb929b75b150a4b68d886786076c58e32058ff5840d468cd69cb57
15,48115,doppler_common_bias_p003,v35_bias_gate_300,True,True,True,1.0,0.750185282102299,0.8827486355756088,True,0,0,0,0,0,0.4839696988399817,1.1410073330625892,True,True,bcf7e0cdf7b50f68449ac7403675486a0475c4a9467cdbc34ae192951342ce75,aa191418be864becbbdf4181f8171b3a646a9ffe721d332493f5f3aa2315a3d9,fa71adcd6820969563246e31ae45da37ed7703cf600e7c3cd121ae21110c822a
15,48115,doppler_differential_bias_003,v24_nominal_model,True,True,True,1.0,2.8212524667817602,2.8325830021092155,True,0,0,0,0,0,0.305584396921876,0.5373244159854949,False,False,bcf7e0cdf7b50f68449ac7403675486a0475c4a9467cdbc34ae192951342ce75,4eaa04607415a5cb31f10b21df0adb343d06be265853b0601cdfa6c803401cbc,a348f799c7636615f74f669337adb57c2e255e026b6c5c408ce49d762ee5546d
15,48115,doppler_differential_bias_003,v35_bias_gate_300,True,True,True,1.0,0.4754205592086552,0.5495579308826632,True,0,0,0,0,0,0.3062455130626738,1.1460969570325688,True,True,bcf7e0cdf7b50f68449ac7403675486a0475c4a9467cdbc34ae192951342ce75,4eaa04607415a5cb31f10b21df0adb343d06be265853b0601cdfa6c803401cbc,2d783ea8b8fac0a82fe05dc2d977bb2df63179e752f85b1d4b6b39064273c341
15,48115,doppler_scale_102,v24_nominal_model,False,False,False,0.0,1.9848973053860774,1258.4123617143168,False,0,0,0,0,0,0.22476937285976165,0.6574973330134526,False,False,bcf7e0cdf7b50f68449ac7403675486a0475c4a9467cdbc34ae192951342ce75,4ebd5e4e5aa45388ebdc3724a418cf96e53cf4bfb5b47b130b931da1bceccb88,13d2bd67db5fabd6b7b83f8189356d173ddeb7eb6424de57bce71cd8b97f5fe6
15,48115,colored_noise_rho09_sd003,v24_nominal_model,False,False,False,0.0,1.7720622691099295,134.437306232275,True,0,0,0,0,0,0.2669468273255325,0.5276874999981374,False,False,bcf7e0cdf7b50f68449ac7403675486a0475c4a9467cdbc34ae192951342ce75,22948542cf6ae733c09765d7c8fa8d30274833ccd4301ac0cd287dec6304a572,201852cd3bd39001a67fc8d974b4875a7307665da729b1bdf63c9f49dcd3b1e5
15,48115,colored_noise_rho09_sd003,v35_bias_gate_300,False,False,False,0.0,1.7720622691099295,134.437306232275,True,0,0,0,0,0,0.2669468273255325,0.602052417001687,True,False,bcf7e0cdf7b50f68449ac7403675486a0475c4a9467cdbc34ae192951342ce75,22948542cf6ae733c09765d7c8fa8d30274833ccd4301ac0cd287dec6304a572,201852cd3bd39001a67fc8d974b4875a7307665da729b1bdf63c9f49dcd3b1e5
15,48115,dropout_iid10,v24_nominal_model,True,True,True,1.0,0.39593818045232837,0.5090484802658001,True,0,0,0,0,0,0.31630350711904487,0.4690141660394147,False,False,bcf7e0cdf7b50f68449ac7403675486a0475c4a9467cdbc34ae192951342ce75,f1a0f609492697b6b7fdc718d8bf03e3b64be701b035da7aca10ff39dc7e66ce,331e1198d030e9053a319635f5a38639100dab0f9112a69100043a5db64114ef
15,48115,broadcast_delay_2s,v24_nominal_model,True,True,True,1.0,2.5620077464933178,1.7490794742115374,True,0,0,0,0,0,0.3181130900055314,0.5642057080985978,False,False,bcf7e0cdf7b50f68449ac7403675486a0475c4a9467cdbc34ae192951342ce75,c57479238c0eacb5c61682788d31a9e01ebc4188ce18632cdee0f4f3d69a7b3f,275bc38bec0aaa38463c9901883dc4f49313dc776dcbc503b6214b5ee92a530b
15,48115,dead_reckoning_scale_101,v24_nominal_model,True,True,True,1.0,6.684196561991429,6.745755640198993,True,1,1,0,0,0,0.21374267698967864,0.5355479159625247,False,False,bcf7e0cdf7b50f68449ac7403675486a0475c4a9467cdbc34ae192951342ce75,63178f735c0c2df776ccb9efa504814d70ea71d7d1a532a8a7ab6157ef23b03a,0476060e67fb6df174eb3a8e52c6ff15f1ff7a49ec21810008ba5315e35a6db8
16,48116,nominal,v24_nominal_model,True,True,True,1.0,0.6422757508557514,0.75302859313524,True,0,0,0,0,0,0.31469312625673423,0.5552944579394534,False,False,b185442a4c9afea2b91728aed5b888d8af42287a2bea0c536ef3dfde28a79c2f,30e44ecb145b4700f4d91ec74640e4a3e3218f28e79ba857a258b4c7cf8e1388,4414dedd4c70245e9229211d6e5ddc7f1b197d428d670f3ef8bab32ac8c24845
16,48116,nominal,v35_bias_gate_300,True,True,True,1.0,0.6422757508557514,0.75302859313524,True,0,0,0,0,0,0.31469312625673423,0.5094414170598611,True,False,b185442a4c9afea2b91728aed5b888d8af42287a2bea0c536ef3dfde28a79c2f,30e44ecb145b4700f4d91ec74640e4a3e3218f28e79ba857a258b4c7cf8e1388,4414dedd4c70245e9229211d6e5ddc7f1b197d428d670f3ef8bab32ac8c24845
16,48116,doppler_common_bias_p003,v24_nominal_model,True,True,True,1.0,1.0492109987001756,1.0695033764838473,True,0,0,0,0,0,0.28694525203445026,0.5314429159043357,False,False,b185442a4c9afea2b91728aed5b888d8af42287a2bea0c536ef3dfde28a79c2f,f8802839d4efdc8e037666b000b066c3aae353d3608302239cecd11496c68a23,f091a33fb22ca756a74b5202cdbe195dda357ac13574e41ba231dacac47b4390
16,48116,doppler_common_bias_p003,v35_bias_gate_300,True,True,True,1.0,0.4021172934654624,0.36557226939632215,True,0,0,0,0,0,0.28644131418402163,1.077335208072327,True,True,b185442a4c9afea2b91728aed5b888d8af42287a2bea0c536ef3dfde28a79c2f,f8802839d4efdc8e037666b000b066c3aae353d3608302239cecd11496c68a23,f1c5036bd9c8d81c974880248cf46ad7f9f5566c4608d95e27d4eb98915eccf8
16,48116,doppler_differential_bias_003,v24_nominal_model,True,True,True,1.0,1.0261988114834113,0.9373371358027092,True,0,0,0,0,0,0.29209359000190865,0.5649350420571864,False,False,b185442a4c9afea2b91728aed5b888d8af42287a2bea0c536ef3dfde28a79c2f,fa393fe32e70e12cbb698db1e444b964b552fe55ca9b33b2a4496460f170a626,81126bbb04feb0d263f1e9a9a48ffff3efe56b51c530df6d1e5b7bf2472b40ee
16,48116,doppler_differential_bias_003,v35_bias_gate_300,True,True,True,1.0,0.5653956469554469,0.6453693828431887,True,0,0,0,0,0,0.29191813021266094,1.0895103348884732,True,True,b185442a4c9afea2b91728aed5b888d8af42287a2bea0c536ef3dfde28a79c2f,fa393fe32e70e12cbb698db1e444b964b552fe55ca9b33b2a4496460f170a626,985702dc0a8b055c7eddda36b025f13f2080bbe3f01ab75ad4053ca055a41504
16,48116,doppler_scale_102,v24_nominal_model,True,True,True,1.0,2.9845570170728735,3.1710111047943204,True,0,0,0,0,0,0.3187502702346098,0.5178137499606237,False,False,b185442a4c9afea2b91728aed5b888d8af42287a2bea0c536ef3dfde28a79c2f,e8da2f5efbf53d06d145f6487b6131e9aedd433d01dffa93a05ab4e848685d3f,545cc3282a98f806943ece8c5abca7fb51ff7f16fbad2b6075d0d721a470ab96
16,48116,colored_noise_rho09_sd003,v24_nominal_model,True,True,True,1.0,0.839677445540169,0.9787911753812826,True,0,0,0,0,0,0.28708810117857386,0.6441535839112476,False,False,b185442a4c9afea2b91728aed5b888d8af42287a2bea0c536ef3dfde28a79c2f,6aa8a5cc88aa93525693c9331ed3866f6a584d82bf3ef3acb0c3b7f004a1faf9,135b423daf32ce515d87513bd943bfaff6e62edc0ed8ec1ef77b1fc145692087
16,48116,colored_noise_rho09_sd003,v35_bias_gate_300,True,True,True,1.0,0.839677445540169,0.9787911753812826,True,0,0,0,0,0,0.28708810117857386,0.5704921670258045,True,False,b185442a4c9afea2b91728aed5b888d8af42287a2bea0c536ef3dfde28a79c2f,6aa8a5cc88aa93525693c9331ed3866f6a584d82bf3ef3acb0c3b7f004a1faf9,135b423daf32ce515d87513bd943bfaff6e62edc0ed8ec1ef77b1fc145692087
16,48116,dropout_iid10,v24_nominal_model,True,True,True,1.0,0.4622618108324727,0.464244224252523,True,0,0,0,0,0,0.31324423826943665,0.4684012091020122,False,False,b185442a4c9afea2b91728aed5b888d8af42287a2bea0c536ef3dfde28a79c2f,523751447d9d63c33dd02e91a132f920abb3361a45e53b080d59513d0777a032,fd2a626dd971894906bdf60f0a4a78caeed0684ef966a62c967d89dfc40168f1
16,48116,broadcast_delay_2s,v24_nominal_model,True,True,True,1.0,5.72609310477112,0.9459398532753097,True,0,0,0,0,0,0.2848257255657436,0.5779607919976115,False,False,b185442a4c9afea2b91728aed5b888d8af42287a2bea0c536ef3dfde28a79c2f,126bc941602f3047c9e2c37f9f84512b5ff2700420ffb3fa4fd6282245137b7b,e3739f7ae48f316e07258ced423f5b4348d820b8b1868d735b673d43f1a91cca
16,48116,dead_reckoning_scale_101,v24_nominal_model,False,False,False,0.64,7.875763222693622,7.882313043325278,True,0,17,18,18,0,0.2739584650775333,0.5192668751114979,False,False,b185442a4c9afea2b91728aed5b888d8af42287a2bea0c536ef3dfde28a79c2f,af3e73d1a1c8fd345830d8a9d24f000fe4402b8763326c4792c10af082ae4dd2,636e2d4bcd33a66d3ef1f9a0b8fc66714c0ec34bce78418a9c5b6b9050132e2a
17,48117,nominal,v24_nominal_model,True,True,True,1.0,0.4310297516053633,0.6189307047305275,True,0,0,0,0,0,0.2308424477274293,0.6487765409983695,False,False,832c667726820f79006c53f5077796f668a9a7c2ec933093825848b300377f6e,0c72575b61f341055359ac6cc2d40714122b1c50d7962aef696c5b6719b66140,4fa6a87c94711bfcb2cf83f20037aba9e478051f623afb504ad3d5821c02169e
17,48117,nominal,v35_bias_gate_300,True,True,True,1.0,0.4310297516053633,0.6189307047305275,True,0,0,0,0,0,0.2308424477274293,0.5248500000452623,True,False,832c667726820f79006c53f5077796f668a9a7c2ec933093825848b300377f6e,0c72575b61f341055359ac6cc2d40714122b1c50d7962aef696c5b6719b66140,4fa6a87c94711bfcb2cf83f20037aba9e478051f623afb504ad3d5821c02169e
17,48117,doppler_common_bias_p003,v24_nominal_model,True,True,True,1.0,1.857492430798448,1.5457732766302257,True,0,0,0,0,0,0.24685736072819292,0.5993131670402363,False,False,832c667726820f79006c53f5077796f668a9a7c2ec933093825848b300377f6e,1ea19b31c630766574b7dd220da0a1ce2fc21a70ddf390d8afaa9ae93b090495,8abd80ff3281acde2e9c4dc5e3604ac354e2b01e051701de1e8d901018fd4ce3
17,48117,doppler_common_bias_p003,v35_bias_gate_300,True,True,True,1.0,0.23752382942503494,0.533688463664551,True,0,0,0,0,0,0.24715444487232305,1.064889750792645,True,True,832c667726820f79006c53f5077796f668a9a7c2ec933093825848b300377f6e,1ea19b31c630766574b7dd220da0a1ce2fc21a70ddf390d8afaa9ae93b090495,beb1665f95f2a11015b5c59f224d34b6605d80e224dcf952596b20bd3253b82d
17,48117,doppler_differential_bias_003,v24_nominal_model,True,True,True,1.0,0.9264681167670997,1.0059678339115825,True,0,0,0,0,0,0.2692217638493895,0.6026872500078753,False,False,832c667726820f79006c53f5077796f668a9a7c2ec933093825848b300377f6e,17236625ee4d729ff33104845b7e43112afcc7b317ff7f1ec6b5d746e6543502,44a88ae4f99c7ea2594f5d272c4eea17606e52515b428213384393b0aafff40d
17,48117,doppler_differential_bias_003,v35_bias_gate_300,True,True,True,1.0,0.4031790620163025,0.681953940616766,True,0,0,0,0,0,0.2711937883610943,1.058399541885592,True,True,832c667726820f79006c53f5077796f668a9a7c2ec933093825848b300377f6e,17236625ee4d729ff33104845b7e43112afcc7b317ff7f1ec6b5d746e6543502,23bd6d7c72db0337a309a393dbbeb60ed6177c5a8a2ddbd1026a032140acaae8
17,48117,doppler_scale_102,v24_nominal_model,True,True,True,1.0,3.9259782499427964,4.048827887775137,True,0,0,0,0,0,0.23313296969389305,0.6005586249521002,False,False,832c667726820f79006c53f5077796f668a9a7c2ec933093825848b300377f6e,ab2226bb46367622f5ce9991a348237f7b303e722ce06727373d170e0eb3f7c8,27d035cff93811f482bad384890ce9a2fb11fc7f00e240df124982a418a972ac
17,48117,colored_noise_rho09_sd003,v24_nominal_model,True,True,True,1.0,0.4070375237464351,0.7588675401783578,True,0,0,0,0,0,0.23696030019003497,0.5222243330208585,False,False,832c667726820f79006c53f5077796f668a9a7c2ec933093825848b300377f6e,d1b3945147a7dfb44533d599402d9a888de81c5cba1644506db9b147be513e18,6f628e74bcdba065aec5411da1b7dfa07e9ec170939ab6d13b6f9f3f57132e6e
17,48117,colored_noise_rho09_sd003,v35_bias_gate_300,True,True,True,1.0,0.4070375237464351,0.7588675401783578,True,0,0,0,0,0,0.23696030019003497,0.5743871250888333,True,False,832c667726820f79006c53f5077796f668a9a7c2ec933093825848b300377f6e,d1b3945147a7dfb44533d599402d9a888de81c5cba1644506db9b147be513e18,6f628e74bcdba065aec5411da1b7dfa07e9ec170939ab6d13b6f9f3f57132e6e
17,48117,dropout_iid10,v24_nominal_model,True,True,True,1.0,0.4116126792143855,0.599951155062239,True,0,0,0,0,0,0.2675915946998558,0.45420350006315857,False,False,832c667726820f79006c53f5077796f668a9a7c2ec933093825848b300377f6e,f26c61c5180347d78159a83555b445eaf09304017e74886d812454625a29caa7,3989cebf18808150400abd32a1281c5a2ea9f7f5ca4637d8ee4183cfe452bf6f
17,48117,broadcast_delay_2s,v24_nominal_model,True,True,True,1.0,4.6947662544571,0.8393774159886089,True,0,0,0,0,0,0.24689751448636346,0.620083583984524,False,False,832c667726820f79006c53f5077796f668a9a7c2ec933093825848b300377f6e,a04f3f21f4c5b713d725d6e86c3ae3df1b8ea0855acfa85c9c2bd290cae6cbce,8ea36caef4ff49ccdb3df1fffad06b23a7f112e46e8d30d3918dcba4396e300e
17,48117,dead_reckoning_scale_101,v24_nominal_model,True,True,True,1.0,5.3170931408713775,5.145836967052001,True,0,0,0,0,0,0.24263948457622314,0.5218058750033379,False,False,832c667726820f79006c53f5077796f668a9a7c2ec933093825848b300377f6e,c021ca9b2f06993bb60abfe67ecf3e21d983b16c3636fce93c1649932622723c,2e7b515d5d847b2efc91056e4499e0fd551a1bedb85668dc7baca95d72f45d81
18,48118,nominal,v24_nominal_model,True,True,True,1.0,0.7414577056365049,0.8480692789743399,True,0,0,0,0,0,0.29253856793699,0.5215652080951259,False,False,0cc8319f8b35c582952dfff30bf26891776dc2b9075bacfc905bb6a66e5e0e28,47ded4c9feb96a23b00b8baa465760218ecab651c7058e2fe2b867870c102089,6e67e3f870811eb73738d1f6e7cdda4ad7d5d5557b6b03833dd2ec6c19850f8f
18,48118,nominal,v35_bias_gate_300,True,True,True,1.0,0.7414577056365049,0.8480692789743399,True,0,0,0,0,0,0.29253856793699,0.5190144579391927,True,False,0cc8319f8b35c582952dfff30bf26891776dc2b9075bacfc905bb6a66e5e0e28,47ded4c9feb96a23b00b8baa465760218ecab651c7058e2fe2b867870c102089,6e67e3f870811eb73738d1f6e7cdda4ad7d5d5557b6b03833dd2ec6c19850f8f
18,48118,doppler_common_bias_p003,v24_nominal_model,True,True,True,1.0,2.8258564464520366,2.7350491839911837,True,0,0,0,0,0,0.2853535944899085,0.5259392500156537,False,False,0cc8319f8b35c582952dfff30bf26891776dc2b9075bacfc905bb6a66e5e0e28,53f0258dca9df49fd00a9216a4c5b98c8f01c4a92df5fd3dbdd53a06f72d66d9,75c0db57a281f8692f18c1d0099a5eab18327881a38fab0c155612d3bc684c77
18,48118,doppler_common_bias_p003,v35_bias_gate_300,True,True,True,1.0,0.6024111907993829,0.7336927910604534,True,0,0,0,0,0,0.3220136780219988,1.0594490820076317,True,True,0cc8319f8b35c582952dfff30bf26891776dc2b9075bacfc905bb6a66e5e0e28,53f0258dca9df49fd00a9216a4c5b98c8f01c4a92df5fd3dbdd53a06f72d66d9,46e6bb3ebc5a6ce60a27fa475c543fde214b4e4bf5f49c7d9d6d14e65bf72993
18,48118,doppler_differential_bias_003,v24_nominal_model,True,True,True,1.0,2.302542349519745,2.1735701084928185,True,0,0,0,0,0,0.2878124761873787,0.5143280829070136,False,False,0cc8319f8b35c582952dfff30bf26891776dc2b9075bacfc905bb6a66e5e0e28,bab9666ce48272595dd8dba50a7c395dcd98dad814cecfc8fdd79e05287e3136,d47307f4d2a1a069c99888fafaf89e44a55886c34271fb6d19978590eeb89d87
18,48118,doppler_differential_bias_003,v35_bias_gate_300,True,True,True,1.0,0.7340250189057335,0.824098026170253,True,0,0,0,0,0,0.28809246243788406,1.0710630409885198,True,True,0cc8319f8b35c582952dfff30bf26891776dc2b9075bacfc905bb6a66e5e0e28,bab9666ce48272595dd8dba50a7c395dcd98dad814cecfc8fdd79e05287e3136,381cc4accb3920c26023afb864b67a84c2956de821892e6ab704344bf46f8fdf
18,48118,doppler_scale_102,v24_nominal_model,True,True,True,1.0,1.953835516922304,1.7078598576020674,True,0,0,0,0,0,0.29668755392881807,0.5295109580038115,False,False,0cc8319f8b35c582952dfff30bf26891776dc2b9075bacfc905bb6a66e5e0e28,af59451782ff9ede0f1e1c3ebfa0a441ad48aefae3cbadff958fa003d617235d,ade814a7808d03f496ed301e78e2562ad34fb147fb720b6c5e2dd23e969a5e99
18,48118,colored_noise_rho09_sd003,v24_nominal_model,True,True,True,1.0,2.8643833748598673,2.950345481117673,True,0,0,0,0,0,0.2840650182481477,0.515490208985284,False,False,0cc8319f8b35c582952dfff30bf26891776dc2b9075bacfc905bb6a66e5e0e28,ebff2d6e765646f5c55a939e186c86fb7d99577a98e3c945204a96f6dbfa5cca,0d33e05f7bfc30b1c8b8964e27474488bd9f2be8d701c0b668c0bf2140667ffe
18,48118,colored_noise_rho09_sd003,v35_bias_gate_300,True,True,True,1.0,2.8643833748598673,2.950345481117673,True,0,0,0,0,0,0.2840650182481477,0.515146791934967,True,False,0cc8319f8b35c582952dfff30bf26891776dc2b9075bacfc905bb6a66e5e0e28,ebff2d6e765646f5c55a939e186c86fb7d99577a98e3c945204a96f6dbfa5cca,0d33e05f7bfc30b1c8b8964e27474488bd9f2be8d701c0b668c0bf2140667ffe
18,48118,dropout_iid10,v24_nominal_model,True,True,True,1.0,0.7066822900339748,0.8665120200201322,True,0,0,0,0,0,0.2944202290043576,0.4639393329853192,False,False,0cc8319f8b35c582952dfff30bf26891776dc2b9075bacfc905bb6a66e5e0e28,f370ecc50a57acb3752915cc232b9eed4a983a8123502211b385c39f4cea2995,7c1d89c5a70abce520a978b8693af24d86a2a197040dc608a799121f35b5f482
18,48118,broadcast_delay_2s,v24_nominal_model,True,True,True,1.0,3.838793575076347,1.2194895604408096,True,0,0,0,0,0,0.23581478088161423,0.5060743750073016,False,False,0cc8319f8b35c582952dfff30bf26891776dc2b9075bacfc905bb6a66e5e0e28,d61c29d6122004acad88c80f3351253fac0c16d95a867a82c14755bf3eb50b4f,1ae15cee6c1a6ae4f2b465f3c3b0aa3a7ace864f618930debeee11aba2950737
18,48118,dead_reckoning_scale_101,v24_nominal_model,False,False,False,0.76,7.444216075449777,7.4871238156674025,True,0,11,12,12,0,0.26650720981335146,0.5949156659189612,False,False,0cc8319f8b35c582952dfff30bf26891776dc2b9075bacfc905bb6a66e5e0e28,3d29e3b56bc75a4791f733925ee603d951fba7b5c32575d43004ebd063cdc370,8e72e717291b1b4d4190fc6f3f176484f45b8868a44d7ffc34b07398b045fe22
19,48119,nominal,v24_nominal_model,True,True,True,1.0,0.5388055469760954,0.5686980935663898,True,0,0,0,0,0,0.25754652319315563,0.5032913330942392,False,False,04766a6d8a2b78b4d10fb6e5fe878e86b6485dd9575bb924a4b78af24570998e,2a501fe55b52052806847660ae89fd7035335b114efb390032d57f2be0720ead,7fff31f696e5724a4dad99359e09c3c5f8f820b74f0418eff828249b3fc606c7
19,48119,nominal,v35_bias_gate_300,True,True,True,1.0,0.5388055469760954,0.5686980935663898,True,0,0,0,0,0,0.25754652319315563,0.5249855839647353,True,False,04766a6d8a2b78b4d10fb6e5fe878e86b6485dd9575bb924a4b78af24570998e,2a501fe55b52052806847660ae89fd7035335b114efb390032d57f2be0720ead,7fff31f696e5724a4dad99359e09c3c5f8f820b74f0418eff828249b3fc606c7
19,48119,doppler_common_bias_p003,v24_nominal_model,True,True,True,1.0,2.0537615730893743,2.2039917452914306,True,0,0,0,0,0,0.25879022153219017,0.5184827080229297,False,False,04766a6d8a2b78b4d10fb6e5fe878e86b6485dd9575bb924a4b78af24570998e,06fa2ebfecae0b24fded94b1a7f6ca076eb160d0928d82be8ac3fcf28bba8bc0,b3ba96b348920ad9495b9a81e19af6dfafcc45f23a791725160cf4f6fa9e39cb
19,48119,doppler_common_bias_p003,v35_bias_gate_300,True,True,True,1.0,0.5431553241279687,0.6138246174159739,True,0,0,0,0,0,0.25885525191624453,1.066959708929062,True,True,04766a6d8a2b78b4d10fb6e5fe878e86b6485dd9575bb924a4b78af24570998e,06fa2ebfecae0b24fded94b1a7f6ca076eb160d0928d82be8ac3fcf28bba8bc0,896e4dccf92fa483f259a5456a8e0b449bca5872ea32b91681f0aff0f21a9a96
19,48119,doppler_differential_bias_003,v24_nominal_model,True,True,True,1.0,1.8624912635383537,1.7650824223179826,True,0,0,0,0,0,0.34419988111688976,0.5116596670122817,False,False,04766a6d8a2b78b4d10fb6e5fe878e86b6485dd9575bb924a4b78af24570998e,0f14d82818d353198d0609f29ba755d4bd22b4603f2b5be6ab1b8a4b1a29fce6,7dd1fc0bd46d582c778fc18976eee658401ed963e62eaa6284c988f6f04f1b62
19,48119,doppler_differential_bias_003,v35_bias_gate_300,True,True,True,1.0,0.4320342804390285,0.5161003533260426,True,0,0,0,0,0,0.3442266956211936,1.0506738750264049,True,True,04766a6d8a2b78b4d10fb6e5fe878e86b6485dd9575bb924a4b78af24570998e,0f14d82818d353198d0609f29ba755d4bd22b4603f2b5be6ab1b8a4b1a29fce6,98b67cb610836e8754b78e89323c8181ba53d838c62244b21f7438660b82d307
19,48119,doppler_scale_102,v24_nominal_model,True,True,True,1.0,2.8662334489295707,2.780719141183674,True,0,0,0,0,0,0.27321624789878274,0.52766145800706,False,False,04766a6d8a2b78b4d10fb6e5fe878e86b6485dd9575bb924a4b78af24570998e,a7eaec70f7c9177b16b1c4b6c5f0ae8fa122acae4713f6312d397486e9361b24,e6c7777be77c0f27af7ba317e1a8307d711007dcdb06b3593989c2f29893a2e5
19,48119,colored_noise_rho09_sd003,v24_nominal_model,True,True,True,1.0,0.24661913355219806,0.2869820370365897,True,0,0,0,0,0,0.2575206642084519,0.5165410829940811,False,False,04766a6d8a2b78b4d10fb6e5fe878e86b6485dd9575bb924a4b78af24570998e,112e4ca30acb2c4a6ea9b4cebcc0db41ea84a23b4a2c7e1127fcd876f4b82bb5,e33385bf6f3e6f59814624c6372a7539e46ca61e0e0fe4072c2b71bb53b8f1f0
19,48119,colored_noise_rho09_sd003,v35_bias_gate_300,True,True,True,1.0,0.24661913355219806,0.2869820370365897,True,0,0,0,0,0,0.2575206642084519,0.5161082081031054,True,False,04766a6d8a2b78b4d10fb6e5fe878e86b6485dd9575bb924a4b78af24570998e,112e4ca30acb2c4a6ea9b4cebcc0db41ea84a23b4a2c7e1127fcd876f4b82bb5,e33385bf6f3e6f59814624c6372a7539e46ca61e0e0fe4072c2b71bb53b8f1f0
19,48119,dropout_iid10,v24_nominal_model,True,True,True,1.0,0.547632784865793,0.6176618795034808,True,0,0,0,0,0,0.25754218322173666,0.45243516692426056,False,False,04766a6d8a2b78b4d10fb6e5fe878e86b6485dd9575bb924a4b78af24570998e,0c05864523a1e17f2a6f9c5bf2c2e07e137f76983c9634756f8b1bdbfc6935da,ee0ee292ab88bc2878caf46ddb8c4ded4ef503be556d2ca220a78c25b601bcae
19,48119,broadcast_delay_2s,v24_nominal_model,True,True,True,1.0,4.257331920616125,1.4778618353585997,True,0,0,0,0,0,0.258079374356296,0.6104226660681888,False,False,04766a6d8a2b78b4d10fb6e5fe878e86b6485dd9575bb924a4b78af24570998e,d65fc4f8df38fce2ba9568709ef5f68b06ec978e0c57d8a313929be30081f3bf,d97b9b1e6c1afc8a3794eda4535da045b4fe809fc10f528e1c1609875ec7e754
19,48119,dead_reckoning_scale_101,v24_nominal_model,False,True,False,0.84,7.338205934400703,7.309054880866141,True,0,7,8,8,0,0.3359848413302495,0.5077684579882771,False,False,04766a6d8a2b78b4d10fb6e5fe878e86b6485dd9575bb924a4b78af24570998e,09cb184ad7497aae73a11dccbcb14543653d12d55bae88718dfb0acc2ea1c972,4d5dcc9c5d154ecc83d7624033a8919a11541aa8df5d1cf73000b192eafd9c0b
20,48120,nominal,v24_nominal_model,True,True,True,1.0,1.3613121833236905,1.2786767212220365,True,0,0,0,0,0,0.2070881456002673,0.5654434589669108,False,False,8d0d38e086ce4d859c8e8ed9257be19df988c77eb40c35208012fcc9a0b7b7d7,c33ddd1fcd0184416880320744784d184151076ff98168773a198c202253826b,06bd2e0cc111a4d8560e35f2d43ee234562455a24f9cb42333a121ddb066a2c5
20,48120,nominal,v35_bias_gate_300,True,True,True,1.0,1.3613121833236905,1.2786767212220365,True,0,0,0,0,0,0.2070881456002673,0.5407957910792902,True,False,8d0d38e086ce4d859c8e8ed9257be19df988c77eb40c35208012fcc9a0b7b7d7,c33ddd1fcd0184416880320744784d184151076ff98168773a198c202253826b,06bd2e0cc111a4d8560e35f2d43ee234562455a24f9cb42333a121ddb066a2c5
20,48120,doppler_common_bias_p003,v24_nominal_model,True,True,True,1.0,0.9699863124614491,1.2599604035585044,True,0,0,0,0,0,0.20710701204644727,0.5562168750911951,False,False,8d0d38e086ce4d859c8e8ed9257be19df988c77eb40c35208012fcc9a0b7b7d7,a65817ce35271e7c473c97774c25c3122b3de804c092fcd108b69ef1568e38de,de02b8f24a527ff7d924a131ba273a95a34ba138fa17fb2e41ba41e1ef667194
20,48120,doppler_common_bias_p003,v35_bias_gate_300,True,True,True,1.0,1.3934481007880972,1.2938368565949094,True,0,0,0,0,0,0.2071355253375873,1.1249118328560144,True,True,8d0d38e086ce4d859c8e8ed9257be19df988c77eb40c35208012fcc9a0b7b7d7,a65817ce35271e7c473c97774c25c3122b3de804c092fcd108b69ef1568e38de,3fdfe6b10e1284ebc5a63a1383bc67be8b60537db7eb5716d28ec9e71a422722
20,48120,doppler_differential_bias_003,v24_nominal_model,True,True,True,0.82,1.988005346444813,1.6873203310562632,True,0,0,0,0,0,0.23705425511810035,0.5266392499906942,False,False,8d0d38e086ce4d859c8e8ed9257be19df988c77eb40c35208012fcc9a0b7b7d7,3a296d09f448b3001b72a4bd8ce2d67354d856d7dbb0a1da3703bd81c5118720,81816c4facbe3f73ab74e344311653c63d07342b2c81c074122bf2e8037b7f39
20,48120,doppler_differential_bias_003,v35_bias_gate_300,True,False,True,0.72,1.2106561911044424,0.9121315889616535,True,0,0,0,0,0,0.30585083896049603,1.0854672510176897,True,True,8d0d38e086ce4d859c8e8ed9257be19df988c77eb40c35208012fcc9a0b7b7d7,3a296d09f448b3001b72a4bd8ce2d67354d856d7dbb0a1da3703bd81c5118720,913dc74673dfc1b86ab955f419b200a6892cf712f0eeff1c46e91b10758e4378
20,48120,doppler_scale_102,v24_nominal_model,True,True,True,1.0,1.6566512413285086,1.3518043560376947,True,1,45,44,0,0,0.2831094040447671,0.6430050829658285,False,False,8d0d38e086ce4d859c8e8ed9257be19df988c77eb40c35208012fcc9a0b7b7d7,f9e988f1d57de7685ce44a85c56e185d19854ad47356981b9f39c633feb6c9b5,cab94a118a9b9ed95e5ea20e3cbe0cf5a8adde062444a9b3135e82c6efc64f5a
20,48120,colored_noise_rho09_sd003,v24_nominal_model,True,True,True,1.0,1.7224811555589767,1.6630771163911542,True,0,0,0,0,0,0.23298116783774897,0.5437417079228908,False,False,8d0d38e086ce4d859c8e8ed9257be19df988c77eb40c35208012fcc9a0b7b7d7,f9a4e8abeeba08449a3993e8b5f92aa7bb3f455162835c8db38ad802620aed89,a103b2c05ad8cfa7d7e48afd08637122bfc48c938d640994813ceabfd303217c
20,48120,colored_noise_rho09_sd003,v35_bias_gate_300,True,True,True,1.0,1.7224811555589767,1.6630771163911542,True,0,0,0,0,0,0.23298116783774897,0.5454710409976542,True,False,8d0d38e086ce4d859c8e8ed9257be19df988c77eb40c35208012fcc9a0b7b7d7,f9a4e8abeeba08449a3993e8b5f92aa7bb3f455162835c8db38ad802620aed89,a103b2c05ad8cfa7d7e48afd08637122bfc48c938d640994813ceabfd303217c
20,48120,dropout_iid10,v24_nominal_model,True,True,True,1.0,1.4875203449262389,1.4120223727992012,True,0,0,0,0,0,0.2072597253632031,0.489624916925095,False,False,8d0d38e086ce4d859c8e8ed9257be19df988c77eb40c35208012fcc9a0b7b7d7,db12c8bb41c0ad85ff4c0bf22ace5211cb263f62fb454ff41b358efab6780c5c,f60fff6a870b0131dbfe2804244a55c87c0b1059cd51eea83af9884e0bb960ba
20,48120,broadcast_delay_2s,v24_nominal_model,True,True,True,1.0,4.055495414623504,1.5855079871663014,True,0,0,0,0,0,0.20326420659005365,0.595013833953999,False,False,8d0d38e086ce4d859c8e8ed9257be19df988c77eb40c35208012fcc9a0b7b7d7,8b75f9c8a148cd84b9c6f5c52b8a79ca3cc20a17c1452c038a394440212626c9,e06e58e61150fcb48c8ad691adaaf7e5071032b731d55f84acb447f0e55e6690
20,48120,dead_reckoning_scale_101,v24_nominal_model,True,True,True,1.0,6.718662704709975,6.811018790856889,True,0,0,0,0,0,0.20702202112608697,0.5408947080140933,False,False,8d0d38e086ce4d859c8e8ed9257be19df988c77eb40c35208012fcc9a0b7b7d7,b36d86fea37d7c9f384ed660fdb655e990f80baf28c94e1b3745345bed3e41be,a14e92ba5d8dd7d076b27f1fbe10eac7e88373261036d41d62c385dc90103805
21,48121,nominal,v24_nominal_model,True,True,True,1.0,0.6294542161816443,0.3689153753313644,True,0,0,0,0,0,0.2707077660336076,0.5776615419890732,False,False,995c314af706406128ea60259ac91411a64f4b9eec73bcd9e88448fb767568e1,60721ba6c33536ad9686b32cc7e47fe5fae8de9a6a639e622c89fb0a7c387d08,b5deb2bc13d7a2edc7e219abdfe1276b0579da5b9994620e6b1728cfa3e1d2c1
21,48121,nominal,v35_bias_gate_300,True,True,True,1.0,0.6294542161816443,0.3689153753313644,True,0,0,0,0,0,0.2707077660336076,0.5247500409604982,True,False,995c314af706406128ea60259ac91411a64f4b9eec73bcd9e88448fb767568e1,60721ba6c33536ad9686b32cc7e47fe5fae8de9a6a639e622c89fb0a7c387d08,b5deb2bc13d7a2edc7e219abdfe1276b0579da5b9994620e6b1728cfa3e1d2c1
21,48121,doppler_common_bias_p003,v24_nominal_model,True,True,True,1.0,2.761390765548999,2.925850047254825,True,0,0,0,0,0,0.26450260550466337,0.7168754590675235,False,False,995c314af706406128ea60259ac91411a64f4b9eec73bcd9e88448fb767568e1,9d70052ed0387c8e2e172aaf9a1cbd35bc88b0f865043e497a86e7f454154273,ccff1d34d97b549335381e5590e582779200b354eebbe27171002fb120289c54
21,48121,doppler_common_bias_p003,v35_bias_gate_300,True,True,True,1.0,0.6117116251282289,0.35993203462080714,True,0,0,0,0,0,0.2647219042360143,1.0851730830036104,True,True,995c314af706406128ea60259ac91411a64f4b9eec73bcd9e88448fb767568e1,9d70052ed0387c8e2e172aaf9a1cbd35bc88b0f865043e497a86e7f454154273,be1593c8f4d69bae9a3f7bef670da7ff5d1fed085bf04729637c50dcb5f82c46
21,48121,doppler_differential_bias_003,v24_nominal_model,False,False,False,0.0,8.774327387679225,8.929307219446668,True,0,121,122,70,0,0.2040493727656931,0.6414870410226285,False,False,995c314af706406128ea60259ac91411a64f4b9eec73bcd9e88448fb767568e1,7a664757018e0c21265473cf6f18ad36c32403afb8bc45c639edfe0e9415ff6c,df37bd5b25bd1818f86eabdff6daf3b9f42b32fa0090bdc189a2748a37d4e69c
21,48121,doppler_differential_bias_003,v35_bias_gate_300,True,True,True,1.0,0.18109341321622183,0.2214955107218954,True,0,51,52,0,0,0.26345903505743695,1.0699152910383418,True,True,995c314af706406128ea60259ac91411a64f4b9eec73bcd9e88448fb767568e1,7a664757018e0c21265473cf6f18ad36c32403afb8bc45c639edfe0e9415ff6c,084bdb802111c1d746d01c788c0c3e77d603b7213c3f2a05125ff94cf84c0456
21,48121,doppler_scale_102,v24_nominal_model,True,True,True,1.0,4.292118196400969,4.323624176374154,True,0,0,0,0,0,0.2672027320630067,0.5757621249649674,False,False,995c314af706406128ea60259ac91411a64f4b9eec73bcd9e88448fb767568e1,1a0f49513ffc12af60557855402918e2e845b5cda17c062615802007a0d91618,4ddd7f51f3a1a23b7274081053db65059202348838a24bfa566a529a06deace7
21,48121,colored_noise_rho09_sd003,v24_nominal_model,True,True,True,1.0,1.3259775729398473,1.3340405019799713,True,0,0,0,0,0,0.2780465236465416,0.5287147091003135,False,False,995c314af706406128ea60259ac91411a64f4b9eec73bcd9e88448fb767568e1,e3f4879e6a0a9de42b2b0346334dd429458034e7996ab2c229c22846be22e974,555515c19c5b416b2beb4dcf05a059b5177f3d632a0d017bf4836809316971e0
21,48121,colored_noise_rho09_sd003,v35_bias_gate_300,True,True,True,1.0,1.3259775729398473,1.3340405019799713,True,0,0,0,0,0,0.2780465236465416,0.5686308750882745,True,False,995c314af706406128ea60259ac91411a64f4b9eec73bcd9e88448fb767568e1,e3f4879e6a0a9de42b2b0346334dd429458034e7996ab2c229c22846be22e974,555515c19c5b416b2beb4dcf05a059b5177f3d632a0d017bf4836809316971e0
21,48121,dropout_iid10,v24_nominal_model,True,True,True,1.0,0.46134743235837977,0.31766125820454044,True,0,0,0,0,0,0.2703643429961717,0.48217125004157424,False,False,995c314af706406128ea60259ac91411a64f4b9eec73bcd9e88448fb767568e1,3d71b9330644f80f78f58acff4afb24132e5b53c0aa31be064d759ba6f19a5bd,48f0d75eb1b828ddc35de0cc4d159d6edef36178b8cc9b546cd6b34c7598a19b
21,48121,broadcast_delay_2s,v24_nominal_model,True,True,True,1.0,3.760808482637862,1.0925066402878674,True,0,0,0,0,0,0.2675154857827066,0.5739755000686273,False,False,995c314af706406128ea60259ac91411a64f4b9eec73bcd9e88448fb767568e1,aaefa816c9771a2c7f386f978b936601c9e1cbbc885874a580f4585d7777fe5d,52c3ca5dc6d1ac4c89a69c6e3aeb64f6165c8827bbf58c35da1b7efc33ece8b0
21,48121,dead_reckoning_scale_101,v24_nominal_model,False,True,False,0.82,7.312406493638082,7.070623957837473,True,0,8,9,9,0,0.2672212720329467,0.5408425830537453,False,False,995c314af706406128ea60259ac91411a64f4b9eec73bcd9e88448fb767568e1,06a47d09544f3dcf843da888611d38e16fef2a16cb644d10d69a1733b1af2446,768cfde2996a8a21adc5ed8e885b53bf733dd242f788694779cdc8be45a23c7b
22,48122,nominal,v24_nominal_model,True,True,True,1.0,0.30833199892013624,0.19102020403724818,True,0,0,0,0,0,0.35998168549140686,0.5575578330317512,False,False,e2b2abe7f7fb10c6367013e71f1f2ff02fafa509bed1c0073b487764c03d70cf,8539d1b11e629c0ec00c53012d590044d05a80489b97c09aab6fe70eea50c2f8,13ddde64599716ad605a5cd885db2fa741f051aa85a6c8c2f0c3837cff7e6c27
22,48122,nominal,v35_bias_gate_300,True,True,True,1.0,0.30833199892013624,0.19102020403724818,True,0,0,0,0,0,0.35998168549140686,0.5590442080283538,True,False,e2b2abe7f7fb10c6367013e71f1f2ff02fafa509bed1c0073b487764c03d70cf,8539d1b11e629c0ec00c53012d590044d05a80489b97c09aab6fe70eea50c2f8,13ddde64599716ad605a5cd885db2fa741f051aa85a6c8c2f0c3837cff7e6c27
22,48122,doppler_common_bias_p003,v24_nominal_model,True,True,True,1.0,0.327881747550715,0.34221804183050863,True,0,0,0,0,0,0.34864283892527315,0.561514166998677,False,False,e2b2abe7f7fb10c6367013e71f1f2ff02fafa509bed1c0073b487764c03d70cf,5c03b628489814cd7c130e2d80e102a3503f3fe0bab957799b87c2395a14ca40,6d60268377824217fc1d67f2c432088eb5a0b8ff80a63ccdb4a505155824c9c5
22,48122,doppler_common_bias_p003,v35_bias_gate_300,True,True,True,1.0,0.39578387455054576,0.4341040051587998,True,0,0,0,0,0,0.40985188145003726,1.3679911239305511,True,True,e2b2abe7f7fb10c6367013e71f1f2ff02fafa509bed1c0073b487764c03d70cf,5c03b628489814cd7c130e2d80e102a3503f3fe0bab957799b87c2395a14ca40,73c558d3e64dc80eec88a61f19ae6db36bbf3f6131d09237353f7e3710e5ee10
22,48122,doppler_differential_bias_003,v24_nominal_model,False,False,False,0.0,0.46712070827208846,10.321703625777154,True,0,0,0,0,0,0.3336530466519844,0.5525384169304743,False,False,e2b2abe7f7fb10c6367013e71f1f2ff02fafa509bed1c0073b487764c03d70cf,1a66fd0d8d8c333d6ec5a2e0419cf37735d25a1d6a2db9adb9430b27b15bdf17,af12cd7522037d26e0c8e946059b6bee56272cad3116236d1cd83261e9e75f46
22,48122,doppler_differential_bias_003,v35_bias_gate_300,False,False,False,0.0,0.46416164393320114,10.213458242794122,True,0,0,0,0,0,0.3349528096597492,1.1704502499196678,True,True,e2b2abe7f7fb10c6367013e71f1f2ff02fafa509bed1c0073b487764c03d70cf,1a66fd0d8d8c333d6ec5a2e0419cf37735d25a1d6a2db9adb9430b27b15bdf17,d9bb3edcef160f4158e2713fa254bd2dbc6ea198d2051e894a4b29ebf9d4110a
22,48122,doppler_scale_102,v24_nominal_model,True,True,True,0.98,0.8862853311298633,0.6905040297377505,True,0,0,0,0,0,0.41620898461071126,0.5873135419096798,False,False,e2b2abe7f7fb10c6367013e71f1f2ff02fafa509bed1c0073b487764c03d70cf,4498b07c6204f5f47abeba089761977fed9a8f72802878e435e778e59fced6cf,f67c18a73bcf31f2b4d8514dc36eea2244e5eb2071096efef54ad998df5fc97f
22,48122,colored_noise_rho09_sd003,v24_nominal_model,True,True,True,1.0,0.3245990012643233,0.4357228299400055,True,0,0,0,0,0,0.33622434582736693,0.6006861249916255,False,False,e2b2abe7f7fb10c6367013e71f1f2ff02fafa509bed1c0073b487764c03d70cf,5381a748fb1a46e111f5ed1f2a55a6184c567b9b03a68a1ea89c34849cadf3fb,c40dbf37d0cd4079226e3bb4bad5470a6136ddc48a30a026c967a8a9a20b18a9
22,48122,colored_noise_rho09_sd003,v35_bias_gate_300,True,True,True,1.0,0.3245990012643233,0.4357228299400055,True,0,0,0,0,0,0.33622434582736693,0.5742379580624402,True,False,e2b2abe7f7fb10c6367013e71f1f2ff02fafa509bed1c0073b487764c03d70cf,5381a748fb1a46e111f5ed1f2a55a6184c567b9b03a68a1ea89c34849cadf3fb,c40dbf37d0cd4079226e3bb4bad5470a6136ddc48a30a026c967a8a9a20b18a9
22,48122,dropout_iid10,v24_nominal_model,True,True,True,1.0,0.5198799118705492,0.4316353477739989,True,0,0,0,0,0,0.36652550074370144,0.5418969580205157,False,False,e2b2abe7f7fb10c6367013e71f1f2ff02fafa509bed1c0073b487764c03d70cf,a98cb8d6fb6ca17f9e515dc156b66740a78a6191bf248d3c032a9393c54686b0,5b74a10da7c9fcf0775d889f11c018563502b4475526f611820a9a04abab9f08
22,48122,broadcast_delay_2s,v24_nominal_model,True,True,True,1.0,2.381008830293805,0.26141674697645684,True,0,0,0,0,0,0.42083557072376215,0.5411683339625597,False,False,e2b2abe7f7fb10c6367013e71f1f2ff02fafa509bed1c0073b487764c03d70cf,e8f79e6c3826099b33156516ea22420af44d68b9aa92b8884c1f9ba8fb41c616,309bb873ea798f2f47a345550fd42f087009a493f334833ed8bcb3057b8a6a3d
22,48122,dead_reckoning_scale_101,v24_nominal_model,True,False,False,0.12,3.518532447230022,4.766128379664921,True,0,0,0,0,0,0.31962744200642373,0.6017697090283036,False,False,e2b2abe7f7fb10c6367013e71f1f2ff02fafa509bed1c0073b487764c03d70cf,daed90508128de379a8633a216158ce1efb79ae5b77f17d1e4ae8a6b891f5788,3b310666f6853bdd0a25e09a6d3016d5ee406f8553b8dfefcb181f8a0a7db08b
23,48123,nominal,v24_nominal_model,True,True,True,1.0,0.4289648601370372,0.5770857554427121,True,0,0,0,0,0,0.3200160050778165,0.5161369580309838,False,False,ee486e312921e78cc4c1ed797f8e1e6a4daa4ab43f81d69c7f54e0199004e712,eea9944b3e26bfdc39d9ed44513607540f867b6ef7471f1e7aeafa46b583867e,e425a80eb0cd2a6b2f60d1241f1af805f88aec0d9ea2c61d5ec8eca5b76701c7
23,48123,nominal,v35_bias_gate_300,True,True,True,1.0,0.4289648601370372,0.5770857554427121,True,0,0,0,0,0,0.3200160050778165,0.5166672500781715,True,False,ee486e312921e78cc4c1ed797f8e1e6a4daa4ab43f81d69c7f54e0199004e712,eea9944b3e26bfdc39d9ed44513607540f867b6ef7471f1e7aeafa46b583867e,e425a80eb0cd2a6b2f60d1241f1af805f88aec0d9ea2c61d5ec8eca5b76701c7
23,48123,doppler_common_bias_p003,v24_nominal_model,True,True,True,1.0,1.382211839868883,1.512733621894878,True,0,0,0,0,0,0.3184611535857611,0.527070541982539,False,False,ee486e312921e78cc4c1ed797f8e1e6a4daa4ab43f81d69c7f54e0199004e712,d7aa9d4d84071e6b9143f6bc37a188e006b64f2275a413dcfbc137a6dd17c9fb,68d8dfb77bca7b2cd4463e99e9b54baf2eb960aaf6c9a6a66914318c0f55fa50
23,48123,doppler_common_bias_p003,v35_bias_gate_300,True,True,True,1.0,0.490694928967896,0.6500076989366329,True,0,0,0,0,0,0.3181994464237934,1.0805903740692884,True,True,ee486e312921e78cc4c1ed797f8e1e6a4daa4ab43f81d69c7f54e0199004e712,d7aa9d4d84071e6b9143f6bc37a188e006b64f2275a413dcfbc137a6dd17c9fb,4b960a4cb11b3e2df1a1953b6188fcbfcf8fca23d94aaa7e8aafc8590f32855b
23,48123,doppler_differential_bias_003,v24_nominal_model,False,False,False,0.0,0.41027503920754993,14.484038700563259,True,0,0,0,0,0,0.2768084835585221,0.5332256660331041,False,False,ee486e312921e78cc4c1ed797f8e1e6a4daa4ab43f81d69c7f54e0199004e712,5199af0ec5e824416cce6ee9f314cb2a76e273956a0041675435469f2f5d2a68,6ec8f3ddf871baebfe0acfc6517f5ecfd0f1b82a19d6ad444dbb1420090485bc
23,48123,doppler_differential_bias_003,v35_bias_gate_300,False,False,False,0.0,0.32670805301797606,14.360413850307028,True,0,0,0,0,0,0.2819448249107525,1.1010582080343738,True,True,ee486e312921e78cc4c1ed797f8e1e6a4daa4ab43f81d69c7f54e0199004e712,5199af0ec5e824416cce6ee9f314cb2a76e273956a0041675435469f2f5d2a68,a7585cc5267e232f7cd1f51de3fc97d29f9cb67b88408777268e16e3b5621f83
23,48123,doppler_scale_102,v24_nominal_model,False,False,False,0.0,1.3552671502154376,1311.3956295977573,False,0,0,0,0,0,0.2734650796922263,0.5270566260442138,False,False,ee486e312921e78cc4c1ed797f8e1e6a4daa4ab43f81d69c7f54e0199004e712,b57edac207e501a4f2b7e43d42927439e753de0edfdd67dca27de3b99a23e6c4,bc4b2349723410ac36bad546b44e7419667caf1777c6b42c45730760334f2742
23,48123,colored_noise_rho09_sd003,v24_nominal_model,True,True,True,1.0,0.20616240379321757,0.24185876551605087,True,0,0,0,0,0,0.376173481361179,0.5268191249342635,False,False,ee486e312921e78cc4c1ed797f8e1e6a4daa4ab43f81d69c7f54e0199004e712,e927c6b88aa897c66218ba13016bde2087ad1a4d43b080fc2b7bd60ece183f4c,8a9f5a138e8ff2bfaae9389090140c43bd934547490c8d9ff88837a6da74f3a0
23,48123,colored_noise_rho09_sd003,v35_bias_gate_300,True,True,True,1.0,0.20616240379321757,0.24185876551605087,True,0,0,0,0,0,0.376173481361179,0.5298371249809861,True,False,ee486e312921e78cc4c1ed797f8e1e6a4daa4ab43f81d69c7f54e0199004e712,e927c6b88aa897c66218ba13016bde2087ad1a4d43b080fc2b7bd60ece183f4c,8a9f5a138e8ff2bfaae9389090140c43bd934547490c8d9ff88837a6da74f3a0
23,48123,dropout_iid10,v24_nominal_model,True,True,True,1.0,0.7182209762229332,0.8006757331236725,True,0,0,0,0,0,0.31963766001911903,0.4801919999299571,False,False,ee486e312921e78cc4c1ed797f8e1e6a4daa4ab43f81d69c7f54e0199004e712,554de92a79bdfcf1efb9a22cfb9e2a7678f90587c89d912ff3f1d059dcadcf10,5e6b0f640577f8b9d5eea7aba3b9c5fbf55dcbf99406b9dbbd099557228daf8a
23,48123,broadcast_delay_2s,v24_nominal_model,True,True,True,1.0,3.380355786379578,0.9171568020807442,True,0,0,0,0,0,0.31879888972010545,0.5220459590200335,False,False,ee486e312921e78cc4c1ed797f8e1e6a4daa4ab43f81d69c7f54e0199004e712,3f7693ad507427444bd2d07574ae8902a1c2dd4029d8adad22d9b8bae348dc0b,75b0c55213a5823ec2cf5277b8892ffb05a568df6fd5b33ab8898892fe1f3da6
23,48123,dead_reckoning_scale_101,v24_nominal_model,False,False,False,0.0,3.6949076849708864,17.166019447332477,True,0,0,0,0,0,0.2743970241904754,0.5757402919698507,False,False,ee486e312921e78cc4c1ed797f8e1e6a4daa4ab43f81d69c7f54e0199004e712,a3fa790eba23a8ebc45b405a26afb1a9997cfea2f96945df5311e315d2705fe6,913b677b9236faf6230a3418f51f916cb1759913c8bc6d8b14fe496efdfdf87f
24,48124,nominal,v24_nominal_model,True,True,True,1.0,0.448418778495675,0.4323381473416246,True,0,0,0,0,0,0.2454057010984657,0.5203884580405429,False,False,a340a69eca0396f5e035309684f0d9e87a1c01d999a00c522fce74a7ea52a89d,5ac636f271be893a1716ec5a8cad897d68421483761fb9bf57e74706b3721177,5782a975d054c78847009c105aae7ade28526fca1d5873e0abe22b293d57b87e
24,48124,nominal,v35_bias_gate_300,True,True,True,1.0,0.448418778495675,0.4323381473416246,True,0,0,0,0,0,0.2454057010984657,0.547455916996114,True,False,a340a69eca0396f5e035309684f0d9e87a1c01d999a00c522fce74a7ea52a89d,5ac636f271be893a1716ec5a8cad897d68421483761fb9bf57e74706b3721177,5782a975d054c78847009c105aae7ade28526fca1d5873e0abe22b293d57b87e
24,48124,doppler_common_bias_p003,v24_nominal_model,True,True,True,1.0,0.629479498646566,0.6003912788868012,True,0,0,0,0,0,0.2883060689269962,0.5474194580456242,False,False,a340a69eca0396f5e035309684f0d9e87a1c01d999a00c522fce74a7ea52a89d,1cd5f0bb6e06a2d0c0042eb4a631e9226d45f7e489075502f9bcd15819b7b76a,d599eeb3c668a010368d3fe2284c247e7e79d7c728e6b80bbffe741d2e55034f
24,48124,doppler_common_bias_p003,v35_bias_gate_300,True,True,True,1.0,0.49263749728802464,0.4426196559918252,True,0,0,0,0,0,0.2887014496401694,1.2839564160676673,True,True,a340a69eca0396f5e035309684f0d9e87a1c01d999a00c522fce74a7ea52a89d,1cd5f0bb6e06a2d0c0042eb4a631e9226d45f7e489075502f9bcd15819b7b76a,c307a76d172af17784f9a12a98682e0ebcb6a21d30f33620bbb1a95bc7a3d7c3
24,48124,doppler_differential_bias_003,v24_nominal_model,False,False,False,0.0,1.1095072639125627,19.998737123430573,True,0,0,0,0,0,0.23692361622191466,0.5158042920520529,False,False,a340a69eca0396f5e035309684f0d9e87a1c01d999a00c522fce74a7ea52a89d,98096fc72a224604d3822f37462fb58e875d1d1caf57b48e2090b89b4fccdf9b,597fd64b322a7a83d44d4af7c403a7f53d99636523189e87ad158eb5f8c85aee
24,48124,doppler_differential_bias_003,v35_bias_gate_300,False,False,False,0.0,0.6418990858048129,19.450339290764806,True,0,0,0,0,0,0.2432863460071298,1.222458916832693,True,True,a340a69eca0396f5e035309684f0d9e87a1c01d999a00c522fce74a7ea52a89d,98096fc72a224604d3822f37462fb58e875d1d1caf57b48e2090b89b4fccdf9b,2cfefc1e50d23de5a7a3d9a4c5022def17b8c985031983e14e72edac4e81a05c
24,48124,doppler_scale_102,v24_nominal_model,False,False,False,0.0,1.199233681296132,1705.1623679426668,False,0,0,0,0,0,0.16395655142432428,0.5459239999763668,False,False,a340a69eca0396f5e035309684f0d9e87a1c01d999a00c522fce74a7ea52a89d,a6c338a0cdc3dfc45cd5bda7a8cdbcf093e5a02c2cbcfcb3023196c16a505486,48031a179e86f954b14c3e1e23a347068f42cbb1b82f6123aa9e0ee63bc12a37
24,48124,colored_noise_rho09_sd003,v24_nominal_model,True,True,True,1.0,0.48230887287857444,0.38633692571970374,True,0,0,0,0,0,0.31865766699145737,0.6278973330045119,False,False,a340a69eca0396f5e035309684f0d9e87a1c01d999a00c522fce74a7ea52a89d,f8bfb234ab74f2850e943e0276be150e253a6ba52ff1e2d98631b5a255746b54,ff010a8ee417bdd67485cd358528fb1863e5339cef211d9081130f0d954629ca
24,48124,colored_noise_rho09_sd003,v35_bias_gate_300,True,True,True,1.0,0.48230887287857444,0.38633692571970374,True,0,0,0,0,0,0.31865766699145737,0.5421174590010196,True,False,a340a69eca0396f5e035309684f0d9e87a1c01d999a00c522fce74a7ea52a89d,f8bfb234ab74f2850e943e0276be150e253a6ba52ff1e2d98631b5a255746b54,ff010a8ee417bdd67485cd358528fb1863e5339cef211d9081130f0d954629ca
24,48124,dropout_iid10,v24_nominal_model,True,True,True,1.0,0.8195315351461223,0.6851807525406519,True,0,0,0,0,0,0.2762119539439986,0.5492776250466704,False,False,a340a69eca0396f5e035309684f0d9e87a1c01d999a00c522fce74a7ea52a89d,7968f81250463d4c1d737d4b7ba57f2fb4451cdb5c87f811ad164f59c61e48f4,300e1a193e7c69130b6d1f0620f2204d01c71144eca1afe5ccc71f4ea00b54dd
24,48124,broadcast_delay_2s,v24_nominal_model,True,True,True,1.0,3.438635645677234,0.847229447541799,True,0,0,0,0,0,0.19526461481823715,0.5221601250814274,False,False,a340a69eca0396f5e035309684f0d9e87a1c01d999a00c522fce74a7ea52a89d,bc548fbb72a870bc3710574aec2ddc39f556238226c7e864340ab865b32f093f,94efda483df56301ae89068af1aaababfe9b5a7a91cc7b8deaa7e6695f4045a6
24,48124,dead_reckoning_scale_101,v24_nominal_model,True,True,True,1.0,6.796255439559095,6.76433656766552,True,0,0,0,0,0,0.18420073843260223,0.5856757080182433,False,False,a340a69eca0396f5e035309684f0d9e87a1c01d999a00c522fce74a7ea52a89d,5dd08444c6fd8157b7a424f8046a3a08aa387b68fb6d14cb91229aac33867dfb,d9baf4731644b0a508c6a925791faeac6aeb7441d31910aba2f7a6508d0cac1f
25,48125,nominal,v24_nominal_model,True,True,True,1.0,0.34691966488291104,0.38048041483229683,True,0,0,0,0,0,0.21519214962513447,0.5250393330352381,False,False,43785dac6a27f1cd71311b77fdac71b04cddc56fe0834aee3ac42c1f055129ec,c857cf38e9ee57c416176b2caa3d8ad56d7bba0cce67a606bdcf86f37f6d3f94,ed22e5e53327aeaec292270cfec118854c907a05bec7fc18caa8156991885218
25,48125,nominal,v35_bias_gate_300,True,True,True,1.0,0.34691966488291104,0.38048041483229683,True,0,0,0,0,0,0.21519214962513447,0.5427402909845114,True,False,43785dac6a27f1cd71311b77fdac71b04cddc56fe0834aee3ac42c1f055129ec,c857cf38e9ee57c416176b2caa3d8ad56d7bba0cce67a606bdcf86f37f6d3f94,ed22e5e53327aeaec292270cfec118854c907a05bec7fc18caa8156991885218
25,48125,doppler_common_bias_p003,v24_nominal_model,True,True,True,1.0,0.42262710088330513,0.46961151948010277,True,0,0,0,0,0,0.2681477477073419,0.5276694999774918,False,False,43785dac6a27f1cd71311b77fdac71b04cddc56fe0834aee3ac42c1f055129ec,6a845651da0c2ffa4d5f696097f17f04b1da1ee76fcdddefba3cbe3b3fc35e16,b39ccb3598268baeba4ec8ac15a80ba679829484a9a851c09f9b849edd46f83c
25,48125,doppler_common_bias_p003,v35_bias_gate_300,True,True,True,1.0,0.5598214028240336,0.6189676820028067,True,0,0,0,0,0,0.26778009407275494,1.0916157501051202,True,True,43785dac6a27f1cd71311b77fdac71b04cddc56fe0834aee3ac42c1f055129ec,6a845651da0c2ffa4d5f696097f17f04b1da1ee76fcdddefba3cbe3b3fc35e16,16c11e852cee1ee4577851a4f23b4f00c3dadd33bbbc3794efae1bc76b30e35a
25,48125,doppler_differential_bias_003,v24_nominal_model,True,False,True,0.72,0.3453103834332151,0.3989506373898702,True,0,0,0,0,0,0.25826784722468127,0.6084400420077145,False,False,43785dac6a27f1cd71311b77fdac71b04cddc56fe0834aee3ac42c1f055129ec,78bf89e358d7178d2c04a1b607b0d994960157dcc9c5896e06c1cfac6b470160,fc439f2faeaf5c0e70a185352f06d3c9e15f9570ddd6662fc683e600dd6d2f1f
25,48125,doppler_differential_bias_003,v35_bias_gate_300,True,False,True,0.7,0.37186319728748884,0.44124074743563946,True,0,0,0,0,0,0.2960522112287819,1.3021421669982374,True,True,43785dac6a27f1cd71311b77fdac71b04cddc56fe0834aee3ac42c1f055129ec,78bf89e358d7178d2c04a1b607b0d994960157dcc9c5896e06c1cfac6b470160,1712d9e48762802a14a2e896fd5c722fa5961137ecb8bf84778e1160d65079fa
25,48125,doppler_scale_102,v24_nominal_model,False,False,False,0.0,1.5073991741469333,1756.8638922957778,False,0,0,0,0,0,0.15923423336001033,0.5412685420596972,False,False,43785dac6a27f1cd71311b77fdac71b04cddc56fe0834aee3ac42c1f055129ec,fc1d209c5c5c62976c7e2d32ffd8fa2fa39bd99f696b75bc0c45d6fd262fe6bf,2863e807b975c169a13b39732bca7a4431ecb382c8d21053768be7e3f66c4a1c
25,48125,colored_noise_rho09_sd003,v24_nominal_model,True,True,True,1.0,0.5110983064486756,0.4145125251671924,True,0,0,0,0,0,0.19994901953560476,0.6336073750862852,False,False,43785dac6a27f1cd71311b77fdac71b04cddc56fe0834aee3ac42c1f055129ec,55e388fd139eda94c2278b00d406dca015f1bdb6a99d46816163df8328709145,37dfea9a50359f8e2fd9bfd289b05ab4688cc40271bb7914706d17027f8fe5ad
25,48125,colored_noise_rho09_sd003,v35_bias_gate_300,True,True,True,1.0,0.5110983064486756,0.4145125251671924,True,0,0,0,0,0,0.19994901953560476,0.5175274159992114,True,False,43785dac6a27f1cd71311b77fdac71b04cddc56fe0834aee3ac42c1f055129ec,55e388fd139eda94c2278b00d406dca015f1bdb6a99d46816163df8328709145,37dfea9a50359f8e2fd9bfd289b05ab4688cc40271bb7914706d17027f8fe5ad
25,48125,dropout_iid10,v24_nominal_model,True,True,True,1.0,0.31087036678352986,0.3647095316191848,True,0,0,0,0,0,0.21279309364256668,0.4973012920236215,False,False,43785dac6a27f1cd71311b77fdac71b04cddc56fe0834aee3ac42c1f055129ec,29aa5356ef1ecebf48a163769c79e114a0d710567cd239d60567e961939cc1e2,eedc60c0b7309736a5b6682b587ae0fed489122175e9a8d856eea7fc4de42233
25,48125,broadcast_delay_2s,v24_nominal_model,True,True,True,1.0,3.752994808756079,2.606692482146868,True,0,0,0,0,0,0.2058258086165075,0.534165957942605,False,False,43785dac6a27f1cd71311b77fdac71b04cddc56fe0834aee3ac42c1f055129ec,a8e5383422117d1fa978362ed7a04820fa836a726e1a5b5c3112411d92daa107,8af67e36ceaa28b474ddb51e25af3468a4582e3b0fbd8e9cb19f49faca0b6dbd
25,48125,dead_reckoning_scale_101,v24_nominal_model,False,True,False,0.88,7.229072321000906,7.306715900889208,True,0,5,6,6,0,0.2010390496287424,0.5308147079776973,False,False,43785dac6a27f1cd71311b77fdac71b04cddc56fe0834aee3ac42c1f055129ec,0acb7258f4bc0c733055c6290e24d04badd3c7001f3d1822cc8c9ee53f2b9c22,06ad82cbcc64961ca837795a7843b0a8300090a4c07d6ebfc26a1006fedb6f2a
26,48126,nominal,v24_nominal_model,True,True,True,1.0,0.8180167499099263,0.8283957400128149,True,0,0,0,0,0,0.2510865390399378,0.5025196250062436,False,False,966004dad229c4c8a6a58767d6e8476465e38bd5d4c363698890412d840026cb,36c1db3441c96c0109cb08313a28c7c55a506fce1476784a5698bc7fcdb6d0e2,e373e2d1892fba8bc85d061f804830b6fc35c01d29e0ef2c5f4a1311f07248b6
26,48126,nominal,v35_bias_gate_300,True,True,True,1.0,0.8180167499099263,0.8283957400128149,True,0,0,0,0,0,0.2510865390399378,0.5034884159686044,True,False,966004dad229c4c8a6a58767d6e8476465e38bd5d4c363698890412d840026cb,36c1db3441c96c0109cb08313a28c7c55a506fce1476784a5698bc7fcdb6d0e2,e373e2d1892fba8bc85d061f804830b6fc35c01d29e0ef2c5f4a1311f07248b6
26,48126,doppler_common_bias_p003,v24_nominal_model,True,True,True,1.0,1.677129105195057,1.6631528915635518,True,0,0,0,0,0,0.37210427547983194,0.5090320419985801,False,False,966004dad229c4c8a6a58767d6e8476465e38bd5d4c363698890412d840026cb,602d580ce3eacb75e7e7d8d33496087f6da6b1ea39cd880abef7563db856b7dc,c18cf7a6f421910a6dcfb18bd6943b714a97c2d369e28027a980eeff9d18a883
26,48126,doppler_common_bias_p003,v35_bias_gate_300,True,True,True,1.0,0.7617837142231985,0.7650165190895348,True,0,0,0,0,0,0.37195664287290126,1.0577129180310294,True,True,966004dad229c4c8a6a58767d6e8476465e38bd5d4c363698890412d840026cb,602d580ce3eacb75e7e7d8d33496087f6da6b1ea39cd880abef7563db856b7dc,3621985f00be2f29eeefa3c54336abc4d51f3e8c18039cb414f352c9b062f92a
26,48126,doppler_differential_bias_003,v24_nominal_model,True,True,True,1.0,2.37614399816725,2.3991153349413574,True,0,0,0,0,0,0.25469517963088,0.5100782079389319,False,False,966004dad229c4c8a6a58767d6e8476465e38bd5d4c363698890412d840026cb,7f70b745507f21835143dcfbc228c3dc367f80e95c82b78ab9f108824ce98168,388f3b4ca58e6fa5770665089ed2796fbe53c72d8062096689be0298bed72b7a
26,48126,doppler_differential_bias_003,v35_bias_gate_300,True,True,True,1.0,1.7084244181946024,1.7145575639198931,True,0,0,0,0,0,0.2634732232459985,1.0522606258746237,True,True,966004dad229c4c8a6a58767d6e8476465e38bd5d4c363698890412d840026cb,7f70b745507f21835143dcfbc228c3dc367f80e95c82b78ab9f108824ce98168,95098a048e23cd5a0eb21f8fcc3d1f13bf7e771d5eaaaa86e2473503af1e2890
26,48126,doppler_scale_102,v24_nominal_model,False,False,False,0.0,1.8764780801425678,1305.1075105538287,False,0,0,0,0,0,0.20105236587299546,0.525968375033699,False,False,966004dad229c4c8a6a58767d6e8476465e38bd5d4c363698890412d840026cb,6c2c267104524f1b4b44aa34e02951f1935ab541f35b97f0de587703a7b53910,4ae8dc2145cf1cdf8e4b2494603e6ba9b18f78bb602b9f2fe4e38700f883b839
26,48126,colored_noise_rho09_sd003,v24_nominal_model,True,True,True,1.0,2.198416661204157,2.22901103955908,True,0,0,0,0,0,0.30002938318440103,0.5141788750188425,False,False,966004dad229c4c8a6a58767d6e8476465e38bd5d4c363698890412d840026cb,d7ccf982e02416f1fca80b5c3fba4d8f573cf4f0fb34183d74b882ebd54587c1,90d01daac7bbbb63e49062bb5c241d4c4e5d7078c3121a148663ba541b92113e
26,48126,colored_noise_rho09_sd003,v35_bias_gate_300,True,True,True,1.0,2.198416661204157,2.22901103955908,True,0,0,0,0,0,0.30002938318440103,0.5115764170186594,True,False,966004dad229c4c8a6a58767d6e8476465e38bd5d4c363698890412d840026cb,d7ccf982e02416f1fca80b5c3fba4d8f573cf4f0fb34183d74b882ebd54587c1,90d01daac7bbbb63e49062bb5c241d4c4e5d7078c3121a148663ba541b92113e
26,48126,dropout_iid10,v24_nominal_model,True,True,True,1.0,0.7773017018775615,0.7930946285058192,True,0,0,0,0,0,0.21417858285970073,0.46065987506881356,False,False,966004dad229c4c8a6a58767d6e8476465e38bd5d4c363698890412d840026cb,dd030aa1610be039711424eb1b1df6f522de3cc3c572170b86f74385efe8067d,59f643d79b03256c235b2ccfe3aa9bf5ede58df01594eabaac7a36c3cbf90606
26,48126,broadcast_delay_2s,v24_nominal_model,True,True,True,1.0,3.757804959544404,0.34770123560402016,True,0,0,0,0,0,0.3272865228516833,0.5153162500355393,False,False,966004dad229c4c8a6a58767d6e8476465e38bd5d4c363698890412d840026cb,ae8f5e8dad3d4df411f03aff45502b94b489c839e5e33a1130a1f0fcbbdf0d42,706a1a1a99b4c6a3be4ca1b14165060d9a5909634b1cd8af90d28474ce8cf44c
26,48126,dead_reckoning_scale_101,v24_nominal_model,True,True,True,1.0,3.319051463162194,3.3080196432364093,True,0,2,2,0,0,0.21632908082523705,0.526746833929792,False,False,966004dad229c4c8a6a58767d6e8476465e38bd5d4c363698890412d840026cb,d26f4e4e1d390b44eff050dd8b264d8812fc9710361aa11673d3ec96a947f953,f799efe0622eb42d1b0318a43460198b37d6d66c33516a17190f3cb7c36c6b06
27,48127,nominal,v24_nominal_model,True,True,True,1.0,0.46320781225251656,0.5891930065133189,True,0,0,0,0,0,0.27221419302746275,0.5584996249526739,False,False,125b8ad4c1119759172334f978fa6f5db86f975bac5dfe42cd1055450b900f9f,8f165d8084c4c86590e5ad9b9d8e23e557c359f7695f2741551af968d3a7a919,3e618aa8e70dfe1f439cdf04431151c654352be02c0be1a76efd65d860d2662c
27,48127,nominal,v35_bias_gate_300,True,True,True,1.0,0.46320781225251656,0.5891930065133189,True,0,0,0,0,0,0.27221419302746275,0.5006495419656858,True,False,125b8ad4c1119759172334f978fa6f5db86f975bac5dfe42cd1055450b900f9f,8f165d8084c4c86590e5ad9b9d8e23e557c359f7695f2741551af968d3a7a919,3e618aa8e70dfe1f439cdf04431151c654352be02c0be1a76efd65d860d2662c
27,48127,doppler_common_bias_p003,v24_nominal_model,True,True,True,1.0,3.088915771349991,3.1882129033396938,True,0,0,0,0,0,0.27157402286516463,0.5896574170328677,False,False,125b8ad4c1119759172334f978fa6f5db86f975bac5dfe42cd1055450b900f9f,ab91c05664d18608a96da2487ac61d9cb519ee0a3bde088c088f247bedb135b9,868bb2f64685b51dd449ce3ffd9f5fa35793ea93c2c75d7236ac0a4764ff4109
27,48127,doppler_common_bias_p003,v35_bias_gate_300,True,True,True,1.0,0.48607594959472517,0.6086475180425,True,0,0,0,0,0,0.28738229436377044,1.0641862499760464,True,True,125b8ad4c1119759172334f978fa6f5db86f975bac5dfe42cd1055450b900f9f,ab91c05664d18608a96da2487ac61d9cb519ee0a3bde088c088f247bedb135b9,6fb1e1923eb2e482f5f29e7c4c3c0df07d02d3272509adf6fdede702e4eb2a75
27,48127,doppler_differential_bias_003,v24_nominal_model,True,True,True,1.0,1.4149923587296436,1.5048493641096368,True,0,0,0,0,0,0.27244894391581154,0.7041244590654969,False,False,125b8ad4c1119759172334f978fa6f5db86f975bac5dfe42cd1055450b900f9f,5db7f083b540e6f6a685b73ff336cdaabc5b569b097d90396b61853ffbf0c45b,042716257b58c167c386c10394acdea7b808c8139f6b33aa694318f2b6174719
27,48127,doppler_differential_bias_003,v35_bias_gate_300,True,True,True,1.0,0.46345925904995416,0.5918967909831604,True,0,0,0,0,0,0.28942308647211973,1.0660709589719772,True,True,125b8ad4c1119759172334f978fa6f5db86f975bac5dfe42cd1055450b900f9f,5db7f083b540e6f6a685b73ff336cdaabc5b569b097d90396b61853ffbf0c45b,d8c70bf9fdcf5ef8bf2cc7635bb502e7319e140c2c9a67d9086bf8857dbd0461
27,48127,doppler_scale_102,v24_nominal_model,True,True,True,1.0,1.9775013709959564,1.8707200122414387,True,0,0,0,0,0,0.27590365670146544,0.6341715829912573,False,False,125b8ad4c1119759172334f978fa6f5db86f975bac5dfe42cd1055450b900f9f,c7fd4346a78f22bbddb69618c1a6f2a15531875117d464e76666b651e03418d7,9ac353481aaa54d6ee14f16b3f21dd3924334ed6cfeec455d2f606a0a0349d2e
27,48127,colored_noise_rho09_sd003,v24_nominal_model,True,True,True,1.0,1.9446375683988566,2.0529718990396795,True,0,0,0,0,0,0.2700843508277775,0.5201026250142604,False,False,125b8ad4c1119759172334f978fa6f5db86f975bac5dfe42cd1055450b900f9f,d844d7b471d14b52a3640b1b8fdb1f36f412d84df6ef3db2c0f21c876ef4dd0a,4d1e6c2dd39917c367f4a0c58462629fc16250b4492a847b6990fa7773f0cabd
27,48127,colored_noise_rho09_sd003,v35_bias_gate_300,True,True,True,1.0,1.9446375683988566,2.0529718990396795,True,0,0,0,0,0,0.2700843508277775,0.5677663329988718,True,False,125b8ad4c1119759172334f978fa6f5db86f975bac5dfe42cd1055450b900f9f,d844d7b471d14b52a3640b1b8fdb1f36f412d84df6ef3db2c0f21c876ef4dd0a,4d1e6c2dd39917c367f4a0c58462629fc16250b4492a847b6990fa7773f0cabd
27,48127,dropout_iid10,v24_nominal_model,True,True,True,1.0,0.5211147130648387,0.6298276316875514,True,0,0,0,0,0,0.2745595441356771,0.4750484579708427,False,False,125b8ad4c1119759172334f978fa6f5db86f975bac5dfe42cd1055450b900f9f,1a80a12d8522f069cbaaf3774e9ea4a9f41222dd77326551c787f566bce493c1,020ba3bad88478b101a1f6533ceda6dc05e05a26f91a2a1bc14298339644e7c6
27,48127,broadcast_delay_2s,v24_nominal_model,True,True,True,1.0,2.887752065428728,1.2709652823042188,True,0,0,0,0,0,0.27289185578092795,0.5148503750097007,False,False,125b8ad4c1119759172334f978fa6f5db86f975bac5dfe42cd1055450b900f9f,802b27d7cbb635762c7e0193dadac94083c8e88c33b70d6f57f9e8bf16fa803e,9a8736395199bf9b9ca360325cc3ec4cf9173f014c918224e1bacb275c584841
27,48127,dead_reckoning_scale_101,v24_nominal_model,True,True,True,1.0,6.47497518653878,6.557525994248428,True,0,0,0,0,0,0.22499370706641827,0.5014257499715313,False,False,125b8ad4c1119759172334f978fa6f5db86f975bac5dfe42cd1055450b900f9f,6fbb7e31925f8d5af90ee8c19686c40ce764802fa78b8e396294b264636e01a0,a4c5cf1f1b5e1572d5897809c393bff34c449063671bfc68c00aa2f42c0db7fd
28,48128,nominal,v24_nominal_model,True,True,True,1.0,0.5609712913152495,0.6106030082419319,True,0,0,0,0,0,0.21012379481633187,0.52518916700501,False,False,db1aa051794c16470b5c71ca98c5a7f5f02bf2bee7d2b7e2d482597ebd70253f,566b5cd713dc23115631cbdb26b3a183e1bd3e181059fc177e90eea456864eaf,7fa38c65a26e9cf8e75efb6625f762682f7a145591a6650a9294d57b3954cb2c
28,48128,nominal,v35_bias_gate_300,True,True,True,1.0,0.5609712913152495,0.6106030082419319,True,0,0,0,0,0,0.21012379481633187,0.5258667909074575,True,False,db1aa051794c16470b5c71ca98c5a7f5f02bf2bee7d2b7e2d482597ebd70253f,566b5cd713dc23115631cbdb26b3a183e1bd3e181059fc177e90eea456864eaf,7fa38c65a26e9cf8e75efb6625f762682f7a145591a6650a9294d57b3954cb2c
28,48128,doppler_common_bias_p003,v24_nominal_model,True,True,True,1.0,3.7375143648906675,3.46019266473205,True,0,0,0,0,0,0.23202262229109907,0.524470666074194,False,False,db1aa051794c16470b5c71ca98c5a7f5f02bf2bee7d2b7e2d482597ebd70253f,f33a40ce0830194149338f801c830f4a2eaaf98780ac3ce67ae8e06d7c784f3a,91bb647d9277caeef092d43c6ffa6c0f09569da22780f848749a01b1264d01d0
28,48128,doppler_common_bias_p003,v35_bias_gate_300,True,True,True,1.0,0.29426507041754196,0.29108306925640903,True,0,0,0,0,0,0.23300061694873264,1.0662952919956297,True,True,db1aa051794c16470b5c71ca98c5a7f5f02bf2bee7d2b7e2d482597ebd70253f,f33a40ce0830194149338f801c830f4a2eaaf98780ac3ce67ae8e06d7c784f3a,834aefd860b23a86ea375a2e4a0adfb744232c436389fd736e5e1aa75a5e467f
28,48128,doppler_differential_bias_003,v24_nominal_model,True,True,True,1.0,1.588681850056324,1.7740677827729627,True,0,0,0,0,0,0.24065200267946654,0.5188819160684943,False,False,db1aa051794c16470b5c71ca98c5a7f5f02bf2bee7d2b7e2d482597ebd70253f,d5fd280c32f2540f188e844707f24ea1ca50626099da0244b1f9b0657bae19b1,ec3b92ed2869adcd4c69845d02e96e01b94c44a856a4a09848935d9943baa98e
28,48128,doppler_differential_bias_003,v35_bias_gate_300,True,True,True,1.0,0.7943537630350854,0.911466354423376,True,0,0,0,0,0,0.25465029172106,1.0318985428893939,True,True,db1aa051794c16470b5c71ca98c5a7f5f02bf2bee7d2b7e2d482597ebd70253f,d5fd280c32f2540f188e844707f24ea1ca50626099da0244b1f9b0657bae19b1,91443cc70d25324cf7a05bd19cfe1aa998bb66c135cc76ac0858679f5ac561da
28,48128,doppler_scale_102,v24_nominal_model,False,False,False,0.0,3.8150172603470875,2139.25016420187,False,0,0,0,0,0,0.19718692368829555,0.5286049999995157,False,False,db1aa051794c16470b5c71ca98c5a7f5f02bf2bee7d2b7e2d482597ebd70253f,39a9ea78e7a450634791444cf4d223768b68c23b290d57116b4fa68c37898569,2b268cc547ed5060bbab0aa14c24a14b7270cb8bf305395b395c2b581a4b1547
28,48128,colored_noise_rho09_sd003,v24_nominal_model,True,True,True,1.0,0.8363288122914286,1.032818557600563,True,0,0,0,0,0,0.23330605091243958,0.5026180839631706,False,False,db1aa051794c16470b5c71ca98c5a7f5f02bf2bee7d2b7e2d482597ebd70253f,6fc3d7dce076f447b5221aaf0be086e18ae0b0dc0e76de7f130943b34a79791e,8b2ba5184b33f4cd12d4105d10700486a026edcb1bd2765d95e76b28cc83586a
28,48128,colored_noise_rho09_sd003,v35_bias_gate_300,True,True,True,1.0,0.8363288122914286,1.032818557600563,True,0,0,0,0,0,0.23330605091243958,0.5027274999301881,True,False,db1aa051794c16470b5c71ca98c5a7f5f02bf2bee7d2b7e2d482597ebd70253f,6fc3d7dce076f447b5221aaf0be086e18ae0b0dc0e76de7f130943b34a79791e,8b2ba5184b33f4cd12d4105d10700486a026edcb1bd2765d95e76b28cc83586a
28,48128,dropout_iid10,v24_nominal_model,True,True,True,1.0,0.8266619187390257,0.6332502790204534,True,0,0,0,0,0,0.18880989414809513,0.4631748750107363,False,False,db1aa051794c16470b5c71ca98c5a7f5f02bf2bee7d2b7e2d482597ebd70253f,27e28ac8f665225a68f7a2ae66bfeda5e9274b40a013a399936e2c12e75b717f,854f4e806037250faacb7cf595e23b06baecbdd5bfc5f9047f968977526a0918
28,48128,broadcast_delay_2s,v24_nominal_model,True,True,True,1.0,4.072385331787303,1.8273896747459306,True,0,0,0,0,0,0.21374388802283306,0.5012154170544818,False,False,db1aa051794c16470b5c71ca98c5a7f5f02bf2bee7d2b7e2d482597ebd70253f,50b4cf90f3746a3440041f88595146cfe76ebd696c1f39444327cd8ba0db84e4,5bdf8733c3f24d8569d30a99e0abec3c7414ec6887c760d8f0d679065cb0d68d
28,48128,dead_reckoning_scale_101,v24_nominal_model,False,False,False,0.0,5.132409391312226,45.21105690186046,True,0,0,0,0,0,0.3517561455908587,0.5341159160016105,False,False,db1aa051794c16470b5c71ca98c5a7f5f02bf2bee7d2b7e2d482597ebd70253f,7d3af0a8ca1ddc6771efcb5917431563fa5d35daaf0401f2d362f80488893935,1d41e9ceb3e55661f14be1de03746de238fa1ce848a40d183165ba90cec26f41
29,48129,nominal,v24_nominal_model,True,True,True,1.0,0.6748532449491396,0.5585003931345542,True,0,0,0,0,0,0.35545934379781446,0.5200142919784412,False,False,ab5add85a3efe75501176a4cccd0c93e5b6d517d1143b07f0dd1191c9932225d,2d8d6db1300d0eefb1b96e9da11d55c267170ba77cd1758cbc1614966a3b3c54,0e63e0c543fb2e80b503bc26971d8763c5c8aeb065a1c8e584ca5cfbafb0d1bd
29,48129,nominal,v35_bias_gate_300,True,True,True,1.0,0.6748532449491396,0.5585003931345542,True,0,0,0,0,0,0.35545934379781446,0.5205095420824364,True,False,ab5add85a3efe75501176a4cccd0c93e5b6d517d1143b07f0dd1191c9932225d,2d8d6db1300d0eefb1b96e9da11d55c267170ba77cd1758cbc1614966a3b3c54,0e63e0c543fb2e80b503bc26971d8763c5c8aeb065a1c8e584ca5cfbafb0d1bd
29,48129,doppler_common_bias_p003,v24_nominal_model,True,True,True,1.0,1.6189026800106088,1.5393159316977754,True,0,0,0,0,0,0.34228836462792944,0.5180093749659136,False,False,ab5add85a3efe75501176a4cccd0c93e5b6d517d1143b07f0dd1191c9932225d,4840a60cb006e136aa4359ad22b89a7b01963b614c13f3a67a6b2b2b224b1086,73450d750401f302c71ba0e40d1486a9a1de021da37e0fbb54e7935759bc77d9
29,48129,doppler_common_bias_p003,v35_bias_gate_300,True,True,True,1.0,0.8841970782300298,0.8076334907820757,True,0,0,0,0,0,0.3423917555669861,1.3299639580072835,True,True,ab5add85a3efe75501176a4cccd0c93e5b6d517d1143b07f0dd1191c9932225d,4840a60cb006e136aa4359ad22b89a7b01963b614c13f3a67a6b2b2b224b1086,a1f2935e8ea7e032d59d48c66e2d0a34e3928515a22a13875dd8ab42eff44797
29,48129,doppler_differential_bias_003,v24_nominal_model,False,False,False,0.0,2.0806083080695355,38.23103924671499,True,0,0,0,0,0,0.3317245047784674,0.5219996250234544,False,False,ab5add85a3efe75501176a4cccd0c93e5b6d517d1143b07f0dd1191c9932225d,4a9a4a2766438e153d4578a0a3f986088495bbcf1cc87801fea97f9cc5100700,1a886c0861cd823268e2d7dd72f02c20614991d4a726a9323a213d7b69b81fa6
29,48129,doppler_differential_bias_003,v35_bias_gate_300,False,False,False,0.0,0.6935861351254811,38.31841168158393,True,0,0,0,0,0,0.34925590722505007,1.492885500076227,True,True,ab5add85a3efe75501176a4cccd0c93e5b6d517d1143b07f0dd1191c9932225d,4a9a4a2766438e153d4578a0a3f986088495bbcf1cc87801fea97f9cc5100700,550f5fa9539af1c0e15d7b15686e90ea3ef9b72485b30605b31a72a61ec49d82
29,48129,doppler_scale_102,v24_nominal_model,True,True,True,1.0,2.299148956507797,2.136172026148261,True,0,0,0,0,0,0.358525288577328,0.5201003330294043,False,False,ab5add85a3efe75501176a4cccd0c93e5b6d517d1143b07f0dd1191c9932225d,795bc7443ee8b6821d628bbd70038913736259acc2839e4a9da70de235e9f433,43cf460e9811015de0b50db983125b90132ee367ac0f9849b3dd1c759fd06de1
29,48129,colored_noise_rho09_sd003,v24_nominal_model,True,False,False,0.14,1.497835372287737,2.9217238548240463,True,0,0,0,0,0,0.3378170450278347,0.5295228339964524,False,False,ab5add85a3efe75501176a4cccd0c93e5b6d517d1143b07f0dd1191c9932225d,e3cfc3ccdd39d57ec6132066a1fe794992de1a4e9210b81b66ed1594c599acbe,cb8432c7969d52202793f9c0ada8bf25d8cac169f64c26359337689eb6239450
29,48129,colored_noise_rho09_sd003,v35_bias_gate_300,True,False,False,0.14,1.497835372287737,2.9217238548240463,True,0,0,0,0,0,0.3378170450278347,0.6238610000582412,True,False,ab5add85a3efe75501176a4cccd0c93e5b6d517d1143b07f0dd1191c9932225d,e3cfc3ccdd39d57ec6132066a1fe794992de1a4e9210b81b66ed1594c599acbe,cb8432c7969d52202793f9c0ada8bf25d8cac169f64c26359337689eb6239450
29,48129,dropout_iid10,v24_nominal_model,True,True,True,1.0,0.8892286596460277,0.7780668465277656,True,0,0,0,0,0,0.3547184321926638,0.4713235420640558,False,False,ab5add85a3efe75501176a4cccd0c93e5b6d517d1143b07f0dd1191c9932225d,7fac58105c9a1f6c8125d1e61a2afdf11e5a49de79e90ae402c8f4bd2b209b7a,572d83d60ef1bcd06a96ec7f45ff491d42e18afb4d4a64b2d5df1acf388b4088
29,48129,broadcast_delay_2s,v24_nominal_model,True,True,True,1.0,2.8946011902878452,0.824573772578796,True,0,0,0,0,0,0.35813827041702556,0.5090837500756606,False,False,ab5add85a3efe75501176a4cccd0c93e5b6d517d1143b07f0dd1191c9932225d,296798d43de1881fa2530a7e07752611f2a71556ccf629304bfc50b45557ba0b,6fe6dcd89c511862e22bfaf37a0d7264bda4d4606d2d61568bf3793d92acbf39
29,48129,dead_reckoning_scale_101,v24_nominal_model,True,True,True,1.0,4.178955999560797,4.0382714074920125,True,0,0,0,0,0,0.2511675776690672,0.5162135420832783,False,False,ab5add85a3efe75501176a4cccd0c93e5b6d517d1143b07f0dd1191c9932225d,cf9fe3c9a7c8b35dbbe2a7c2960b78ef8ad99516864b44a9a715d1fa55dfd6f4,b941c9c178e10766b5ec6c1c7179cf9795bb072dd4b1bb811e3f2bb15c43341f
30,48130,nominal,v24_nominal_model,True,True,True,1.0,0.20340540128904003,0.32072953992867764,True,0,0,0,0,0,0.24108863157967378,0.5252888340037316,False,False,901666ed35e213d5fc93ce4ac74529a2d4f16bef2ef1a27fde9865772dbb9959,ba6f440291ba605ed5296d2239128e8209e2a6e55633e73e6df072d372a06579,0adf14085c2da10f038b88563ea999d95da8be5dcb08f43ebd528c96a51a0901
30,48130,nominal,v35_bias_gate_300,True,True,True,1.0,0.20340540128904003,0.32072953992867764,True,0,0,0,0,0,0.24108863157967378,0.5540761260781437,True,False,901666ed35e213d5fc93ce4ac74529a2d4f16bef2ef1a27fde9865772dbb9959,ba6f440291ba605ed5296d2239128e8209e2a6e55633e73e6df072d372a06579,0adf14085c2da10f038b88563ea999d95da8be5dcb08f43ebd528c96a51a0901
30,48130,doppler_common_bias_p003,v24_nominal_model,True,True,True,1.0,0.28741907692665103,0.3400443916423268,True,0,0,0,0,0,0.4384378453688206,0.5230199160287157,False,False,901666ed35e213d5fc93ce4ac74529a2d4f16bef2ef1a27fde9865772dbb9959,755109205fcf5092c694955c4198eb540abda6e078404c4e5ebaeb0e6c1a460a,eab80d732e4152571996b48b29cfad5f8947738aca906ed6f0e4fbea1073094f
30,48130,doppler_common_bias_p003,v35_bias_gate_300,True,True,True,1.0,0.18648327692436695,0.24292354187155135,True,0,0,0,0,0,0.4555458521490384,1.419340874068439,True,True,901666ed35e213d5fc93ce4ac74529a2d4f16bef2ef1a27fde9865772dbb9959,755109205fcf5092c694955c4198eb540abda6e078404c4e5ebaeb0e6c1a460a,65316eb41198ea266bbe156edf607656ac0b0e270b3a57ed4664e207e2184537
30,48130,doppler_differential_bias_003,v24_nominal_model,True,True,True,1.0,0.5459000221822904,0.7641403994159043,True,0,0,0,0,0,0.46431656989760356,0.5150222909869626,False,False,901666ed35e213d5fc93ce4ac74529a2d4f16bef2ef1a27fde9865772dbb9959,c003aa429ae3826ad8818081ed21b7196ab2c4fb3e3ebf7e4dbf6094b62bbf1e,fe3c1c1a5763ebb4a71c84002e80375b40642ba74f9ce6d30701d545c5fe941f
30,48130,doppler_differential_bias_003,v35_bias_gate_300,True,True,True,1.0,0.29385053671807415,0.4588613713243198,True,0,0,0,0,0,0.4753697933619852,1.1737934570992365,True,True,901666ed35e213d5fc93ce4ac74529a2d4f16bef2ef1a27fde9865772dbb9959,c003aa429ae3826ad8818081ed21b7196ab2c4fb3e3ebf7e4dbf6094b62bbf1e,1ebf152a87f93f10c27c320f8dc5c79e1372bc4d234438f5f985ecbe11b8eeae
30,48130,doppler_scale_102,v24_nominal_model,True,True,True,0.96,0.8575974288087231,0.7199340370560766,True,0,0,0,0,0,0.31416602862114795,0.5466906250221655,False,False,901666ed35e213d5fc93ce4ac74529a2d4f16bef2ef1a27fde9865772dbb9959,6356f076f939b23dd93dec72e1fc1e78c7dc01427bd7084e01caf0d06ffb379d,30d2415ff432a35c6a1fbfb469b2d4a5e9296845ee5acf484320c4fb52c401d5
30,48130,colored_noise_rho09_sd003,v24_nominal_model,True,True,True,1.0,0.3188349890204206,0.47540925587032645,True,0,0,0,0,0,0.33480117939305176,0.5813220829004422,False,False,901666ed35e213d5fc93ce4ac74529a2d4f16bef2ef1a27fde9865772dbb9959,fa41352f488f1c5c165e369dbcc2693f04b55c1e7d2cf3fc6c116a96f1fc89c2,0cc8598147c484975396524511513b4d0a4c162ce50541931708f3198211596b
30,48130,colored_noise_rho09_sd003,v35_bias_gate_300,True,True,True,1.0,0.3188349890204206,0.47540925587032645,True,0,0,0,0,0,0.33480117939305176,0.5772397080436349,True,False,901666ed35e213d5fc93ce4ac74529a2d4f16bef2ef1a27fde9865772dbb9959,fa41352f488f1c5c165e369dbcc2693f04b55c1e7d2cf3fc6c116a96f1fc89c2,0cc8598147c484975396524511513b4d0a4c162ce50541931708f3198211596b
30,48130,dropout_iid10,v24_nominal_model,True,True,True,1.0,0.2638666657096037,0.3856688549801117,True,0,0,0,0,0,0.23036463269687005,0.4795346250757575,False,False,901666ed35e213d5fc93ce4ac74529a2d4f16bef2ef1a27fde9865772dbb9959,c38efaa012910e1eb24d57963567695ddd2248e11a04704dc11c106065e76794,7e2e67e7937d7981bfae49527b482235c39e9f7347fdc74c3e13a5377e3df955
30,48130,broadcast_delay_2s,v24_nominal_model,True,True,True,1.0,1.912527034125973,1.0777072289685998,True,0,0,0,0,0,0.3613075827409378,0.5303482910385355,False,False,901666ed35e213d5fc93ce4ac74529a2d4f16bef2ef1a27fde9865772dbb9959,f8a3b0eb54353fa7246ee5b9becee0a18e3e0cea5f71468e96fc0626486525a5,988026775c49a8c7e9e088ed63614263f411f22f6dbf1380369e83c11786fdbb
30,48130,dead_reckoning_scale_101,v24_nominal_model,True,True,True,1.0,3.9939824982231262,3.7908530777400093,True,0,0,0,0,0,0.5503711260791541,0.5766189580317587,False,False,901666ed35e213d5fc93ce4ac74529a2d4f16bef2ef1a27fde9865772dbb9959,947fcf709e4e77831c82499b09fe26ccfd6cf5f43dc6c75a5f92af3f87e23bca,a1b26b340052159e66f713e0e0107a920797cc22001522aa4162ba9938e12bc4
31,48131,nominal,v24_nominal_model,True,True,True,1.0,0.10536932150399776,0.12588564466987104,True,0,0,0,0,0,0.28366192310772165,0.5122187919914722,False,False,ecc2d70c48346be7b577fade2bc9bbad74cfb2f40eea70317e16e5b5356bc0c5,25ccd1e6bfbfc3237ba21b45bd4d6bb96d519ab69b1ca3e31b6c1c3da8c33cc9,7875ee3f8166acfefad0f3463334fd69d67a4008ec49d707e40c105bd2fdb2e5
31,48131,nominal,v35_bias_gate_300,True,True,True,1.0,0.10536932150399776,0.12588564466987104,True,0,0,0,0,0,0.28366192310772165,0.5197372499387711,True,False,ecc2d70c48346be7b577fade2bc9bbad74cfb2f40eea70317e16e5b5356bc0c5,25ccd1e6bfbfc3237ba21b45bd4d6bb96d519ab69b1ca3e31b6c1c3da8c33cc9,7875ee3f8166acfefad0f3463334fd69d67a4008ec49d707e40c105bd2fdb2e5
31,48131,doppler_common_bias_p003,v24_nominal_model,True,True,True,1.0,0.22498363813265715,0.2645340804134703,True,0,0,0,0,0,0.25073304777438266,0.5530716249486431,False,False,ecc2d70c48346be7b577fade2bc9bbad74cfb2f40eea70317e16e5b5356bc0c5,a21fce9659b12319025b1107f653e2dee8810fe3948de3d7f8dc2fad39416b04,cac71389101577059d5f7e39f63702da9bc65c239b85784a96a2435ed2ddc3b3
31,48131,doppler_common_bias_p003,v35_bias_gate_300,True,True,True,1.0,0.22869452067076002,0.22427366291045042,True,0,0,0,0,0,0.30422739251203035,1.263119834009558,True,True,ecc2d70c48346be7b577fade2bc9bbad74cfb2f40eea70317e16e5b5356bc0c5,a21fce9659b12319025b1107f653e2dee8810fe3948de3d7f8dc2fad39416b04,f3c80eb8357e59f503218b4a75c380c6e34509c2f1b6f77312d92262e5762b0b
31,48131,doppler_differential_bias_003,v24_nominal_model,True,False,True,0.48,0.3286880718360774,0.7366957270420972,True,0,0,0,0,0,0.4084909651656955,0.54403616709169,False,False,ecc2d70c48346be7b577fade2bc9bbad74cfb2f40eea70317e16e5b5356bc0c5,c0645a4c58369874afddc07aefadda9a2009d626696f99c31e490d4f0648d743,b437e1da1dd2bce4b857b89132c04000ed73a28442e74f7228579036fac249ce
31,48131,doppler_differential_bias_003,v35_bias_gate_300,True,False,True,0.48,0.2546673124682863,0.6842090918258404,True,0,0,0,0,0,0.4082702430372608,1.129837583983317,True,True,ecc2d70c48346be7b577fade2bc9bbad74cfb2f40eea70317e16e5b5356bc0c5,c0645a4c58369874afddc07aefadda9a2009d626696f99c31e490d4f0648d743,40ee53cd392ad158a1a9e3139ca8042dfa1063408754905c80b81c7517605e33
31,48131,doppler_scale_102,v24_nominal_model,False,False,False,0.0,1.705778196839444,1117.2145266243806,False,0,0,0,0,0,0.23033916187431616,0.554912417079322,False,False,ecc2d70c48346be7b577fade2bc9bbad74cfb2f40eea70317e16e5b5356bc0c5,c9d51fb3831b244c430ef806c53136a42066163e9c0d34fec1f79c7ae1daacd2,032e2d8b415b4af67e348b92e49e15e2df44137d3a4673cdb3ad6b50191b8966
31,48131,colored_noise_rho09_sd003,v24_nominal_model,True,False,True,0.78,0.7756883055904464,0.8603601761476366,True,0,0,0,0,0,0.3064145683125511,0.5325292500201613,False,False,ecc2d70c48346be7b577fade2bc9bbad74cfb2f40eea70317e16e5b5356bc0c5,1c5c9128fcfdaa4f4d1010cbca22b28dff58c802e8d63578f553170cd27bd74f,7402687029c517f8d05c84f698d26ddac413c24bf18751a14b5f3a81895bef98
31,48131,colored_noise_rho09_sd003,v35_bias_gate_300,True,False,True,0.78,0.7756883055904464,0.8603601761476366,True,0,0,0,0,0,0.3064145683125511,0.5300507920328528,True,False,ecc2d70c48346be7b577fade2bc9bbad74cfb2f40eea70317e16e5b5356bc0c5,1c5c9128fcfdaa4f4d1010cbca22b28dff58c802e8d63578f553170cd27bd74f,7402687029c517f8d05c84f698d26ddac413c24bf18751a14b5f3a81895bef98
31,48131,dropout_iid10,v24_nominal_model,True,True,True,1.0,0.10454385208753693,0.2183497692454625,True,0,0,0,0,0,0.2747947372023714,0.5121815409511328,False,False,ecc2d70c48346be7b577fade2bc9bbad74cfb2f40eea70317e16e5b5356bc0c5,d858389bb58e1ce85e59fc9aced6ecd05ef89cdf12e41c0628d5c6602c060053,b98bd596ad9cb9bc7ab72cfb6ce3f7eaf3e4b11104a37412e078c61bf0d3b89d
31,48131,broadcast_delay_2s,v24_nominal_model,True,True,True,1.0,3.6986060894772628,0.6530539688570636,True,0,0,0,0,0,0.3144754687919008,0.5489509579492733,False,False,ecc2d70c48346be7b577fade2bc9bbad74cfb2f40eea70317e16e5b5356bc0c5,149c721d963d209c1ef2b1a4adef40d9fa5a8188277a83ecd7e30a5da91b3863,cb12b3fb6bfb6a641008b334485196579ae4c91a20e1dcd434270ac673f41b26
31,48131,dead_reckoning_scale_101,v24_nominal_model,True,False,True,0.4,4.469765952865071,4.709162770972719,True,0,0,0,0,0,0.2949304316601346,0.5370680839987472,False,False,ecc2d70c48346be7b577fade2bc9bbad74cfb2f40eea70317e16e5b5356bc0c5,3841b11ba6aa6e902af3fc9c179a948ddb378121a66adaf7e952bfc6c191a26f,1a4471dc82f05c9896db78ed3fdf153916a7dd33564b0eb0581345a5a090fd5c
32,48132,nominal,v24_nominal_model,True,True,True,1.0,0.4410836630647671,0.4693718480786093,True,0,0,0,0,0,0.28477425030077713,0.9164445829810575,False,False,bbf4e4e630a03fa77b04bba9043a2b40d3cfa310ce06e28b0e67e4baaf5503e8,d30ed430bddb8a0e59940c004e3573de6d379a0abb49fa11961c6a8082fbc0d5,909c07c1ca73ff14364cdef6ec46ac159a129dcb41e2b6ce0f812b4e4211c043
32,48132,nominal,v35_bias_gate_300,True,True,True,1.0,0.4410836630647671,0.4693718480786093,True,0,0,0,0,0,0.28477425030077713,0.570224208990112,True,False,bbf4e4e630a03fa77b04bba9043a2b40d3cfa310ce06e28b0e67e4baaf5503e8,d30ed430bddb8a0e59940c004e3573de6d379a0abb49fa11961c6a8082fbc0d5,909c07c1ca73ff14364cdef6ec46ac159a129dcb41e2b6ce0f812b4e4211c043
32,48132,doppler_common_bias_p003,v24_nominal_model,True,True,True,1.0,0.8486620125093535,0.9198313057820183,True,0,0,0,0,0,0.26448848756893706,0.7535665829200298,False,False,bbf4e4e630a03fa77b04bba9043a2b40d3cfa310ce06e28b0e67e4baaf5503e8,a4ce63e45c8998a6e7bee5750a96f953158e24c35845838272047c525fb2191c,8ff6099748f37ef6beb8a019a06fc5ee17b9957403442ea9bbf3921dc645a4e2
32,48132,doppler_common_bias_p003,v35_bias_gate_300,True,True,True,1.0,0.636961984284172,0.6174923296133195,True,0,0,0,0,0,0.2645136579019086,1.214814750943333,True,True,bbf4e4e630a03fa77b04bba9043a2b40d3cfa310ce06e28b0e67e4baaf5503e8,a4ce63e45c8998a6e7bee5750a96f953158e24c35845838272047c525fb2191c,09ef9bfc3229ad9752fa55242b819de84e25e1800520dd9ca953c0f580b49c7b
32,48132,doppler_differential_bias_003,v24_nominal_model,True,True,True,1.0,1.4200754189145104,1.514030178507099,True,0,0,0,0,0,0.2561872316166559,0.6149837910197675,False,False,bbf4e4e630a03fa77b04bba9043a2b40d3cfa310ce06e28b0e67e4baaf5503e8,eaf8e673b34a0095aaece65d83cf988cf90d12e3b2c09bedcd6d070b388d5656,8e19036ba540e618c88c0eb45a14e7ddaeac8cdcd6f2b184d231eec58bec3972
32,48132,doppler_differential_bias_003,v35_bias_gate_300,True,True,True,1.0,0.49092830749806443,0.4862090862545248,True,0,0,0,0,0,0.256190285309829,1.2791314580244943,True,True,bbf4e4e630a03fa77b04bba9043a2b40d3cfa310ce06e28b0e67e4baaf5503e8,eaf8e673b34a0095aaece65d83cf988cf90d12e3b2c09bedcd6d070b388d5656,e5c5d81bfc88ce8872e447c610c68cf97e4dfc9ce764e099395332d537c2add7
32,48132,doppler_scale_102,v24_nominal_model,False,False,False,0.0,1.4287221995576243,1944.9436222674747,False,0,0,0,0,0,0.16243495595460977,0.642462709103711,False,False,bbf4e4e630a03fa77b04bba9043a2b40d3cfa310ce06e28b0e67e4baaf5503e8,2443d45e26bfeae595b1f67855a8135265994fa003dfd7ceb887750453c2235a,d1be7771816375ea5cab11ef035ab2f2fc7234b78e613826ebdf26345f4b6547
32,48132,colored_noise_rho09_sd003,v24_nominal_model,True,True,True,1.0,0.6113538350569716,0.6747487962007913,True,0,0,0,0,0,0.3242335448338168,0.6560838340083137,False,False,bbf4e4e630a03fa77b04bba9043a2b40d3cfa310ce06e28b0e67e4baaf5503e8,c8fcd3af1bc784ae357495b599b764eda262a49f0d4da53014f5a2e4aba45a11,592c9c6d722522a30ef6a4e5c55d54e044b6abb4d66a58e5ddcbc3faa64be404
32,48132,colored_noise_rho09_sd003,v35_bias_gate_300,True,True,True,1.0,0.6113538350569716,0.6747487962007913,True,0,0,0,0,0,0.3242335448338168,0.5769536249572411,True,False,bbf4e4e630a03fa77b04bba9043a2b40d3cfa310ce06e28b0e67e4baaf5503e8,c8fcd3af1bc784ae357495b599b764eda262a49f0d4da53014f5a2e4aba45a11,592c9c6d722522a30ef6a4e5c55d54e044b6abb4d66a58e5ddcbc3faa64be404
32,48132,dropout_iid10,v24_nominal_model,True,True,True,1.0,0.3604586029949809,0.4650516007605018,True,0,0,0,0,0,0.2521601992231426,0.8499662500107661,False,False,bbf4e4e630a03fa77b04bba9043a2b40d3cfa310ce06e28b0e67e4baaf5503e8,28268d0bc68d5bbe5ac96730ee9cfdf9183ba8667a1135189f91d6b5beb66240,c52f28aeec8b26fc817f8c482c444247409ff568daa6bfe553893ae328aa27fd
32,48132,broadcast_delay_2s,v24_nominal_model,True,True,True,1.0,2.609997053928308,1.7007615265927194,True,0,0,0,0,0,0.2326834808788746,0.6257090410217643,False,False,bbf4e4e630a03fa77b04bba9043a2b40d3cfa310ce06e28b0e67e4baaf5503e8,12259c6d7a91b8607e0df70f29b7e20a8fad1395299b04ee8c1d9368de057c23,e718e8d087746fdc5e019ed39c32655e09f92e1bac0fd3235c5d86d1ffe23306
32,48132,dead_reckoning_scale_101,v24_nominal_model,True,True,True,1.0,6.564073233786933,6.602525789840685,True,0,0,0,0,0,0.25934408439552287,0.5854892500210553,False,False,bbf4e4e630a03fa77b04bba9043a2b40d3cfa310ce06e28b0e67e4baaf5503e8,ad42bd1499a60f0f16a28f7411f57bc8eb0c0ae12768ebbe9d52d5f831b65096,811cbcb4492716ad7d5d45bdac4b40ffdbbd1705d522b2082bbd86e2a562849d
33,48133,nominal,v24_nominal_model,True,True,True,1.0,0.3498235203551348,0.46664805725462727,True,0,0,0,0,0,0.3244330330952569,0.5360186659963802,False,False,eb725007d0fbbb8dbb9a5ecf64b239c32e425e99e1744bbcb2215eb1493894de,883679a5ad44bd6564b3a622d6c242cedbe108294a05f2b374791a902a8409a3,b50190d09003b50f51ca3b9bb9576b6f07c0c9c50c8145dadede80eab6d8ab1e
33,48133,nominal,v35_bias_gate_300,True,True,True,1.0,0.3498235203551348,0.46664805725462727,True,0,0,0,0,0,0.3244330330952569,0.676018749945797,True,False,eb725007d0fbbb8dbb9a5ecf64b239c32e425e99e1744bbcb2215eb1493894de,883679a5ad44bd6564b3a622d6c242cedbe108294a05f2b374791a902a8409a3,b50190d09003b50f51ca3b9bb9576b6f07c0c9c50c8145dadede80eab6d8ab1e
33,48133,doppler_common_bias_p003,v24_nominal_model,True,True,True,1.0,1.1230140316644435,1.3094125324981067,True,0,0,0,0,0,0.3088184445939386,0.5300224999664351,False,False,eb725007d0fbbb8dbb9a5ecf64b239c32e425e99e1744bbcb2215eb1493894de,ff1fff9deba2b08aa4f48d644c3f68f4f7e1287b57206eefba6a7de68108f909,9467b7f4908ef4edac06dc398fbf8fcbfaea45734b1aa125add5a1e141233a6d
33,48133,doppler_common_bias_p003,v35_bias_gate_300,True,True,True,1.0,0.5503739396587066,0.681585658012927,True,0,0,0,0,0,0.3241260855489396,1.3947337908903137,True,True,eb725007d0fbbb8dbb9a5ecf64b239c32e425e99e1744bbcb2215eb1493894de,ff1fff9deba2b08aa4f48d644c3f68f4f7e1287b57206eefba6a7de68108f909,78af994f986eac004c71ed4e1a0153c7bb1c6b99a0f8a7e9a251140986110431
33,48133,doppler_differential_bias_003,v24_nominal_model,True,True,True,1.0,0.42993916599554755,0.5519277824862492,True,0,0,0,0,0,0.31855663280446617,0.5166856669820845,False,False,eb725007d0fbbb8dbb9a5ecf64b239c32e425e99e1744bbcb2215eb1493894de,0885ba0330eb2a4f8d83ec7b2aa76f1a370d5307494d51e71e7d8d629dd72b7d,e9904b2794a074274976c71d26ce132583b2eccc90ffa15e3e0e75e74c101f48
33,48133,doppler_differential_bias_003,v35_bias_gate_300,True,True,True,1.0,0.20493259592025212,0.3164351278511483,True,0,0,0,0,0,0.3184434676922016,1.183452041936107,True,True,eb725007d0fbbb8dbb9a5ecf64b239c32e425e99e1744bbcb2215eb1493894de,0885ba0330eb2a4f8d83ec7b2aa76f1a370d5307494d51e71e7d8d629dd72b7d,3ebe6c5ff34aa2adff18fed79c4fe25329dbef4a678febbf6c8d994c0bf809a1
33,48133,doppler_scale_102,v24_nominal_model,True,True,True,1.0,2.379107530551722,2.561405643461941,True,0,0,0,0,0,0.3112006259368757,0.5523748329142109,False,False,eb725007d0fbbb8dbb9a5ecf64b239c32e425e99e1744bbcb2215eb1493894de,86990f61ee7a989c3d3b439773a84837d7c9aad29b2c22e380b36de4af02e639,4588a96e0563445fe1a3918bbf63a1733366bbbf6bd07ba3b689bc0d13c6ae0d
33,48133,colored_noise_rho09_sd003,v24_nominal_model,True,True,True,1.0,0.528906074040097,0.683584851390921,True,0,0,0,0,0,0.3025045343687517,0.5363164170412347,False,False,eb725007d0fbbb8dbb9a5ecf64b239c32e425e99e1744bbcb2215eb1493894de,e798e8a295f9fb5bc4ce1a9ae9e36640620ea8137b8867e54bb5d4f0365c9b07,ca2a45623f4ce36ebb8d0715eaad7f283903b6f241656e30cc1fb17b9cc4d42f
33,48133,colored_noise_rho09_sd003,v35_bias_gate_300,True,True,True,1.0,0.528906074040097,0.683584851390921,True,0,0,0,0,0,0.3025045343687517,0.5985305840149522,True,False,eb725007d0fbbb8dbb9a5ecf64b239c32e425e99e1744bbcb2215eb1493894de,e798e8a295f9fb5bc4ce1a9ae9e36640620ea8137b8867e54bb5d4f0365c9b07,ca2a45623f4ce36ebb8d0715eaad7f283903b6f241656e30cc1fb17b9cc4d42f
33,48133,dropout_iid10,v24_nominal_model,True,True,True,1.0,0.8831507843827605,0.972885342235259,True,0,0,0,0,0,0.28916709507826155,0.462020416976884,False,False,eb725007d0fbbb8dbb9a5ecf64b239c32e425e99e1744bbcb2215eb1493894de,193880a4f096e0f95ef189d72efd0492f9ab4390b62838978fe3a10b164cd464,c5af5d905117b4d1c5342d2e942cc2bc5947d3a71825e590a750ad23da63fdf7
33,48133,broadcast_delay_2s,v24_nominal_model,True,True,True,1.0,3.094704065565143,0.5424126526264716,True,0,0,0,0,0,0.35932825276586533,0.9179261669050902,False,False,eb725007d0fbbb8dbb9a5ecf64b239c32e425e99e1744bbcb2215eb1493894de,3b855d9bd749d2da15cf604c749e048b70af87a934748e5060c694f38c5af44e,59007fed70bbe50d5edc1a96888c97c98127ad3e5c51d39c37105f78fad34f47
33,48133,dead_reckoning_scale_101,v24_nominal_model,True,True,True,1.0,4.257525459387419,4.407989615908946,True,0,0,0,0,0,0.29330683334959196,0.6004752090666443,False,False,eb725007d0fbbb8dbb9a5ecf64b239c32e425e99e1744bbcb2215eb1493894de,1cc357b8dce6c022ab75246ad866302acd21d8a8dbb05983d3035b202e680a77,e080b2eca9b63c1b4e4551cb4c180bc662853bbfab94a2d32c2dd554672d4290
34,48134,nominal,v24_nominal_model,True,True,True,1.0,0.2737300109817605,0.3119199845338952,True,0,0,0,0,0,0.2822759221422643,0.7221876248950139,False,False,6df6f2e4ca7230b08ae75f19bef0f82adce6162140c24ee3be19459bcde16107,2edfb43777cb3528983074a191943b9b7d8e9112c0f6b4f8ed469776b2fe204e,125b383861f4f309764aa80a1f260dad6fd572b783e91fc89a568b7961163113
34,48134,nominal,v35_bias_gate_300,True,True,True,1.0,0.2737300109817605,0.3119199845338952,True,0,0,0,0,0,0.2822759221422643,0.5441317079821602,True,False,6df6f2e4ca7230b08ae75f19bef0f82adce6162140c24ee3be19459bcde16107,2edfb43777cb3528983074a191943b9b7d8e9112c0f6b4f8ed469776b2fe204e,125b383861f4f309764aa80a1f260dad6fd572b783e91fc89a568b7961163113
34,48134,doppler_common_bias_p003,v24_nominal_model,True,True,True,1.0,1.3130085725702385,1.32213515215683,True,0,0,0,0,0,0.2886898626697551,0.636046375031583,False,False,6df6f2e4ca7230b08ae75f19bef0f82adce6162140c24ee3be19459bcde16107,a426c1bba18f51342b21226d9f5e3051aaeaf65c4326b261d67b71c520e7f888,a043b869be43fed9354cf2b500ab2f9f83fd1d8827b3462e92a0ed88aca73e41
34,48134,doppler_common_bias_p003,v35_bias_gate_300,True,True,True,1.0,0.6189430217973899,0.6309140874841619,True,0,0,0,0,0,0.30146495426111114,1.050057501066476,True,True,6df6f2e4ca7230b08ae75f19bef0f82adce6162140c24ee3be19459bcde16107,a426c1bba18f51342b21226d9f5e3051aaeaf65c4326b261d67b71c520e7f888,131232aa97f83a9570d40df81ef64be1b335687d2a37d1169158fbae6b3cb219
34,48134,doppler_differential_bias_003,v24_nominal_model,True,True,True,1.0,0.4528823829503786,0.4583335749500489,True,0,0,0,0,0,0.30301597705981015,0.518099166918546,False,False,6df6f2e4ca7230b08ae75f19bef0f82adce6162140c24ee3be19459bcde16107,b8bf65763df9d68f000000b01daa782bf850c7413ec08989be1de76b65c6c96e,0d350d5096984a13cf54ebdf3bec124c20f27f0e598c449b26a5a5b9612a1f4b
34,48134,doppler_differential_bias_003,v35_bias_gate_300,True,True,True,1.0,0.3577094699674432,0.39138583893086587,True,0,0,0,0,0,0.30272025959136256,1.0994787919335067,True,True,6df6f2e4ca7230b08ae75f19bef0f82adce6162140c24ee3be19459bcde16107,b8bf65763df9d68f000000b01daa782bf850c7413ec08989be1de76b65c6c96e,09aa6263f854dcba2f750dd8c07d397c8fc9dd98858a849ffacf20be3f5a18bb
34,48134,doppler_scale_102,v24_nominal_model,True,True,True,1.0,0.4534496485068964,0.46033859804044064,True,0,0,0,0,0,0.2988732272720812,0.550261874916032,False,False,6df6f2e4ca7230b08ae75f19bef0f82adce6162140c24ee3be19459bcde16107,aa9e48133d2ac5ac94686a4408a71f3c73056c03bb460c123f77842a5b395a89,b698e4e8ca09a41bd546d902e6c9c113ad71b85f4c9f8ff9f3c96a48b28d34d4
34,48134,colored_noise_rho09_sd003,v24_nominal_model,True,True,True,1.0,0.4759518348374889,0.4447810961424003,True,0,0,0,0,0,0.30598406760868896,0.577908750041388,False,False,6df6f2e4ca7230b08ae75f19bef0f82adce6162140c24ee3be19459bcde16107,48a20ac668ec9f236e9d7ce64bda5aeaee7296b440d6542d83cc56c680ceede3,e9ce8009305343530b6da6d8ba7a0f15ba5fffc457da90ce6306570b2439349a
34,48134,colored_noise_rho09_sd003,v35_bias_gate_300,True,True,True,1.0,0.4759518348374889,0.4447810961424003,True,0,0,0,0,0,0.30598406760868896,0.5120542088989168,True,False,6df6f2e4ca7230b08ae75f19bef0f82adce6162140c24ee3be19459bcde16107,48a20ac668ec9f236e9d7ce64bda5aeaee7296b440d6542d83cc56c680ceede3,e9ce8009305343530b6da6d8ba7a0f15ba5fffc457da90ce6306570b2439349a
34,48134,dropout_iid10,v24_nominal_model,True,True,True,1.0,0.2101286703680838,0.2264318776049553,True,0,0,0,0,0,0.2824120395404256,0.5325097920140252,False,False,6df6f2e4ca7230b08ae75f19bef0f82adce6162140c24ee3be19459bcde16107,e10da083690ef7ee26b436499ddb23a54c239bc73610e7a74e79f92ae8529821,47cdfdb19bb30bdeb5fea15f2b344fbc9fd09b85fdd8ae4edb4b5ab75009c872
34,48134,broadcast_delay_2s,v24_nominal_model,True,True,True,1.0,5.047701694431963,0.8458393316396933,True,0,0,0,0,0,0.28503387493614585,0.5210812910227105,False,False,6df6f2e4ca7230b08ae75f19bef0f82adce6162140c24ee3be19459bcde16107,fbd34ca8acbbb1fbcfb4ae00187e81c518d22d18a5dc3a23de311c900f7a10f0,930e8ba193245a83267aa260edd51a9184ec3e1dbef825834aa6e3f96fbb9cfb
34,48134,dead_reckoning_scale_101,v24_nominal_model,False,False,False,0.56,8.095080760023352,8.052803503418849,True,0,21,22,22,0,0.27630648941113334,0.8123925830004737,False,False,6df6f2e4ca7230b08ae75f19bef0f82adce6162140c24ee3be19459bcde16107,c21fa100d19ef1840c9ea425bcf2576b742c3915e78485554e1dcabed49591ac,e69c9d5df316c68b8c9911109b180022659daf060cd182f1d12599065b45511b
35,48135,nominal,v24_nominal_model,True,True,True,1.0,0.17389901190738888,0.25818809290949596,True,0,0,0,0,0,0.4374095250867905,0.5361829160246998,False,False,5cd098610d0c94ac71c4f867efdd39f24e346c1c1dfa0c87b6e2eedf6927649e,e329b4876f4c150b777f088cd2ebafae0a16eba47f9219e98c3c670bda7b1cd6,b28a48ae4e30339d6e4d647fb8d6f0364e7794607b2e0f199b4e7a65305db606
35,48135,nominal,v35_bias_gate_300,True,True,True,1.0,0.17389901190738888,0.25818809290949596,True,0,0,0,0,0,0.4374095250867905,0.8295400000642985,True,False,5cd098610d0c94ac71c4f867efdd39f24e346c1c1dfa0c87b6e2eedf6927649e,e329b4876f4c150b777f088cd2ebafae0a16eba47f9219e98c3c670bda7b1cd6,b28a48ae4e30339d6e4d647fb8d6f0364e7794607b2e0f199b4e7a65305db606
35,48135,doppler_common_bias_p003,v24_nominal_model,False,False,False,0.0,0.23908418158179964,25.560329131106265,True,0,0,0,0,0,0.4003275173883971,0.533140791929327,False,False,5cd098610d0c94ac71c4f867efdd39f24e346c1c1dfa0c87b6e2eedf6927649e,1c34db42d2e2736ee0227efe7969a44b159053e59396316401354ed2c805d1ac,e1d5fe5b0895783bdbf5339dd3059e249be64939c65c27274ee5a5281e12c20b
35,48135,doppler_common_bias_p003,v35_bias_gate_300,False,False,False,0.0,0.4604218164187869,25.742944375598277,True,0,0,0,0,0,0.4004212584475681,1.3341381259961054,True,True,5cd098610d0c94ac71c4f867efdd39f24e346c1c1dfa0c87b6e2eedf6927649e,1c34db42d2e2736ee0227efe7969a44b159053e59396316401354ed2c805d1ac,a8499bdde97f6497217b9b3eefdd340e817eed7266b6b77d52be00a12d9ae2a6
35,48135,doppler_differential_bias_003,v24_nominal_model,True,False,False,0.02,0.5888306780914916,7.417013974927571,True,0,0,0,0,0,0.3960045958666762,0.520540792029351,False,False,5cd098610d0c94ac71c4f867efdd39f24e346c1c1dfa0c87b6e2eedf6927649e,6b25e2faaddcc9b815827299469ba47da47ae631a2c5f0d50cd085cbc8ad7792,0df1541eaa58cbd646cd542fbf18d7d27e9a1d4a9956779d61d4f13bc08a2bf5
35,48135,doppler_differential_bias_003,v35_bias_gate_300,True,False,False,0.02,0.25287888877233317,7.517925685207926,True,0,0,0,0,0,0.39533861995991887,1.213706250069663,True,True,5cd098610d0c94ac71c4f867efdd39f24e346c1c1dfa0c87b6e2eedf6927649e,6b25e2faaddcc9b815827299469ba47da47ae631a2c5f0d50cd085cbc8ad7792,27744f49f518a02c98c4c7b30d94d3716213f80c457d830cce8cf10f7a06939d
35,48135,doppler_scale_102,v24_nominal_model,False,False,False,0.0,2.041476733063408,1447.9633711605577,False,0,0,0,0,0,0.24183150391792055,0.6916792499832809,False,False,5cd098610d0c94ac71c4f867efdd39f24e346c1c1dfa0c87b6e2eedf6927649e,69d09b6776b264b72b345012fe6a80dbec121443461915a8350952e2cd6e4d1f,77c5f1d1320c4fcd1947dbc2c63eac56ac69141bebfe2450a21ca526d3974536
35,48135,colored_noise_rho09_sd003,v24_nominal_model,True,False,True,0.66,0.7087734913863263,0.7907544246478537,True,0,0,0,0,0,0.3478357643034981,0.6452568330569193,False,False,5cd098610d0c94ac71c4f867efdd39f24e346c1c1dfa0c87b6e2eedf6927649e,877f48edaafbeeb1715943a39bd34126b8f1f63d7d9e975b44b331937f42a834,7fdc3154cccd2404ba640cdb40ccb70391a09aa265cf627ef972bc024c0d2389
35,48135,colored_noise_rho09_sd003,v35_bias_gate_300,True,False,True,0.66,0.7087734913863263,0.7907544246478537,True,0,0,0,0,0,0.3478357643034981,0.9760624159825966,True,False,5cd098610d0c94ac71c4f867efdd39f24e346c1c1dfa0c87b6e2eedf6927649e,877f48edaafbeeb1715943a39bd34126b8f1f63d7d9e975b44b331937f42a834,7fdc3154cccd2404ba640cdb40ccb70391a09aa265cf627ef972bc024c0d2389
35,48135,dropout_iid10,v24_nominal_model,True,True,True,1.0,0.5459088118819884,0.4234446799024544,True,0,0,0,0,0,0.3857282206341869,0.8563828330952674,False,False,5cd098610d0c94ac71c4f867efdd39f24e346c1c1dfa0c87b6e2eedf6927649e,7e7fea5b28a92aeaf1c151f894ad9e44f31a51ec5c37e6029eb89f067f2fe497,fd0d0a3768d4a70ec3d4f4cc00f7111e6d7ab603d46e0289b578a2a71d149819
35,48135,broadcast_delay_2s,v24_nominal_model,True,True,True,1.0,2.2807765382473764,0.990384283981631,True,0,0,0,0,0,0.38308650174426034,1.4875336249824613,False,False,5cd098610d0c94ac71c4f867efdd39f24e346c1c1dfa0c87b6e2eedf6927649e,583f5044ac1f8917fdbfc70108564b7a28f60a0dcea7a85b825bf83b7ba6fe47,783133f7970fb460d9752cdbc52b5c863e776e047815974ac47426611c48f74c
35,48135,dead_reckoning_scale_101,v24_nominal_model,False,False,False,0.0,2.239304227617188,13.533551854726547,True,0,0,0,0,0,0.3819163199866198,0.511009500012733,False,False,5cd098610d0c94ac71c4f867efdd39f24e346c1c1dfa0c87b6e2eedf6927649e,49b2b31c56cce9b943663c9507c8b046add4692ee714c60f5d8bec67cf462337,0b0d219e416a3394e860e57ed26292f3ca9b6ec3b9a2df6e105364a2d010b43a
36,48136,nominal,v24_nominal_model,True,True,True,1.0,0.8711176856522731,0.9950347076661368,True,0,0,0,0,0,0.2119038306921542,0.8969908750150353,False,False,b7d1700aaaf7d0fc9d4316c6771d6b4ea6500ab8e196d568593d962dd2bf8b3b,da4f7a720395e82efc1b44bce99de2265f514bafb1e98851f24c0691a6efd25e,098887d485e638486948da5e68e30dc374f3f3e2b1c055921ecd77aa98b91efc
36,48136,nominal,v35_bias_gate_300,True,True,True,1.0,0.8711176856522731,0.9950347076661368,True,0,0,0,0,0,0.2119038306921542,0.5197824169881642,True,False,b7d1700aaaf7d0fc9d4316c6771d6b4ea6500ab8e196d568593d962dd2bf8b3b,da4f7a720395e82efc1b44bce99de2265f514bafb1e98851f24c0691a6efd25e,098887d485e638486948da5e68e30dc374f3f3e2b1c055921ecd77aa98b91efc
36,48136,doppler_common_bias_p003,v24_nominal_model,True,True,True,1.0,4.360840876669385,4.418691368047881,True,0,0,0,0,0,0.22997923465177714,0.7752441250486299,False,False,b7d1700aaaf7d0fc9d4316c6771d6b4ea6500ab8e196d568593d962dd2bf8b3b,d619e2a5d07f714c22e2823becbca46387cb9b6e9a5d25cf69a978a9395cd414,c4fa646463d29197d6d57f3fc0f44726a3473299582db63c508e25186fd421e0
36,48136,doppler_common_bias_p003,v35_bias_gate_300,True,True,True,1.0,1.043088935071589,1.1633446136705548,True,0,0,0,0,0,0.29548623332389223,1.150326041970402,True,True,b7d1700aaaf7d0fc9d4316c6771d6b4ea6500ab8e196d568593d962dd2bf8b3b,d619e2a5d07f714c22e2823becbca46387cb9b6e9a5d25cf69a978a9395cd414,d1073ac82eda2e8662be76d22ecba2d5c6ba6f644c92845f2ea4a85df30fe40f
36,48136,doppler_differential_bias_003,v24_nominal_model,True,True,True,1.0,1.125092492414635,1.2269630834925922,True,0,0,0,0,0,0.26877857837345503,0.6609403340844437,False,False,b7d1700aaaf7d0fc9d4316c6771d6b4ea6500ab8e196d568593d962dd2bf8b3b,ce669c2c9a2f7e6d49e9a1adc65042a323fbbeef8d2c67a07220da017a7b2464,c81ac333dd3d0dd03dc0f302ae983777f203a7d5d8e8ffec5521df2420e6c379
36,48136,doppler_differential_bias_003,v35_bias_gate_300,True,True,True,1.0,2.4122202736679323,2.489813845353566,True,0,0,0,0,0,0.32529179640552114,1.0870289171580225,True,True,b7d1700aaaf7d0fc9d4316c6771d6b4ea6500ab8e196d568593d962dd2bf8b3b,ce669c2c9a2f7e6d49e9a1adc65042a323fbbeef8d2c67a07220da017a7b2464,73166cd8b7c71b81b14c2ccdb3dc89e49c2a8c6317257d44eb2d5262aae4db7b
36,48136,doppler_scale_102,v24_nominal_model,True,True,True,1.0,0.8401308834500789,0.890266269026141,True,0,0,0,0,0,0.2771017240377945,0.5273250410100445,False,False,b7d1700aaaf7d0fc9d4316c6771d6b4ea6500ab8e196d568593d962dd2bf8b3b,735d612575d2015f8f1d43111cf6a59391aa07354db6e5d0beec1a1351076a24,bc3fb595f6353e3daf4ba7f9062dab36e15fb98508b71fcaa5e77488767b9d0a
36,48136,colored_noise_rho09_sd003,v24_nominal_model,True,True,True,1.0,1.4086158793824521,1.4333821034750074,True,0,0,0,0,0,0.2767317845533727,0.5027695839526132,False,False,b7d1700aaaf7d0fc9d4316c6771d6b4ea6500ab8e196d568593d962dd2bf8b3b,238302484d9bac4c05d00694f0952032b99abd0937ac544cb42eb2aba2cf606b,471de0fce5082fedd2fd23d6f250bd3e4ea8ae1979dba49757410763837370f7
36,48136,colored_noise_rho09_sd003,v35_bias_gate_300,True,True,True,1.0,1.4086158793824521,1.4333821034750074,True,0,0,0,0,0,0.2767317845533727,0.5225460409419611,True,False,b7d1700aaaf7d0fc9d4316c6771d6b4ea6500ab8e196d568593d962dd2bf8b3b,238302484d9bac4c05d00694f0952032b99abd0937ac544cb42eb2aba2cf606b,471de0fce5082fedd2fd23d6f250bd3e4ea8ae1979dba49757410763837370f7
36,48136,dropout_iid10,v24_nominal_model,True,True,True,1.0,1.7348442235659478,1.8054573389082043,True,0,0,0,0,0,0.2570713671605043,0.5463037500157952,False,False,b7d1700aaaf7d0fc9d4316c6771d6b4ea6500ab8e196d568593d962dd2bf8b3b,7f21e731e6c6a5547f3a78676a4cdadee49d532aa83abad47989fe0b0a3456e1,5aa62033c1ece2436913eadde7742e913317d108374208a318e0ab1b8dede5da
36,48136,broadcast_delay_2s,v24_nominal_model,True,True,True,1.0,3.123100672418437,0.9185712885416357,True,0,0,0,0,0,0.21197596963972284,0.5638234169455245,False,False,b7d1700aaaf7d0fc9d4316c6771d6b4ea6500ab8e196d568593d962dd2bf8b3b,b452cf5a8db2328e7b65cd6a9f070c42292ceabdaca8e8a168a70e7d6ff62b5a,9b6d2766986d81c8317e2e75d8b1e2949143d6773041fa54de85722410758a79
36,48136,dead_reckoning_scale_101,v24_nominal_model,True,True,True,1.0,5.399139088390813,5.409945102189803,True,0,0,0,0,0,0.32633061166277394,0.5273482910124585,False,False,b7d1700aaaf7d0fc9d4316c6771d6b4ea6500ab8e196d568593d962dd2bf8b3b,6d8e749deee304ee8a28be858b8a608293b6b909fff9f3e7f32ee70dcd5c629e,1398844a68027ad6a16a2ea9de04c9bded518bd57c3bec439c16c33814e225a1
37,48137,nominal,v24_nominal_model,True,True,True,1.0,0.5955796806231879,0.40419649271952696,True,0,0,0,0,0,0.3056674075662397,0.6432070840382949,False,False,fa36891289ec9a414863debaf42275fae239d2553ebcb3ddff326f95da4f2286,65927af5383d3b96b446499f12bce07cc502f75e4eb927339249d1b900fbf75f,f56e2cfa4800409d7d3165c1a437236a278588a089a74462db15b036c489084d
37,48137,nominal,v35_bias_gate_300,True,True,True,1.0,0.5955796806231879,0.40419649271952696,True,0,0,0,0,0,0.3056674075662397,0.5250450000166893,True,False,fa36891289ec9a414863debaf42275fae239d2553ebcb3ddff326f95da4f2286,65927af5383d3b96b446499f12bce07cc502f75e4eb927339249d1b900fbf75f,f56e2cfa4800409d7d3165c1a437236a278588a089a74462db15b036c489084d
37,48137,doppler_common_bias_p003,v24_nominal_model,True,True,True,1.0,0.8327062406627306,0.8096515914611238,True,0,0,0,0,0,0.2754267193809226,0.6790452089626342,False,False,fa36891289ec9a414863debaf42275fae239d2553ebcb3ddff326f95da4f2286,91b7ebe6a8d959d3d2034d015bc659229982c167690d1e5d389e0e9e761b0d3f,f6699c8077bbfd1886e5043eab30f0ad9eed5f86226eb1a5eb5196a9f1fca57f
37,48137,doppler_common_bias_p003,v35_bias_gate_300,True,True,True,1.0,0.8737633613367374,0.7139036382969939,True,0,0,0,0,0,0.2753134265941169,1.1600730419158936,True,True,fa36891289ec9a414863debaf42275fae239d2553ebcb3ddff326f95da4f2286,91b7ebe6a8d959d3d2034d015bc659229982c167690d1e5d389e0e9e761b0d3f,e8779f97ebfe232ea38e73d8beac58ba62bd194ff80e070ff64fa696843a250e
37,48137,doppler_differential_bias_003,v24_nominal_model,True,True,True,1.0,2.183462566093186,1.9893694614104245,True,0,0,0,0,0,0.2985226937101785,0.5499132500262931,False,False,fa36891289ec9a414863debaf42275fae239d2553ebcb3ddff326f95da4f2286,9938d3d1c8eaf54b180d57ed87706338dbdc9691895f1d1ee3ecd842b2e85cc4,2f2aa5ab4f6ad49ef86137fd3b6e9f65f1f093a90a26c65f38360051ef440591
37,48137,doppler_differential_bias_003,v35_bias_gate_300,True,True,True,1.0,0.6574504538515944,0.4753902533732128,True,0,0,0,0,0,0.2982382116200991,1.1236792489653453,True,True,fa36891289ec9a414863debaf42275fae239d2553ebcb3ddff326f95da4f2286,9938d3d1c8eaf54b180d57ed87706338dbdc9691895f1d1ee3ecd842b2e85cc4,788c94d0994aae976c82b32ef4b9b5894aad6f33277d9f5e6f4ec4085f410a48
37,48137,doppler_scale_102,v24_nominal_model,True,True,True,1.0,3.063738702043995,2.8857986569581677,True,0,0,0,0,0,0.3156116833814249,0.5095097909215838,False,False,fa36891289ec9a414863debaf42275fae239d2553ebcb3ddff326f95da4f2286,4d252928e5c78a780c59ffcdb3575e5cdff6b59463be944c730791044ce39261,6559ec12815a3d1da99bbdb9decc62c4c492bcb444f4e21ecab753d9901383c3
37,48137,colored_noise_rho09_sd003,v24_nominal_model,True,True,True,1.0,0.8112621849785194,0.7423049549303994,True,0,0,0,0,0,0.2754204810484841,0.5046241249656305,False,False,fa36891289ec9a414863debaf42275fae239d2553ebcb3ddff326f95da4f2286,2e02a07939a78416e38efb64d6d82f61237fe0dee5eddb88a4620187a2a2d3ef,0c0f08e33c9a87e3d1e53b47ce29801bea52746f156b84aa134e3afb3d9bac9c
37,48137,colored_noise_rho09_sd003,v35_bias_gate_300,True,True,True,1.0,0.8112621849785194,0.7423049549303994,True,0,0,0,0,0,0.2754204810484841,0.5039418749511242,True,False,fa36891289ec9a414863debaf42275fae239d2553ebcb3ddff326f95da4f2286,2e02a07939a78416e38efb64d6d82f61237fe0dee5eddb88a4620187a2a2d3ef,0c0f08e33c9a87e3d1e53b47ce29801bea52746f156b84aa134e3afb3d9bac9c
37,48137,dropout_iid10,v24_nominal_model,True,True,True,1.0,0.5848373014346769,0.4064462772412834,True,0,0,0,0,0,0.3057241509496285,0.44966129201930016,False,False,fa36891289ec9a414863debaf42275fae239d2553ebcb3ddff326f95da4f2286,56ed08ee30d095f6facfa0ae2950b75b3045fc646c8b4f639db8e148f283ace6,a3137b82a77e155db37a029785b936b4b08946d765890a8005c82746306aa273
37,48137,broadcast_delay_2s,v24_nominal_model,True,True,True,1.0,4.22526397969821,0.44582507276642874,True,0,0,0,0,0,0.26245591308362415,0.590902250027284,False,False,fa36891289ec9a414863debaf42275fae239d2553ebcb3ddff326f95da4f2286,c30c2f37a61a0d20c004f87c68b12671646002fc936f4430821bd09e1f246a62,a79f3e37ee107bf35bd767bc4f3a405288f081092dd725a6c2075924da96514d
37,48137,dead_reckoning_scale_101,v24_nominal_model,True,True,True,1.0,5.432719859303477,5.4082229364742895,True,0,0,0,0,0,0.2759064559170342,0.5012537500588223,False,False,fa36891289ec9a414863debaf42275fae239d2553ebcb3ddff326f95da4f2286,24a18d1d77083936d3020e89b13e39a3d11a2495263ad100fec4a642bab8b20f,b9a0fe118a41a8b0b5b9d7e43b25b6b26c6607ae64d78aef3834189a4d866b64
38,48138,nominal,v24_nominal_model,True,True,True,1.0,0.2976341519049284,0.3218004319887061,True,0,0,0,0,0,0.30305573864293356,0.6791566249448806,False,False,eaeafed4d496c2ee778e7d502cfb7f642c2d422fdb5a3041ca5bee45a9713ff9,9a2b3b6ed9cc6d4faf56fd19189cca06d4467bea70b8adf646c5bcc350ce61f2,50b69b52a51c7676b3d66a2ceb98e3d758dddf80d3cbe6932de080fa82eec6e3
38,48138,nominal,v35_bias_gate_300,True,True,True,1.0,0.2976341519049284,0.3218004319887061,True,0,0,0,0,0,0.30305573864293356,0.5324930000351742,True,False,eaeafed4d496c2ee778e7d502cfb7f642c2d422fdb5a3041ca5bee45a9713ff9,9a2b3b6ed9cc6d4faf56fd19189cca06d4467bea70b8adf646c5bcc350ce61f2,50b69b52a51c7676b3d66a2ceb98e3d758dddf80d3cbe6932de080fa82eec6e3
38,48138,doppler_common_bias_p003,v24_nominal_model,True,True,True,1.0,0.4067018642692782,0.4347764069347558,True,0,0,0,0,0,0.33581152580040974,0.6553027919726446,False,False,eaeafed4d496c2ee778e7d502cfb7f642c2d422fdb5a3041ca5bee45a9713ff9,6b129977295eaf64d569929e3fb5ba5f4c1b498378c4ba755c69c0aeb2d3b1d1,4d0bca74837f3992e9514bba85ccec8be4d41189b2ae8a214ca079fad8ef9905
38,48138,doppler_common_bias_p003,v35_bias_gate_300,True,True,True,1.0,0.2680770040311726,0.29008239780413203,True,0,0,0,0,0,0.33593376347240556,1.0618214589776471,True,True,eaeafed4d496c2ee778e7d502cfb7f642c2d422fdb5a3041ca5bee45a9713ff9,6b129977295eaf64d569929e3fb5ba5f4c1b498378c4ba755c69c0aeb2d3b1d1,bd27af1e3f0b97e28caf2c9618c4ff0449ebd476b75acbf047de11ec8d07dccd
38,48138,doppler_differential_bias_003,v24_nominal_model,True,True,True,1.0,0.15590269537444956,0.1750763254639884,True,0,0,0,0,0,0.28200604360395615,0.6503240829333663,False,False,eaeafed4d496c2ee778e7d502cfb7f642c2d422fdb5a3041ca5bee45a9713ff9,85aaf7e3f6e06cf36c8cd933f48e04ae8d75144e27d3b4d738f01d8253d16105,faafe4282e1b0037d5e47c8c4cc8c19c724dc407d94b6450bb1f74ae30981443
38,48138,doppler_differential_bias_003,v35_bias_gate_300,True,True,True,1.0,0.4090999625401878,0.43274340828379165,True,0,0,0,0,0,0.2820066783404783,1.0557958751451224,True,True,eaeafed4d496c2ee778e7d502cfb7f642c2d422fdb5a3041ca5bee45a9713ff9,85aaf7e3f6e06cf36c8cd933f48e04ae8d75144e27d3b4d738f01d8253d16105,87ca4967337e7a0feb7276661b1447b7a7b604e138988603e86eeeb26fa09989
38,48138,doppler_scale_102,v24_nominal_model,False,False,False,0.0,2.5565528957644124,2130.515449743601,False,0,0,0,0,0,0.22389707737589748,0.6386647920589894,False,False,eaeafed4d496c2ee778e7d502cfb7f642c2d422fdb5a3041ca5bee45a9713ff9,d8086de5d140edba20645430fea1f3d9486d34e15e7fa12f85c45e51a9d07b5e,050e2504597188de3cab4a86855306c0e144ae995fda28536b705e700267f4aa
38,48138,colored_noise_rho09_sd003,v24_nominal_model,True,True,True,1.0,0.3568057665014215,0.3620054285080032,True,0,0,0,0,0,0.25785446112732735,0.5240287079941481,False,False,eaeafed4d496c2ee778e7d502cfb7f642c2d422fdb5a3041ca5bee45a9713ff9,7df7a7cdbfdd8dc4c7eb7a508497d2e26fabf3b90ab12009489ce562c5666afc,4fa120b69a4a1f1d507ffedc8b0162ce11fa1228e8bc23522781bd9a0e6ed815
38,48138,colored_noise_rho09_sd003,v35_bias_gate_300,True,True,True,1.0,0.3568057665014215,0.3620054285080032,True,0,0,0,0,0,0.25785446112732735,0.6570866659749299,True,False,eaeafed4d496c2ee778e7d502cfb7f642c2d422fdb5a3041ca5bee45a9713ff9,7df7a7cdbfdd8dc4c7eb7a508497d2e26fabf3b90ab12009489ce562c5666afc,4fa120b69a4a1f1d507ffedc8b0162ce11fa1228e8bc23522781bd9a0e6ed815
38,48138,dropout_iid10,v24_nominal_model,True,True,True,1.0,0.39441990654817444,0.4048644011946419,True,0,0,0,0,0,0.32779495189098556,0.48140849999617785,False,False,eaeafed4d496c2ee778e7d502cfb7f642c2d422fdb5a3041ca5bee45a9713ff9,ef818ab6e9524c3a9caa4d98f65af7570e2aee764975b51df22ba7b583772765,9abe61bd7c33fbaa1ff841ecea28d1d8f1f8d3cacf37a1f60a502eb8f83bbb90
38,48138,broadcast_delay_2s,v24_nominal_model,True,True,True,1.0,4.812588775713994,1.1302356185999896,True,0,0,0,0,0,0.3519897742082481,0.5433668750338256,False,False,eaeafed4d496c2ee778e7d502cfb7f642c2d422fdb5a3041ca5bee45a9713ff9,6eadc0358dc4a170d57ef53b62dc152824dbb30a7f027f3a3e9e3563a8a9d46f,537eca8345bf786d7cef82cb8aab496c1e1f6ec25ac670079786fd6b33b54556
38,48138,dead_reckoning_scale_101,v24_nominal_model,False,True,False,0.98,7.0221004336090695,7.021416370464135,True,0,0,1,1,0,0.24065338244665313,0.5314862499944866,False,False,eaeafed4d496c2ee778e7d502cfb7f642c2d422fdb5a3041ca5bee45a9713ff9,937bacc98fc19a04f04634876ed7264b44d0a2ca55e22e25cd47b1f05e286e51,905dd53eb826712e547d740bf0f3ecf0798f6e384c6c655554df61a4c6ce0fcd
39,48139,nominal,v24_nominal_model,True,True,True,1.0,1.0867069071564934,1.1295616501716967,True,0,0,0,0,0,0.28682128523386247,0.49358570808544755,False,False,0661d29a975e48945df657ebfaffa7e208562b26453ace28ba109148a4217a09,c41ca5cdb46678b5b889134f8964639a3efba77b40e1b1a1863a8cc185350902,79c06a32bd7532343b5b3cbfbdb62e8fc4c21e95dbdb7d21f07b8a8df222de05
39,48139,nominal,v35_bias_gate_300,True,True,True,1.0,1.0867069071564934,1.1295616501716967,True,0,0,0,0,0,0.28682128523386247,0.49445587501395494,True,False,0661d29a975e48945df657ebfaffa7e208562b26453ace28ba109148a4217a09,c41ca5cdb46678b5b889134f8964639a3efba77b40e1b1a1863a8cc185350902,79c06a32bd7532343b5b3cbfbdb62e8fc4c21e95dbdb7d21f07b8a8df222de05
39,48139,doppler_common_bias_p003,v24_nominal_model,True,True,True,1.0,0.8847781008709894,0.7291705640903748,True,0,0,0,0,0,0.28492755035786455,0.5084011250874028,False,False,0661d29a975e48945df657ebfaffa7e208562b26453ace28ba109148a4217a09,495d41cee8ce18c856e2ab11cab655b630b7054e21272846121021553730eb9d,aa1ebbad84aea54556d7af563950842816c5d0ddadd5576f63f8a773002d064f
39,48139,doppler_common_bias_p003,v35_bias_gate_300,True,True,True,1.0,1.0468983659612086,1.0929766908528116,True,0,0,0,0,0,0.28717788289259155,1.0411121250363067,True,True,0661d29a975e48945df657ebfaffa7e208562b26453ace28ba109148a4217a09,495d41cee8ce18c856e2ab11cab655b630b7054e21272846121021553730eb9d,cec1110f52b1f51257d112270c99198e9885968a1d427353f8524f98a44b8f63
39,48139,doppler_differential_bias_003,v24_nominal_model,True,True,True,1.0,1.4473109143214191,1.6241163209241634,True,0,0,0,0,0,0.27750745765346696,0.5059133749455214,False,False,0661d29a975e48945df657ebfaffa7e208562b26453ace28ba109148a4217a09,0d995e42087d5539e4f949ce8b5a8310e2771316456148904d71794eb5d11420,84516d84eca55331f8a15acd423c56f75810f689375a6e6e38e92c8d55470ec6
39,48139,doppler_differential_bias_003,v35_bias_gate_300,True,True,True,1.0,0.962241893497838,1.0062817759179332,True,0,0,0,0,0,0.2770819600724186,1.0549990829313174,True,True,0661d29a975e48945df657ebfaffa7e208562b26453ace28ba109148a4217a09,0d995e42087d5539e4f949ce8b5a8310e2771316456148904d71794eb5d11420,1e3082114c7c990e762828007714f40eda6d70e743a3fbcea76f69f2be8a930d
39,48139,doppler_scale_102,v24_nominal_model,False,False,False,0.0,1.9258857637464233,1514.5547411057332,False,0,0,0,0,0,0.20863032666274867,0.5171350830933079,False,False,0661d29a975e48945df657ebfaffa7e208562b26453ace28ba109148a4217a09,356a44b1100ff35d3bf8fc85ec301a77f9239a294139404e800688355f7e2aef,b731a4e0030af2aade9693588cf813a1607ab4c67467993b0ab38bef12104ceb
39,48139,colored_noise_rho09_sd003,v24_nominal_model,True,True,True,1.0,1.379146071940019,1.4179414924357088,True,0,0,0,0,0,0.2792972677038648,0.501672416110523,False,False,0661d29a975e48945df657ebfaffa7e208562b26453ace28ba109148a4217a09,12ddb0a9bc13a6f1582f4a1fccc92e763fdf7c2148db031794776540ff59fef5,0ef4662e3afbc21859fc2f32f7bfa25dcbf1a61a17a8d231d5ef47ae1f095e66
39,48139,colored_noise_rho09_sd003,v35_bias_gate_300,True,True,True,1.0,1.379146071940019,1.4179414924357088,True,0,0,0,0,0,0.2792972677038648,0.4954054579138756,True,False,0661d29a975e48945df657ebfaffa7e208562b26453ace28ba109148a4217a09,12ddb0a9bc13a6f1582f4a1fccc92e763fdf7c2148db031794776540ff59fef5,0ef4662e3afbc21859fc2f32f7bfa25dcbf1a61a17a8d231d5ef47ae1f095e66
39,48139,dropout_iid10,v24_nominal_model,True,True,True,1.0,1.4158228918191795,1.4464336393654227,True,0,0,0,0,0,0.24324916368701055,0.5430939589859918,False,False,0661d29a975e48945df657ebfaffa7e208562b26453ace28ba109148a4217a09,8f41b13a04a9c5ac8771213f7684ad588f7b7530a4895c92629989ede76b6ca2,f8fa0d8658e7aee561d1a19f9fb651613266927a36c372a997594b9b604de57c
39,48139,broadcast_delay_2s,v24_nominal_model,True,True,True,1.0,4.122975489858405,0.8054396716996164,True,0,0,0,0,0,0.2436719795294193,0.49413320899475366,False,False,0661d29a975e48945df657ebfaffa7e208562b26453ace28ba109148a4217a09,510abca235b14061871715fdc24e2224fd453e31cf949c0c1e63fef8f0925e6b,cb39c65136ba84b9a726a42f354b714d36198a5cdd54b155809470acec1afcd2
39,48139,dead_reckoning_scale_101,v24_nominal_model,True,True,True,1.0,6.097287516772546,6.100237209069183,True,0,0,0,0,0,0.28909657082710133,0.5417777079856023,False,False,0661d29a975e48945df657ebfaffa7e208562b26453ace28ba109148a4217a09,5a9b70735a1a961f5b68803365cd36cac1efd72b674f7e804c3c46567c1ee973,4a9661cf79d702349a41f1975f12ca67a869603ed21febd34dc60ff330965bdf
40,48140,nominal,v24_nominal_model,True,True,True,1.0,0.57817756620361,0.5085939863437795,True,0,0,0,0,0,0.41301057178242995,0.5024315000046045,False,False,65f2fae9f7c51d0d21c595ae290d65862055f778b51e7c3d54d8fbb4d750734e,6a6f5c5faa7a5c4c57fa2bdba5a80fed179dd2a4f11da81560f80843e27775b4,036971bae1c7b444c56b81760ac96d5338b3b828889cdf1a44486b73c3c43981
40,48140,nominal,v35_bias_gate_300,True,True,True,1.0,0.57817756620361,0.5085939863437795,True,0,0,0,0,0,0.41301057178242995,0.6493158749071881,True,False,65f2fae9f7c51d0d21c595ae290d65862055f778b51e7c3d54d8fbb4d750734e,6a6f5c5faa7a5c4c57fa2bdba5a80fed179dd2a4f11da81560f80843e27775b4,036971bae1c7b444c56b81760ac96d5338b3b828889cdf1a44486b73c3c43981
40,48140,doppler_common_bias_p003,v24_nominal_model,True,True,True,1.0,0.615975171593935,0.5878718498559802,True,0,0,0,0,0,0.4377099643423559,0.5835581669816747,False,False,65f2fae9f7c51d0d21c595ae290d65862055f778b51e7c3d54d8fbb4d750734e,826a432c22ce61ed255c506301d03ad0d3f6a974e791634e5a4f6f21b920f004,1a64314ea44aa9695d8cfaaa4a2114e54d1a9b7eac198752b3f4185bd025ef27
40,48140,doppler_common_bias_p003,v35_bias_gate_300,True,True,True,1.0,0.20333772792818605,0.13710762327498763,True,0,0,0,0,0,0.5375088443569025,1.188221166958101,True,True,65f2fae9f7c51d0d21c595ae290d65862055f778b51e7c3d54d8fbb4d750734e,826a432c22ce61ed255c506301d03ad0d3f6a974e791634e5a4f6f21b920f004,e03982fc53954ea0a668701bf719c6d388e6220dfcef3fe3159a23193a942fac
40,48140,doppler_differential_bias_003,v24_nominal_model,True,True,True,1.0,0.7898388136597589,0.722158222731621,True,0,0,0,0,0,0.4040758536597677,0.5976149999769405,False,False,65f2fae9f7c51d0d21c595ae290d65862055f778b51e7c3d54d8fbb4d750734e,2f5d26bbcac30f193dc98c201bfe9e412caf2b88a291f92523e87dacd0b13ce7,0429f8b34db565b8b8449f09c7011094f678cfa597997f92a43a36a0381319f5
40,48140,doppler_differential_bias_003,v35_bias_gate_300,True,True,True,1.0,0.5898223387766671,0.4984759669175084,True,0,0,0,0,0,0.40808253696849656,1.2508416249183938,True,True,65f2fae9f7c51d0d21c595ae290d65862055f778b51e7c3d54d8fbb4d750734e,2f5d26bbcac30f193dc98c201bfe9e412caf2b88a291f92523e87dacd0b13ce7,17c8191ae3202c51e93180a906f145dbb1a38093d2a71b6dd197c833480f9f9c
40,48140,doppler_scale_102,v24_nominal_model,False,False,False,0.0,0.47353425154484424,1769.2767616931244,False,0,0,0,0,0,0.28277333709877,0.769012917065993,False,False,65f2fae9f7c51d0d21c595ae290d65862055f778b51e7c3d54d8fbb4d750734e,9e511f79f1de9c433a18619fb1d635ab3af17f875a285f880a6075920726d8a0,708c8ffc3a5d8fad0ea7b5c9b8f6e077f463bbd89b5a3f4f1910e29273927976
40,48140,colored_noise_rho09_sd003,v24_nominal_model,True,False,True,0.36,0.19749928106073839,1.3551706793575653,True,0,0,0,0,0,0.4006048197604343,0.5244011670583859,False,False,65f2fae9f7c51d0d21c595ae290d65862055f778b51e7c3d54d8fbb4d750734e,d2346e16daf1ea066a194f8de405f68ceba081c7609981edb6ea4f878bd411ab,d4d6fa577a9c7cc6af2a0b625cfbfaed1134b556a68c2a0a58addef15afc63a0
40,48140,colored_noise_rho09_sd003,v35_bias_gate_300,True,False,True,0.36,0.19749928106073839,1.3551706793575653,True,0,0,0,0,0,0.4006048197604343,0.5216115000657737,True,False,65f2fae9f7c51d0d21c595ae290d65862055f778b51e7c3d54d8fbb4d750734e,d2346e16daf1ea066a194f8de405f68ceba081c7609981edb6ea4f878bd411ab,d4d6fa577a9c7cc6af2a0b625cfbfaed1134b556a68c2a0a58addef15afc63a0
40,48140,dropout_iid10,v24_nominal_model,True,True,True,1.0,0.5452981544668467,0.4721670666135728,True,0,0,0,0,0,0.4186668160249035,0.45767679205164313,False,False,65f2fae9f7c51d0d21c595ae290d65862055f778b51e7c3d54d8fbb4d750734e,3d25e3ff809e8c21eda26c8ab04e89fb30384ece4d854b75297ff9b2ae0fb201,14427aa6daff4c2b8521a1eba0244ed25d8cffd3015cfc985b13e6dbe6ef0b1a
40,48140,broadcast_delay_2s,v24_nominal_model,True,False,False,0.28,2.6997029975777855,2.500523671313252,True,0,0,0,0,0,0.4150860110062448,0.521135792019777,False,False,65f2fae9f7c51d0d21c595ae290d65862055f778b51e7c3d54d8fbb4d750734e,f12e7fcf160806520e209d6f90712c70fa7955a2ec6ba18bb8e4c8d5de795b3e,cc9c7ea522c4d7da6c0a3688554cc0f947919b023f49edd3fec1aee5fca20f72
40,48140,dead_reckoning_scale_101,v24_nominal_model,True,False,True,0.36,2.0253870909357934,2.1599445080246946,True,0,0,0,0,0,0.39940862674362015,0.5871442910283804,False,False,65f2fae9f7c51d0d21c595ae290d65862055f778b51e7c3d54d8fbb4d750734e,985e354b51f47a86fefded6bf52067496c9debac147bdc67ca8f5cc48d44f557,c9fb956e6e011fb617891ae7dc8a138b71152013583705ac900fb3e336fd465c
41,48141,nominal,v24_nominal_model,True,True,True,1.0,0.7919525849598033,0.7697545129243497,True,0,0,0,0,0,0.23832118191373666,0.4946700839791447,False,False,4052e05f81297c22465a3a1955508026a9b61e51d1e733fd33dea382f82b6559,87e5cc585ee7f69bba93d19c1f4f44ae9d59b9ec8d64cdcc734bedce6981b8f5,0a571f7f0d7521165f1ba5a464bc2298e34b7288ee6535f3030e7e011cf7a766
41,48141,nominal,v35_bias_gate_300,True,True,True,1.0,0.7919525849598033,0.7697545129243497,True,0,0,0,0,0,0.23832118191373666,0.5809430000372231,True,False,4052e05f81297c22465a3a1955508026a9b61e51d1e733fd33dea382f82b6559,87e5cc585ee7f69bba93d19c1f4f44ae9d59b9ec8d64cdcc734bedce6981b8f5,0a571f7f0d7521165f1ba5a464bc2298e34b7288ee6535f3030e7e011cf7a766
41,48141,doppler_common_bias_p003,v24_nominal_model,True,True,True,1.0,0.6888711313694208,0.7959676897936987,True,0,0,0,0,0,0.22683233171721803,0.50713745795656,False,False,4052e05f81297c22465a3a1955508026a9b61e51d1e733fd33dea382f82b6559,4f590c3a14a2a7bc6d3121c46590f38d53754d88f5907719a820c33ccec33a8f,af22c36df77c73580b901c043f147e91b39d5a004dea57ea9213b3d5b04dbdae
41,48141,doppler_common_bias_p003,v35_bias_gate_300,True,True,True,1.0,0.16245897681430657,0.4053769416465877,True,0,0,0,0,0,0.22674136911146603,1.0437968760961667,True,True,4052e05f81297c22465a3a1955508026a9b61e51d1e733fd33dea382f82b6559,4f590c3a14a2a7bc6d3121c46590f38d53754d88f5907719a820c33ccec33a8f,1f136a78f61aab30b4e57b958e91bd67bdb567a304637442ff00373213aa2892
41,48141,doppler_differential_bias_003,v24_nominal_model,True,True,True,1.0,0.49066694546736483,0.5566614671484563,True,0,0,0,0,0,0.2311557810915759,0.5255139170913026,False,False,4052e05f81297c22465a3a1955508026a9b61e51d1e733fd33dea382f82b6559,982e1b7c2bcea615ad1bdff8205e0db0b9b267c78acac35d581cfcdc07b5da3e,f9770ad40bb1be565c7cb6e00116259a2b53994a7904bd658a9c3581b8296fb5
41,48141,doppler_differential_bias_003,v35_bias_gate_300,True,True,True,1.0,0.25015356105885694,0.33846223449265544,True,0,0,0,0,0,0.23098867165323678,1.0911917089251801,True,True,4052e05f81297c22465a3a1955508026a9b61e51d1e733fd33dea382f82b6559,982e1b7c2bcea615ad1bdff8205e0db0b9b267c78acac35d581cfcdc07b5da3e,7e1be9301eece74be68190c4700431cc69f989959d9f25944df925dfea6dae3e
41,48141,doppler_scale_102,v24_nominal_model,True,False,False,0.2,0.5373520424641187,2.5583014267263486,True,0,0,0,0,0,0.27918729748498067,0.5373715000459924,False,False,4052e05f81297c22465a3a1955508026a9b61e51d1e733fd33dea382f82b6559,c05d5db769b8d452af00366243083b53a1f3cf1821e56b690e1b43ed2c2c32c0,dd794333f1213805d49a1adfe126d3f828fe0cc928159080ffcfc56ff41c6697
41,48141,colored_noise_rho09_sd003,v24_nominal_model,True,True,True,1.0,0.3653162588965442,0.3812523393153164,True,0,0,0,0,0,0.2406106970691588,0.6523924159118906,False,False,4052e05f81297c22465a3a1955508026a9b61e51d1e733fd33dea382f82b6559,84cfd942c4229635376c719d5912237d1016d19b0746a4add0bffe113a8412d9,48a0ac58cbc5838dd5793828f52de22c548d00f0ac20a010b2bd3c8277688055
41,48141,colored_noise_rho09_sd003,v35_bias_gate_300,True,True,True,1.0,0.3653162588965442,0.3812523393153164,True,0,0,0,0,0,0.2406106970691588,0.521796082961373,True,False,4052e05f81297c22465a3a1955508026a9b61e51d1e733fd33dea382f82b6559,84cfd942c4229635376c719d5912237d1016d19b0746a4add0bffe113a8412d9,48a0ac58cbc5838dd5793828f52de22c548d00f0ac20a010b2bd3c8277688055
41,48141,dropout_iid10,v24_nominal_model,True,True,True,1.0,0.7285402056762207,0.7043727591268295,True,0,0,0,0,0,0.2101920248542988,0.4621781250461936,False,False,4052e05f81297c22465a3a1955508026a9b61e51d1e733fd33dea382f82b6559,f6d828e62b7cd92c3a285a6a2bd6847f18d2fe4ba9a110066b384ff2f46dede1,22b7edf608938588b04cc684eda304aac956277473d620895f60d7a4f55d7c3e
41,48141,broadcast_delay_2s,v24_nominal_model,True,False,False,0.24,4.567518032647108,2.737267910945082,True,0,0,0,0,0,0.20844865916984562,0.5387369589880109,False,False,4052e05f81297c22465a3a1955508026a9b61e51d1e733fd33dea382f82b6559,75718d3e25bdcaad11419efc1070bb18131d2e6eac68fa0c1040411e09e4e66e,425d24575b5089ef8ad21449e9f99ab0513171fa4c3720209f6bcb69a8004922
41,48141,dead_reckoning_scale_101,v24_nominal_model,False,False,False,0.0,3.8091115010531973,22.004210342448133,True,0,0,0,0,0,0.28267721977988824,0.5213306669611484,False,False,4052e05f81297c22465a3a1955508026a9b61e51d1e733fd33dea382f82b6559,d7672122544ccf8a83c9aea56dcd4ac6a42568ea1a9f8071677327ae3d6e42c3,85524e292b8f84b4dfbda78c1b60df92b79489b85c17470dfd7bbe53b427afd4
42,48142,nominal,v24_nominal_model,True,True,True,1.0,0.6029332383440955,0.7971987376867326,True,0,0,0,0,0,0.28461166636536916,0.5068811659002677,False,False,2ae74fb66549123d460b67d28129dbaec6ab6de49984725f42009de27e8b0c5b,04c3a088188508294138d5f3c6908462bd8e402c177799944bf3c40b21651727,ced24f31af2c7966894b030c7ab9aadfec2202806c7680e24f9f4e05acd200b0
42,48142,nominal,v35_bias_gate_300,True,True,True,1.0,0.6029332383440955,0.7971987376867326,True,0,0,0,0,0,0.28461166636536916,0.5087708750506863,True,False,2ae74fb66549123d460b67d28129dbaec6ab6de49984725f42009de27e8b0c5b,04c3a088188508294138d5f3c6908462bd8e402c177799944bf3c40b21651727,ced24f31af2c7966894b030c7ab9aadfec2202806c7680e24f9f4e05acd200b0
42,48142,doppler_common_bias_p003,v24_nominal_model,True,True,True,1.0,4.388290708268677,4.525679233793201,True,0,0,0,0,0,0.2880034570613609,0.5051422920078039,False,False,2ae74fb66549123d460b67d28129dbaec6ab6de49984725f42009de27e8b0c5b,feafb1bf7a559f48400fbbef60b5ba4627049149080d32c4b75ad0e68878f2a2,b600e27a0d41e876110159f04494efe333a21aeed99c80a240d937141bee5dd4
42,48142,doppler_common_bias_p003,v35_bias_gate_300,True,True,True,1.0,0.6397950078634255,0.7862085678809358,True,0,0,0,0,0,0.2882700821891108,1.0051710419356823,True,True,2ae74fb66549123d460b67d28129dbaec6ab6de49984725f42009de27e8b0c5b,feafb1bf7a559f48400fbbef60b5ba4627049149080d32c4b75ad0e68878f2a2,a1ce96da52c2700844ab8e4d32603fb17aa6ea77e4be4f27c5fd58d3c347163d
42,48142,doppler_differential_bias_003,v24_nominal_model,True,True,True,1.0,3.3188420545098265,3.20123654156481,True,0,0,0,0,0,0.28408172382218044,0.507626042002812,False,False,2ae74fb66549123d460b67d28129dbaec6ab6de49984725f42009de27e8b0c5b,36b8589677c5cdf2861d62a4a7256c44a63096f1dfc642fc19ed590829b07480,a45da6628d2bf5afe052c5d455086c1e4b45ddfb1e11d62fe6fba672de230b61
42,48142,doppler_differential_bias_003,v35_bias_gate_300,True,True,True,1.0,0.5915545331892684,0.7630911055073527,True,0,0,0,0,0,0.2845678760098091,1.1723732489626855,True,True,2ae74fb66549123d460b67d28129dbaec6ab6de49984725f42009de27e8b0c5b,36b8589677c5cdf2861d62a4a7256c44a63096f1dfc642fc19ed590829b07480,01aa272c85c22844cd5e4dbb2cdcb2bea37d012096d2633b95e0c9a578387764
42,48142,doppler_scale_102,v24_nominal_model,True,True,True,1.0,3.3262566741389317,3.2967987339820777,True,1,20,19,0,0,0.2994554214418019,0.6075768750160933,False,False,2ae74fb66549123d460b67d28129dbaec6ab6de49984725f42009de27e8b0c5b,18f8b1b89235788464c987b1f278054cf20b0b9f7f7ee7a6653cbb01010f0cf3,5f2cc118d71bf2c0183d5f86ab953e84ea887ddf3a709bb0e576c19b41414380
42,48142,colored_noise_rho09_sd003,v24_nominal_model,True,True,True,1.0,0.7878925808763383,0.8333123647366724,True,0,0,0,0,0,0.2440949539867792,0.4956056659575552,False,False,2ae74fb66549123d460b67d28129dbaec6ab6de49984725f42009de27e8b0c5b,7faf4b59638446a588e242edb33020c75cf3e4c56e7ed3779c0b71502bfb478a,09326e61e9805d082196864575025e6822845d79aef637d52d5a2097867929ba
42,48142,colored_noise_rho09_sd003,v35_bias_gate_300,True,True,True,1.0,0.7878925808763383,0.8333123647366724,True,0,0,0,0,0,0.2440949539867792,0.5016885000513867,True,False,2ae74fb66549123d460b67d28129dbaec6ab6de49984725f42009de27e8b0c5b,7faf4b59638446a588e242edb33020c75cf3e4c56e7ed3779c0b71502bfb478a,09326e61e9805d082196864575025e6822845d79aef637d52d5a2097867929ba
42,48142,dropout_iid10,v24_nominal_model,True,True,True,1.0,0.6680932172667619,0.8215381387706221,True,0,0,0,0,0,0.2808196575308694,0.4305678750388324,False,False,2ae74fb66549123d460b67d28129dbaec6ab6de49984725f42009de27e8b0c5b,b811b774e8ad6a54d9fcc4ac25a11cc7ba8f782a6ca5ebf840c58ab733a78ea7,92350c30cb86b8fb18bd2bd9e331d3ea6d24f2ccbee81b3f091ad1d2e9225418
42,48142,broadcast_delay_2s,v24_nominal_model,True,True,True,1.0,5.299049673999585,0.6937244829397489,True,0,0,0,0,0,0.23437208625511077,0.49766574997920543,False,False,2ae74fb66549123d460b67d28129dbaec6ab6de49984725f42009de27e8b0c5b,cfcd701ce675df160ad7e68ff2a06183d0f05d5c5d4fd5a40ff0f4852209fd4d,a3aa872f5fe746f51424bf181bca081122b5a8928d07b2eec11f2e9f4dc4dfe0
42,48142,dead_reckoning_scale_101,v24_nominal_model,True,True,True,1.0,6.6944038614158625,6.700557655653399,True,0,0,0,0,0,0.28768796754613446,0.5043340420816094,False,False,2ae74fb66549123d460b67d28129dbaec6ab6de49984725f42009de27e8b0c5b,58755ac6cec69f240ca6ffdbe150f99d8be2af50996d2d5977c96306427d3734,387550497bcb57c9eedc1b645711701f9997246b5fed953cc6642540b4bf51dd
43,48143,nominal,v24_nominal_model,True,True,True,1.0,0.690638539955811,0.7646289001252565,True,0,0,0,0,0,0.2564185938359049,0.5065467499662191,False,False,2642b519ae9ac287f91e703f1367e81e2cdf017ffaedbcf31d735e6aae315c55,de51d84f5ea641b98c5f5085078ef5af7a3eb7186c3aeff3a50a36bd9400f245,2a0d089e15cc7b1602323ea9b2df2385466e33bef392b7db0a4858e7e8f06d68
43,48143,nominal,v35_bias_gate_300,True,True,True,1.0,0.690638539955811,0.7646289001252565,True,0,0,0,0,0,0.2564185938359049,0.5079110829392448,True,False,2642b519ae9ac287f91e703f1367e81e2cdf017ffaedbcf31d735e6aae315c55,de51d84f5ea641b98c5f5085078ef5af7a3eb7186c3aeff3a50a36bd9400f245,2a0d089e15cc7b1602323ea9b2df2385466e33bef392b7db0a4858e7e8f06d68
43,48143,doppler_common_bias_p003,v24_nominal_model,True,True,True,0.88,0.35109613928268607,0.48134634587299024,True,0,0,0,0,0,0.30767383216316857,0.5060805421089754,False,False,2642b519ae9ac287f91e703f1367e81e2cdf017ffaedbcf31d735e6aae315c55,7be8440f759b32e0489821370c1c02163e0f9ef7e1d6c2f9879b4311225d32b9,0e8728732bcbb7f55f9d3e8e0b4fb3a8c67d8226c3d5336ebb06a03e8fabc6c2
43,48143,doppler_common_bias_p003,v35_bias_gate_300,True,True,True,0.88,0.4790578998185065,0.5899991454670741,True,0,0,0,0,0,0.3076251063591598,1.0148556660860777,True,True,2642b519ae9ac287f91e703f1367e81e2cdf017ffaedbcf31d735e6aae315c55,7be8440f759b32e0489821370c1c02163e0f9ef7e1d6c2f9879b4311225d32b9,8b8c4e4dbf4858c9f7a2446602c71b2e67fcd6f88506dc4e025bfc8a11cf7cc6
43,48143,doppler_differential_bias_003,v24_nominal_model,False,False,False,0.0,5.656351895931971,8.855780708483216,True,0,0,0,0,0,0.23721839138717976,0.5070340409874916,False,False,2642b519ae9ac287f91e703f1367e81e2cdf017ffaedbcf31d735e6aae315c55,5af62364fd2cbcd76d59af72ebcb37a8864c9b20b27ae95bbaa2c97ca7893b5f,19a6149b9369c8c61059dfa9d2e455510a83157792a03b16d4948e4a450c2726
43,48143,doppler_differential_bias_003,v35_bias_gate_300,False,False,False,0.0,0.8036599325881953,9.990818705108147,True,0,0,0,0,0,0.25082848901000526,1.007543959072791,True,True,2642b519ae9ac287f91e703f1367e81e2cdf017ffaedbcf31d735e6aae315c55,5af62364fd2cbcd76d59af72ebcb37a8864c9b20b27ae95bbaa2c97ca7893b5f,5fde1457f5881361781ea9a9dcbe587778da8f373c2b788fdd125df225303c73
43,48143,doppler_scale_102,v24_nominal_model,True,True,True,1.0,1.8479113121726427,1.8831899718701675,True,0,0,0,0,0,0.21378778235892137,0.5133680829312652,False,False,2642b519ae9ac287f91e703f1367e81e2cdf017ffaedbcf31d735e6aae315c55,b1e61ff9016c2fb2ffec2b027464582d40d28fc51f6f0302633e986f7cf98d70,d47a5ef02293276dab8db566d6ce94e104d9a392b45b9a15c27963651a07fcfb
43,48143,colored_noise_rho09_sd003,v24_nominal_model,True,True,True,1.0,1.5343163831947233,1.6737310483171741,True,0,0,0,0,0,0.23487292556939895,0.5090504159452394,False,False,2642b519ae9ac287f91e703f1367e81e2cdf017ffaedbcf31d735e6aae315c55,0fa3b6b254a9833f9294e6865d5e805f8eb910685dec9c30c70dae7035111506,1ee530a086b800e4a626160c095fbb79653e62b78e61dffd081d1d4f0db59510
43,48143,colored_noise_rho09_sd003,v35_bias_gate_300,True,True,True,1.0,1.5343163831947233,1.6737310483171741,True,0,0,0,0,0,0.23487292556939895,0.5664801659295335,True,False,2642b519ae9ac287f91e703f1367e81e2cdf017ffaedbcf31d735e6aae315c55,0fa3b6b254a9833f9294e6865d5e805f8eb910685dec9c30c70dae7035111506,1ee530a086b800e4a626160c095fbb79653e62b78e61dffd081d1d4f0db59510
43,48143,dropout_iid10,v24_nominal_model,True,True,True,1.0,0.7145986164957471,0.8324209508939733,True,0,0,0,0,0,0.2533608338275497,0.464974166941829,False,False,2642b519ae9ac287f91e703f1367e81e2cdf017ffaedbcf31d735e6aae315c55,6bab9279df11775eb698851ad3de0cbbfece21a21cb523a1192656946d41e511,69a8aa0877bb95adaec81d3be630a7ec39eedc5cbd19f9b9aef945ef2d02811f
43,48143,broadcast_delay_2s,v24_nominal_model,True,True,True,1.0,3.576468525753311,1.8944730664812286,True,0,0,0,0,0,0.23344073876597352,0.5645763749489561,False,False,2642b519ae9ac287f91e703f1367e81e2cdf017ffaedbcf31d735e6aae315c55,6821d0e33c59cbd4fb9321572a10b818c47dbc52a1011e5327f04901e557db81,d792be3e9c821b2330f314777ac57c7b074f11a7c8cb2162f5810f9abf77c1d3
43,48143,dead_reckoning_scale_101,v24_nominal_model,False,True,False,0.84,7.288018459615811,7.39059395856766,True,0,7,8,8,0,0.298031750249778,0.5133436670294032,False,False,2642b519ae9ac287f91e703f1367e81e2cdf017ffaedbcf31d735e6aae315c55,0a35d6442d5024e7cadab86e6c640cb223b0ffd56d3cd50fbe327466bee9ff6a,26638ce08d82d680e7273648789ed0ca48d75f2728d0aad1aae2090ac1223075
44,48144,nominal,v24_nominal_model,True,True,True,1.0,0.4299626334375714,0.44775490389588724,True,0,0,0,0,0,0.2896486629696152,0.6963272501016036,False,False,2b03e7a7120b2ca2b6fb0b427090d3f0c531544e94b24c29816c0375b01414df,d801d6603b4f5f9dcc85f602a766126ee8205c6f4a3aeb4db7903c0ee159a45a,e166ae770a4fa487c7bd759ed1c5424c10e8992e9903f5116e56484141324012
44,48144,nominal,v35_bias_gate_300,True,True,True,1.0,0.4299626334375714,0.44775490389588724,True,0,0,0,0,0,0.2896486629696152,0.5082335420884192,True,False,2b03e7a7120b2ca2b6fb0b427090d3f0c531544e94b24c29816c0375b01414df,d801d6603b4f5f9dcc85f602a766126ee8205c6f4a3aeb4db7903c0ee159a45a,e166ae770a4fa487c7bd759ed1c5424c10e8992e9903f5116e56484141324012
44,48144,doppler_common_bias_p003,v24_nominal_model,True,True,True,1.0,3.74025159934655,3.8478150500474984,True,0,0,0,0,0,0.27319005903648397,0.5252150830347091,False,False,2b03e7a7120b2ca2b6fb0b427090d3f0c531544e94b24c29816c0375b01414df,5fbd0767fd9f1b70c19d1fee2eafbb5685f0e14f0dc1140f14cedfcecdf2fef5,1da93ad989f28a1dac17d21ed551ef46c73fd95b9fdf0f216eeb9cffd04d1189
44,48144,doppler_common_bias_p003,v35_bias_gate_300,True,True,True,1.0,0.487074967064266,0.4986600552535296,True,0,0,0,0,0,0.27665615345228145,1.031996125006117,True,True,2b03e7a7120b2ca2b6fb0b427090d3f0c531544e94b24c29816c0375b01414df,5fbd0767fd9f1b70c19d1fee2eafbb5685f0e14f0dc1140f14cedfcecdf2fef5,3eafe1d9f3cc541619abd2e22c5708f2e140abc081a21d727ec0bf99159efb28
44,48144,doppler_differential_bias_003,v24_nominal_model,True,True,True,1.0,2.0904401735708116,2.0855246746112925,True,0,0,0,0,0,0.33005250200029235,0.5145910420687869,False,False,2b03e7a7120b2ca2b6fb0b427090d3f0c531544e94b24c29816c0375b01414df,3ead8a1b04541bf6a059a59709f431fa52b40c3ba2c52b8d27a69446065dd6b7,d6f93c666460ae031d8ced6087905c6cd2f98f487b29c226bf8e0b195f15fb89
44,48144,doppler_differential_bias_003,v35_bias_gate_300,True,True,True,1.0,0.2981000020667316,0.3080333029721801,True,0,0,0,0,0,0.3490567356285163,1.0647090409183875,True,True,2b03e7a7120b2ca2b6fb0b427090d3f0c531544e94b24c29816c0375b01414df,3ead8a1b04541bf6a059a59709f431fa52b40c3ba2c52b8d27a69446065dd6b7,3f584140e09dcedfbf9d4bba5d64e9004ba65ec7a856c4db2a7fe585527a771a
44,48144,doppler_scale_102,v24_nominal_model,False,False,False,0.0,3.83510953127898,263.2708467465758,True,1,8,7,0,0,0.3142076126587545,0.4957254999317229,False,False,2b03e7a7120b2ca2b6fb0b427090d3f0c531544e94b24c29816c0375b01414df,40e2483a796e9522c2bcfb91b65f5e29fcc1ae1f2909cd1a378ab4a8d5333907,77e89ad14d62c752c013eed65e2266c4a6b913a91b175b77e584b0635edc03dc
44,48144,colored_noise_rho09_sd003,v24_nominal_model,True,True,True,1.0,0.8201931873386579,0.8209434811909964,True,0,0,0,0,0,0.26757626020880776,0.5104238749481738,False,False,2b03e7a7120b2ca2b6fb0b427090d3f0c531544e94b24c29816c0375b01414df,659f6a93bec13c5cc8c3646fe07ff0938eed4c17c1284e22d59302f289d237d0,05fbe26ecf24541a6268b601dba6d509ada8dc7dcc5e9eee77dc0b7c54915351
44,48144,colored_noise_rho09_sd003,v35_bias_gate_300,True,True,True,1.0,0.8201931873386579,0.8209434811909964,True,0,0,0,0,0,0.26757626020880776,0.5106452089967206,True,False,2b03e7a7120b2ca2b6fb0b427090d3f0c531544e94b24c29816c0375b01414df,659f6a93bec13c5cc8c3646fe07ff0938eed4c17c1284e22d59302f289d237d0,05fbe26ecf24541a6268b601dba6d509ada8dc7dcc5e9eee77dc0b7c54915351
44,48144,dropout_iid10,v24_nominal_model,True,True,True,1.0,0.14782400044761904,0.10516476488227858,True,0,0,0,0,0,0.27937065109342835,0.4572680410929024,False,False,2b03e7a7120b2ca2b6fb0b427090d3f0c531544e94b24c29816c0375b01414df,520f65e096c59950ce5cea5344bee0da449ba0af4f7f8fdea6a0ca98b663c3e6,98f7e2125c0e41b7614e80d75415a49776f54e45d646fdf030719510656c32f6
44,48144,broadcast_delay_2s,v24_nominal_model,True,False,True,0.38,4.080865402370657,1.1537853228877315,True,0,0,0,0,0,0.3332391749322988,0.5112194999819621,False,False,2b03e7a7120b2ca2b6fb0b427090d3f0c531544e94b24c29816c0375b01414df,fc98b9d9ee31856672306ad5949cf286875dcccf855ba009e97b11132cbcc49f,f4a5ed149651139be46b0266918762bd2b21a6f5c3cf511ee4b106ee65cc57e6
44,48144,dead_reckoning_scale_101,v24_nominal_model,True,True,True,1.0,3.3835240435874807,3.4391191439844464,True,0,0,0,0,0,0.28108459608027436,0.5499354159692302,False,False,2b03e7a7120b2ca2b6fb0b427090d3f0c531544e94b24c29816c0375b01414df,0be1a6e9f6fa6e886d33378344b05493e9e35255a4b7fca282565bf280c8767d,cd6f78cad63de5af203fed80b941c623ceabdb5c158f312fe5a3ad18fbea9066
45,48145,nominal,v24_nominal_model,True,True,True,1.0,0.7924572704519337,0.8637650597128606,True,0,0,0,0,0,0.25079207190971425,0.4932397920638323,False,False,7aba93bd1567a7b3939b5696bef4da30ef825a566b4560d9b2877dac0b1d422e,6a2ac4d52619c2d47c170767bedbaa9fd9e3f86119d1e4eb9c5809dbd83c6c7b,acaa046ed512cafcbc82dff2d9144ef876e1fc94eedd787e37587929e4dbcd80
45,48145,nominal,v35_bias_gate_300,True,True,True,1.0,0.7924572704519337,0.8637650597128606,True,0,0,0,0,0,0.25079207190971425,0.5857558749848977,True,False,7aba93bd1567a7b3939b5696bef4da30ef825a566b4560d9b2877dac0b1d422e,6a2ac4d52619c2d47c170767bedbaa9fd9e3f86119d1e4eb9c5809dbd83c6c7b,acaa046ed512cafcbc82dff2d9144ef876e1fc94eedd787e37587929e4dbcd80
45,48145,doppler_common_bias_p003,v24_nominal_model,True,True,True,1.0,1.2481560863984555,1.442850258148947,True,0,0,0,0,0,0.2980719036780777,0.5811667919624597,False,False,7aba93bd1567a7b3939b5696bef4da30ef825a566b4560d9b2877dac0b1d422e,462db2000449288cf17a8285dc03a6043cdd7b09ba32826600c8d36d46b440a3,26d8934d83de3b42bcd2bf35437d9a37b4e9bda55bfa909303110c3bef3f7df7
45,48145,doppler_common_bias_p003,v35_bias_gate_300,True,True,True,1.0,0.7191455421409123,0.8043866602127381,True,0,0,0,0,0,0.29767674636442526,1.0315504589816555,True,True,7aba93bd1567a7b3939b5696bef4da30ef825a566b4560d9b2877dac0b1d422e,462db2000449288cf17a8285dc03a6043cdd7b09ba32826600c8d36d46b440a3,8fa8d4d5831b3bfd5ffba396b8e2c9763f14b78092260eae5e25e5cd2b6f4600
45,48145,doppler_differential_bias_003,v24_nominal_model,True,True,True,1.0,2.7696260727292015,2.8034183787609583,True,0,0,0,0,0,0.24960539889101419,0.5126549169654027,False,False,7aba93bd1567a7b3939b5696bef4da30ef825a566b4560d9b2877dac0b1d422e,3cf31be76bde96aa9703404581419a97e3368bb0ae5db17825575fa2685913d2,775eac5e55917553ff6ff751b54135426f5c81c4aae73a6dc404ea2f1dad95b1
45,48145,doppler_differential_bias_003,v35_bias_gate_300,True,True,True,1.0,0.8085188928749372,0.9122481687881812,True,0,0,0,0,0,0.25112149572817694,1.0259457919746637,True,True,7aba93bd1567a7b3939b5696bef4da30ef825a566b4560d9b2877dac0b1d422e,3cf31be76bde96aa9703404581419a97e3368bb0ae5db17825575fa2685913d2,658e3ab17e50922b0eaeb3b23b48b0da3cff5748de2d661761921057d1562364
45,48145,doppler_scale_102,v24_nominal_model,True,True,True,1.0,4.284173980612816,4.1746087045161735,True,0,0,0,0,0,0.19968346717135238,0.501453208969906,False,False,7aba93bd1567a7b3939b5696bef4da30ef825a566b4560d9b2877dac0b1d422e,cc52d6a518341aa1ce2d111de7156e80ce93aec85701bf460daac3793d407c5e,8036b8cd398bd603c1803d4ab539b9ddb6bb378f25ce72228efdfacebbd53317
45,48145,colored_noise_rho09_sd003,v24_nominal_model,True,True,True,1.0,1.4137025676595765,1.561281429175305,True,0,0,0,0,0,0.25181150489006787,0.5936404159292579,False,False,7aba93bd1567a7b3939b5696bef4da30ef825a566b4560d9b2877dac0b1d422e,a4821e3881bd5510361f2a9f75091168e5023098d58e65025610357f16656c09,eba33df50b114849fc4313b4abec9f0af47efb83788bad4f14eb2809acb4a02a
45,48145,colored_noise_rho09_sd003,v35_bias_gate_300,True,True,True,1.0,1.4137025676595765,1.561281429175305,True,0,0,0,0,0,0.25181150489006787,0.5079229580005631,True,False,7aba93bd1567a7b3939b5696bef4da30ef825a566b4560d9b2877dac0b1d422e,a4821e3881bd5510361f2a9f75091168e5023098d58e65025610357f16656c09,eba33df50b114849fc4313b4abec9f0af47efb83788bad4f14eb2809acb4a02a
45,48145,dropout_iid10,v24_nominal_model,True,True,True,1.0,0.8462227018883403,0.9270464824665733,True,0,0,0,0,0,0.2645136027503825,0.46338083303999156,False,False,7aba93bd1567a7b3939b5696bef4da30ef825a566b4560d9b2877dac0b1d422e,09a32b63a43a1206f3080b16e41d3b3424a747daae82a10fb9b210b52138a0cf,4b5fcf4a6a5dac7e1200ca517b2e3f714d9f48087e3e0eb06ab42115d30e29de
45,48145,broadcast_delay_2s,v24_nominal_model,True,True,True,1.0,6.563460237331413,1.9189026487223015,True,0,0,0,0,0,0.26999367593702006,0.5086667079012841,False,False,7aba93bd1567a7b3939b5696bef4da30ef825a566b4560d9b2877dac0b1d422e,ae42f769244ca06007e9ec6c6e58d29e22572fd333e8fe9b176599b7371cfb64,63bd79649d2e3eefa34d3674ae3f2d2adece5bfe889ab49096de804e8d3337fe
45,48145,dead_reckoning_scale_101,v24_nominal_model,True,True,True,1.0,6.755719793990988,6.89895697061861,True,0,0,0,0,0,0.2076636784499629,0.49791725003160536,False,False,7aba93bd1567a7b3939b5696bef4da30ef825a566b4560d9b2877dac0b1d422e,20df06ff3692d20ff1cd1815bc4c8faf9cc86158494add769ea024646b3df673,7918ba0fda01dc1818ddf40aa1e90b16b25a72c7c3773748afea42cfa967bf40
46,48146,nominal,v24_nominal_model,True,True,True,1.0,1.076339082094729,0.9494335878099388,True,0,0,0,0,0,0.14782529375639983,0.5303688750136644,False,False,e47ac25193f5bf6a255e3a0ecccd8b9dc41539b772b222e0b82b3abe92226a8b,d3b7f0818d890081e823be58d40f3601de0b23917469ead8ccbb01b1c8872352,b55405d5c70d78be20d81d803379d106abdcd43af997cb4a8c2993619762e6da
46,48146,nominal,v35_bias_gate_300,True,True,True,1.0,1.076339082094729,0.9494335878099388,True,0,0,0,0,0,0.14782529375639983,0.5162833329522982,True,False,e47ac25193f5bf6a255e3a0ecccd8b9dc41539b772b222e0b82b3abe92226a8b,d3b7f0818d890081e823be58d40f3601de0b23917469ead8ccbb01b1c8872352,b55405d5c70d78be20d81d803379d106abdcd43af997cb4a8c2993619762e6da
46,48146,doppler_common_bias_p003,v24_nominal_model,True,True,True,1.0,1.47539417055512,1.3400873049917694,True,0,0,0,0,0,0.22718496995417176,0.5051930829649791,False,False,e47ac25193f5bf6a255e3a0ecccd8b9dc41539b772b222e0b82b3abe92226a8b,ede4491192290cf20f312876d02217076ea00cebe99e05e44ed9fcc9ee5d0397,4c52f7ebe7cfebf179a217c45de1e70b90e8a3d857307b009ac63a94dc5b88e6
46,48146,doppler_common_bias_p003,v35_bias_gate_300,True,True,True,1.0,0.6706310837153548,0.47287446248677123,True,0,0,0,0,0,0.22703243023421418,1.0559540420072153,True,True,e47ac25193f5bf6a255e3a0ecccd8b9dc41539b772b222e0b82b3abe92226a8b,ede4491192290cf20f312876d02217076ea00cebe99e05e44ed9fcc9ee5d0397,d30e7e4a306145d4ae0173d596533cc6b44e90e1bb9a3a5c59cfaf5d5acf9749
46,48146,doppler_differential_bias_003,v24_nominal_model,True,True,True,1.0,0.5159435640847804,0.576452091750814,True,0,0,0,0,0,0.18650492338869973,0.5273942499188706,False,False,e47ac25193f5bf6a255e3a0ecccd8b9dc41539b772b222e0b82b3abe92226a8b,692b9207d6ec12ce3a7897a18c7be3184876cc5bac341c49a5f9c9c7caef303a,039d3e25b4782b58a9f692b2866831da3107a3469ccb8c5039c1d7c04e6b6ba5
46,48146,doppler_differential_bias_003,v35_bias_gate_300,True,True,True,1.0,0.5041500708513409,0.2940190140802789,True,0,0,0,0,0,0.186217701138515,1.1113382080802694,True,True,e47ac25193f5bf6a255e3a0ecccd8b9dc41539b772b222e0b82b3abe92226a8b,692b9207d6ec12ce3a7897a18c7be3184876cc5bac341c49a5f9c9c7caef303a,016220ea808c5eb322d55a41a1d27c332dd94bc90b4d7da2be8d22388c6606da
46,48146,doppler_scale_102,v24_nominal_model,True,True,True,1.0,0.8781265446329974,0.7825658618482584,True,0,0,0,0,0,0.21393083228333393,0.657447291072458,False,False,e47ac25193f5bf6a255e3a0ecccd8b9dc41539b772b222e0b82b3abe92226a8b,f5bbe3c8206e87289b2c7d6444b9013cc05718373fdf1393646c28f1e2049c8d,7eabaf51417ecd0ccd60b805fb208af37283ab9a0944a6b8f7ee77a3930ca06c
46,48146,colored_noise_rho09_sd003,v24_nominal_model,True,True,True,1.0,0.46651460880553175,0.2987606527506693,True,0,0,0,0,0,0.2587024154750502,0.5830810840707272,False,False,e47ac25193f5bf6a255e3a0ecccd8b9dc41539b772b222e0b82b3abe92226a8b,5f324c56282bde25642cd800b733176f473e46fa19338643a8212c7bded740e5,6d8feed75226e8a75c365034562b9f80cfbb9a8f6013b781770112948fe0cb2b
46,48146,colored_noise_rho09_sd003,v35_bias_gate_300,True,True,True,1.0,0.46651460880553175,0.2987606527506693,True,0,0,0,0,0,0.2587024154750502,0.5808198750019073,True,False,e47ac25193f5bf6a255e3a0ecccd8b9dc41539b772b222e0b82b3abe92226a8b,5f324c56282bde25642cd800b733176f473e46fa19338643a8212c7bded740e5,6d8feed75226e8a75c365034562b9f80cfbb9a8f6013b781770112948fe0cb2b
46,48146,dropout_iid10,v24_nominal_model,True,True,True,1.0,0.7921943840682072,0.5933095857024842,True,0,0,0,0,0,0.22309079590182582,0.4760111659998074,False,False,e47ac25193f5bf6a255e3a0ecccd8b9dc41539b772b222e0b82b3abe92226a8b,23841b49985941ad830f989054e370b22ad62f1292c571c68c519c07c2b5a32b,9112bf22f4c9846c93f9f12ec79236369f8302f53f7e50cd177f0916b7aa5d57
46,48146,broadcast_delay_2s,v24_nominal_model,True,True,True,1.0,4.20223182096549,1.219983683011841,True,0,0,0,0,0,0.14828919478553879,0.511938540963456,False,False,e47ac25193f5bf6a255e3a0ecccd8b9dc41539b772b222e0b82b3abe92226a8b,077a3422b624f04e79cf223a1e48591f5f95e0ce127642741134af26ca059453,391de48cc9cdffe62c272f3cd04c241762b737da2e2e20dbedfbf109c80c9003
46,48146,dead_reckoning_scale_101,v24_nominal_model,False,False,False,0.54,7.831735328484955,7.98883757212316,True,0,22,23,23,0,0.2753211540155356,0.5764947920106351,False,False,e47ac25193f5bf6a255e3a0ecccd8b9dc41539b772b222e0b82b3abe92226a8b,53c52fb554f1df6b26167fa2200c8a864bd2c3535c6da6b8e00765b2e29b1f5f,451672cb18eac94d019e6a4e1c5ba6df841d7dddf8a0de7c9d8f1b1121839cb5
47,48147,nominal,v24_nominal_model,True,True,True,1.0,0.36181907047671913,0.4916840131526223,True,0,0,0,0,0,0.2679511154555607,0.5055103340419009,False,False,5d10c9cceb1e9aaec2083be8529211966af5cc82a98809e4d643f39e2be7c277,eb32297e328d00d86fd0236dcf437ba7f587c42984200939c58a7c336b5e21ed,065577011f90508128baa408f1e7f4045961ed231bd0269756f828916563283e
47,48147,nominal,v35_bias_gate_300,True,True,True,1.0,0.36181907047671913,0.4916840131526223,True,0,0,0,0,0,0.2679511154555607,0.5051142079755664,True,False,5d10c9cceb1e9aaec2083be8529211966af5cc82a98809e4d643f39e2be7c277,eb32297e328d00d86fd0236dcf437ba7f587c42984200939c58a7c336b5e21ed,065577011f90508128baa408f1e7f4045961ed231bd0269756f828916563283e
47,48147,doppler_common_bias_p003,v24_nominal_model,True,True,True,1.0,0.7400254473255045,0.8828818922718302,True,0,0,0,0,0,0.35982381546754694,0.5685276660369709,False,False,5d10c9cceb1e9aaec2083be8529211966af5cc82a98809e4d643f39e2be7c277,f6833ffdb1e62824c7e0fe94c102932db2882cfc76c51177c72d20e9dceb1614,a2d0955fccacabe63ee75b75ef937d0d026861206b7ce1905dad59702b7dae3a
47,48147,doppler_common_bias_p003,v35_bias_gate_300,True,True,True,1.0,0.4027628500077606,0.6059688612399337,True,0,0,0,0,0,0.45008408331450017,1.177335083950311,True,True,5d10c9cceb1e9aaec2083be8529211966af5cc82a98809e4d643f39e2be7c277,f6833ffdb1e62824c7e0fe94c102932db2882cfc76c51177c72d20e9dceb1614,057b73fc0bf2574f7c3a32a79c2551f30f987e1a6980d6196b09a07979ab784d
47,48147,doppler_differential_bias_003,v24_nominal_model,True,False,False,0.28,0.45009676821110495,1.5692298498757773,True,0,0,0,0,0,0.32644265634736597,0.5320100000826642,False,False,5d10c9cceb1e9aaec2083be8529211966af5cc82a98809e4d643f39e2be7c277,810aa6bb5d2baf2ba57f802e4e035bb3c3c14376b48450665d883d18ec1e7381,69a437fb1291f8c3759b7bec0e67f42d7ea42ec9257a404992b339f46b28feb0
47,48147,doppler_differential_bias_003,v35_bias_gate_300,True,False,False,0.28,0.2516943510188331,1.698654577788037,True,0,0,0,0,0,0.32618672357311995,1.1176319988444448,True,True,5d10c9cceb1e9aaec2083be8529211966af5cc82a98809e4d643f39e2be7c277,810aa6bb5d2baf2ba57f802e4e035bb3c3c14376b48450665d883d18ec1e7381,ffa86eac5e0fee16b38d70c7b5634380cfd3253dc8950f56fab30027a9f706e3
47,48147,doppler_scale_102,v24_nominal_model,False,False,False,0.0,3.6317066018230486,1327.3661116580479,False,0,0,0,0,0,0.19464363214275304,0.550766333937645,False,False,5d10c9cceb1e9aaec2083be8529211966af5cc82a98809e4d643f39e2be7c277,b1aee1bac09acf0ac6fbfe0f8cdbe8334ef617fbb4d485d4ed9842f2ffb3ddf0,562a579497e6b50bff10165a87da4b34c11c8c4d71a68628373ef5370c33c18c
47,48147,colored_noise_rho09_sd003,v24_nominal_model,True,False,True,0.44,0.478735163294109,0.9089045751573689,True,0,0,0,0,0,0.32523588804818476,0.6003645000746474,False,False,5d10c9cceb1e9aaec2083be8529211966af5cc82a98809e4d643f39e2be7c277,8e7f0308bbb65b481f743b6eed9d442d9719d75d359d1589443f0b885b7193b4,06b84e97865d27eb86e0b917eef803d31e3b34f7c478d74caec329c09caec630
47,48147,colored_noise_rho09_sd003,v35_bias_gate_300,True,False,True,0.44,0.478735163294109,0.9089045751573689,True,0,0,0,0,0,0.32523588804818476,0.5268121669068933,True,False,5d10c9cceb1e9aaec2083be8529211966af5cc82a98809e4d643f39e2be7c277,8e7f0308bbb65b481f743b6eed9d442d9719d75d359d1589443f0b885b7193b4,06b84e97865d27eb86e0b917eef803d31e3b34f7c478d74caec329c09caec630
47,48147,dropout_iid10,v24_nominal_model,True,True,True,1.0,0.4091296811490111,0.5148911733444239,True,0,0,0,0,0,0.2934472028294604,0.5546052909921855,False,False,5d10c9cceb1e9aaec2083be8529211966af5cc82a98809e4d643f39e2be7c277,8290b463102296bff98ab30b19337dc850dd81f4c343a12d6797d8a3aaab258f,029aecfe3f2d74e067d968280a630897ba498a3a1a49c85d604b460b29b99e17
47,48147,broadcast_delay_2s,v24_nominal_model,True,True,True,1.0,4.1018046887401995,0.6882562423140665,True,0,0,0,0,0,0.2676037188300338,0.5122159579768777,False,False,5d10c9cceb1e9aaec2083be8529211966af5cc82a98809e4d643f39e2be7c277,90076f2a65e3800faeb015fe4a0dd6cc3ab524508df99f1dd484ed05cfe3f47c,e5816f6312a67be83c52db6f97b49ef843c83f3c530baef1ac6a5d34ff723f77
47,48147,dead_reckoning_scale_101,v24_nominal_model,True,False,True,0.62,3.0902570407444947,2.959244354216812,True,0,0,0,0,0,0.287722686865763,0.6906044170027599,False,False,5d10c9cceb1e9aaec2083be8529211966af5cc82a98809e4d643f39e2be7c277,824ff0f2c1d96e033e085fae78b4acbd3ff5c30cc3f3f9baa93b4f392055f1d3,9cfb3285f2c2b9acf1d297aa98f0d2f5b6a75281206206213ed8fd46fa17750b
48,48148,nominal,v24_nominal_model,True,True,True,1.0,0.10706179924645198,0.41350867601798813,True,0,0,0,0,0,0.19685513850126418,0.5138718750094995,False,False,a456be923f539901d1fbd2cec2652d5fa30cf7c7f7f2bf2b00e894b47840e25f,122a331776fe8da090f5a27d48b48cf40f904fcc76198800f69b4410ec6c187f,38a98ce222d60c41cef7fa1cfb598bbf84c213b15a5d693ddd3d648a2b34cbe6
48,48148,nominal,v35_bias_gate_300,True,True,True,1.0,0.10706179924645198,0.41350867601798813,True,0,0,0,0,0,0.19685513850126418,0.5188342920737341,True,False,a456be923f539901d1fbd2cec2652d5fa30cf7c7f7f2bf2b00e894b47840e25f,122a331776fe8da090f5a27d48b48cf40f904fcc76198800f69b4410ec6c187f,38a98ce222d60c41cef7fa1cfb598bbf84c213b15a5d693ddd3d648a2b34cbe6
48,48148,doppler_common_bias_p003,v24_nominal_model,True,True,True,1.0,0.18391645228272568,0.2914414745576447,True,0,0,0,0,0,0.19542235644693665,0.5242554580327123,False,False,a456be923f539901d1fbd2cec2652d5fa30cf7c7f7f2bf2b00e894b47840e25f,982240aa161b9697f0607c3c2814c3f959fbcc8f777c97ad4ae9ab449a3749d3,d0b82e974e89f41320e1b03c67e8e264cf07b54123b338582d3f68ae95472587
48,48148,doppler_common_bias_p003,v35_bias_gate_300,True,True,True,1.0,0.22327950027246843,0.4544323110954063,True,0,0,0,0,0,0.1955120597761858,1.0630277490708977,True,True,a456be923f539901d1fbd2cec2652d5fa30cf7c7f7f2bf2b00e894b47840e25f,982240aa161b9697f0607c3c2814c3f959fbcc8f777c97ad4ae9ab449a3749d3,e08eabdf3ece5cbdcd2d9c815aba0b379663f49ddc0d55e410bb982d7ba5ed72
48,48148,doppler_differential_bias_003,v24_nominal_model,True,True,True,1.0,0.23821123561771174,0.6387828677002931,True,0,0,0,0,0,0.19836682995952895,0.5195682500489056,False,False,a456be923f539901d1fbd2cec2652d5fa30cf7c7f7f2bf2b00e894b47840e25f,a6c084612130e3edd836e8153a3b94350997540bb37f665ff13938ec81194ef0,78a6cc50eb459396d0fd6a81f348aa10a7e1d1e65187d314dfb253a9cf7eadd2
48,48148,doppler_differential_bias_003,v35_bias_gate_300,True,True,True,1.0,0.08057891983369829,0.42502355381584317,True,0,0,0,0,0,0.19843041942755404,1.1050109579227865,True,True,a456be923f539901d1fbd2cec2652d5fa30cf7c7f7f2bf2b00e894b47840e25f,a6c084612130e3edd836e8153a3b94350997540bb37f665ff13938ec81194ef0,be997384e4fb7858da8803ff138fb617413bcbe96f5530baf2306f389ccc7023
48,48148,doppler_scale_102,v24_nominal_model,True,True,True,1.0,1.6338469016361112,1.3333043251209347,True,0,0,0,0,0,0.2173824693830619,0.526097625028342,False,False,a456be923f539901d1fbd2cec2652d5fa30cf7c7f7f2bf2b00e894b47840e25f,defd458c642e67d921559e0ed7b59abc3e8958f5e032bd51314b3ba2dfa93b6b,be6d33476edff738bd319804133a5488c6907ebb31ff48c077b3377f51f79459
48,48148,colored_noise_rho09_sd003,v24_nominal_model,True,True,True,1.0,0.707258723205157,0.498159269065217,True,0,0,0,0,0,0.20168388207078883,0.6935530418995768,False,False,a456be923f539901d1fbd2cec2652d5fa30cf7c7f7f2bf2b00e894b47840e25f,96ea33bba37ef1c93722f03068a07f836a5b7345666f064c7cb6e2a92bfc48af,1c03f268fd476587be65e3c020d386c28b26bb7d5ebbe9de9c3589bc6e9ae1a0
48,48148,colored_noise_rho09_sd003,v35_bias_gate_300,True,True,True,1.0,0.707258723205157,0.498159269065217,True,0,0,0,0,0,0.20168388207078883,0.5204592909431085,True,False,a456be923f539901d1fbd2cec2652d5fa30cf7c7f7f2bf2b00e894b47840e25f,96ea33bba37ef1c93722f03068a07f836a5b7345666f064c7cb6e2a92bfc48af,1c03f268fd476587be65e3c020d386c28b26bb7d5ebbe9de9c3589bc6e9ae1a0
48,48148,dropout_iid10,v24_nominal_model,True,True,True,1.0,0.18206042505624567,0.46807176959674074,True,0,0,0,0,0,0.1958034488591275,0.4762103329412639,False,False,a456be923f539901d1fbd2cec2652d5fa30cf7c7f7f2bf2b00e894b47840e25f,7c548b73dedfd7ff06ee75ae1f07511e10e04b39361d4a302f185b805979c7c2,8c419b705d3c756651e00b045a29eb6eead6a6ded69eff3f903a0b70db0c1e56
48,48148,broadcast_delay_2s,v24_nominal_model,True,True,True,1.0,5.409337246230073,0.32361488638672253,True,0,0,0,0,0,0.23923273943013262,0.6429314160486683,False,False,a456be923f539901d1fbd2cec2652d5fa30cf7c7f7f2bf2b00e894b47840e25f,2c3a93e9a0628e72244ab2ff4f7e57f9dd9940594225f46c389f41cc031c3237,4ee8ed9562c672ffa2c7e57df1a0a6a48aa4cd592048be335b3f943949091383
48,48148,dead_reckoning_scale_101,v24_nominal_model,False,False,False,0.1,9.342937872378604,9.587981523852191,True,0,44,45,45,0,0.19529624306969814,0.5223502090666443,False,False,a456be923f539901d1fbd2cec2652d5fa30cf7c7f7f2bf2b00e894b47840e25f,6a6ffef92d6efec543478921a152ed0820c5ad3298a562569c949e25be74b4c8,9e6ee2e9da8580d9e6eea422a7920036687686853ef882abfa3fce16c536c792
49,48149,nominal,v24_nominal_model,True,True,True,1.0,0.6783851202621016,0.7764961653549023,True,0,0,0,0,0,0.24715680683255092,0.5031006659846753,False,False,2df177241e55725353e6f59126b00dd29bca051a2d7b9020b2a18ac58b9f449d,8a27279e97d9eb0f516999ae7e63e67c96cd3e466d29aef79e2c347d3bb798f1,479585f20fa0cf14f56d04d2ceb41112574b06b62e60b24bfa24ee3eaf02d715
49,48149,nominal,v35_bias_gate_300,True,True,True,1.0,0.6783851202621016,0.7764961653549023,True,0,0,0,0,0,0.24715680683255092,0.5031031250255182,True,False,2df177241e55725353e6f59126b00dd29bca051a2d7b9020b2a18ac58b9f449d,8a27279e97d9eb0f516999ae7e63e67c96cd3e466d29aef79e2c347d3bb798f1,479585f20fa0cf14f56d04d2ceb41112574b06b62e60b24bfa24ee3eaf02d715
49,48149,doppler_common_bias_p003,v24_nominal_model,True,False,True,0.68,0.5277572997606245,0.6551161805553484,True,0,0,0,0,0,0.3101078568435243,0.5031973749864846,False,False,2df177241e55725353e6f59126b00dd29bca051a2d7b9020b2a18ac58b9f449d,c6f4f5b8cac91ae860ee5a4bf3c4b1e262b5650d5d134f3050901502c6b4475e,76e5877c9eca3f3d05c7b94f60b0ebe0756cdf7b485b54eff27ad9a3d541ce47
49,48149,doppler_common_bias_p003,v35_bias_gate_300,True,False,True,0.68,0.671191470199971,0.7802281300066319,True,0,0,0,0,0,0.30984559310272397,1.0367421668488532,True,True,2df177241e55725353e6f59126b00dd29bca051a2d7b9020b2a18ac58b9f449d,c6f4f5b8cac91ae860ee5a4bf3c4b1e262b5650d5d134f3050901502c6b4475e,33790be94adb8b47ce37598525bf1528e080b8ce279c26a89627b60e00cde7bc
49,48149,doppler_differential_bias_003,v24_nominal_model,True,True,True,1.0,0.7101685027935799,0.8257957603067142,True,0,0,0,0,0,0.2904646700386708,0.5782579169608653,False,False,2df177241e55725353e6f59126b00dd29bca051a2d7b9020b2a18ac58b9f449d,deb232b1cf3cb229c093568bc6e72773c1e329b225b952d5beafd0fefbdfc3a2,7fb493545daf7b49e3955f4d3be25d30a587edac6f56e21282659d7ecf8ff9dc
49,48149,doppler_differential_bias_003,v35_bias_gate_300,True,True,True,1.0,0.7258581680697107,0.7742516348404642,True,0,0,0,0,0,0.29055330857457007,1.0281383340479806,True,True,2df177241e55725353e6f59126b00dd29bca051a2d7b9020b2a18ac58b9f449d,deb232b1cf3cb229c093568bc6e72773c1e329b225b952d5beafd0fefbdfc3a2,45fa5e7ad8c3e55d88ec9218374040be513b0ae2c0685effcd0d8b98972ae206
49,48149,doppler_scale_102,v24_nominal_model,False,False,False,0.0,3.5958561662505026,1833.3193296059496,False,0,0,0,0,0,0.21361647183619184,0.5403042510151863,False,False,2df177241e55725353e6f59126b00dd29bca051a2d7b9020b2a18ac58b9f449d,c8ebf54b32146a5c658805297d3fbd283ec31f68d79cb396d8389f7e419832c6,39514f4028102db4f8c4005ff0247a43edb149a829c5ac913b768c576b958e06
49,48149,colored_noise_rho09_sd003,v24_nominal_model,True,True,True,1.0,0.8038542317330416,0.9155435860213363,True,0,0,0,0,0,0.3673008611528485,0.6106738749658689,False,False,2df177241e55725353e6f59126b00dd29bca051a2d7b9020b2a18ac58b9f449d,3428dfb4415131f8297b1400b640db3c67d5b8f163b13a3768e1f4a3876c51d6,2dab3600ae251852cc877c8622a1a93d2930d0dc27cca91e4329b3607c5ac11b
49,48149,colored_noise_rho09_sd003,v35_bias_gate_300,True,True,True,1.0,0.8038542317330416,0.9155435860213363,True,0,0,0,0,0,0.3673008611528485,0.5004115420160815,True,False,2df177241e55725353e6f59126b00dd29bca051a2d7b9020b2a18ac58b9f449d,3428dfb4415131f8297b1400b640db3c67d5b8f163b13a3768e1f4a3876c51d6,2dab3600ae251852cc877c8622a1a93d2930d0dc27cca91e4329b3607c5ac11b
49,48149,dropout_iid10,v24_nominal_model,True,True,True,1.0,0.6753396253779739,0.7730668669553858,True,0,0,0,0,0,0.2698691677160192,0.6297647079918534,False,False,2df177241e55725353e6f59126b00dd29bca051a2d7b9020b2a18ac58b9f449d,6f5170abc1517b8abc8642698a83e45962d2d7091825fef3e85dc4bdeb13d9ef,1e7d9eca1b839251f13bd15cfa7482316e3a7df7987741050f9754459c445e45
49,48149,broadcast_delay_2s,v24_nominal_model,True,True,True,0.9,5.713296719494825,1.389836848493092,True,0,0,0,0,0,0.344468847809832,0.5255180000094697,False,False,2df177241e55725353e6f59126b00dd29bca051a2d7b9020b2a18ac58b9f449d,350f6801854cc875c44df7c47da0ffeaefc015b31ab9768720037e4a897a03c5,ceca7b5d24a55b0bd533fff4f5c0f8f85c44fa98c7428022996e3ca302e1936b
49,48149,dead_reckoning_scale_101,v24_nominal_model,True,True,True,1.0,5.79160963654673,5.792511832445895,True,0,0,0,0,0,0.3462304224578634,0.8048623749054968,False,False,2df177241e55725353e6f59126b00dd29bca051a2d7b9020b2a18ac58b9f449d,5ea8f5e8c4cef7ed34c2f2b5ab357384f8477059a807bfb71210eba6d124c6a0,210d87a7c4a34a627e498891e7d497dbec4071285c9052a5985f91d35b98577d
50,48150,nominal,v24_nominal_model,True,True,True,1.0,0.5796331290388681,0.6339756899289472,True,0,0,0,0,0,0.2711867337351558,0.4960398329421878,False,False,86a628671fcaaa8fd43879c26414a04420f5b143e98f2a6cacb4004f256cebc5,4c7e938388846d0e8e1e1c6b3e1a90baa2a1b792b9445e2f24c2afe169fe4359,3f9371f0742e052e4b226c0c3a9c93f561c929b74b4662303e17980d506a6b42
50,48150,nominal,v35_bias_gate_300,True,True,True,1.0,0.5796331290388681,0.6339756899289472,True,0,0,0,0,0,0.2711867337351558,0.5106635830597952,True,False,86a628671fcaaa8fd43879c26414a04420f5b143e98f2a6cacb4004f256cebc5,4c7e938388846d0e8e1e1c6b3e1a90baa2a1b792b9445e2f24c2afe169fe4359,3f9371f0742e052e4b226c0c3a9c93f561c929b74b4662303e17980d506a6b42
50,48150,doppler_common_bias_p003,v24_nominal_model,True,True,True,1.0,1.4339033911501096,1.4756081918464758,True,0,0,0,0,0,0.2690645270620838,0.502198625006713,False,False,86a628671fcaaa8fd43879c26414a04420f5b143e98f2a6cacb4004f256cebc5,fef54e783388028523a4e86d99f3f5e92143496ffbd968979ec1f75522d97c27,96cdb7a08e9f8ab404e7db89ae5b7da0193460b8beee716bb2b98835a2c307e4
50,48150,doppler_common_bias_p003,v35_bias_gate_300,True,True,True,1.0,0.3838291022664089,0.41196050338751644,True,0,0,0,0,0,0.26973352216272917,1.0163744578603655,True,True,86a628671fcaaa8fd43879c26414a04420f5b143e98f2a6cacb4004f256cebc5,fef54e783388028523a4e86d99f3f5e92143496ffbd968979ec1f75522d97c27,f8729c7fb1d36b6e64e61ce844cddcca768559f3d7ba792e41e0ba514d052a37
50,48150,doppler_differential_bias_003,v24_nominal_model,True,True,True,1.0,1.9890297920437023,2.0572884696093174,True,0,0,0,0,0,0.271342907534791,0.5098207499831915,False,False,86a628671fcaaa8fd43879c26414a04420f5b143e98f2a6cacb4004f256cebc5,c2c58fe7fdfc69ac6b4a337af0dc6398d73f61213e427328be06e9ebe8e800bc,a39ee6c09559b9e4bb6a8e2c5eb60c4b14a2c0358a67829b1d785992bd0c89f3
50,48150,doppler_differential_bias_003,v35_bias_gate_300,True,True,True,1.0,0.715570777428435,0.7656439106979093,True,0,0,0,0,0,0.31440145744629344,1.049613249138929,True,True,86a628671fcaaa8fd43879c26414a04420f5b143e98f2a6cacb4004f256cebc5,c2c58fe7fdfc69ac6b4a337af0dc6398d73f61213e427328be06e9ebe8e800bc,01a82dca4bcbff6b658910a65f1bcc484044d184e6947075ee09badc9f96ec00
50,48150,doppler_scale_102,v24_nominal_model,True,True,True,1.0,2.123290248893402,2.033649341938171,True,0,0,0,0,0,0.27035871552931595,0.5055583339417353,False,False,86a628671fcaaa8fd43879c26414a04420f5b143e98f2a6cacb4004f256cebc5,3992521a43a3c665cee59169231ce51deecdce1734ba70214169876a94f64256,99b4700a98792649c1cd045d7b4eb0f17358e95e5fdbc08b52585cf046962e52
50,48150,colored_noise_rho09_sd003,v24_nominal_model,True,True,True,1.0,1.1593036796781664,1.2423824198680031,True,0,0,0,0,0,0.2711885584929615,0.5066493750782683,False,False,86a628671fcaaa8fd43879c26414a04420f5b143e98f2a6cacb4004f256cebc5,e9d19455c246f5fc7ebe83f3c4b41abaa9cac7b453b0089c35c0b6ae5c1e682f,a2da68635274f61d146533ec42800e196f527539a7b05504f218e4506f9d1211
50,48150,colored_noise_rho09_sd003,v35_bias_gate_300,True,True,True,1.0,1.1593036796781664,1.2423824198680031,True,0,0,0,0,0,0.2711885584929615,0.5107124589849263,True,False,86a628671fcaaa8fd43879c26414a04420f5b143e98f2a6cacb4004f256cebc5,e9d19455c246f5fc7ebe83f3c4b41abaa9cac7b453b0089c35c0b6ae5c1e682f,a2da68635274f61d146533ec42800e196f527539a7b05504f218e4506f9d1211
50,48150,dropout_iid10,v24_nominal_model,True,True,True,1.0,0.5664344485695075,0.6480784584649275,True,0,0,0,0,0,0.2711569861170231,0.46551787503995,False,False,86a628671fcaaa8fd43879c26414a04420f5b143e98f2a6cacb4004f256cebc5,ba7284e7a32a07b4a0f7cf7333a02710a253379d5eed64dd576c37a1c2776898,0235e6a434879cfcd56acf57f95a2a256d09dfc2c11a3a364cc3fd8f27fc650e
50,48150,broadcast_delay_2s,v24_nominal_model,True,True,True,1.0,3.8447067781763336,0.5007254560329155,True,0,0,0,0,0,0.2714163825361078,0.5098947919905186,False,False,86a628671fcaaa8fd43879c26414a04420f5b143e98f2a6cacb4004f256cebc5,9f02a0d209d2f319e8318dc00a8a955f870d181865bde197af75789188227724,b98bdb9b35518c079a2f0c34c896b6e8cfe7c56be5f29f5c87a3816404d1c609
50,48150,dead_reckoning_scale_101,v24_nominal_model,True,True,True,1.0,5.0395114099609835,5.055598281737551,True,0,0,0,0,0,0.2536224849100743,0.4983921670354903,False,False,86a628671fcaaa8fd43879c26414a04420f5b143e98f2a6cacb4004f256cebc5,e1ff51e8e243a40842f5979335b716d97ec405253b2ca117464b1d4c37337af0,30c64b2bd866450f166df8b8d416cf8b9704766a959e6445196f3cdfa3b46aa7
51,48151,nominal,v24_nominal_model,True,True,True,1.0,0.9774190595855858,1.1030082999663222,True,0,0,0,0,0,0.2195927956791858,0.5076572080142796,False,False,0ea4a7d84e761aa71b52f566ba7c1f6dda0423cf8ece9b0c84d7b8610856a048,c5d685e9c917e82c372d16061de3010fb9fdc34d9c87b4bd66820636ff5d334f,04ee81128803c1c403ac8e472aadaf8835562b85b1381f244400cdc74a0ee314
51,48151,nominal,v35_bias_gate_300,True,True,True,1.0,0.9774190595855858,1.1030082999663222,True,0,0,0,0,0,0.2195927956791858,0.4953927081078291,True,False,0ea4a7d84e761aa71b52f566ba7c1f6dda0423cf8ece9b0c84d7b8610856a048,c5d685e9c917e82c372d16061de3010fb9fdc34d9c87b4bd66820636ff5d334f,04ee81128803c1c403ac8e472aadaf8835562b85b1381f244400cdc74a0ee314
51,48151,doppler_common_bias_p003,v24_nominal_model,False,False,False,0.0,2.589554759447975,90.3293269351137,True,0,0,0,0,0,0.3014879996038114,0.5411697499221191,False,False,0ea4a7d84e761aa71b52f566ba7c1f6dda0423cf8ece9b0c84d7b8610856a048,2b1dcb2c32a8cc563f3bb402612ee1b791bd48a41b65deecc2e40f1196e1f0b2,b2e7fef1137863d9c049118cf7d076e8bef6b02ac71725797694b239567f85bb
51,48151,doppler_common_bias_p003,v35_bias_gate_300,False,False,False,0.0,1.2050408815015177,90.42172482788932,True,0,0,0,0,0,0.30148093215638055,1.0196909999940544,True,True,0ea4a7d84e761aa71b52f566ba7c1f6dda0423cf8ece9b0c84d7b8610856a048,2b1dcb2c32a8cc563f3bb402612ee1b791bd48a41b65deecc2e40f1196e1f0b2,10c4ac39efac42559878888910b819d3e6290b67f448973cc8b0c78a60e7fb85
51,48151,doppler_differential_bias_003,v24_nominal_model,True,True,True,1.0,3.238508257249043,3.310965425957258,True,0,0,0,0,0,0.25657249260811127,0.5402285410091281,False,False,0ea4a7d84e761aa71b52f566ba7c1f6dda0423cf8ece9b0c84d7b8610856a048,a718a5528f6eab2188db9a6ad36b685763e99105a578278285ae3eb29da955f2,b04f44e559a3208eae84335ff6e35df6dd1ac89f13313924e051cfffeff87c22
51,48151,doppler_differential_bias_003,v35_bias_gate_300,True,True,True,1.0,0.49447523310984576,0.6062038948229256,True,0,0,0,0,0,0.25631044262954267,1.0552292499924079,True,True,0ea4a7d84e761aa71b52f566ba7c1f6dda0423cf8ece9b0c84d7b8610856a048,a718a5528f6eab2188db9a6ad36b685763e99105a578278285ae3eb29da955f2,2522999e7fc39c2415fb4f5ee755252f968e1215b474c942d53c611df495e802
51,48151,doppler_scale_102,v24_nominal_model,False,False,False,0.0,7.802015759924904,18.930395373663536,True,1,128,128,70,0,0.2613262174245696,0.5511590839596465,False,False,0ea4a7d84e761aa71b52f566ba7c1f6dda0423cf8ece9b0c84d7b8610856a048,b79865344ab7667f1395ef4d7d84aa32a8259bba6eaab8c7f478c4f5ee07c76c,7c77211cfc2f0bf23a55630b17c7a938ebe44817ce0c0fa03c0c01db4809c4f5
51,48151,colored_noise_rho09_sd003,v24_nominal_model,True,True,True,1.0,0.9339195433420694,0.8234888274556599,True,0,0,0,0,0,0.25443715646249015,0.5016847499646246,False,False,0ea4a7d84e761aa71b52f566ba7c1f6dda0423cf8ece9b0c84d7b8610856a048,32702e5249248647b1bc82d47c90d0fe2adedabdf2d3141507181c6fddc2c8cc,84a0eba5b90d6faf77f8118c7fdd5206c31eb3b04b4c14a11d6d55a76663d394
51,48151,colored_noise_rho09_sd003,v35_bias_gate_300,True,True,True,1.0,0.9339195433420694,0.8234888274556599,True,0,0,0,0,0,0.25443715646249015,0.4984972500242293,True,False,0ea4a7d84e761aa71b52f566ba7c1f6dda0423cf8ece9b0c84d7b8610856a048,32702e5249248647b1bc82d47c90d0fe2adedabdf2d3141507181c6fddc2c8cc,84a0eba5b90d6faf77f8118c7fdd5206c31eb3b04b4c14a11d6d55a76663d394
51,48151,dropout_iid10,v24_nominal_model,True,False,True,0.56,0.7805865821443714,0.4070709653688006,True,0,0,0,0,0,0.30221552532713375,0.4598864580038935,False,False,0ea4a7d84e761aa71b52f566ba7c1f6dda0423cf8ece9b0c84d7b8610856a048,6c3b6f592d32f027c6af8f7ca5494f9291dd2c96657bcfd65469b710be81b217,02da276dbd6f6d442664ef40837472fddd7a56f2a99846706dd0f03368f98b4e
51,48151,broadcast_delay_2s,v24_nominal_model,True,True,True,1.0,3.576237568040307,1.19547875254111,True,0,0,0,0,0,0.21959423931293018,0.5988535000942647,False,False,0ea4a7d84e761aa71b52f566ba7c1f6dda0423cf8ece9b0c84d7b8610856a048,1574bdd7888dbb10aa07b71467b8631afa0d954ddc2392a9f8c0a4902e194bb9,6744afc2b9883bc9cd08a2297414bc823f68fb3fd27d98c2c578c34cd60dc57a
51,48151,dead_reckoning_scale_101,v24_nominal_model,True,True,True,1.0,4.750007652162933,4.895851787322103,True,0,0,0,0,0,0.2603514718338029,0.5071438340237364,False,False,0ea4a7d84e761aa71b52f566ba7c1f6dda0423cf8ece9b0c84d7b8610856a048,e603d4244a310baed5d48aee985a2b4ff687550c8ed3b2b589ee4a355a61d99f,aa1ef2336824fa65cc1b67cb949a53ad1f8799fcbfcd87dd975bf621b85d4135
52,48152,nominal,v24_nominal_model,True,True,True,1.0,0.7293462421102177,0.8068207150339528,True,0,0,0,0,0,0.24037372204856414,0.6051755000371486,False,False,500832b3bd11c0c9fa6ea865531c13474c53845db8eedac25693cd4b215f8103,091cd45779ee95a344396b4571219518f1c1a42bae6b642912f20e64fdc6d3df,523f61da3731100fda031fab89f43092f9c989aaca8ca9ef7d8087b366b80c6d
52,48152,nominal,v35_bias_gate_300,True,True,True,1.0,0.7293462421102177,0.8068207150339528,True,0,0,0,0,0,0.24037372204856414,0.495235790964216,True,False,500832b3bd11c0c9fa6ea865531c13474c53845db8eedac25693cd4b215f8103,091cd45779ee95a344396b4571219518f1c1a42bae6b642912f20e64fdc6d3df,523f61da3731100fda031fab89f43092f9c989aaca8ca9ef7d8087b366b80c6d
52,48152,doppler_common_bias_p003,v24_nominal_model,True,True,True,1.0,5.569470182173539,5.425308778122638,True,0,0,0,0,0,0.24529454896999361,0.6688420409336686,False,False,500832b3bd11c0c9fa6ea865531c13474c53845db8eedac25693cd4b215f8103,50a39bd70bd4b5cfa65a092c8406de2b235a475b7484e6b0ef7fd3f3562c5481,dd7be1d43485941e56c150e358e83e8c3fedfd1fdb526249aebc8a02524acc55
52,48152,doppler_common_bias_p003,v35_bias_gate_300,True,True,True,1.0,0.37155138417849987,0.4719288136214363,True,0,0,0,0,0,0.3068431967954437,1.0378938330104575,True,True,500832b3bd11c0c9fa6ea865531c13474c53845db8eedac25693cd4b215f8103,50a39bd70bd4b5cfa65a092c8406de2b235a475b7484e6b0ef7fd3f3562c5481,47f46c8cc4e1b42fdb46708b0c21f77e3c0daab13dafbc5be9c77aca543b0734
52,48152,doppler_differential_bias_003,v24_nominal_model,True,True,True,1.0,3.2322359678956563,3.363915004309666,True,0,0,0,0,0,0.2434504498562835,0.6619839170016348,False,False,500832b3bd11c0c9fa6ea865531c13474c53845db8eedac25693cd4b215f8103,055af291b152a46a3215679f8af917644c76c5376731089293ad3cadd99df684,bbc5508ede10f948bc5fd8ad2504166caa14d7b7a512811b75d743989e7f3a11
52,48152,doppler_differential_bias_003,v35_bias_gate_300,True,True,True,1.0,0.49141967324615177,0.5830759253909857,True,0,0,0,0,0,0.30105520668525054,1.0430515421321616,True,True,500832b3bd11c0c9fa6ea865531c13474c53845db8eedac25693cd4b215f8103,055af291b152a46a3215679f8af917644c76c5376731089293ad3cadd99df684,f274ac5767cfb39fbcfa9d43cf25d3b0b6d5b044a0a6dcd29274453fac624e9e
52,48152,doppler_scale_102,v24_nominal_model,True,True,True,1.0,2.7335087424810807,2.6639680197876534,True,0,0,0,0,0,0.24435690833176577,0.6422627919819206,False,False,500832b3bd11c0c9fa6ea865531c13474c53845db8eedac25693cd4b215f8103,5d763619a4e000fdfe294cc3370147e7ca2705073cd0f70a1f62a0a51c8a6ea6,917b52e91f12df3080acd099c1708663222d180ff7f4d26dabc530c0f10b3f2c
52,48152,colored_noise_rho09_sd003,v24_nominal_model,True,True,True,1.0,4.606624204277197,4.649063773770773,True,0,0,0,0,0,0.2868647833017263,0.5069677090505138,False,False,500832b3bd11c0c9fa6ea865531c13474c53845db8eedac25693cd4b215f8103,bac5ecbf2f76306ac5532c130fcd73377b0002829b637b7796e0024bbb0f7381,99c6197a6b3a9bcdb2f51c7872da6c421c4fa8d733acc08013c3ed5313569124
52,48152,colored_noise_rho09_sd003,v35_bias_gate_300,True,True,True,1.0,4.606624204277197,4.649063773770773,True,0,0,0,0,0,0.2868647833017263,0.6520612089661881,True,False,500832b3bd11c0c9fa6ea865531c13474c53845db8eedac25693cd4b215f8103,bac5ecbf2f76306ac5532c130fcd73377b0002829b637b7796e0024bbb0f7381,99c6197a6b3a9bcdb2f51c7872da6c421c4fa8d733acc08013c3ed5313569124
52,48152,dropout_iid10,v24_nominal_model,True,True,True,1.0,0.6840574523025335,0.7707807255902579,True,0,0,0,0,0,0.24034538044456508,0.46616262500174344,False,False,500832b3bd11c0c9fa6ea865531c13474c53845db8eedac25693cd4b215f8103,5df2722103a089218ca99d5b5297e2a32536bb8785a667922358d02bfcf60270,c9be62b926fcf5e1d8195e3f8df729b9a30c2702de9d8e6d06a09934479cc4cb
52,48152,broadcast_delay_2s,v24_nominal_model,True,True,True,1.0,3.2519846650555935,1.737905926117685,True,0,0,0,0,0,0.24191846952555318,0.49718720803502947,False,False,500832b3bd11c0c9fa6ea865531c13474c53845db8eedac25693cd4b215f8103,a2760ee8176c98bd4f2a58525df491450b114a78aef21a895f8e354420585456,50588fa8c81200f950773e16030a727d4a297546a0a8ba153c3ce0dfcb6088ec
52,48152,dead_reckoning_scale_101,v24_nominal_model,False,False,False,0.0,8.662889910083415,8.633165133145058,True,0,55,56,56,0,0.2240592703259432,0.6119339159922674,False,False,500832b3bd11c0c9fa6ea865531c13474c53845db8eedac25693cd4b215f8103,087af86903ecca277755b7fdf683d581546447f1a978768a4991218144ed4bfc,1362896620edbc781f7db21b1f1983782c6d0e23a03688c6997f8ce51d9d56f1
53,48153,nominal,v24_nominal_model,True,True,True,1.0,0.5149468055822257,0.3340801995376125,True,0,0,0,0,0,0.3257205153474486,0.4936284999130294,False,False,984d927b22f8be31a375cf1f52de9c734b62be1e0315d596921bbfdc6ac83eb9,f3f2193f6550d6a47e86c25263830da637301e7a7dd658c7eb7348e6e585d965,de65eedb81e95bf26bf9fd3f8c1fd16f76d7092fd7d6e8b8e54a5bc6a10aa1df
53,48153,nominal,v35_bias_gate_300,True,True,True,1.0,0.5149468055822257,0.3340801995376125,True,0,0,0,0,0,0.3257205153474486,0.49749816698022187,True,False,984d927b22f8be31a375cf1f52de9c734b62be1e0315d596921bbfdc6ac83eb9,f3f2193f6550d6a47e86c25263830da637301e7a7dd658c7eb7348e6e585d965,de65eedb81e95bf26bf9fd3f8c1fd16f76d7092fd7d6e8b8e54a5bc6a10aa1df
53,48153,doppler_common_bias_p003,v24_nominal_model,True,True,True,1.0,1.5677584947559304,1.7264351476182846,True,0,0,0,0,0,0.3208247976079172,0.5081836249446496,False,False,984d927b22f8be31a375cf1f52de9c734b62be1e0315d596921bbfdc6ac83eb9,0cf6cef887bf531e1a07e2ff436a51b9c7c3a5034fa41e65dac1aa96a0082b32,2db7547df2dd1dada8ff871fce7a3e3cf42cf3ae061ef3d10f5b3a440b222587
53,48153,doppler_common_bias_p003,v35_bias_gate_300,True,True,True,1.0,0.6769073615438996,0.475137107741124,True,0,0,0,0,0,0.3206545984028453,1.0210380408680066,True,True,984d927b22f8be31a375cf1f52de9c734b62be1e0315d596921bbfdc6ac83eb9,0cf6cef887bf531e1a07e2ff436a51b9c7c3a5034fa41e65dac1aa96a0082b32,8fb7ffa64886f33812adccfbe2f77ba822c025a5ae187617f5480af49d9f9da4
53,48153,doppler_differential_bias_003,v24_nominal_model,True,True,True,1.0,3.5459593994276157,3.232635274429801,True,0,0,0,0,0,0.32666957355799336,0.5587993749650195,False,False,984d927b22f8be31a375cf1f52de9c734b62be1e0315d596921bbfdc6ac83eb9,33dd37d892ebf01efa3eb4589ff66ecc904f11cd1cd67e301542db6577edd4d9,3f97930d49793ffbc397199c3f304fd1328ebf3811ed556cae0d08abedc14f25
53,48153,doppler_differential_bias_003,v35_bias_gate_300,True,True,True,1.0,0.6454694314166464,0.4787481485331154,True,0,0,0,0,0,0.32673703103860197,2.0672852071002126,True,True,984d927b22f8be31a375cf1f52de9c734b62be1e0315d596921bbfdc6ac83eb9,33dd37d892ebf01efa3eb4589ff66ecc904f11cd1cd67e301542db6577edd4d9,d328cd3f42e111cb75e4353c8d6ce4bfc82054a55c9018a8a2d27ea9a70fc55c
53,48153,doppler_scale_102,v24_nominal_model,True,True,True,1.0,1.3891922951815698,1.4737704129965403,True,0,0,0,0,0,0.3317528693635561,0.7616542080650106,False,False,984d927b22f8be31a375cf1f52de9c734b62be1e0315d596921bbfdc6ac83eb9,31590f865de39e34558d55c35aaaa62823378414572d86ece876ac0512c05213,bcef5c9065f034ae792d1f4cfef1c27a8e7a60e6fbf339c57d7f5cee609f2542
53,48153,colored_noise_rho09_sd003,v24_nominal_model,True,True,True,1.0,1.0768097555547667,0.9197152674688931,True,0,0,0,0,0,0.324755935565163,0.7706450000405312,False,False,984d927b22f8be31a375cf1f52de9c734b62be1e0315d596921bbfdc6ac83eb9,3ee1ae12aa70823dd95cd5781903737a5bf6d233bce9401d201a8b8b298f5a76,0fe1ff537eaa742ad1ca0ad73d30e89787dacf7e2b31ca3948d864b8e336a437
53,48153,colored_noise_rho09_sd003,v35_bias_gate_300,True,True,True,1.0,1.0768097555547667,0.9197152674688931,True,0,0,0,0,0,0.324755935565163,0.7070245409850031,True,False,984d927b22f8be31a375cf1f52de9c734b62be1e0315d596921bbfdc6ac83eb9,3ee1ae12aa70823dd95cd5781903737a5bf6d233bce9401d201a8b8b298f5a76,0fe1ff537eaa742ad1ca0ad73d30e89787dacf7e2b31ca3948d864b8e336a437
53,48153,dropout_iid10,v24_nominal_model,True,True,True,1.0,0.8130310939395837,0.6115141662280513,True,0,0,0,0,0,0.33182452211152746,0.456677749985829,False,False,984d927b22f8be31a375cf1f52de9c734b62be1e0315d596921bbfdc6ac83eb9,c1b54463a7cc0b1edfa7b80b5d8b6134649eff35bb1d1bbabcdbc88d406e72cb,0f827a514f37f6a0c601c3d49e26bfa29023ea4b965c1ae83df414594ad6094b
53,48153,broadcast_delay_2s,v24_nominal_model,True,True,True,1.0,3.7419566366289785,1.162511570196445,True,0,0,0,0,0,0.32396398562141665,0.4927114590536803,False,False,984d927b22f8be31a375cf1f52de9c734b62be1e0315d596921bbfdc6ac83eb9,40366de3c9ea1ea8e91f30e36ad6d3c19077201f1b1b9bf5e04fd99e221e57e9,12c63fd36fc079b9f78c9683f6dd65a6337ad54a35b0fdb71aa081585288b1cf
53,48153,dead_reckoning_scale_101,v24_nominal_model,True,True,True,1.0,6.068594418275662,5.929363771725941,True,0,0,0,0,0,0.3264056530183466,0.5043059159070253,False,False,984d927b22f8be31a375cf1f52de9c734b62be1e0315d596921bbfdc6ac83eb9,7c7f2a6dd8d3a3cfb508981a5827e64bd5ae0dac1f703e938681cdd7ba49ef3f,f1be37b4ea069b8b197d7eaa8aba3977c8ee0820583b827463560a8b66ec07d7
54,48154,nominal,v24_nominal_model,True,True,True,1.0,0.8853015965421613,0.7574338401456092,True,0,0,0,0,0,0.21290574112171692,0.4875539999920875,False,False,c8e4e765af2a6612fdf5a4a47f166f46c6de50a03dec63fdaa89ed3bf744e93f,a379502dad7f1ecc3cac11d8f7b06835284fe41be471a8388166405d080ab9cd,1555879da8061f82c402644f23e4d6e0fdbcfc57f4f1a41b6130f6b0d77f5b18
54,48154,nominal,v35_bias_gate_300,True,True,True,1.0,0.8853015965421613,0.7574338401456092,True,0,0,0,0,0,0.21290574112171692,0.4845570420147851,True,False,c8e4e765af2a6612fdf5a4a47f166f46c6de50a03dec63fdaa89ed3bf744e93f,a379502dad7f1ecc3cac11d8f7b06835284fe41be471a8388166405d080ab9cd,1555879da8061f82c402644f23e4d6e0fdbcfc57f4f1a41b6130f6b0d77f5b18
54,48154,doppler_common_bias_p003,v24_nominal_model,True,True,True,1.0,6.640017297894678,6.551971842358859,True,0,0,0,0,0,0.22131193464575644,0.5010232080239803,False,False,c8e4e765af2a6612fdf5a4a47f166f46c6de50a03dec63fdaa89ed3bf744e93f,38b8ef61ce09cd81105c3452297139e0f71b0a1b149b011ab237a2784d974cbe,55edeb5eb86e03e80f533436f95549ae37750ae909d37b3feecfed3ad622172a
54,48154,doppler_common_bias_p003,v35_bias_gate_300,True,True,True,1.0,1.216847104255283,1.0899184519680012,True,0,0,0,0,0,0.22513219231738352,1.1175032510655,True,True,c8e4e765af2a6612fdf5a4a47f166f46c6de50a03dec63fdaa89ed3bf744e93f,38b8ef61ce09cd81105c3452297139e0f71b0a1b149b011ab237a2784d974cbe,94d743f71635f848ecfca1cb8bea70a9ddd7321023732d486fa1cbdb55c2b5f9
54,48154,doppler_differential_bias_003,v24_nominal_model,True,True,True,1.0,4.639626260381672,4.4843788284408195,True,0,0,0,0,0,0.22003180627323038,0.5069169579073787,False,False,c8e4e765af2a6612fdf5a4a47f166f46c6de50a03dec63fdaa89ed3bf744e93f,8275a386ffa9a6f315e108b5bd92ba7cd90d6faaf76335302e47f663ddb10b99,c4de5f9310c165c481ec11e2af44771b985bf35987f4b797b98d547d2e1b18bf
54,48154,doppler_differential_bias_003,v35_bias_gate_300,True,True,True,1.0,1.5068821643082564,1.368622425026973,True,0,0,0,0,0,0.22134485025927259,1.048366874922067,True,True,c8e4e765af2a6612fdf5a4a47f166f46c6de50a03dec63fdaa89ed3bf744e93f,8275a386ffa9a6f315e108b5bd92ba7cd90d6faaf76335302e47f663ddb10b99,b32aefe3e33f8f43b85373a2c53e17d9ca052c9a2df77cce7295d481ef9eaee9
54,48154,doppler_scale_102,v24_nominal_model,True,True,True,1.0,1.4651299828106206,1.3736872240898876,True,0,0,0,0,0,0.19244004594418854,0.5136328749358654,False,False,c8e4e765af2a6612fdf5a4a47f166f46c6de50a03dec63fdaa89ed3bf744e93f,a3f6fc5f944bbba112badbb1b2b8d1fcbfd38f8a6f32ae3f916cb70da9490fa7,b65aac57941a0ae771f5b91c47324a8b0e2851c867659c36a1c7e443bb9cf0a2
54,48154,colored_noise_rho09_sd003,v24_nominal_model,True,True,True,1.0,2.731222831231595,2.620527774030819,True,0,0,0,0,0,0.21770866836135053,0.5050568749429658,False,False,c8e4e765af2a6612fdf5a4a47f166f46c6de50a03dec63fdaa89ed3bf744e93f,c5527a5a7e9d6aae3525fa17a92c7cac897a8656ad11f6545e3ab6d06544c54c,c09503af433d30e8047263c15e6432f3e19320758b9ebe5219de774beed5320d
54,48154,colored_noise_rho09_sd003,v35_bias_gate_300,True,True,True,1.0,2.731222831231595,2.620527774030819,True,0,0,0,0,0,0.21770866836135053,0.501753417076543,True,False,c8e4e765af2a6612fdf5a4a47f166f46c6de50a03dec63fdaa89ed3bf744e93f,c5527a5a7e9d6aae3525fa17a92c7cac897a8656ad11f6545e3ab6d06544c54c,c09503af433d30e8047263c15e6432f3e19320758b9ebe5219de774beed5320d
54,48154,dropout_iid10,v24_nominal_model,True,True,True,1.0,0.9394094637613635,0.8088321021256449,True,0,0,0,0,0,0.19509509035280775,0.4530469999881461,False,False,c8e4e765af2a6612fdf5a4a47f166f46c6de50a03dec63fdaa89ed3bf744e93f,8a42e874334ec410462d04c4a1a93b16af4388e01424cfbb0bfc70250cdcd0f8,618482a4a078adcb6436416c34bfab283733171b4e5c7ad04fa8ca359e8b8058
54,48154,broadcast_delay_2s,v24_nominal_model,True,True,True,1.0,2.95970800103235,2.5489995057377417,True,0,0,0,0,0,0.21678409485119968,0.49719508399721235,False,False,c8e4e765af2a6612fdf5a4a47f166f46c6de50a03dec63fdaa89ed3bf744e93f,30dbb5b6bdac2560294e13b79deae2631627bf709a11d165acf7b04a51c101d9,2c78170528cde343f30f9403c7028165640854ec11b188bc78024b6a23097f4f
54,48154,dead_reckoning_scale_101,v24_nominal_model,False,False,False,0.0,9.217571121824795,9.201859744139366,True,0,63,64,64,0,0.18257772358154628,0.5155213749967515,False,False,c8e4e765af2a6612fdf5a4a47f166f46c6de50a03dec63fdaa89ed3bf744e93f,00242e7f3a23c4ea3fa5f9976fcab88bcd48ece246bd4a264a5f70e48154e0ad,16b32db1cb163dfaaaf34aafc3c4e19a6ca4d0f76c1806541c407b231db6c9c0
55,48155,nominal,v24_nominal_model,True,True,True,1.0,0.8441957287939137,0.851537828033024,True,0,0,0,0,0,0.27490261399042487,0.5027313330210745,False,False,5f8b67b903e692dc1bd585d2a885a8955525072a8a67d630ce33c30c7f5799a6,62bcdc68040329f3fd6d402f25321e7182549d51b1bc22dac141b81fe6569202,770068818d4a42d5143cf9bc18948dd576f2d20e254e4d168b7410c123ba58a6
55,48155,nominal,v35_bias_gate_300,True,True,True,1.0,0.8441957287939137,0.851537828033024,True,0,0,0,0,0,0.27490261399042487,0.5416744160465896,True,False,5f8b67b903e692dc1bd585d2a885a8955525072a8a67d630ce33c30c7f5799a6,62bcdc68040329f3fd6d402f25321e7182549d51b1bc22dac141b81fe6569202,770068818d4a42d5143cf9bc18948dd576f2d20e254e4d168b7410c123ba58a6
55,48155,doppler_common_bias_p003,v24_nominal_model,True,True,True,1.0,0.6314201515363808,0.7150952590721342,True,0,0,0,0,0,0.35355491760748964,0.516638790955767,False,False,5f8b67b903e692dc1bd585d2a885a8955525072a8a67d630ce33c30c7f5799a6,01262885cc77ec7f7365a706c79b95827ec7ed5ee54d221b791c9dfb2f404a05,2efa5469fdc05d21baf2983964943fd59fcbb938200f820b43234a265bad3d5a
55,48155,doppler_common_bias_p003,v35_bias_gate_300,True,True,True,1.0,0.6475855430160571,0.7898207867310079,True,0,0,0,0,0,0.3532837822933778,1.0682991680223495,True,True,5f8b67b903e692dc1bd585d2a885a8955525072a8a67d630ce33c30c7f5799a6,01262885cc77ec7f7365a706c79b95827ec7ed5ee54d221b791c9dfb2f404a05,5dd6699bea98843eb63ba4c26db634d013d8dc2e213d22de8e18e7598d0699d7
55,48155,doppler_differential_bias_003,v24_nominal_model,False,False,False,0.0,0.20989854013509,55.75250475269705,True,0,0,0,0,0,0.3653547631358734,0.5284417499788105,False,False,5f8b67b903e692dc1bd585d2a885a8955525072a8a67d630ce33c30c7f5799a6,8ee3b8707b0b6a53120792ddcefbe5212e32dea117858d49ae2979b63be52a50,739022cd1d05ac188849b6c6228e46f8f9bc231871c8c98c3b0aace77bde6ae4
55,48155,doppler_differential_bias_003,v35_bias_gate_300,False,False,False,0.0,0.5737059958387366,56.26907873949919,True,0,0,0,0,0,0.3476010683122772,1.4388812909601256,True,True,5f8b67b903e692dc1bd585d2a885a8955525072a8a67d630ce33c30c7f5799a6,8ee3b8707b0b6a53120792ddcefbe5212e32dea117858d49ae2979b63be52a50,b623cf997f5f99ceeeb4ea17c584a896c76c34704e95d6e5eee465760d5b4342
55,48155,doppler_scale_102,v24_nominal_model,False,False,False,0.0,0.717866349382168,1754.5350458498242,False,0,0,0,0,0,0.1734050410018562,0.5336975839454681,False,False,5f8b67b903e692dc1bd585d2a885a8955525072a8a67d630ce33c30c7f5799a6,d5836dec55e6e714482d99aeb419e51891f3f2bc419b2cb72975cca1fc2d8997,369026c0521f5faf18aaa02ba0d6e2104cfbe3ad2cea4187e90f4718d03220fe
55,48155,colored_noise_rho09_sd003,v24_nominal_model,True,True,True,1.0,0.7164930052332247,0.8908582752969786,True,0,0,0,0,0,0.44849624526055054,0.5190182089572772,False,False,5f8b67b903e692dc1bd585d2a885a8955525072a8a67d630ce33c30c7f5799a6,526455cac562fe881e996a396f10ae6793f88988ba25a07749d0c37edea1e15b,3484835cd6d62de7ad2647467fdeef3a969fad2723af43c07413db317538d7f3
55,48155,colored_noise_rho09_sd003,v35_bias_gate_300,True,True,True,1.0,0.7164930052332247,0.8908582752969786,True,0,0,0,0,0,0.44849624526055054,0.521044124965556,True,False,5f8b67b903e692dc1bd585d2a885a8955525072a8a67d630ce33c30c7f5799a6,526455cac562fe881e996a396f10ae6793f88988ba25a07749d0c37edea1e15b,3484835cd6d62de7ad2647467fdeef3a969fad2723af43c07413db317538d7f3
55,48155,dropout_iid10,v24_nominal_model,True,True,True,1.0,0.6130193652507528,0.7847057304030016,True,0,0,0,0,0,0.44434139933090744,0.4681053339736536,False,False,5f8b67b903e692dc1bd585d2a885a8955525072a8a67d630ce33c30c7f5799a6,24e97837136fc59fd46e57d04a6deba0da01607a58ce81dbb51299828487da75,c407202db19386ccbc6151e6ccc8c78c04ba15ddf1cc4a58a1fb74ab23b5f9a6
55,48155,broadcast_delay_2s,v24_nominal_model,True,False,True,0.4,3.422301298337626,1.0225939978743017,True,0,0,0,0,0,0.30356061087183633,0.5187802920117974,False,False,5f8b67b903e692dc1bd585d2a885a8955525072a8a67d630ce33c30c7f5799a6,12618a61a2d8b2e3f82c91a70beb3d0c506eccbe966595eafc7471507ca8ac82,d33519f37d0803bcdf94d6de728dd7799d4cdbe4cc0126e99072adfeb80594f3
55,48155,dead_reckoning_scale_101,v24_nominal_model,True,True,True,1.0,2.8704690461954465,2.785671030711585,True,0,0,0,0,0,0.433803816800426,0.8033407090697438,False,False,5f8b67b903e692dc1bd585d2a885a8955525072a8a67d630ce33c30c7f5799a6,c7a3dbaf8f563256b0698ff47cfc5ccd9cbc60be327adaf82a1e3c0c526d0d3e,23bfc03e476a296f326171547198da94626b5275281c9332da5e91d96cdf778a
56,48156,nominal,v24_nominal_model,True,True,True,1.0,1.1170313409627393,1.220916057884027,True,0,0,0,0,0,0.19744625997318319,0.5014004999538884,False,False,02ccdaf521c641f7f89ab1c7535f4f302b1b380db6fbe7afc5a4acd1fc3ae3e5,a2bbbfff3748eb7832ff1239f7d5305128b57b68b4450f0752816e6f6530d58e,07608663a125cb1e3369141871c869cd3e1a3de1a69df270b36d33a38e47fb1f
56,48156,nominal,v35_bias_gate_300,True,True,True,1.0,1.1170313409627393,1.220916057884027,True,0,0,0,0,0,0.19744625997318319,0.7278845419641584,True,False,02ccdaf521c641f7f89ab1c7535f4f302b1b380db6fbe7afc5a4acd1fc3ae3e5,a2bbbfff3748eb7832ff1239f7d5305128b57b68b4450f0752816e6f6530d58e,07608663a125cb1e3369141871c869cd3e1a3de1a69df270b36d33a38e47fb1f
56,48156,doppler_common_bias_p003,v24_nominal_model,True,True,True,1.0,5.7442911909814915,5.535695995867522,True,0,0,0,0,0,0.19697065925497187,0.5064037500414997,False,False,02ccdaf521c641f7f89ab1c7535f4f302b1b380db6fbe7afc5a4acd1fc3ae3e5,b0a05da3d2478bcbd9c82329a63f51af080f8ca28f6f4f72d3a2645203088062,49bd7ac9372f1d87a2a20bc99caa2151cda5cd888e7302ee543a444547317860
56,48156,doppler_common_bias_p003,v35_bias_gate_300,True,True,True,1.0,0.7348255250030865,0.8753708150830188,True,0,0,0,0,0,0.24795749525424482,1.0315933750243858,True,True,02ccdaf521c641f7f89ab1c7535f4f302b1b380db6fbe7afc5a4acd1fc3ae3e5,b0a05da3d2478bcbd9c82329a63f51af080f8ca28f6f4f72d3a2645203088062,181456bcd60a2e18d3734333664bec8364e3b9d9cc3cb330b8ff9dc5cc9a2628
56,48156,doppler_differential_bias_003,v24_nominal_model,True,True,True,0.92,0.4443320643384704,0.44771024437410306,True,0,0,0,0,0,0.2802438689195567,0.5211001669522375,False,False,02ccdaf521c641f7f89ab1c7535f4f302b1b380db6fbe7afc5a4acd1fc3ae3e5,8a6121fd6d5ee8b2608d43446140a25f439b6433078a03a2192d8c5a9073d481,c4ad5a8a55c65c953b9d0abf9c2f31109e563b1bfb55810e270472179dee4d00
56,48156,doppler_differential_bias_003,v35_bias_gate_300,True,True,True,0.92,0.46045552485625335,0.4641280043555958,True,0,0,0,0,0,0.2799700703677205,1.0646546250209212,True,True,02ccdaf521c641f7f89ab1c7535f4f302b1b380db6fbe7afc5a4acd1fc3ae3e5,8a6121fd6d5ee8b2608d43446140a25f439b6433078a03a2192d8c5a9073d481,3e4b8721d4f44748d60523997ee80920d424570942988da51ae7f72e1e3812a9
56,48156,doppler_scale_102,v24_nominal_model,True,True,True,1.0,3.8872243973734912,3.827437349698323,True,0,0,0,0,0,0.2227122447648978,0.5514253750443459,False,False,02ccdaf521c641f7f89ab1c7535f4f302b1b380db6fbe7afc5a4acd1fc3ae3e5,74483f8ca83858720a296e4f7364b5aab13488ace10ca4a2ce0acf0ea91b9ac2,febb8dd7a2540236141c6f152d49885e3bd602f095846e946b07701625977486
56,48156,colored_noise_rho09_sd003,v24_nominal_model,True,True,True,1.0,3.081191658111769,3.2108560639519785,True,0,0,0,0,0,0.22410404215412943,0.5116904999595135,False,False,02ccdaf521c641f7f89ab1c7535f4f302b1b380db6fbe7afc5a4acd1fc3ae3e5,5e403dba733b8fbe6fd74b26c86982daac5c3d7487258649455db17667356fa2,17b35090e18a82ce88b6708a3d489250a74321adb3bad36bf2229a4569e9a966
56,48156,colored_noise_rho09_sd003,v35_bias_gate_300,True,True,True,1.0,3.081191658111769,3.2108560639519785,True,0,0,0,0,0,0.22410404215412943,0.5121455419575796,True,False,02ccdaf521c641f7f89ab1c7535f4f302b1b380db6fbe7afc5a4acd1fc3ae3e5,5e403dba733b8fbe6fd74b26c86982daac5c3d7487258649455db17667356fa2,17b35090e18a82ce88b6708a3d489250a74321adb3bad36bf2229a4569e9a966
56,48156,dropout_iid10,v24_nominal_model,True,True,True,1.0,1.0843530181294183,1.1556809273579063,True,0,0,0,0,0,0.19716505089753275,0.44630245794542134,False,False,02ccdaf521c641f7f89ab1c7535f4f302b1b380db6fbe7afc5a4acd1fc3ae3e5,c9e7d91c462fee432c33ef7dd5fe16c9a0ce852d09e4f23fda8e9404334aa8fe,045d8d7be3e98aa229beadd14da56e737b4fe43df8fc939d2d5409b74603ed9e
56,48156,broadcast_delay_2s,v24_nominal_model,True,True,True,1.0,3.0800129478302103,1.6953048031387445,True,0,0,0,0,0,0.19769674974422893,0.49691162491217256,False,False,02ccdaf521c641f7f89ab1c7535f4f302b1b380db6fbe7afc5a4acd1fc3ae3e5,46821dc54ab4e82e02410e9c1879edf70083da1ca6986cfd7a3d84eaea144277,68e345056196389c550d42b1e2b742a49f261970769e6e5cb1be5a941bf2744a
56,48156,dead_reckoning_scale_101,v24_nominal_model,True,False,True,0.76,3.083918213069627,3.2180325791308007,True,0,0,0,0,0,0.2774929108047383,0.5261784580070525,False,False,02ccdaf521c641f7f89ab1c7535f4f302b1b380db6fbe7afc5a4acd1fc3ae3e5,fb45a62362c381e5e892b61a22b431c423891e47b0968401d53be598bfe2864b,8a5955cd28b70062f9b33f99471a556148fafa457165d5a2145d2627f0b52bbb
57,48157,nominal,v24_nominal_model,True,True,True,1.0,1.9726615510511714,1.8154219300927787,True,0,0,0,0,0,0.2389845692316682,0.4988680420210585,False,False,87ad36b6995bfcef0f250ccc4eac28e6a96949e456e03d14a522b828a6acbec9,196297ba700405127044b31c0c33c1a48a40e58982aaa55b126a038c2d67aea5,a29fa0cc02d0534e1eb01d66c688c460326f0a9dca8a2b3468a1a375d4a36006
57,48157,nominal,v35_bias_gate_300,True,True,True,1.0,1.9726615510511714,1.8154219300927787,True,0,0,0,0,0,0.2389845692316682,0.4960778329987079,True,False,87ad36b6995bfcef0f250ccc4eac28e6a96949e456e03d14a522b828a6acbec9,196297ba700405127044b31c0c33c1a48a40e58982aaa55b126a038c2d67aea5,a29fa0cc02d0534e1eb01d66c688c460326f0a9dca8a2b3468a1a375d4a36006
57,48157,doppler_common_bias_p003,v24_nominal_model,True,False,True,0.44,3.59618150464945,3.765879763149144,True,0,0,0,0,0,0.2578153686211544,0.5087157500674948,False,False,87ad36b6995bfcef0f250ccc4eac28e6a96949e456e03d14a522b828a6acbec9,ee9d9fdf69c95bef4901791766c36f2fa86e68d15cb3327492d7d2d13cb5bd67,1e83f7486af7e40f296fd0adabbda736b2ea72a71d1eb9c78676f51cc02074f5
57,48157,doppler_common_bias_p003,v35_bias_gate_300,True,False,True,0.42,1.1446982181557115,1.2417039592314567,True,0,0,0,0,0,0.27922772292656695,1.0212228760356084,True,True,87ad36b6995bfcef0f250ccc4eac28e6a96949e456e03d14a522b828a6acbec9,ee9d9fdf69c95bef4901791766c36f2fa86e68d15cb3327492d7d2d13cb5bd67,a928208d5f08159f0515bd2bbbfba1ef72c885edea4cf588c915f6c20c30331a
57,48157,doppler_differential_bias_003,v24_nominal_model,False,False,False,0.0,4.885880318137718,71.0403498561996,True,0,0,0,0,0,0.2687084113427186,0.49775237508583814,False,False,87ad36b6995bfcef0f250ccc4eac28e6a96949e456e03d14a522b828a6acbec9,8dfb7b958b96b6805d52221e29a4e038e9d51b737382d5f6ec5b2ea44907e6e1,63a3b4fccd27723824dc1e02750048ea04908198dff9f5d21bf4ac36ac7c99e2
57,48157,doppler_differential_bias_003,v35_bias_gate_300,False,False,False,0.0,1.7877811187521992,71.01445825202315,True,0,0,0,0,0,0.26808366608761663,1.0079240010818467,True,True,87ad36b6995bfcef0f250ccc4eac28e6a96949e456e03d14a522b828a6acbec9,8dfb7b958b96b6805d52221e29a4e038e9d51b737382d5f6ec5b2ea44907e6e1,53cc2e7c206eca45c45ca82e7c3000d53c3192809c0f4a987ab2aa0bd4043503
57,48157,doppler_scale_102,v24_nominal_model,True,False,False,0.08,5.987323227092429,6.936768689858158,True,1,101,100,42,0,0.2559679999145959,0.5387441250495613,False,False,87ad36b6995bfcef0f250ccc4eac28e6a96949e456e03d14a522b828a6acbec9,db1c2c01a644eeb12dc46b36280e700b8318815128bcbf847b46d913c6428a41,75aecd97e7a75ce24342eda99c4389f5d4f60ea12a3a4304bb68ca0be69370af
57,48157,colored_noise_rho09_sd003,v24_nominal_model,True,True,True,1.0,1.724965894685739,1.5133931139492987,True,0,0,0,0,0,0.29478702236856863,0.5152619580039755,False,False,87ad36b6995bfcef0f250ccc4eac28e6a96949e456e03d14a522b828a6acbec9,8485222b1e6f69af62accff94483ff714f6529ae81d87b934444caf1f54584a4,93873b1356da5a3e98504cb04116f6954d3a0ba64973500d734ddcaf3bf18907
57,48157,colored_noise_rho09_sd003,v35_bias_gate_300,True,True,True,1.0,1.724965894685739,1.5133931139492987,True,0,0,0,0,0,0.29478702236856863,0.5245753340423107,True,False,87ad36b6995bfcef0f250ccc4eac28e6a96949e456e03d14a522b828a6acbec9,8485222b1e6f69af62accff94483ff714f6529ae81d87b934444caf1f54584a4,93873b1356da5a3e98504cb04116f6954d3a0ba64973500d734ddcaf3bf18907
57,48157,dropout_iid10,v24_nominal_model,False,False,False,0.0,2.016503523957052,87.31629656743435,True,0,0,0,0,0,0.26078409956717796,0.4515789160504937,False,False,87ad36b6995bfcef0f250ccc4eac28e6a96949e456e03d14a522b828a6acbec9,f7097592cc6ae1acecabba94a090b67dc862dad37ce1254b13cfd46a1b7d50f1,9ce9436e86ab30fdd0fa0d7b9a4148adf6b6e595eb377d4f127b1e8df5138113
57,48157,broadcast_delay_2s,v24_nominal_model,True,False,True,0.56,3.3308882138906566,2.1287811079550214,True,0,0,0,0,0,0.24663611544828407,0.4937387079698965,False,False,87ad36b6995bfcef0f250ccc4eac28e6a96949e456e03d14a522b828a6acbec9,cd303f9a94713dbd5c9aedb74d5baf26bd4ed2d4a8dd2283671181a35bf7a5e6,b7c23cde45d63d8aa276b886fe1eee631a6321f222de53f2108f299185cc4923
57,48157,dead_reckoning_scale_101,v24_nominal_model,True,True,True,0.9,3.700370429770877,3.7201917684141312,True,0,0,0,0,0,0.2562607322101238,0.5139892910374328,False,False,87ad36b6995bfcef0f250ccc4eac28e6a96949e456e03d14a522b828a6acbec9,36fe2de5dbf0a591b9f117550dca1033ee8048bff3361566567d61ac864e9cbd,a838876268981d30ebdf78246b11591f1dae3336adf417e45f8e63eaebdafb3b
58,48158,nominal,v24_nominal_model,True,True,True,1.0,0.924602357346676,0.8662050975792256,True,0,0,0,0,0,0.19106486140789733,0.5097466669976711,False,False,8a6d328446b9cd89b6fd0abbf5e7099f3c1ce8458d2457d280529b88ad257370,576633dea71b7218727c694f8f8cc81352742c7f192c55cc9fe41fc89b661e84,9184e27aa0de5357035ad6add604016708273aafcc16371c19e411e3cb8e5d83
58,48158,nominal,v35_bias_gate_300,True,True,True,1.0,0.924602357346676,0.8662050975792256,True,0,0,0,0,0,0.19106486140789733,0.5434511669445783,True,False,8a6d328446b9cd89b6fd0abbf5e7099f3c1ce8458d2457d280529b88ad257370,576633dea71b7218727c694f8f8cc81352742c7f192c55cc9fe41fc89b661e84,9184e27aa0de5357035ad6add604016708273aafcc16371c19e411e3cb8e5d83
58,48158,doppler_common_bias_p003,v24_nominal_model,True,True,True,1.0,1.9027097078024735,1.7057302942132622,True,0,0,0,0,0,0.22596230408878742,0.5624831250170246,False,False,8a6d328446b9cd89b6fd0abbf5e7099f3c1ce8458d2457d280529b88ad257370,f53ff65d2caba541100922d30ba546c73321916058113b78331287928f30a446,fb1c1d8b9bf43fb464e229f0f451ad3319f010f1278d1c7eef57a31dda854041
58,48158,doppler_common_bias_p003,v35_bias_gate_300,True,True,True,1.0,0.8646994759417226,0.6616467919199661,True,0,0,0,0,0,0.22584898954639868,1.0804295010166243,True,True,8a6d328446b9cd89b6fd0abbf5e7099f3c1ce8458d2457d280529b88ad257370,f53ff65d2caba541100922d30ba546c73321916058113b78331287928f30a446,3f8413485dc7693e262f590a549727560f152883651bda436bb82e122e6ada34
58,48158,doppler_differential_bias_003,v24_nominal_model,True,True,True,1.0,0.06455622396557711,0.23216003099316757,True,0,0,0,0,0,0.40257540254788987,0.6019773329608142,False,False,8a6d328446b9cd89b6fd0abbf5e7099f3c1ce8458d2457d280529b88ad257370,2d363af9765e7027599b591b431fbf760eada1eb02e33114626ac35b75fe2c0e,03736258c98bc1ee1e960047485d9e3298ebf5a92350a4ac07036f27dea92352
58,48158,doppler_differential_bias_003,v35_bias_gate_300,True,True,True,1.0,0.18109704842811214,0.22421011391919252,True,0,0,0,0,0,0.40251592294603894,1.1100586659740657,True,True,8a6d328446b9cd89b6fd0abbf5e7099f3c1ce8458d2457d280529b88ad257370,2d363af9765e7027599b591b431fbf760eada1eb02e33114626ac35b75fe2c0e,9308f5cb5ecb8af7f5d4ad7282694a9684019c1aade23a81a2da3c05bbb69200
58,48158,doppler_scale_102,v24_nominal_model,True,True,True,1.0,3.6476212364450618,3.6222222862325744,True,0,0,0,0,0,0.18554298880840406,0.5534437079913914,False,False,8a6d328446b9cd89b6fd0abbf5e7099f3c1ce8458d2457d280529b88ad257370,680131084d8baa480ab361e2ae207d889753a33576266743e9eed23f4071e9ef,45d2fd85b33630bdab1375112522f45f5416af691a5201761bdd6bcd55629f98
58,48158,colored_noise_rho09_sd003,v24_nominal_model,True,True,True,1.0,0.32004011871602844,0.38805047680456195,True,0,0,0,0,0,0.3978460536900906,0.5371019169688225,False,False,8a6d328446b9cd89b6fd0abbf5e7099f3c1ce8458d2457d280529b88ad257370,a0376d0b590267833d4a97ef9848f080adde9aa43dfd0057829d933f4c87ca6e,aa52cee8639ccc970e163126b5382a238830d6da83a5bc1115fa144722d36077
58,48158,colored_noise_rho09_sd003,v35_bias_gate_300,True,True,True,1.0,0.32004011871602844,0.38805047680456195,True,0,0,0,0,0,0.3978460536900906,0.5341461659409106,True,False,8a6d328446b9cd89b6fd0abbf5e7099f3c1ce8458d2457d280529b88ad257370,a0376d0b590267833d4a97ef9848f080adde9aa43dfd0057829d933f4c87ca6e,aa52cee8639ccc970e163126b5382a238830d6da83a5bc1115fa144722d36077
58,48158,dropout_iid10,v24_nominal_model,True,True,True,1.0,0.835245263928609,0.739813184970073,True,0,0,0,0,0,0.19527473986809024,0.4754789579892531,False,False,8a6d328446b9cd89b6fd0abbf5e7099f3c1ce8458d2457d280529b88ad257370,cf2075a25c2630aaca2826fea528c6e9cda7044e2ae285ecc6ca62d9b6a2faa3,338346f02b880ecd593a2fa3ef70b4495f8ee244e448f4cc226052be2c90433d
58,48158,broadcast_delay_2s,v24_nominal_model,True,True,True,1.0,2.0376588399458218,2.269030004465837,True,0,0,0,0,0,0.19100957141276134,0.5109579999698326,False,False,8a6d328446b9cd89b6fd0abbf5e7099f3c1ce8458d2457d280529b88ad257370,d3530c9ad4659fb0a5ce424f3278c05e2c6a9df41d878b1d2b1e3f5fffecda13,e34a404070ed6d428dc6c28b88155a7f06152301a0a6174088a3c925395a28ff
58,48158,dead_reckoning_scale_101,v24_nominal_model,True,True,True,1.0,6.877944443075166,6.907808193104626,True,0,0,0,0,0,0.2521424009754013,0.5243742080638185,False,False,8a6d328446b9cd89b6fd0abbf5e7099f3c1ce8458d2457d280529b88ad257370,40e09a458612619b2ef13570bb2f8c0f4042995275153df910b382be7daab460,ea5a0cbc5868187660fe18d917233e6333abbf0ea2d5c3bfe10ec721a536d535
59,48159,nominal,v24_nominal_model,False,False,False,0.0,0.2722834967509142,10.293606045699255,True,0,0,0,0,0,0.20865213924209774,0.789100082940422,False,False,1cfe3a2f16ba27636b462d3a5c54a6324413f9dfb0c8a048d65545abce521391,e000006c5326083ceb1a8abae63f0b96bb4772e84d862ee4ca5f2079f231f224,b481aea24e30435ad4f77f99e1fe1fcde6eb79120ff233a54424a43d3953886d
59,48159,nominal,v35_bias_gate_300,False,False,False,0.0,0.2722834967509142,10.293606045699255,True,0,0,0,0,0,0.20865213924209774,0.7918672088999301,True,False,1cfe3a2f16ba27636b462d3a5c54a6324413f9dfb0c8a048d65545abce521391,e000006c5326083ceb1a8abae63f0b96bb4772e84d862ee4ca5f2079f231f224,b481aea24e30435ad4f77f99e1fe1fcde6eb79120ff233a54424a43d3953886d
59,48159,doppler_common_bias_p003,v24_nominal_model,True,True,True,1.0,0.5739647431546966,0.46603122614479997,True,0,0,0,0,0,0.18656412968501676,0.5319987080292776,False,False,1cfe3a2f16ba27636b462d3a5c54a6324413f9dfb0c8a048d65545abce521391,f5471a5f90de19fbd5afc8742f0fec08be46ab132c3ef4f468a3901c3e6ba782,c6136841fd22cdcd9cd9036764e5ee87bb236ac9d4edbd5306e3aaff77e3dfd6
59,48159,doppler_common_bias_p003,v35_bias_gate_300,True,True,True,1.0,0.19751373309459122,0.4186401748294524,True,0,0,0,0,0,0.27104823734030825,1.211847416125238,True,True,1cfe3a2f16ba27636b462d3a5c54a6324413f9dfb0c8a048d65545abce521391,f5471a5f90de19fbd5afc8742f0fec08be46ab132c3ef4f468a3901c3e6ba782,7133345ff14892a29c1fb2a86b92e629c89432f0da5e68948fc9c3900439bf89
59,48159,doppler_differential_bias_003,v24_nominal_model,True,True,True,1.0,0.7395144400230247,0.8865635249547035,True,0,0,0,0,0,0.20142831246085247,0.5363304590573534,False,False,1cfe3a2f16ba27636b462d3a5c54a6324413f9dfb0c8a048d65545abce521391,2eb61cdd6bf314edfae0aa901c21587aa5850e75ba48a6b13b8c88e0509ebd31,997986f60aee5aad4c9f7db5598b4a04532a0e07a8bd513930f984aa99b0bbfd
59,48159,doppler_differential_bias_003,v35_bias_gate_300,True,True,True,1.0,0.3950840423230768,0.5759583016798391,True,0,0,0,0,0,0.20131091020925806,1.1745007911231369,True,True,1cfe3a2f16ba27636b462d3a5c54a6324413f9dfb0c8a048d65545abce521391,2eb61cdd6bf314edfae0aa901c21587aa5850e75ba48a6b13b8c88e0509ebd31,5b3b93b8accc5cde2edec1838296545177600f38f94e484ffd0d40d865df1f39
59,48159,doppler_scale_102,v24_nominal_model,False,False,False,0.0,2.7042858297864036,629.019775328797,False,0,0,0,0,0,0.12512518967767453,1.1611152909463271,False,False,1cfe3a2f16ba27636b462d3a5c54a6324413f9dfb0c8a048d65545abce521391,1e0f9607037b9baa91294f27cba47564589a12bf6fd9875233317918fdbaa7f5,0e56623649aed920e3b13cbb7a67174ff1defb2906a92d318ad849c12f38cd56
59,48159,colored_noise_rho09_sd003,v24_nominal_model,False,False,False,0.0,1.2748398320182786,1484.8986633958652,False,0,0,0,0,0,0.09103428058676541,1.1358797500142828,False,False,1cfe3a2f16ba27636b462d3a5c54a6324413f9dfb0c8a048d65545abce521391,1cfa4d7dfaae6737a6f117dc3af699c06cbcfcfdf693f52d834a3578f2a1c11f,72a1b46f20bafc6965e45c43c3956a857032ba6a24b065e98c15b732c0d1268e
59,48159,colored_noise_rho09_sd003,v35_bias_gate_300,False,False,False,0.0,1.2748398320182786,1484.8986633958652,False,0,0,0,0,0,0.09103428058676541,1.1465538749471307,True,False,1cfe3a2f16ba27636b462d3a5c54a6324413f9dfb0c8a048d65545abce521391,1cfa4d7dfaae6737a6f117dc3af699c06cbcfcfdf693f52d834a3578f2a1c11f,72a1b46f20bafc6965e45c43c3956a857032ba6a24b065e98c15b732c0d1268e
59,48159,dropout_iid10,v24_nominal_model,True,True,True,1.0,0.4117757660140631,0.6395322610632255,True,0,0,0,0,0,0.18736687946013036,0.4591065830318257,False,False,1cfe3a2f16ba27636b462d3a5c54a6324413f9dfb0c8a048d65545abce521391,8bb96b7d54e0d456536d560a0d9e10767ddd1c821e5e33ac9de6c8d52a3b1b15,bf35521063833bdc4c74ed01b64a887611a1a326012a0fd6974f1771acdffa9c
59,48159,broadcast_delay_2s,v24_nominal_model,True,True,True,1.0,4.880414442174872,0.5609890134255494,True,0,0,0,0,0,0.18723808907382292,0.5050489170243964,False,False,1cfe3a2f16ba27636b462d3a5c54a6324413f9dfb0c8a048d65545abce521391,9ac3175a317edaa6c78b57277a82ed73d3adac8d28245221bc387f50b1cd7aed,944766a78ff85e23e9208735744e36a88316a43c52c055b6e9868317ee5fff85
59,48159,dead_reckoning_scale_101,v24_nominal_model,True,True,True,1.0,6.106804978414053,6.174635830233862,True,0,0,0,0,0,0.18633562441818957,0.552314208005555,False,False,1cfe3a2f16ba27636b462d3a5c54a6324413f9dfb0c8a048d65545abce521391,1919a4e9d4446f8bbf1c38fe9e48539b4b23f7523d86662880d2816c8aecae78,77c4341d2f6af355efc698c8bdc89d85fbcfead4d5ba5b1bd83464b8866093b7
60,48160,nominal,v24_nominal_model,True,True,True,1.0,0.8943418096684835,0.9226982690386096,True,0,0,0,0,0,0.4208240270494963,0.5061200000345707,False,False,df5fa2c52168e3aae7842479d1f8de60b9cc515ab7e25c3e4a59c4d55eb953b9,72f6e7b6955c7c62c8010f953eaedde2601a7ef568cf397dbd86ffb03aa27a95,d1f0861d97f1f10103d562b014d65ab59cb41ac70ee8a5053d7f69ef35adfb59
60,48160,nominal,v35_bias_gate_300,True,True,True,1.0,0.8943418096684835,0.9226982690386096,True,0,0,0,0,0,0.4208240270494963,0.5208528329385445,True,False,df5fa2c52168e3aae7842479d1f8de60b9cc515ab7e25c3e4a59c4d55eb953b9,72f6e7b6955c7c62c8010f953eaedde2601a7ef568cf397dbd86ffb03aa27a95,d1f0861d97f1f10103d562b014d65ab59cb41ac70ee8a5053d7f69ef35adfb59
60,48160,doppler_common_bias_p003,v24_nominal_model,True,True,True,1.0,1.527030492737828,1.527400858253869,True,0,0,0,0,0,0.35829302325742024,0.5076124999905005,False,False,df5fa2c52168e3aae7842479d1f8de60b9cc515ab7e25c3e4a59c4d55eb953b9,0a43b7d7d001f991aef97703e76714ac2f34faa5605ecb6a209c2108df066ff1,311550b1b8221f42a4a528d6836865d01c84ed165e3994be772ea9a27f9617e4
60,48160,doppler_common_bias_p003,v35_bias_gate_300,True,True,True,1.0,0.9358986619933645,0.9654790885389323,True,0,0,0,0,0,0.3576705651354696,1.0253288749372587,True,True,df5fa2c52168e3aae7842479d1f8de60b9cc515ab7e25c3e4a59c4d55eb953b9,0a43b7d7d001f991aef97703e76714ac2f34faa5605ecb6a209c2108df066ff1,13806e4b16b8b7c9063225da02472d342f3a734849a517de3470389321b42c50
60,48160,doppler_differential_bias_003,v24_nominal_model,True,False,True,0.6,0.4980375203492493,0.5674862521694019,True,0,0,0,0,0,0.3647369654756924,0.5027629159158096,False,False,df5fa2c52168e3aae7842479d1f8de60b9cc515ab7e25c3e4a59c4d55eb953b9,1e90e99c7a104c40e268db4e0a71b16c79851c4ec3a322da14bea4a35bfc158a,5920ec4c53d4f19a5b09624f6f13f2cc6bc06e59de8cbf52c7a4502f103cae00
60,48160,doppler_differential_bias_003,v35_bias_gate_300,True,False,True,0.6,0.39641087345536263,0.5007052839828575,True,0,0,0,0,0,0.37029355154781196,1.0813645399175584,True,True,df5fa2c52168e3aae7842479d1f8de60b9cc515ab7e25c3e4a59c4d55eb953b9,1e90e99c7a104c40e268db4e0a71b16c79851c4ec3a322da14bea4a35bfc158a,41b28d045784c893126ee2ad7ac34bee8577f6bc3c428c8e90b190c1b8d66ecd
60,48160,doppler_scale_102,v24_nominal_model,True,True,True,1.0,1.896736386609276,1.903189022243176,True,0,0,0,0,0,0.40357116171754887,0.5618432499468327,False,False,df5fa2c52168e3aae7842479d1f8de60b9cc515ab7e25c3e4a59c4d55eb953b9,abf436bd5413c6bf089403c78af2fd9682de022ab6c7e1a5b94375feca3e78a5,e69da523367a752786ece2087eb83a52440b305c0fa95153da210f784b44a7a4
60,48160,colored_noise_rho09_sd003,v24_nominal_model,True,True,True,1.0,1.011492998620345,1.0453703268235712,True,0,0,0,0,0,0.3619803834965157,0.5095707499422133,False,False,df5fa2c52168e3aae7842479d1f8de60b9cc515ab7e25c3e4a59c4d55eb953b9,58a49970a4dc118d784eb202cfbc94990021a9a24d95db49ef068899febe40cc,1e91d25f51ceffbc098efdd5ce955f7cb729804456887086aafd5b12d346e440
60,48160,colored_noise_rho09_sd003,v35_bias_gate_300,True,True,True,1.0,1.011492998620345,1.0453703268235712,True,0,0,0,0,0,0.3619803834965157,0.5563689999980852,True,False,df5fa2c52168e3aae7842479d1f8de60b9cc515ab7e25c3e4a59c4d55eb953b9,58a49970a4dc118d784eb202cfbc94990021a9a24d95db49ef068899febe40cc,1e91d25f51ceffbc098efdd5ce955f7cb729804456887086aafd5b12d346e440
60,48160,dropout_iid10,v24_nominal_model,True,True,True,1.0,0.9949484150729567,1.01697982805345,True,0,0,0,0,0,0.4312147200694443,0.45410058402922004,False,False,df5fa2c52168e3aae7842479d1f8de60b9cc515ab7e25c3e4a59c4d55eb953b9,515504afa6f486b3e4b852dc8c4779b6c3a46cfe1a71703fdb800ab658a8b788,f9a99bcf556bdf73ac53041cf827d85ddbe58b94fc78f43a670e650987d829b6
60,48160,broadcast_delay_2s,v24_nominal_model,True,True,True,1.0,2.7263357211563717,1.0967162938105026,True,0,0,0,0,0,0.3543590373479602,0.5046895000850782,False,False,df5fa2c52168e3aae7842479d1f8de60b9cc515ab7e25c3e4a59c4d55eb953b9,bb79e77422a8b85cb310557ece5ad7351a3e645ea43b2e1c51b34500991219e9,aca3df4dde397a493f42f2fc09f303b3563cebcf5901649a16e1d2b224e9efcd
60,48160,dead_reckoning_scale_101,v24_nominal_model,True,True,True,1.0,5.859538831158561,5.87624110091544,True,0,0,0,0,0,0.23932961981432294,0.503154749982059,False,False,df5fa2c52168e3aae7842479d1f8de60b9cc515ab7e25c3e4a59c4d55eb953b9,85798dec4f0da5f432884debadd79ecbeeeba7a9b6d60b39f0dc32062f32874c,4808e287a23b38c874b39208b7358c106cd33a14320186d2f01a520fb76c2ba3
61,48161,nominal,v24_nominal_model,True,True,True,1.0,1.7221404904588558,1.8422530888392161,True,0,0,0,0,0,0.2796636127437626,0.5034219590015709,False,False,96b72a508d399b53a8b9a4dcf5ff64d2500b609a3b13b738791784c7e511c74f,a4e381bdee1ce552d2fd1c15641790efdc150cc946a3cdb9a37656b558d6afe6,c10ed34c0e92f4a1e4a827334600b54dae2e0a7f993c733a2eeb7b98d98fef26
61,48161,nominal,v35_bias_gate_300,True,True,True,1.0,1.7221404904588558,1.8422530888392161,True,0,0,0,0,0,0.2796636127437626,0.5067681669024751,True,False,96b72a508d399b53a8b9a4dcf5ff64d2500b609a3b13b738791784c7e511c74f,a4e381bdee1ce552d2fd1c15641790efdc150cc946a3cdb9a37656b558d6afe6,c10ed34c0e92f4a1e4a827334600b54dae2e0a7f993c733a2eeb7b98d98fef26
61,48161,doppler_common_bias_p003,v24_nominal_model,True,True,True,1.0,6.8416694022777484,6.842099122813513,True,0,0,0,0,0,0.27712084497592754,0.5132565420353785,False,False,96b72a508d399b53a8b9a4dcf5ff64d2500b609a3b13b738791784c7e511c74f,80110ebbeaab9d28a7a23684073ba00697387e44558b4570f6a0410f47b16445,6db2764b357876e23469118db1e0fcc108cb994b5b0dfcb24407ead005a533c3
61,48161,doppler_common_bias_p003,v35_bias_gate_300,True,True,True,1.0,0.5443906446007198,0.6593917697132735,True,0,0,0,0,0,0.3638790631982467,1.0367548341164365,True,True,96b72a508d399b53a8b9a4dcf5ff64d2500b609a3b13b738791784c7e511c74f,80110ebbeaab9d28a7a23684073ba00697387e44558b4570f6a0410f47b16445,f5ae15f059ec71d37d5a628688b7c79d5a57415ceb902aa43842f79a01f5af59
61,48161,doppler_differential_bias_003,v24_nominal_model,True,False,True,0.52,4.2027583581151955,4.1177158820785165,True,0,0,0,0,0,0.29685658709983737,0.4928098749369383,False,False,96b72a508d399b53a8b9a4dcf5ff64d2500b609a3b13b738791784c7e511c74f,d01d2ba03afacda6ae3a5905a6b1fbdf937dfddbbb93bcdf9aa49251104a93e0,ac0c3552859ee6e676ca78b901e80d89fcbb00a8fdbba87789f5b597cb4eaf99
61,48161,doppler_differential_bias_003,v35_bias_gate_300,True,False,True,0.5,1.1877651219486274,1.2415295871596623,True,0,0,0,0,0,0.31919021381901547,1.0031094590667635,True,True,96b72a508d399b53a8b9a4dcf5ff64d2500b609a3b13b738791784c7e511c74f,d01d2ba03afacda6ae3a5905a6b1fbdf937dfddbbb93bcdf9aa49251104a93e0,e52834237d7eee4c01b6492159004cec6a3717f96b8465c08b47dd5a1caee9fd
61,48161,doppler_scale_102,v24_nominal_model,False,False,False,0.0,3.691347643596933,260.4721585207103,True,0,0,0,0,0,0.28716898421641496,0.49838454206474125,False,False,96b72a508d399b53a8b9a4dcf5ff64d2500b609a3b13b738791784c7e511c74f,bc065dafd2361bd0fcf97c8c1b1656390db1f2d0dbcbe0602b7eb93d207e1408,08f3037fc35e19a7a60676fed3015374abeb64ca7611fba3940a5c1edf02a55d
61,48161,colored_noise_rho09_sd003,v24_nominal_model,True,True,True,1.0,1.3026418620055347,1.2872045698227115,True,0,0,0,0,0,0.27482690724873393,0.5230032500112429,False,False,96b72a508d399b53a8b9a4dcf5ff64d2500b609a3b13b738791784c7e511c74f,70d46d34cbcdcd27d34ba7210c6284db6fce2d990684c788be3ba49605338284,23dee9c9f73a30c92c9acc2921b0d37b8721ee37060f1fcf2956441e05378b04
61,48161,colored_noise_rho09_sd003,v35_bias_gate_300,True,True,True,1.0,1.3026418620055347,1.2872045698227115,True,0,0,0,0,0,0.27482690724873393,0.6825715410523117,True,False,96b72a508d399b53a8b9a4dcf5ff64d2500b609a3b13b738791784c7e511c74f,70d46d34cbcdcd27d34ba7210c6284db6fce2d990684c788be3ba49605338284,23dee9c9f73a30c92c9acc2921b0d37b8721ee37060f1fcf2956441e05378b04
61,48161,dropout_iid10,v24_nominal_model,True,True,True,1.0,2.3100039032680217,2.4270308243930714,True,0,0,0,0,0,0.2750424060473259,0.5080450830282643,False,False,96b72a508d399b53a8b9a4dcf5ff64d2500b609a3b13b738791784c7e511c74f,30843276c89a50185ce014381f045290f4ddc86a60fe18fbe53a39980f0ad9e6,636a23c3f7f81941fa810e82219bb4ee3fcdf7853c311040fed7a0e5344bfeee
61,48161,broadcast_delay_2s,v24_nominal_model,True,True,True,1.0,4.322019002493755,1.4312503306888864,True,0,0,0,0,0,0.322711821968839,0.615457791951485,False,False,96b72a508d399b53a8b9a4dcf5ff64d2500b609a3b13b738791784c7e511c74f,983fb853e2aba1173f970138e731c1668d465a134aee9f80b8a8f00b9cfa311b,7e34099a122b0b70b71344cccdc91ef86c604cdbe5d1ed118a7cf78e9faa0a55
61,48161,dead_reckoning_scale_101,v24_nominal_model,False,False,False,0.0,7.180750791444246,7.226111027409556,True,1,158,158,70,0,0.2825360837592195,0.5199339169776067,False,False,96b72a508d399b53a8b9a4dcf5ff64d2500b609a3b13b738791784c7e511c74f,22cdd68738a39bd4e80481c61a55a51c58a2bbd1141ee3efcd5187daddd2935a,7372876de4bca04d3e203c00a06e1e7c410d822c976b5705e669de4e5feddd22
62,48162,nominal,v24_nominal_model,True,True,True,1.0,0.2737142940232255,0.1392349356573851,True,0,0,0,0,0,0.2504352621476222,0.65676987497136,False,False,8f82f7465f3ffbe4a442c31234e592f3216101283690faa7762a8a3c8d1e800b,95787eae3a7ba9a75e377975e2a7915e43569a3a650f6eb868451ad1db930a9d,d1122d3410829de9a9a19d9ef3550e6ed8a5fd934d989288f7a0b6b65f1f827f
62,48162,nominal,v35_bias_gate_300,True,True,True,1.0,0.2737142940232255,0.1392349356573851,True,0,0,0,0,0,0.2504352621476222,0.5009905000915751,True,False,8f82f7465f3ffbe4a442c31234e592f3216101283690faa7762a8a3c8d1e800b,95787eae3a7ba9a75e377975e2a7915e43569a3a650f6eb868451ad1db930a9d,d1122d3410829de9a9a19d9ef3550e6ed8a5fd934d989288f7a0b6b65f1f827f
62,48162,doppler_common_bias_p003,v24_nominal_model,True,True,True,1.0,0.6507046861863663,0.5015672569670254,True,0,0,0,0,0,0.31264163562664404,0.5616690829629079,False,False,8f82f7465f3ffbe4a442c31234e592f3216101283690faa7762a8a3c8d1e800b,8af649c4234b818ffdb7590e2014e4736fd5897d4aa25ed06c42b95a3f508012,ea88548dcb98b5ecb84bb6cac07ce38dceeb97ac9cdb4d33c94c50617f5990b6
62,48162,doppler_common_bias_p003,v35_bias_gate_300,True,True,True,1.0,0.23452604258015397,0.1387580115768321,True,0,0,0,0,0,0.3289597508945187,1.064273125026375,True,True,8f82f7465f3ffbe4a442c31234e592f3216101283690faa7762a8a3c8d1e800b,8af649c4234b818ffdb7590e2014e4736fd5897d4aa25ed06c42b95a3f508012,451dc85543ce9480a30632049b2f0e1f3401f8d8af773da2d6fb2e3bfb1aa7f8
62,48162,doppler_differential_bias_003,v24_nominal_model,True,True,True,1.0,0.9943124235650173,0.8882917682177816,True,0,0,0,0,0,0.26676575396897056,0.5041255409596488,False,False,8f82f7465f3ffbe4a442c31234e592f3216101283690faa7762a8a3c8d1e800b,453a7d8fe2ef2146064c97b0700d43f9008ddac41208a4780bda32c09a0cdd03,107eb09dadcf2a65d9cc6d4c1352aabff6de56ab49b0b3f208daea54e6154870
62,48162,doppler_differential_bias_003,v35_bias_gate_300,True,True,True,1.0,0.5032963539299228,0.36155037491850395,True,0,0,0,0,0,0.28294903700301427,1.0492258740123361,True,True,8f82f7465f3ffbe4a442c31234e592f3216101283690faa7762a8a3c8d1e800b,453a7d8fe2ef2146064c97b0700d43f9008ddac41208a4780bda32c09a0cdd03,343e089ce5fd47f09a02c11ca4df927f30b0295167231a0af5577643172ef826
62,48162,doppler_scale_102,v24_nominal_model,True,True,True,1.0,0.6778355174022258,0.6951777737000566,True,0,0,0,0,0,0.18504343364769707,0.5090396669693291,False,False,8f82f7465f3ffbe4a442c31234e592f3216101283690faa7762a8a3c8d1e800b,e115b93116e3c0b7930435d3be3d7bfc61e1bfd618dc1cc36d16511accd8197e,a586784847972213202c8b42f2d529e567c2be96f7a252a2e65d86a88515a88d
62,48162,colored_noise_rho09_sd003,v24_nominal_model,True,True,True,1.0,1.9461378421042497,2.0573955017308414,True,0,0,0,0,0,0.16869793252467122,0.5149215840501711,False,False,8f82f7465f3ffbe4a442c31234e592f3216101283690faa7762a8a3c8d1e800b,8ec3168fd050fdf2c3fab2347b33c1d47b82e2d6fb320b298ca8eef87c13f95f,c60633a02835c278a65beea8e7df9ba89f262e73fc121dc5df52236dbc0170ac
62,48162,colored_noise_rho09_sd003,v35_bias_gate_300,True,True,True,1.0,1.9461378421042497,2.0573955017308414,True,0,0,0,0,0,0.16869793252467122,0.5273116250755265,True,False,8f82f7465f3ffbe4a442c31234e592f3216101283690faa7762a8a3c8d1e800b,8ec3168fd050fdf2c3fab2347b33c1d47b82e2d6fb320b298ca8eef87c13f95f,c60633a02835c278a65beea8e7df9ba89f262e73fc121dc5df52236dbc0170ac
62,48162,dropout_iid10,v24_nominal_model,True,True,True,1.0,0.30365653642061113,0.16415133902396217,True,0,0,0,0,0,0.24661088435036838,0.4693059999262914,False,False,8f82f7465f3ffbe4a442c31234e592f3216101283690faa7762a8a3c8d1e800b,8bb983c084b29e9d1063095b167615baabd8f784ddb56f264ae5251240e578cc,8d85db20d5609b1387c88866285293f2ee390820bea4e13c6e986e25fce89775
62,48162,broadcast_delay_2s,v24_nominal_model,True,True,True,1.0,4.198356685361378,0.6149353218477774,True,0,0,0,0,0,0.26050981055327255,0.5046511659165844,False,False,8f82f7465f3ffbe4a442c31234e592f3216101283690faa7762a8a3c8d1e800b,feabdca863410ff621642f11b1f6c5a45c2bb8d092a3116937f98999f07d1139,1f59412853447395fc0e0f674d8bd32a8a38f022b86246f999908e5069599638
62,48162,dead_reckoning_scale_101,v24_nominal_model,True,True,True,1.0,5.236266250657988,5.20826479183145,True,0,0,0,0,0,0.26228869893691054,0.5046394999371842,False,False,8f82f7465f3ffbe4a442c31234e592f3216101283690faa7762a8a3c8d1e800b,b4453d32851929418ceaabb9d50bcac3679c0c90d0fba3c174f1ccc52aad1f3f,b4c45589c3b5138e31d333e898a7b81f70f17805e55b158e63cc05a65e94bc56
63,48163,nominal,v24_nominal_model,True,True,True,1.0,0.2996137612002569,0.3660004004317992,True,0,0,0,0,0,0.2848572121579778,0.5198713750578463,False,False,072035f393b9a60f331a16a41121ca4b707157bd8be09fc9f77df88e835f47d5,20a63eb0f90dda2362625e47bc42f301569e8ebb80f284fc9d63b62a984fa491,2e0eafe6ea35d66309559cca6921fb161ea47340f0ffc040961e0ea88ea324ff
63,48163,nominal,v35_bias_gate_300,True,True,True,1.0,0.2996137612002569,0.3660004004317992,True,0,0,0,0,0,0.2848572121579778,0.5256823759991676,True,False,072035f393b9a60f331a16a41121ca4b707157bd8be09fc9f77df88e835f47d5,20a63eb0f90dda2362625e47bc42f301569e8ebb80f284fc9d63b62a984fa491,2e0eafe6ea35d66309559cca6921fb161ea47340f0ffc040961e0ea88ea324ff
63,48163,doppler_common_bias_p003,v24_nominal_model,True,True,True,1.0,0.4062325748446225,0.4554098860376806,True,0,0,0,0,0,0.3560467356811935,0.5316821669694036,False,False,072035f393b9a60f331a16a41121ca4b707157bd8be09fc9f77df88e835f47d5,412239c5a8d53e1fcb96a177f635830a3697dc6e6d2a78c485510dea63e00a53,6b19af3e37802a1f3dbcb4021ba24ecd2e9a840add4e55a990eb02be1bfbfcbb
63,48163,doppler_common_bias_p003,v35_bias_gate_300,True,True,True,1.0,0.4305272838451229,0.4289442926803501,True,0,0,0,0,0,0.35593110891068586,1.105206499923952,True,True,072035f393b9a60f331a16a41121ca4b707157bd8be09fc9f77df88e835f47d5,412239c5a8d53e1fcb96a177f635830a3697dc6e6d2a78c485510dea63e00a53,6aa5c56d22c034a24b6d6202c4b8d22ae10616817f09c186333d223aa3644e64
63,48163,doppler_differential_bias_003,v24_nominal_model,True,True,True,1.0,0.36191355843438416,0.5489896256291927,True,0,0,0,0,0,0.3374759598916001,0.5361287919804454,False,False,072035f393b9a60f331a16a41121ca4b707157bd8be09fc9f77df88e835f47d5,75d9180b80049fab1bc33884649ebc97f93479bd19c9042c8f9fb2f9bf79dc3b,e16d2e8002b33fde466083ea04b48f0aae69b5c23c4be8870b6b27ed75baf6a6
63,48163,doppler_differential_bias_003,v35_bias_gate_300,True,True,True,1.0,0.3907727780946327,0.5306656849063123,True,0,0,0,0,0,0.3374001892174308,1.0784878329141065,True,True,072035f393b9a60f331a16a41121ca4b707157bd8be09fc9f77df88e835f47d5,75d9180b80049fab1bc33884649ebc97f93479bd19c9042c8f9fb2f9bf79dc3b,eb1cc8f7507d01ffbc716983f69bb54461246409e0fc8d86966d0a8d1a87ebb8
63,48163,doppler_scale_102,v24_nominal_model,False,False,False,0.0,1.776910183951535,2028.1367343034062,False,0,0,0,0,0,0.17722942118557142,0.571290250052698,False,False,072035f393b9a60f331a16a41121ca4b707157bd8be09fc9f77df88e835f47d5,ce317c8958d8e046ca01acbb5b015e7471f7a152deeb0703a3c72d1b6876a4c2,06caf23c3ebe293efa8e57775730610b8fba8101f96e1dd3b6cdec99c20bc1d2
63,48163,colored_noise_rho09_sd003,v24_nominal_model,True,True,True,1.0,0.47325932531310383,0.5069500312368286,True,0,0,0,0,0,0.3409704865503975,0.5924165000906214,False,False,072035f393b9a60f331a16a41121ca4b707157bd8be09fc9f77df88e835f47d5,691664f207d7dc49f47954740aa3a17b123257767382c4cd2f71015b93e1fbd3,5c4631858b83d6e3a9bb4bdf4c81050e3d62092005669a614356b3a72229dbd3
63,48163,colored_noise_rho09_sd003,v35_bias_gate_300,True,True,True,1.0,0.47325932531310383,0.5069500312368286,True,0,0,0,0,0,0.3409704865503975,0.5290020829997957,True,False,072035f393b9a60f331a16a41121ca4b707157bd8be09fc9f77df88e835f47d5,691664f207d7dc49f47954740aa3a17b123257767382c4cd2f71015b93e1fbd3,5c4631858b83d6e3a9bb4bdf4c81050e3d62092005669a614356b3a72229dbd3
63,48163,dropout_iid10,v24_nominal_model,True,True,True,1.0,0.2809205210873743,0.3057238997023298,True,0,0,0,0,0,0.3061885062363085,0.47570225002709776,False,False,072035f393b9a60f331a16a41121ca4b707157bd8be09fc9f77df88e835f47d5,26eb7382c1941ba87bbd6242312a6bbf7aa1bd2a0f2f017f7bbf90b9400869d1,681f2cbde7b45fde2c26b1bb300e2f812dc340a7922ee087681ea1c72e5cb112
63,48163,broadcast_delay_2s,v24_nominal_model,True,True,True,1.0,4.326133455570519,0.828672737259864,True,0,0,0,0,0,0.2502566282422901,0.5318600829923525,False,False,072035f393b9a60f331a16a41121ca4b707157bd8be09fc9f77df88e835f47d5,9bc5aa307e021e0bc19d2e505088f9f2258c918d720470aa3ae490e9ee5f561a,c38723f9b8b558ebc7686c4837dc0df95ddb68c1c847b983b96141826a093b69
63,48163,dead_reckoning_scale_101,v24_nominal_model,True,True,True,1.0,5.901786223326794,6.0268356676696975,True,0,0,0,0,0,0.35114758478417696,0.522662042058073,False,False,072035f393b9a60f331a16a41121ca4b707157bd8be09fc9f77df88e835f47d5,f4455395aa71f604acbf54c14c2257acfd29a4978df257e8ffa405b6e24cf3ef,17029b0f4fce515c114272b6b79dd2b18e358b2d63440775ae8ab6194badb46f
64,48164,nominal,v24_nominal_model,True,True,True,1.0,0.47226868503139374,0.4760366916093329,True,0,0,0,0,0,0.25580940281811904,0.5129430840024725,False,False,456c54ecfb792f316ca12fae93fc2db3336d203db423aa8f9b531d19a331caa9,f9208dbf8cdc9494bfaf7555e70a29b7b97f80dbf1aa3fd4b6a082f413655504,d56d127ae56c33bf778c576af573c06135794d3bcdd09da9f2147af69f88e861
64,48164,nominal,v35_bias_gate_300,True,True,True,1.0,0.47226868503139374,0.4760366916093329,True,0,0,0,0,0,0.25580940281811904,0.5152628750074655,True,False,456c54ecfb792f316ca12fae93fc2db3336d203db423aa8f9b531d19a331caa9,f9208dbf8cdc9494bfaf7555e70a29b7b97f80dbf1aa3fd4b6a082f413655504,d56d127ae56c33bf778c576af573c06135794d3bcdd09da9f2147af69f88e861
64,48164,doppler_common_bias_p003,v24_nominal_model,True,True,True,1.0,0.8065461179378621,0.8092937864953716,True,0,0,0,0,0,0.29134190230169255,0.5042059579864144,False,False,456c54ecfb792f316ca12fae93fc2db3336d203db423aa8f9b531d19a331caa9,fc2587941eb09227f2749f8bbe8b91501880fb7d39dfb4284bb6a24e05822318,0d0e8c9fbf74ad61ccba4f9f4721e7b736e5a0d2d46030b7c3f52115ba1a973a
64,48164,doppler_common_bias_p003,v35_bias_gate_300,True,True,True,1.0,0.5186225828843133,0.5442908415880027,True,0,0,0,0,0,0.29129298171941653,1.0426515000872314,True,True,456c54ecfb792f316ca12fae93fc2db3336d203db423aa8f9b531d19a331caa9,fc2587941eb09227f2749f8bbe8b91501880fb7d39dfb4284bb6a24e05822318,34ed15a3e56f17173a5ba1f1fd254b7fcfeb0043ae3f71f6247fb8ab76f5b7e8
64,48164,doppler_differential_bias_003,v24_nominal_model,True,True,True,1.0,0.4660152400801753,0.37977165703351673,True,0,0,0,0,0,0.25619139322449264,0.522800917038694,False,False,456c54ecfb792f316ca12fae93fc2db3336d203db423aa8f9b531d19a331caa9,4e9358d903f5b06020fb4724e0b6d01bd201ae6ecc1f7abce79059e33cd4137b,4b0838a1e0b8e91c828f22c8a5e0197c4dc9d57dc7129791e530288aca4223d1
64,48164,doppler_differential_bias_003,v35_bias_gate_300,True,True,True,1.0,0.5116579827778489,0.4954682175685799,True,0,0,0,0,0,0.25624161185393357,1.0249425830552354,True,True,456c54ecfb792f316ca12fae93fc2db3336d203db423aa8f9b531d19a331caa9,4e9358d903f5b06020fb4724e0b6d01bd201ae6ecc1f7abce79059e33cd4137b,01cf15c5fb5263fdbd6ea21f77138f9b6b2c6fec2417a7b6422be9f40291d1c3
64,48164,doppler_scale_102,v24_nominal_model,False,False,False,0.0,1.0671971348233877,1487.5868003596304,False,0,0,0,0,0,0.20776041608174092,0.575290958979167,False,False,456c54ecfb792f316ca12fae93fc2db3336d203db423aa8f9b531d19a331caa9,de5ae52696e46314fd4d86b78c1214fc2b41551d31dfb78b02468a719907d0dc,c46d5465aa5169b001288111c17974bf453020eb1bafd4e80c8546119ec08976
64,48164,colored_noise_rho09_sd003,v24_nominal_model,True,True,True,1.0,0.843484795680071,0.8781103452627295,True,0,0,0,0,0,0.295792030041729,0.5063877910142764,False,False,456c54ecfb792f316ca12fae93fc2db3336d203db423aa8f9b531d19a331caa9,c6c8a80c85a514f74b75f963e7f1a50dda95691f42bad2294ff7975991201d36,ee7e4ac55001a0e5443c58c1928a2c8954a8da131b344f7057716d36bde68758
64,48164,colored_noise_rho09_sd003,v35_bias_gate_300,True,True,True,1.0,0.843484795680071,0.8781103452627295,True,0,0,0,0,0,0.295792030041729,0.5325720420805737,True,False,456c54ecfb792f316ca12fae93fc2db3336d203db423aa8f9b531d19a331caa9,c6c8a80c85a514f74b75f963e7f1a50dda95691f42bad2294ff7975991201d36,ee7e4ac55001a0e5443c58c1928a2c8954a8da131b344f7057716d36bde68758
64,48164,dropout_iid10,v24_nominal_model,True,True,True,1.0,0.5932230006653247,0.6006487789748629,True,0,0,0,0,0,0.252751445553624,0.49478633305989206,False,False,456c54ecfb792f316ca12fae93fc2db3336d203db423aa8f9b531d19a331caa9,364a93c11bfd26526c1b173a7c4a6b0037044487bff837c909e3cf7e6c2315ca,cf6964a753f52ff67bd655bba7cb57a494283c9a53a7705e148992f8c5bb01e1
64,48164,broadcast_delay_2s,v24_nominal_model,True,True,True,1.0,3.203028492343554,0.5634806337380088,True,0,0,0,0,0,0.2887692752421412,0.5105320829898119,False,False,456c54ecfb792f316ca12fae93fc2db3336d203db423aa8f9b531d19a331caa9,5eaef486eb90be5bff67d9bba9f90eb6b5fa002a026d358abee6bef096349dff,862f96316da4af17cb68d782b4bc74ebd687ff7dced8df2c69e2513282b6fbf0
64,48164,dead_reckoning_scale_101,v24_nominal_model,True,True,True,1.0,4.237142439609076,4.232937755982058,True,0,0,0,0,0,0.38785904182100406,0.5336422079708427,False,False,456c54ecfb792f316ca12fae93fc2db3336d203db423aa8f9b531d19a331caa9,b6c50eda3418c610437a11d520a7283e33387bfcdfe69e6abb1a55d5a2f21145,21fabd6b0704b38c1c7234860940ff29892c5bce380e3db3e899f2933e37a467
65,48165,nominal,v24_nominal_model,True,True,True,1.0,0.47738934186902904,0.36520550120215167,True,0,0,0,0,0,0.3176633104919905,0.6227637080010027,False,False,08d97581f292d7d142c3513742edc2c609efffe2d0be1612c44d6a23acef8f61,ec7a75d523bf226909d1addd9a14074e333b8bacf40a252335e84af588575ac4,b3c298fd65a5fab712f7f69a76eab77a15b429097971eb27ad3a750d303fdc2c
65,48165,nominal,v35_bias_gate_300,True,True,True,1.0,0.47738934186902904,0.36520550120215167,True,0,0,0,0,0,0.3176633104919905,0.6298769590212032,True,False,08d97581f292d7d142c3513742edc2c609efffe2d0be1612c44d6a23acef8f61,ec7a75d523bf226909d1addd9a14074e333b8bacf40a252335e84af588575ac4,b3c298fd65a5fab712f7f69a76eab77a15b429097971eb27ad3a750d303fdc2c
65,48165,doppler_common_bias_p003,v24_nominal_model,True,True,True,1.0,0.4358626242578664,0.29014515807807845,True,0,0,0,0,0,0.3184724098679311,0.5299197499407455,False,False,08d97581f292d7d142c3513742edc2c609efffe2d0be1612c44d6a23acef8f61,64453ae8c385fbf037567a1ba029ed020bc73ecadd28cdb0e032433b25ba3be0,11ebfd8c48af5a85c89b20f4610fc0bdb6fd55f9b8b536e5fbcfd8c275a6b81b
65,48165,doppler_common_bias_p003,v35_bias_gate_300,True,True,True,1.0,0.3047027321060595,0.1989891898696845,True,0,0,0,0,0,0.31825284992737213,1.2316660420037806,True,True,08d97581f292d7d142c3513742edc2c609efffe2d0be1612c44d6a23acef8f61,64453ae8c385fbf037567a1ba029ed020bc73ecadd28cdb0e032433b25ba3be0,203390b53ca2c34276a96fcbcc8010ffdff14aa34c5b9f3f41b15caf0d216323
65,48165,doppler_differential_bias_003,v24_nominal_model,True,True,True,1.0,0.45568404584586986,0.45514378927464083,True,0,0,0,0,0,0.4060116838348501,0.5677562500350177,False,False,08d97581f292d7d142c3513742edc2c609efffe2d0be1612c44d6a23acef8f61,f0d0fc3e00443de94aaf6abf3d2c8419d360d44bade888c54f8e79677fa61d6a,31a9bc4097d9c792c51d596e6b09bc7e5c0adbff5663910245b7693e42a64d7c
65,48165,doppler_differential_bias_003,v35_bias_gate_300,True,True,True,1.0,0.455973439235787,0.4398143172556386,True,0,0,0,0,0,0.40576607968544476,1.258539667003788,True,True,08d97581f292d7d142c3513742edc2c609efffe2d0be1612c44d6a23acef8f61,f0d0fc3e00443de94aaf6abf3d2c8419d360d44bade888c54f8e79677fa61d6a,7cd129a7f1e4dabc2991a6d521c2b55bf064a2a8477daebeb95e62ca78b761fe
65,48165,doppler_scale_102,v24_nominal_model,True,True,True,1.0,0.8788953236932754,0.7910988919726356,True,0,0,0,0,0,0.3115964592807736,0.5955294170416892,False,False,08d97581f292d7d142c3513742edc2c609efffe2d0be1612c44d6a23acef8f61,288cf275c985772c1dcbb2b8da6693c4d9eafaebc82b88b68cb1e333ab1ebb24,ed820a2b8fce67358dc6faf39a79b709e0f9ffd8d62d85e63a739bb4f3e33d92
65,48165,colored_noise_rho09_sd003,v24_nominal_model,True,True,True,1.0,0.5410546417916641,0.43275139549557157,True,0,0,0,0,0,0.32786445135772974,0.5362745830789208,False,False,08d97581f292d7d142c3513742edc2c609efffe2d0be1612c44d6a23acef8f61,e842411681bf19e1ffd071a5864b19c001b83b0b3c8bb3a5496e2f7e27eb463c,5af4664817b09d3155723d550ab0590bdd763080486f7fed059f7c74c50c96f3
65,48165,colored_noise_rho09_sd003,v35_bias_gate_300,True,True,True,1.0,0.5410546417916641,0.43275139549557157,True,0,0,0,0,0,0.32786445135772974,0.5436597910011187,True,False,08d97581f292d7d142c3513742edc2c609efffe2d0be1612c44d6a23acef8f61,e842411681bf19e1ffd071a5864b19c001b83b0b3c8bb3a5496e2f7e27eb463c,5af4664817b09d3155723d550ab0590bdd763080486f7fed059f7c74c50c96f3
65,48165,dropout_iid10,v24_nominal_model,True,True,True,1.0,0.35167644121095226,0.2015245357340585,True,0,0,0,0,0,0.3176030031278457,0.802406125003472,False,False,08d97581f292d7d142c3513742edc2c609efffe2d0be1612c44d6a23acef8f61,b672ef1598e18e703155f4b9cf2f43abf8597c285aaafb761abb6bd71fa164e1,464fda07edb93e8780bed65be903da61ef16abf93afd5abcaf29e4d629318bad
65,48165,broadcast_delay_2s,v24_nominal_model,True,True,True,1.0,2.0544161670052183,0.7927847158614253,True,0,0,0,0,0,0.3178374454679435,0.6883520419942215,False,False,08d97581f292d7d142c3513742edc2c609efffe2d0be1612c44d6a23acef8f61,1bf1294b4aa32dfede8ac15b63461402dacfea808fccdcc5ebe6abdb5540f229,e7514f675b7564382512032b7dc55295a5180264c57da75a8d6d965f84195091
65,48165,dead_reckoning_scale_101,v24_nominal_model,False,False,False,0.0,2.6752613378972634,98.39835606123862,True,0,0,0,0,0,0.39782905349076786,0.6720455000177026,False,False,08d97581f292d7d142c3513742edc2c609efffe2d0be1612c44d6a23acef8f61,a717a4ca178e77b7289fd49973e14b7f888cdf186600cf5102f0b1ad0bdbe612,a4f5c2eb03bf67a5f5f450c684ff48e5a82ddc60565d9db4adb09acd05538a3a
66,48166,nominal,v24_nominal_model,True,True,True,0.98,1.4850555845867133,1.4788438669025976,True,0,0,0,0,0,0.21187367918300976,0.6895116249797866,False,False,b8f841c7939f2e5c7431d0f732c5c65a0be2a59b9ac6c4ac4a3a5727ccac50d8,08eddda832b1ed3c737437466c8295036ec0b3bbb20c0ba06bfe8ad267a06d2a,efa338733b3eea8514a5db6a6ca804cd71385d080bdb730ada1c2344f02c8fcf
66,48166,nominal,v35_bias_gate_300,True,True,True,0.98,1.4850555845867133,1.4788438669025976,True,0,0,0,0,0,0.21187367918300976,0.6132518750382587,True,False,b8f841c7939f2e5c7431d0f732c5c65a0be2a59b9ac6c4ac4a3a5727ccac50d8,08eddda832b1ed3c737437466c8295036ec0b3bbb20c0ba06bfe8ad267a06d2a,efa338733b3eea8514a5db6a6ca804cd71385d080bdb730ada1c2344f02c8fcf
66,48166,doppler_common_bias_p003,v24_nominal_model,True,True,True,0.96,5.496715076827672,5.585204717799086,True,0,0,0,0,0,0.2119602512703955,0.6165146670537069,False,False,b8f841c7939f2e5c7431d0f732c5c65a0be2a59b9ac6c4ac4a3a5727ccac50d8,a7536d71f0075ec84350a46261947568c7e5ba4e16d703c07a35984601f4125a,369a266403cd21143d0acb7055e1a4d2be5292a5e5e8ac7acbd2fd9d9c0a46c8
66,48166,doppler_common_bias_p003,v35_bias_gate_300,True,True,True,0.98,1.2656649737169607,1.2343557824888733,True,0,0,0,0,0,0.22558859548324167,1.2111993739381433,True,True,b8f841c7939f2e5c7431d0f732c5c65a0be2a59b9ac6c4ac4a3a5727ccac50d8,a7536d71f0075ec84350a46261947568c7e5ba4e16d703c07a35984601f4125a,8a4c9b7dd47f9275ae8c8c3168fb378ecca793dc4d9cfae03146a57d5a6661a5
66,48166,doppler_differential_bias_003,v24_nominal_model,True,False,False,0.16,3.596020766191956,4.373468851010901,True,0,0,0,0,0,0.27480388828092617,0.6171833330299705,False,False,b8f841c7939f2e5c7431d0f732c5c65a0be2a59b9ac6c4ac4a3a5727ccac50d8,7c0e6a20db9e4c7aa37e8b808a3221366b6bbde1176118842c558b59e9af406d,79062c948fd8a7917d28b4211a8cc7a8522607dc37ac1595d02deff4bf161987
66,48166,doppler_differential_bias_003,v35_bias_gate_300,True,False,False,0.14,0.45693551636241836,3.715353298076476,True,0,0,0,0,0,0.3172166139922742,1.3741769570624456,True,True,b8f841c7939f2e5c7431d0f732c5c65a0be2a59b9ac6c4ac4a3a5727ccac50d8,7c0e6a20db9e4c7aa37e8b808a3221366b6bbde1176118842c558b59e9af406d,a4839513f088082f2eebe8c760a4b60bc9977f010be6ba965b185d78507fa147
66,48166,doppler_scale_102,v24_nominal_model,False,False,False,0.0,8.937451605231548,8.774572391100465,True,1,173,173,70,0,0.2161479063459514,0.6181433330057189,False,False,b8f841c7939f2e5c7431d0f732c5c65a0be2a59b9ac6c4ac4a3a5727ccac50d8,43a977c29b9cc1554bc9929184e2d7297ca0114de13dd32303db1189ab2e280a,03d6df90871f924f7ab9930c5a742097cfa5473163ffc4345cae40c62fb7972e
66,48166,colored_noise_rho09_sd003,v24_nominal_model,True,False,True,0.34,1.9093400332527117,2.409044034659752,True,0,0,0,0,0,0.2526737884532188,0.6057961249025539,False,False,b8f841c7939f2e5c7431d0f732c5c65a0be2a59b9ac6c4ac4a3a5727ccac50d8,732ccfa2d51e4aa1991d7acb3afcd95ef2db43bdadf8a31553ee34907a06f2e3,404012ea61b57bc8babee5130f7a472d2145978ab73634f2286bd514cfc11520
66,48166,colored_noise_rho09_sd003,v35_bias_gate_300,True,False,True,0.34,1.9093400332527117,2.409044034659752,True,0,0,0,0,0,0.2526737884532188,0.5908583330456167,True,False,b8f841c7939f2e5c7431d0f732c5c65a0be2a59b9ac6c4ac4a3a5727ccac50d8,732ccfa2d51e4aa1991d7acb3afcd95ef2db43bdadf8a31553ee34907a06f2e3,404012ea61b57bc8babee5130f7a472d2145978ab73634f2286bd514cfc11520
66,48166,dropout_iid10,v24_nominal_model,True,True,True,0.98,1.6436773906638986,1.6372276647734458,True,0,0,0,0,0,0.21462518904269892,0.550872249994427,False,False,b8f841c7939f2e5c7431d0f732c5c65a0be2a59b9ac6c4ac4a3a5727ccac50d8,1aadd0d82991d5e13e1b93b750167a55373ede4a930fde9eb782c3342a871e1c,15d4b83723b4a294ee0de91135f7f3d8909fd2d132be6dfdb89f23dd8156ff10
66,48166,broadcast_delay_2s,v24_nominal_model,True,True,True,0.98,3.3097375983923,1.458324932743207,True,0,0,0,0,0,0.21187569667495817,0.5938907919917256,False,False,b8f841c7939f2e5c7431d0f732c5c65a0be2a59b9ac6c4ac4a3a5727ccac50d8,b7e85775fa3b1c5ab148e0daf67c1e4824a01a78f8861bc06140c979f070f6c7,39a1caf85f974b79492aca8bd6ba575924d7dd71daff187f295c9454f725b55d
66,48166,dead_reckoning_scale_101,v24_nominal_model,False,False,False,0.66,7.286892604689712,7.312459332148381,True,0,6,7,7,0,0.20772685393834656,0.595612374949269,False,False,b8f841c7939f2e5c7431d0f732c5c65a0be2a59b9ac6c4ac4a3a5727ccac50d8,1559722e702d9e16aa66de93593cc169b76221f82eda2ee505f5f13629f8b2f4,de0d1e4d9077618e58de81d4cb1a7dcc5d7878c74438bca97adaaf83fa8b6259
67,48167,nominal,v24_nominal_model,True,True,True,1.0,0.6914842448378068,0.6552107038631468,True,0,0,0,0,0,0.2664547975560209,0.5449696669820696,False,False,976c1e6282659d0583a554975d2141746e23a5d52cdac8484c22b7c93b728e44,e53ce460e01d4af363a3eb7bd502e06d421134e5492ca1148d2bd6cdd31350b4,7fe1d743d9c34d2d403aaeee8db270bec07613b26465bcb816455e153d06ef3f
67,48167,nominal,v35_bias_gate_300,True,True,True,1.0,0.6914842448378068,0.6552107038631468,True,0,0,0,0,0,0.2664547975560209,0.5749955830397084,True,False,976c1e6282659d0583a554975d2141746e23a5d52cdac8484c22b7c93b728e44,e53ce460e01d4af363a3eb7bd502e06d421134e5492ca1148d2bd6cdd31350b4,7fe1d743d9c34d2d403aaeee8db270bec07613b26465bcb816455e153d06ef3f
67,48167,doppler_common_bias_p003,v24_nominal_model,True,True,True,1.0,0.7540806666845105,0.7818566254787531,True,0,0,0,0,0,0.3581676264295005,0.5517279170453548,False,False,976c1e6282659d0583a554975d2141746e23a5d52cdac8484c22b7c93b728e44,4a0fb46308e5c5957afac65a7c4556b4a68ec4b3345968a3905f8a38f6af1e2d,da1d80389b38cb2093b3eed7401f0f53ea32e8eb3732e092809c5bcdb0da6803
67,48167,doppler_common_bias_p003,v35_bias_gate_300,True,True,True,1.0,0.7945427961858086,0.7195922214098777,True,0,0,0,0,0,0.35817004950466097,1.33476341702044,True,True,976c1e6282659d0583a554975d2141746e23a5d52cdac8484c22b7c93b728e44,4a0fb46308e5c5957afac65a7c4556b4a68ec4b3345968a3905f8a38f6af1e2d,b3e8fe56f244f2e327fb7bfcb5ecd1a4baf774c5f386a286bb3e484e7fecdd5e
67,48167,doppler_differential_bias_003,v24_nominal_model,True,True,True,1.0,3.208976831842758,3.076882203383592,True,0,0,0,0,0,0.25077665245222863,1.0734470409806818,False,False,976c1e6282659d0583a554975d2141746e23a5d52cdac8484c22b7c93b728e44,0834767fd5e8c426db4d8e4248eacb2eb89394cd5904ac302ffb97bfd1d8db2c,230309519c48b5d5a0d25ccabe16655ae430987cef34bd23ab8d2c61bd4563ca
67,48167,doppler_differential_bias_003,v35_bias_gate_300,True,True,True,1.0,1.2572980905397495,1.1826722606316018,True,0,0,0,0,0,0.3392398961418986,2.4740414160769433,True,True,976c1e6282659d0583a554975d2141746e23a5d52cdac8484c22b7c93b728e44,0834767fd5e8c426db4d8e4248eacb2eb89394cd5904ac302ffb97bfd1d8db2c,c67ecf1e9be0c590d8fc8daee73fe80724b676242d2e295ce23ab5b21b8da0e3
67,48167,doppler_scale_102,v24_nominal_model,True,True,True,1.0,1.3047136264912724,1.2189455270246174,True,0,0,0,0,0,0.23923570520308823,0.9992043339880183,False,False,976c1e6282659d0583a554975d2141746e23a5d52cdac8484c22b7c93b728e44,cf45871b149898b2622fafa61fd3e4d5332c04d6f6562d0acbb255ebe6c1a4fc,b7c08ece26cc5660cdfcf086103683369fad4541f517868334bff06e056e3563
67,48167,colored_noise_rho09_sd003,v24_nominal_model,True,True,True,1.0,1.1289742246845174,1.172443943691294,True,0,0,0,0,0,0.255133802674586,0.9222429579822347,False,False,976c1e6282659d0583a554975d2141746e23a5d52cdac8484c22b7c93b728e44,fb872f86a8804ac2ea49c26fdffba861ff2478a6c85706676dff412143cede3f,c120d653884685aa04cf5308d099ca80c78012fc144bb77cbc0bedce18606642
67,48167,colored_noise_rho09_sd003,v35_bias_gate_300,True,True,True,1.0,1.1289742246845174,1.172443943691294,True,0,0,0,0,0,0.255133802674586,1.23745500005316,True,False,976c1e6282659d0583a554975d2141746e23a5d52cdac8484c22b7c93b728e44,fb872f86a8804ac2ea49c26fdffba861ff2478a6c85706676dff412143cede3f,c120d653884685aa04cf5308d099ca80c78012fc144bb77cbc0bedce18606642
67,48167,dropout_iid10,v24_nominal_model,True,True,True,1.0,0.6290434456643814,0.549399121188228,True,0,0,0,0,0,0.2741802361022409,0.9541026660008356,False,False,976c1e6282659d0583a554975d2141746e23a5d52cdac8484c22b7c93b728e44,aeefddcae54e4e1cc0633eeda5926dc55908e6e57bad2e950bb8331744163265,623f1ab6c3fa392eda79ffbd47c559529c38adc85930166ce78f5e839e7c7501
67,48167,broadcast_delay_2s,v24_nominal_model,True,True,True,1.0,3.2684504201910305,0.7056319727833481,True,0,0,0,0,0,0.266437908715546,0.7289842909667641,False,False,976c1e6282659d0583a554975d2141746e23a5d52cdac8484c22b7c93b728e44,12cc7fbd295341a1fcecdcbb1a1251e514b9188606ef867cb311b904a60d9d32,49dc589ef83fd28ffcfa6f5b4159c5b035b87d5b13cd3c60ba4dccd6639b3372
67,48167,dead_reckoning_scale_101,v24_nominal_model,True,True,True,1.0,3.178823364814421,3.2940208514028106,True,0,0,0,0,0,0.29341780882468155,1.1083290000678971,False,False,976c1e6282659d0583a554975d2141746e23a5d52cdac8484c22b7c93b728e44,635a4057ee300fc956abc3ba8e8b622d7511cddbd09cb30d0b3fbc7029a31c56,c45fba22d2abbc74c1f5901c337377210f01a0e06c53a304f306ae6a2b39c35a
68,48168,nominal,v24_nominal_model,True,True,True,1.0,0.677198462453485,0.6574983974022317,True,0,0,0,0,0,0.19354046520128948,0.6890221250941977,False,False,cf2298d7d88f4cac667ae6eb25589a448a53034b3611782d1a1d1769474592ac,4a4aeea8e20c60791d3a740f4a537dfc120d75e58d18070581ff375c419aa8ab,b64678c52919040099e16db9488471b0508356f48d61d76ae74680c8f3558348
68,48168,nominal,v35_bias_gate_300,True,True,True,1.0,0.677198462453485,0.6574983974022317,True,0,0,0,0,0,0.19354046520128948,1.2315961250569671,True,False,cf2298d7d88f4cac667ae6eb25589a448a53034b3611782d1a1d1769474592ac,4a4aeea8e20c60791d3a740f4a537dfc120d75e58d18070581ff375c419aa8ab,b64678c52919040099e16db9488471b0508356f48d61d76ae74680c8f3558348
68,48168,doppler_common_bias_p003,v24_nominal_model,False,False,False,0.0,0.6500850505843395,109.81526751168732,True,0,0,0,0,0,0.25764486201427267,1.0920903329970315,False,False,cf2298d7d88f4cac667ae6eb25589a448a53034b3611782d1a1d1769474592ac,e131aa22b4fed0ac127dc675c07d44ced0002fa7bfcffed768ef34d65fda5b0b,2a5de7eaa936df6094310916e12d4fd69697eb72766949c91e6663f8cd399957
68,48168,doppler_common_bias_p003,v35_bias_gate_300,False,False,False,0.0,0.1827017887531958,109.75351029114145,True,0,0,0,0,0,0.25741110743904083,2.043048874940723,True,True,cf2298d7d88f4cac667ae6eb25589a448a53034b3611782d1a1d1769474592ac,e131aa22b4fed0ac127dc675c07d44ced0002fa7bfcffed768ef34d65fda5b0b,1fbe7c40187e358d5809970c999d331e5fc16d6b45d2ca378e75626a0debcf9d
68,48168,doppler_differential_bias_003,v24_nominal_model,False,False,False,0.0,0.5033244507973784,173.10098855778415,True,0,0,0,0,0,0.2494502142436242,0.6046861669747159,False,False,cf2298d7d88f4cac667ae6eb25589a448a53034b3611782d1a1d1769474592ac,831a3cdf3ff3e87cbe3959a4091d51fa0327b036647ff1731363d27573a5a106,69bbdcb0eb61453d84b43f87324b785b65e57f8b53b54dc3620dabf4d6b2b586
68,48168,doppler_differential_bias_003,v35_bias_gate_300,False,False,False,0.0,0.22015496203920668,172.7705991878545,True,0,0,0,0,0,0.24932935955422875,1.207132583949715,True,True,cf2298d7d88f4cac667ae6eb25589a448a53034b3611782d1a1d1769474592ac,831a3cdf3ff3e87cbe3959a4091d51fa0327b036647ff1731363d27573a5a106,66ed02fa5b86c8cf886da134fbacb05fb18f5557cc8dc4ae1d34629a83f4b4eb
68,48168,doppler_scale_102,v24_nominal_model,False,False,False,0.0,2.2357735216833845,1592.5514955761105,False,0,0,0,0,0,0.1989769336298269,0.8027109579415992,False,False,cf2298d7d88f4cac667ae6eb25589a448a53034b3611782d1a1d1769474592ac,94f5524cac5e76aef9fce1eef352b5a421631f4ffccf3e53f81c51e356321d3f,5868d7f38ecbd7539f23d701479cc0c8f6ba036870f35481bdac94a1a96ac57a
68,48168,colored_noise_rho09_sd003,v24_nominal_model,False,False,False,0.0,0.39425525849668924,192.04945260960343,True,0,0,0,0,0,0.2547413456218412,0.5808475000085309,False,False,cf2298d7d88f4cac667ae6eb25589a448a53034b3611782d1a1d1769474592ac,bcfc2c952a6e33c808383b0ffeed0363b77508d2d4729448fcd586de5d6a4740,7ba36cad363b6e46f70132a263f7f3d14d2639cb62ac9dbac9cee9f4ef214060
68,48168,colored_noise_rho09_sd003,v35_bias_gate_300,False,False,False,0.0,0.39425525849668924,192.04945260960343,True,0,0,0,0,0,0.2547413456218412,0.5859936669003218,True,False,cf2298d7d88f4cac667ae6eb25589a448a53034b3611782d1a1d1769474592ac,bcfc2c952a6e33c808383b0ffeed0363b77508d2d4729448fcd586de5d6a4740,7ba36cad363b6e46f70132a263f7f3d14d2639cb62ac9dbac9cee9f4ef214060
68,48168,dropout_iid10,v24_nominal_model,True,True,True,1.0,0.07710052679975442,0.2860785042489557,True,0,0,0,0,0,0.2536288320286059,0.6806510840542614,False,False,cf2298d7d88f4cac667ae6eb25589a448a53034b3611782d1a1d1769474592ac,6931555ff6932575b1c8c56cf81919f6bf53979369985c8003a896c1e3a083f9,517f0ba23235f2f343a879d67ab2e0224f5f3e2235d456f8106a9b1acd9035c3
68,48168,broadcast_delay_2s,v24_nominal_model,True,True,True,1.0,2.328709136441305,1.7232522273303157,True,0,0,0,0,0,0.2597511352581412,0.5928010420175269,False,False,cf2298d7d88f4cac667ae6eb25589a448a53034b3611782d1a1d1769474592ac,684f35baaedf9b04614735e274d862c157b387afbdfbfc90f7cce5248e6acc45,92c0256205c1815793cfc91dec9e8bda4636e74b2cf9e589e4cf13c978c95941
68,48168,dead_reckoning_scale_101,v24_nominal_model,True,True,True,1.0,5.900781174184454,5.934527361699701,True,0,0,0,0,0,0.19403491420237098,0.7496732919244096,False,False,cf2298d7d88f4cac667ae6eb25589a448a53034b3611782d1a1d1769474592ac,fbff19d91dd5bfed67abbc36a1523c6893a4a2fe4e25443de57c3335c7192f8b,93ca4df603013bf7efeaafd5cd8a0cfce0991241ee93f38177cd9299083c8f8b
69,48169,nominal,v24_nominal_model,True,True,True,1.0,0.41151865577366487,0.4096736776054937,True,0,0,0,0,0,0.2529534646622515,0.556491915951483,False,False,acb563f3e9293ac6bced5f155db34085ac4acd4447ad7363edb5fc05b08a1c39,4a5e9b15e7c4712fd1f29a10fde407e827a1a1ca5fb69cd62092d0a106260b4d,59bd93e6e9a44013d3edcb43ac6dc3a3d4f0ba8a78ef8fec6200bf67701349a5
69,48169,nominal,v35_bias_gate_300,True,True,True,1.0,0.41151865577366487,0.4096736776054937,True,0,0,0,0,0,0.2529534646622515,1.0113015840761364,True,False,acb563f3e9293ac6bced5f155db34085ac4acd4447ad7363edb5fc05b08a1c39,4a5e9b15e7c4712fd1f29a10fde407e827a1a1ca5fb69cd62092d0a106260b4d,59bd93e6e9a44013d3edcb43ac6dc3a3d4f0ba8a78ef8fec6200bf67701349a5
69,48169,doppler_common_bias_p003,v24_nominal_model,True,True,True,1.0,2.569273018124958,2.4401873677540955,True,0,0,0,0,0,0.2367601328211274,0.5616483750054613,False,False,acb563f3e9293ac6bced5f155db34085ac4acd4447ad7363edb5fc05b08a1c39,8e590b3785272c86a5dea6f050b2a63799fb921780ef6e628f5afe0242c00add,60a8bcc170f0788bbe00b7a23a4aad4da5fb6481b485e12d0353d29809eda8c8
69,48169,doppler_common_bias_p003,v35_bias_gate_300,True,True,True,1.0,0.26234234346491,0.2438879534936962,True,0,0,0,0,0,0.28832058789886444,1.182126916013658,True,True,acb563f3e9293ac6bced5f155db34085ac4acd4447ad7363edb5fc05b08a1c39,8e590b3785272c86a5dea6f050b2a63799fb921780ef6e628f5afe0242c00add,ae4907fd1520da203364d7b0deee7633da1d947e8546cbdbf78283662fd16e8a
69,48169,doppler_differential_bias_003,v24_nominal_model,True,True,True,1.0,1.0765436422603134,1.064451673748283,True,0,0,0,0,0,0.28893408128171455,0.6915843329625204,False,False,acb563f3e9293ac6bced5f155db34085ac4acd4447ad7363edb5fc05b08a1c39,a168f9fb84f2e7d30e62c9140c99cf5bc923ba8c3b2fb49b4fcb0f26a3f361c3,56a3a254edae73f441f2eb12e47daee4e1a5af784decc2f19b543f040c63a650
69,48169,doppler_differential_bias_003,v35_bias_gate_300,True,True,True,1.0,0.6563662499293706,0.7132355370946095,True,0,0,0,0,0,0.28887754477032807,1.4176781249698251,True,True,acb563f3e9293ac6bced5f155db34085ac4acd4447ad7363edb5fc05b08a1c39,a168f9fb84f2e7d30e62c9140c99cf5bc923ba8c3b2fb49b4fcb0f26a3f361c3,d1dfe997506a87dacf03eca5fce43d19317a26454331982531b3fba7b693b197
69,48169,doppler_scale_102,v24_nominal_model,True,True,True,1.0,1.0263766402186598,1.0696252156443584,True,0,0,0,0,0,0.23725014281656542,0.7918007499538362,False,False,acb563f3e9293ac6bced5f155db34085ac4acd4447ad7363edb5fc05b08a1c39,d65347596040f625214512bf7f180f9f4d323b9cd6c51bfb5a6ce0b692a7883d,a288c48ad50cba0c48aab318cdc4daedce698f2b957a5b3d3e18d5fae31664fc
69,48169,colored_noise_rho09_sd003,v24_nominal_model,True,True,True,1.0,0.5553380650870322,0.5864343470335355,True,0,0,0,0,0,0.24363878639179082,1.2094827080145478,False,False,acb563f3e9293ac6bced5f155db34085ac4acd4447ad7363edb5fc05b08a1c39,3655e5a8b2a4d2fe2b7616284f22dc563ed4c748a8379c5af46657043cf66d11,4f4a354db7b2d322977d9d4ed0a20d56fed84ac3ab803c4e457bffa6f846de02
69,48169,colored_noise_rho09_sd003,v35_bias_gate_300,True,True,True,1.0,0.5553380650870322,0.5864343470335355,True,0,0,0,0,0,0.24363878639179082,0.5704774999758229,True,False,acb563f3e9293ac6bced5f155db34085ac4acd4447ad7363edb5fc05b08a1c39,3655e5a8b2a4d2fe2b7616284f22dc563ed4c748a8379c5af46657043cf66d11,4f4a354db7b2d322977d9d4ed0a20d56fed84ac3ab803c4e457bffa6f846de02
69,48169,dropout_iid10,v24_nominal_model,True,True,True,1.0,0.6249950563693978,0.6077130022246071,True,0,0,0,0,0,0.25206256023186974,0.9872799579752609,False,False,acb563f3e9293ac6bced5f155db34085ac4acd4447ad7363edb5fc05b08a1c39,a84ba61ed0a627efb0e11831b3d592ead6670addddfce03bcc05d73975b99690,ca6390f28559b1f192e76df2b919dc4c84a5bae668e3f3f08159d51412b19ff8
69,48169,broadcast_delay_2s,v24_nominal_model,True,True,True,1.0,3.335789587593026,1.0194373910364025,True,0,0,0,0,0,0.2557848387476733,0.5478030410595238,False,False,acb563f3e9293ac6bced5f155db34085ac4acd4447ad7363edb5fc05b08a1c39,e579c90f74e09b72c5684d3cd37af3c61a9312e4f1277327d06644ddee14cd0c,831b9d7fca2486fe672b6b47463fcccef0f46ab0c8c0eb72ee5b9243785b5131
69,48169,dead_reckoning_scale_101,v24_nominal_model,True,False,False,0.12,4.622599301738732,5.517513724373846,True,0,0,0,0,0,0.2272509555700983,1.1180690421024337,False,False,acb563f3e9293ac6bced5f155db34085ac4acd4447ad7363edb5fc05b08a1c39,177fbc744f74d474de7c3301d24ffbe1b8ade9c9f2603f301ad7a0952f818f32,8377dee1088dc06240a89798d015881f201758ed431578150d8c197f95edc959
70,48170,nominal,v24_nominal_model,True,True,True,1.0,0.37160112658182703,0.4290139074864396,True,0,0,0,0,0,0.33824746112251747,0.6932528750039637,False,False,60e773f28c8278f04d450b523da05e29fdc54290c2e6c890e598f4f9099c1e57,4b95715e4f177713a9e112fed38679115d15d50c79f9d03943122211ed0543ff,153681d4a54e269b99029337ef36528e50d7ea519e585e0bc3906086ae154712
70,48170,nominal,v35_bias_gate_300,True,True,True,1.0,0.37160112658182703,0.4290139074864396,True,0,0,0,0,0,0.33824746112251747,0.8675612920196727,True,False,60e773f28c8278f04d450b523da05e29fdc54290c2e6c890e598f4f9099c1e57,4b95715e4f177713a9e112fed38679115d15d50c79f9d03943122211ed0543ff,153681d4a54e269b99029337ef36528e50d7ea519e585e0bc3906086ae154712
70,48170,doppler_common_bias_p003,v24_nominal_model,True,True,True,1.0,0.8295056820737247,0.9350968433137185,True,0,0,0,0,0,0.2799152574492629,0.8077336250571534,False,False,60e773f28c8278f04d450b523da05e29fdc54290c2e6c890e598f4f9099c1e57,b4fbace41c2e48afe7ea418f4f404651ceeb0f76cf66b11a486d71762a20827c,76492bf2e8141428c60b08b6fb8a7501eaaf030f38b83864e1d4e8beed79f031
70,48170,doppler_common_bias_p003,v35_bias_gate_300,True,True,True,1.0,0.4432551716058098,0.5129411431239927,True,0,0,0,0,0,0.32132981379868136,2.701692167087458,True,True,60e773f28c8278f04d450b523da05e29fdc54290c2e6c890e598f4f9099c1e57,b4fbace41c2e48afe7ea418f4f404651ceeb0f76cf66b11a486d71762a20827c,d27d1283812b3a44494c73cdbf1d67892317960b618291747a55a690bca7f277
70,48170,doppler_differential_bias_003,v24_nominal_model,True,True,True,1.0,0.45060808358124244,0.4442046096416007,True,0,0,0,0,0,0.2862084257092645,0.7913807909935713,False,False,60e773f28c8278f04d450b523da05e29fdc54290c2e6c890e598f4f9099c1e57,c92948eb82ff4ee3a61b2a835f8cbdf96a5e56e85be78da80ef4ed2202fe44c9,f2cf4257b05b53ebdb40afb2c76b15ba475b6269c20d00b63013c518ae760db8
70,48170,doppler_differential_bias_003,v35_bias_gate_300,True,True,True,1.0,0.307557570228435,0.363221492247902,True,0,0,0,0,0,0.28620718994122674,1.720447751111351,True,True,60e773f28c8278f04d450b523da05e29fdc54290c2e6c890e598f4f9099c1e57,c92948eb82ff4ee3a61b2a835f8cbdf96a5e56e85be78da80ef4ed2202fe44c9,99be96a2af449cb8898d15f851a6031b9fa1aac6a710cedc9edb020308e6ac67
70,48170,doppler_scale_102,v24_nominal_model,True,True,True,1.0,1.9005494870946495,1.8279161690675811,True,0,0,0,0,0,0.27880183956903526,0.7742394999368116,False,False,60e773f28c8278f04d450b523da05e29fdc54290c2e6c890e598f4f9099c1e57,478ae43372777b753d742f5568d1cb4d5c3ca4216371ab01666238c459d75722,ad569daadbc7853e79aec71d047649e0cf693cde39f56eb87d0a6cb5b01eecb4
70,48170,colored_noise_rho09_sd003,v24_nominal_model,True,True,True,1.0,0.1557397617674504,0.19950866025198363,True,0,0,0,0,0,0.2705943971626799,0.9195837919833139,False,False,60e773f28c8278f04d450b523da05e29fdc54290c2e6c890e598f4f9099c1e57,cda55c30a5fd549e78aa533f87e747db17199b219f1cf5fe14aa1392b58d3307,566c9a07c7896e5a688ca63c8e53e44e4ad09acb2be9877242a9a0d4cbce6a6e
70,48170,colored_noise_rho09_sd003,v35_bias_gate_300,True,True,True,1.0,0.1557397617674504,0.19950866025198363,True,0,0,0,0,0,0.2705943971626799,1.0447591250995174,True,False,60e773f28c8278f04d450b523da05e29fdc54290c2e6c890e598f4f9099c1e57,cda55c30a5fd549e78aa533f87e747db17199b219f1cf5fe14aa1392b58d3307,566c9a07c7896e5a688ca63c8e53e44e4ad09acb2be9877242a9a0d4cbce6a6e
70,48170,dropout_iid10,v24_nominal_model,True,True,True,1.0,0.5802832354174756,0.6577336051205969,True,0,0,0,0,0,0.338119611398714,0.9437894999282435,False,False,60e773f28c8278f04d450b523da05e29fdc54290c2e6c890e598f4f9099c1e57,8c67e354de0768ef3ec5976d1688829c6a482f0239b04c996e08c2b799eb00a9,6230e3d86da58a0bfde3442dfceb2056117ca907a1d795895ff5abee60d2bdc7
70,48170,broadcast_delay_2s,v24_nominal_model,True,True,True,1.0,3.0975265078307177,0.5034529550290218,True,0,0,0,0,0,0.2808590591568848,0.8029221250908449,False,False,60e773f28c8278f04d450b523da05e29fdc54290c2e6c890e598f4f9099c1e57,da795ff1b94fd2d78b24e189eec700e07992453ac03097063366377ed9537266,2a0cd8d45b5f72ad33d0b890a497ef90339b64364bde1c95ae09a5cb563f7a34
70,48170,dead_reckoning_scale_101,v24_nominal_model,True,True,True,0.94,3.7422947443913888,3.829192074942117,True,0,0,0,0,0,0.24704416062542356,0.9028580830199644,False,False,60e773f28c8278f04d450b523da05e29fdc54290c2e6c890e598f4f9099c1e57,ab60188e0579e7f0b34145826d45c4278c439c0546e9cc878c31db3a8ac8dd31,bf17843560bec2b3d79438756a685eef8a08f9fcfdcfa4a3b03c9d6d3c066f8a
71,48171,nominal,v24_nominal_model,True,True,True,1.0,1.4892796180581254,1.3739193065160453,True,0,0,0,0,0,0.2768124567502255,0.9276262080529705,False,False,5a4995ccc93a3cd9adeb4230ec4b15560e2a9c3f517b2332c94653e6f6db21b3,38c38da312bd2fe791bc34d5395d51ec3a768f6d5c63a7092436036a993c5574,5feb5c3141a1452b1ec2c32b16fe4d5596887762cc5d5e8f0998fc5a919b513f
71,48171,nominal,v35_bias_gate_300,True,True,True,1.0,1.4892796180581254,1.3739193065160453,True,0,0,0,0,0,0.2768124567502255,0.5644243330461904,True,False,5a4995ccc93a3cd9adeb4230ec4b15560e2a9c3f517b2332c94653e6f6db21b3,38c38da312bd2fe791bc34d5395d51ec3a768f6d5c63a7092436036a993c5574,5feb5c3141a1452b1ec2c32b16fe4d5596887762cc5d5e8f0998fc5a919b513f
71,48171,doppler_common_bias_p003,v24_nominal_model,True,False,True,0.64,2.6428681805105825,2.449327550553817,True,0,0,0,0,0,0.28640868900403044,0.6134631669847295,False,False,5a4995ccc93a3cd9adeb4230ec4b15560e2a9c3f517b2332c94653e6f6db21b3,c3d9b5f5bfc2a03d84ccd065ec5a029b5aa6b5f7ccdb0d30feef9f2e0f25abc4,ec55569c68d2c960400fdf460dd965839d9efe949eb43274100d0ac454e9658c
71,48171,doppler_common_bias_p003,v35_bias_gate_300,True,False,True,0.62,0.6202669074081935,0.7472466291054186,True,0,0,0,0,0,0.2989083000518536,1.1663980840239674,True,True,5a4995ccc93a3cd9adeb4230ec4b15560e2a9c3f517b2332c94653e6f6db21b3,c3d9b5f5bfc2a03d84ccd065ec5a029b5aa6b5f7ccdb0d30feef9f2e0f25abc4,55d644c9dea331476455770c633a20f14a5dfe6eeae82701fba39aff600fd936
71,48171,doppler_differential_bias_003,v24_nominal_model,True,True,True,1.0,6.6969359533891115,6.451808789042986,True,0,0,0,0,0,0.2775958255345211,1.0415349999675527,False,False,5a4995ccc93a3cd9adeb4230ec4b15560e2a9c3f517b2332c94653e6f6db21b3,8b32e8a893ea3c2663f2ef64026c6f3b6750e144dc5df6718e03b59ad7f308ea,8b6ddb939476d1c198d4a8c4064edf729bea7c7136b8cc63b2bb93605b517860
71,48171,doppler_differential_bias_003,v35_bias_gate_300,True,True,True,1.0,0.8854406104154579,0.8308569894777441,True,0,0,0,0,0,0.33831576328542534,2.2276871660724282,True,True,5a4995ccc93a3cd9adeb4230ec4b15560e2a9c3f517b2332c94653e6f6db21b3,8b32e8a893ea3c2663f2ef64026c6f3b6750e144dc5df6718e03b59ad7f308ea,1410b17cdcdb676a9441e05ba892f3e322d48b9ffc31436f30473c3b1064a58b
71,48171,doppler_scale_102,v24_nominal_model,True,True,True,0.96,3.8666901501536426,3.9277059926960107,True,0,0,0,0,0,0.2924362316033691,0.9611280000535771,False,False,5a4995ccc93a3cd9adeb4230ec4b15560e2a9c3f517b2332c94653e6f6db21b3,917aeae91cd5c7f7c57a0b60235983cafdc82d81fbc808a94c2e40cbdc2fc258,55b032f7c7752f35a68522a488874d52310435935f6a168b9c0666ee7111f84e
71,48171,colored_noise_rho09_sd003,v24_nominal_model,True,True,True,1.0,2.209397115598135,2.224093938624837,True,0,0,0,0,0,0.3044087803518613,1.1828415000345558,False,False,5a4995ccc93a3cd9adeb4230ec4b15560e2a9c3f517b2332c94653e6f6db21b3,684797a9dc9cc30e86bc900352ece71bf67acec91dbb3dbb4deed37300d3d588,aa8281b464f5d968e11e03c8ee9146eb0f7bf656a269e40ef41ebeba7a8d5095
71,48171,colored_noise_rho09_sd003,v35_bias_gate_300,True,True,True,1.0,2.209397115598135,2.224093938624837,True,0,0,0,0,0,0.3044087803518613,0.5756803749827668,True,False,5a4995ccc93a3cd9adeb4230ec4b15560e2a9c3f517b2332c94653e6f6db21b3,684797a9dc9cc30e86bc900352ece71bf67acec91dbb3dbb4deed37300d3d588,aa8281b464f5d968e11e03c8ee9146eb0f7bf656a269e40ef41ebeba7a8d5095
71,48171,dropout_iid10,v24_nominal_model,True,False,True,0.6,0.7537090719463914,0.9901902206197214,True,0,0,0,0,0,0.28502286758350254,0.9301047089975327,False,False,5a4995ccc93a3cd9adeb4230ec4b15560e2a9c3f517b2332c94653e6f6db21b3,9270e69ef40e7ae91a731f28948fa490f88ddf5ca115a39b3cdf64c0524f20cd,7342cb1961860c7f62c83c9f9786d8bf1c3398c8890048394bb91fb7b27f06be
71,48171,broadcast_delay_2s,v24_nominal_model,True,True,True,1.0,5.093064040029789,0.5653054868750877,True,0,0,0,0,0,0.2774739175672588,0.7182220000540838,False,False,5a4995ccc93a3cd9adeb4230ec4b15560e2a9c3f517b2332c94653e6f6db21b3,19b6a5c132352973aaf477b2fc13e469b64560bfd8e86ff91fbc0b08a06151c9,67bcf80e8971dc677e0814db8a6671d587c103a036ae155b43a607ee8cb8a10e
71,48171,dead_reckoning_scale_101,v24_nominal_model,False,False,False,0.0,9.618892965426591,9.75615235307322,True,0,55,56,56,0,0.25813346336602605,1.1357450420036912,False,False,5a4995ccc93a3cd9adeb4230ec4b15560e2a9c3f517b2332c94653e6f6db21b3,cd216d57b5b2e139b4ef209ebb40104726095b1e659358d9fd1fe882643541a8,f43edc992f1759bd72b1fa44247ad73f53be0dbd129854febf5ed8a136612f81
72,48172,nominal,v24_nominal_model,True,True,True,1.0,0.5733851828828737,0.5758091753504759,True,0,0,0,0,0,0.2689995648187629,0.5018724580295384,False,False,f906872490b32d9fe47cf26132e19277064d0bd6e7b074cac0f00f55ae88c984,04e3810e3b7363f8ea77189823f925a0c1290480b12448e2edd0867b4da3be7d,f56958f7296540080f872e8999eb307bcd27feea97513b419da1853bd82b1cee
72,48172,nominal,v35_bias_gate_300,True,True,True,1.0,0.5733851828828737,0.5758091753504759,True,0,0,0,0,0,0.2689995648187629,0.5103934590006247,True,False,f906872490b32d9fe47cf26132e19277064d0bd6e7b074cac0f00f55ae88c984,04e3810e3b7363f8ea77189823f925a0c1290480b12448e2edd0867b4da3be7d,f56958f7296540080f872e8999eb307bcd27feea97513b419da1853bd82b1cee
72,48172,doppler_common_bias_p003,v24_nominal_model,True,False,False,0.04,0.16337146858890955,6.9239860122544385,True,0,0,0,0,0,0.31194839390678464,0.6154403330292553,False,False,f906872490b32d9fe47cf26132e19277064d0bd6e7b074cac0f00f55ae88c984,90ce8ba7aa356a99f910750d9f510606b93ee7ce1670b1c6043407cedeebe80f,a69674e646bd169732f2c6a52b3a741bb50561784bbb0d73636e6a7f1e3b9a1f
72,48172,doppler_common_bias_p003,v35_bias_gate_300,True,False,False,0.04,0.29810831540599064,6.791924127213502,True,0,0,0,0,0,0.31176613069669284,1.205542542040348,True,True,f906872490b32d9fe47cf26132e19277064d0bd6e7b074cac0f00f55ae88c984,90ce8ba7aa356a99f910750d9f510606b93ee7ce1670b1c6043407cedeebe80f,e0d3c5bcf7c38c391a6d8227df1d8505415a0474a3907591278f49b48b1bc166
72,48172,doppler_differential_bias_003,v24_nominal_model,True,True,True,1.0,0.2755570742480764,0.4324457908943075,True,0,0,0,0,0,0.2997868119691893,0.544374999939464,False,False,f906872490b32d9fe47cf26132e19277064d0bd6e7b074cac0f00f55ae88c984,3fb2d599c5912ff8ce6c4c55297e9c49e4a80b0fead8e115209d1dbde18019cf,c7c6d6fb8d63d96bffefe896c0fd3749fe19e7567e61371c7043fe6d388b6cde
72,48172,doppler_differential_bias_003,v35_bias_gate_300,True,True,True,1.0,0.3048283588671925,0.3772065835251631,True,0,0,0,0,0,0.29955774796259926,1.0733630829490721,True,True,f906872490b32d9fe47cf26132e19277064d0bd6e7b074cac0f00f55ae88c984,3fb2d599c5912ff8ce6c4c55297e9c49e4a80b0fead8e115209d1dbde18019cf,ce8269bedbf60231ba9942a457d2e978d07e8db7166f12e44741b03b90a15b6a
72,48172,doppler_scale_102,v24_nominal_model,True,True,True,1.0,4.551231884473986,4.496887218187843,True,0,0,0,0,0,0.27487411323662414,0.5113478329731151,False,False,f906872490b32d9fe47cf26132e19277064d0bd6e7b074cac0f00f55ae88c984,c253ebae7ae7a3f816618f103f14c0d1705cfc0a172b40df3c06d2241316161b,69f3a09f70c2ebf1f5ee68db9fb7b5e2ed2b0848e43b5e073a7837115ebfc79f
72,48172,colored_noise_rho09_sd003,v24_nominal_model,True,True,True,1.0,0.2095691280492611,0.2202710233320516,True,0,0,0,0,0,0.34802876929903753,0.5418549999594688,False,False,f906872490b32d9fe47cf26132e19277064d0bd6e7b074cac0f00f55ae88c984,8c8895d5803359294ceb4901a84ab2dd3386bfe05219af908604c749e4ea8759,dc9efaa6a6553b31b7b5227af2a79120cf9ad3a4173665e4fbd3a0fc07dd11ed
72,48172,colored_noise_rho09_sd003,v35_bias_gate_300,True,True,True,1.0,0.2095691280492611,0.2202710233320516,True,0,0,0,0,0,0.34802876929903753,0.5074775409884751,True,False,f906872490b32d9fe47cf26132e19277064d0bd6e7b074cac0f00f55ae88c984,8c8895d5803359294ceb4901a84ab2dd3386bfe05219af908604c749e4ea8759,dc9efaa6a6553b31b7b5227af2a79120cf9ad3a4173665e4fbd3a0fc07dd11ed
72,48172,dropout_iid10,v24_nominal_model,True,True,True,1.0,0.7716899080877013,0.7560927668194157,True,0,0,0,0,0,0.268856936258312,0.46360500005539507,False,False,f906872490b32d9fe47cf26132e19277064d0bd6e7b074cac0f00f55ae88c984,28063df80d588899ab8cfd65348ccf0af5db16a72bab831f179953fc125d10bc,99ef8825a1bd480013b5ed9c36c3061b1e861b55b75d516201b65e71c42f6a0d
72,48172,broadcast_delay_2s,v24_nominal_model,True,True,True,1.0,2.5092508499580357,0.1799112614172138,True,0,0,0,0,0,0.2710386959184622,0.6182355420896783,False,False,f906872490b32d9fe47cf26132e19277064d0bd6e7b074cac0f00f55ae88c984,5e76d35ac34f80c75d58b567c284a2cdee1e3e8e707f8d512164a23ad147ee32,3d7980e0acfe01e128bfb26fad75e9f8598ddeb40e06b24e6e7203922691bf1a
72,48172,dead_reckoning_scale_101,v24_nominal_model,True,True,True,1.0,3.9930166840438908,4.095237651930431,True,0,0,0,0,0,0.2634549217544893,0.503999084001407,False,False,f906872490b32d9fe47cf26132e19277064d0bd6e7b074cac0f00f55ae88c984,02122bf8a4f28a335641678941e9d91821b3ca91de09cee304c7707f0b714913,4e9a3cae3c99ac91ef1372177424af6d5b45398a8242b0ad0abbff6044cb14dc
73,48173,nominal,v24_nominal_model,True,True,True,1.0,0.6038392438767326,0.6907722396508668,True,0,0,0,0,0,0.24626318804687966,0.5016052079154179,False,False,d62de5313c3a9152771bca22ce1fcd57345850728779c37ddd6c37eaf401100b,c467310e183ac2ecf77e4f1f9b2a1ef7023562a0320bb135d9112e9f2f5cb5c6,824379d6809f4445f12473fea33d93554381f170f3192702a1a764b64d6910f4
73,48173,nominal,v35_bias_gate_300,True,True,True,1.0,0.6038392438767326,0.6907722396508668,True,0,0,0,0,0,0.24626318804687966,0.5011040410026908,True,False,d62de5313c3a9152771bca22ce1fcd57345850728779c37ddd6c37eaf401100b,c467310e183ac2ecf77e4f1f9b2a1ef7023562a0320bb135d9112e9f2f5cb5c6,824379d6809f4445f12473fea33d93554381f170f3192702a1a764b64d6910f4
73,48173,doppler_common_bias_p003,v24_nominal_model,True,True,True,1.0,0.7636528796241526,0.7445677537687296,True,0,0,0,0,0,0.31278837991772046,0.5112731249537319,False,False,d62de5313c3a9152771bca22ce1fcd57345850728779c37ddd6c37eaf401100b,614de0aafdf096e47035c68b819dd283044bfe35332c9e5387adb94e3316fb0f,1b4c4a450674e257428ab28ab45b9aa27924abc3cce3f0a2632c3e5bcac6c1ce
73,48173,doppler_common_bias_p003,v35_bias_gate_300,True,True,True,1.0,0.5134103540278174,0.39299786207123044,True,0,0,0,0,0,0.3254546603137873,1.0631870001088828,True,True,d62de5313c3a9152771bca22ce1fcd57345850728779c37ddd6c37eaf401100b,614de0aafdf096e47035c68b819dd283044bfe35332c9e5387adb94e3316fb0f,9a8f7808830f182f590994c09ec1e68a55aa8e938f9e68b39eda683e1cdc3aeb
73,48173,doppler_differential_bias_003,v24_nominal_model,True,True,True,1.0,0.447428870791202,0.35365391158451814,True,0,0,0,0,0,0.3435577657103536,0.5448358330177143,False,False,d62de5313c3a9152771bca22ce1fcd57345850728779c37ddd6c37eaf401100b,412aa05b68b90f87504d05efd23ebdb8493631f909a1312d50a5ef28ab496bd2,8eb3851183224393ffd65b7c8c3d4829b612e75a28fcbe04962d5c1416b1246c
73,48173,doppler_differential_bias_003,v35_bias_gate_300,True,True,True,1.0,0.3038608845177034,0.21619222584259135,True,0,0,0,0,0,0.34352236468980973,1.1117178740678355,True,True,d62de5313c3a9152771bca22ce1fcd57345850728779c37ddd6c37eaf401100b,412aa05b68b90f87504d05efd23ebdb8493631f909a1312d50a5ef28ab496bd2,454e0f7e1dfe06c810a211a73738d4c67829c75dea536d4906fbe895314d3e26
73,48173,doppler_scale_102,v24_nominal_model,True,True,True,1.0,0.5117563242524823,0.49144796725270784,True,0,0,0,0,0,0.3449913349070369,0.5269287920091301,False,False,d62de5313c3a9152771bca22ce1fcd57345850728779c37ddd6c37eaf401100b,a1e78a0fc7ba68df45bc56585d4a0ba9821a0726ddc3bda97a37fd8b67c7f686,9cc56fec3fa67e85b1b5d825c7dc9285772d865546e702ba17cd68ae918c713c
73,48173,colored_noise_rho09_sd003,v24_nominal_model,True,True,True,1.0,1.1113255906648567,1.2134474576538958,True,0,0,0,0,0,0.2457510543744456,0.5113537500146776,False,False,d62de5313c3a9152771bca22ce1fcd57345850728779c37ddd6c37eaf401100b,01c93d6f91078a64d71b6a2571934b2f216db0f7138fba049b78560fe6837611,f281985cf82d6406c3f499843405d630365baa755755dcdfb3e51ac6a3e9dc5f
73,48173,colored_noise_rho09_sd003,v35_bias_gate_300,True,True,True,1.0,1.1113255906648567,1.2134474576538958,True,0,0,0,0,0,0.2457510543744456,0.5066733330022544,True,False,d62de5313c3a9152771bca22ce1fcd57345850728779c37ddd6c37eaf401100b,01c93d6f91078a64d71b6a2571934b2f216db0f7138fba049b78560fe6837611,f281985cf82d6406c3f499843405d630365baa755755dcdfb3e51ac6a3e9dc5f
73,48173,dropout_iid10,v24_nominal_model,True,True,True,1.0,0.5087921264396517,0.5756564235464091,True,0,0,0,0,0,0.24245982567049706,0.5161090000765398,False,False,d62de5313c3a9152771bca22ce1fcd57345850728779c37ddd6c37eaf401100b,5724c0783e396a29b7796039faa247d5145b9be4e1fd7f7ef71d04f1b2b45710,b8f00a969d18213ef6325f1d3a81aff688a96c634658b62c8c26e0bd2194bbfb
73,48173,broadcast_delay_2s,v24_nominal_model,True,True,True,1.0,2.126333745355409,0.9696755850461511,True,0,0,0,0,0,0.248485334137579,0.5056756250560284,False,False,d62de5313c3a9152771bca22ce1fcd57345850728779c37ddd6c37eaf401100b,ebbc44aa48cd7cc418855f19241059e9a2bbddc83f93239a25d62889dbbaf659,426f1f6122c20c5433ebc25576348579ae2cfaf90a96caf874f2c0a22883b34f
73,48173,dead_reckoning_scale_101,v24_nominal_model,True,True,True,1.0,4.8506852115412835,4.7930056542518935,True,0,0,0,0,0,0.3414980438489603,0.5662705829599872,False,False,d62de5313c3a9152771bca22ce1fcd57345850728779c37ddd6c37eaf401100b,b0e035767492d080a6b30b2e88122f955f8788f656cc530a9a34e88222156a81,c4ef0715914b4da41bc19b2dba1e46120664e36f4eb850a890d5dd7e92442eed
74,48174,nominal,v24_nominal_model,True,True,True,1.0,0.7555975085804391,0.8187253033053067,True,0,0,0,0,0,0.335750351921248,0.5302383339731023,False,False,a83cecb3e4eb81b9a6b1c06ed6825f8ec7ac1050a298aad971cbc231f2750e12,e6370da674d3e04daa8eecbb3748678cc7cf8742fcf00f1538b137312e573ea6,74350054a0c525cec8f29f9c71cf06f4593d38fe4d3fef8412ebe360cd144478
74,48174,nominal,v35_bias_gate_300,True,True,True,1.0,0.7555975085804391,0.8187253033053067,True,0,0,0,0,0,0.335750351921248,0.5980227080872282,True,False,a83cecb3e4eb81b9a6b1c06ed6825f8ec7ac1050a298aad971cbc231f2750e12,e6370da674d3e04daa8eecbb3748678cc7cf8742fcf00f1538b137312e573ea6,74350054a0c525cec8f29f9c71cf06f4593d38fe4d3fef8412ebe360cd144478
74,48174,doppler_common_bias_p003,v24_nominal_model,True,True,True,1.0,1.279598021086634,1.248230559127183,True,0,0,0,0,0,0.3292535625632627,0.5087335839634761,False,False,a83cecb3e4eb81b9a6b1c06ed6825f8ec7ac1050a298aad971cbc231f2750e12,14f9e6ba356a346ade1deaf97e77960644600985c52a3c95a044510634e359cf,6ccf41b99943a9e7181e8b66a0958dda843f2fe7fbd212e0742bc059d3a9cf37
74,48174,doppler_common_bias_p003,v35_bias_gate_300,True,True,True,1.0,0.7065274750874198,0.762690513781554,True,0,0,0,0,0,0.32916804866247706,1.03885091713164,True,True,a83cecb3e4eb81b9a6b1c06ed6825f8ec7ac1050a298aad971cbc231f2750e12,14f9e6ba356a346ade1deaf97e77960644600985c52a3c95a044510634e359cf,39152fa7b92fd78f2565be932f5460afdf8329799c0c41724e5a5685dac6e380
74,48174,doppler_differential_bias_003,v24_nominal_model,True,True,True,1.0,0.7907231829319843,0.7921085541372814,True,0,0,0,0,0,0.33936828472192854,0.5043823339510709,False,False,a83cecb3e4eb81b9a6b1c06ed6825f8ec7ac1050a298aad971cbc231f2750e12,95b1d2d6433f68f64751afe4f1e91d42f6b7f05289823d29f5c6781d7b9dc804,227f9ee1efeecae8d7a904d41e84ae4163e498248662b56822fdbea95f6266a2
74,48174,doppler_differential_bias_003,v35_bias_gate_300,True,True,True,1.0,0.9780102628102968,1.0105590299278706,True,0,0,0,0,0,0.3393903650385575,1.030522582004778,True,True,a83cecb3e4eb81b9a6b1c06ed6825f8ec7ac1050a298aad971cbc231f2750e12,95b1d2d6433f68f64751afe4f1e91d42f6b7f05289823d29f5c6781d7b9dc804,18bd61913a9c4be2497ba1a508829576f6d9eefeb814724cb7f010cfc4b2485c
74,48174,doppler_scale_102,v24_nominal_model,True,True,True,1.0,2.366546766467892,2.3136979549038332,True,0,0,0,0,0,0.3917866388410003,0.5035715829581022,False,False,a83cecb3e4eb81b9a6b1c06ed6825f8ec7ac1050a298aad971cbc231f2750e12,20463cda705ff6f4e0590b534a4cb7c0f75cb287ebb0eecbefaeafac1c24516f,ecfc0f98441c78fd3a13317b1690cf70895e793970c34aab68263a84b5059fe3
74,48174,colored_noise_rho09_sd003,v24_nominal_model,True,True,True,1.0,0.4043221918856315,0.41729335876967094,True,0,0,0,0,0,0.3368660968131965,0.5504140839911997,False,False,a83cecb3e4eb81b9a6b1c06ed6825f8ec7ac1050a298aad971cbc231f2750e12,82079bd47cbecd862e9285ccdbd82ff16b051b6dd2c5e8202698a356366ac317,eb7ce5caec38b493b043f7f6d8243e4706952e695333414c5331908f593a8b16
74,48174,colored_noise_rho09_sd003,v35_bias_gate_300,True,True,True,1.0,0.4043221918856315,0.41729335876967094,True,0,0,0,0,0,0.3368660968131965,0.5800753750372678,True,False,a83cecb3e4eb81b9a6b1c06ed6825f8ec7ac1050a298aad971cbc231f2750e12,82079bd47cbecd862e9285ccdbd82ff16b051b6dd2c5e8202698a356366ac317,eb7ce5caec38b493b043f7f6d8243e4706952e695333414c5331908f593a8b16
74,48174,dropout_iid10,v24_nominal_model,True,True,True,1.0,0.5975132224433731,0.6606298399904704,True,0,0,0,0,0,0.3418344340579088,0.871982041047886,False,False,a83cecb3e4eb81b9a6b1c06ed6825f8ec7ac1050a298aad971cbc231f2750e12,2a27532de9ea4b942f975f0bab6f9ba0d6503a602a9879497e0db4ae3c34fe32,f97f9d60ecbb3344c01c0adf8b12bdb014f47684d3ca7a9843d7966ca0dc7ab6
74,48174,broadcast_delay_2s,v24_nominal_model,True,True,True,1.0,4.130973916100535,0.6880743732995876,True,0,0,0,0,0,0.34155895079851356,0.5049754169303924,False,False,a83cecb3e4eb81b9a6b1c06ed6825f8ec7ac1050a298aad971cbc231f2750e12,297c688f4d82564b757d425d833df359f2736f2d4b2bbef0c9dc48668081e22e,ada83028c775251e741754e33a590c2f8aed98a3025a98961a8b960b89f2bdf4
74,48174,dead_reckoning_scale_101,v24_nominal_model,False,False,False,0.0,4.76248292439036,83.49906590638817,True,0,0,0,0,0,0.36293433689401855,0.5255491660209373,False,False,a83cecb3e4eb81b9a6b1c06ed6825f8ec7ac1050a298aad971cbc231f2750e12,ac31ede00bad602622ed707c222688749032196ea83f55a7a46f43daa24cf973,2d85615d245ab7364430e92b8508c9fcc6aa65bdba9ee3e29876d5b3ff8ebc6f
75,48175,nominal,v24_nominal_model,True,True,True,1.0,0.4230563548327501,0.3978250930239792,True,0,0,0,0,0,0.23162379917877954,0.5206295410171151,False,False,907fa0b6cdb8b232f0872099910eff2ba1a89fb58d2d21740142ff81ec330f41,79173284efb081a459895dc56efe5c46a76d2f8a7c29ebeb28ddeca73fdae7ad,92520d17d3467a687db85a2c79eeab72e7943351449a75274dcd0e76b0d75624
75,48175,nominal,v35_bias_gate_300,True,True,True,1.0,0.4230563548327501,0.3978250930239792,True,0,0,0,0,0,0.23162379917877954,0.5117991250008345,True,False,907fa0b6cdb8b232f0872099910eff2ba1a89fb58d2d21740142ff81ec330f41,79173284efb081a459895dc56efe5c46a76d2f8a7c29ebeb28ddeca73fdae7ad,92520d17d3467a687db85a2c79eeab72e7943351449a75274dcd0e76b0d75624
75,48175,doppler_common_bias_p003,v24_nominal_model,False,False,False,0.0,0.699397215925626,116.70930692830404,True,0,0,0,0,0,0.2499172851458512,0.5600563329644501,False,False,907fa0b6cdb8b232f0872099910eff2ba1a89fb58d2d21740142ff81ec330f41,a4d6949f8d4c83ac9bc22a2f278189e385ac201b3c285a21923aeccf31b9d24a,f0583f5a85cefe0671c46692e133370dbc5e553943af9e1f23fb067d72749d1c
75,48175,doppler_common_bias_p003,v35_bias_gate_300,False,False,False,0.0,0.2442813803456465,118.51135989135913,True,0,0,0,0,0,0.25621730039774787,1.2124268329935148,True,True,907fa0b6cdb8b232f0872099910eff2ba1a89fb58d2d21740142ff81ec330f41,a4d6949f8d4c83ac9bc22a2f278189e385ac201b3c285a21923aeccf31b9d24a,d7c6b5c6765f059b9b2246f8e1748cc8db542cddde4cb9ebab8eb3ab05847dec
75,48175,doppler_differential_bias_003,v24_nominal_model,True,False,False,0.16,0.4196033513833438,2.3752501076915618,True,0,0,0,0,0,0.3385903823627234,0.5230166669934988,False,False,907fa0b6cdb8b232f0872099910eff2ba1a89fb58d2d21740142ff81ec330f41,b36be9eee0c952c059488f032e5114903d1b2c5242d961d81d05029d06a967a9,1433bd08fd77766f6dfaba97b69e030b750247c17e17c167a2c15f9081283690
75,48175,doppler_differential_bias_003,v35_bias_gate_300,True,False,False,0.16,0.3603239534135079,2.4850398947549346,True,0,0,0,0,0,0.338411772877083,1.0775325839640573,True,True,907fa0b6cdb8b232f0872099910eff2ba1a89fb58d2d21740142ff81ec330f41,b36be9eee0c952c059488f032e5114903d1b2c5242d961d81d05029d06a967a9,1bd605df184a288594f2a5f944e031fcf9c69b9da28bf9fd9348209354035915
75,48175,doppler_scale_102,v24_nominal_model,False,False,False,0.0,2.025629561061541,1090.4899739291554,False,0,0,0,0,0,0.22719355593054694,0.530780041939579,False,False,907fa0b6cdb8b232f0872099910eff2ba1a89fb58d2d21740142ff81ec330f41,5b07295d3b63da5147eedb6d302329972355a247c67c263911adcde362b81bab,886709795f69d6a9932c832cde4ecd2544b7e41e5cfd63198f46f793eb5c141f
75,48175,colored_noise_rho09_sd003,v24_nominal_model,True,True,True,1.0,0.16098397081776034,0.16218248918995068,True,0,0,0,0,0,0.2756515202070206,0.6351573750143871,False,False,907fa0b6cdb8b232f0872099910eff2ba1a89fb58d2d21740142ff81ec330f41,5b99b336b480ff8ff0b6c0a1b18d86f248769fa7d44b0cabe7983aad34d38f3b,3e69dbdc9b0fb51610445a9988123a0921d3e56289d3e225a3bdec1ebfef8cf6
75,48175,colored_noise_rho09_sd003,v35_bias_gate_300,True,True,True,1.0,0.16098397081776034,0.16218248918995068,True,0,0,0,0,0,0.2756515202070206,0.5288202500669286,True,False,907fa0b6cdb8b232f0872099910eff2ba1a89fb58d2d21740142ff81ec330f41,5b99b336b480ff8ff0b6c0a1b18d86f248769fa7d44b0cabe7983aad34d38f3b,3e69dbdc9b0fb51610445a9988123a0921d3e56289d3e225a3bdec1ebfef8cf6
75,48175,dropout_iid10,v24_nominal_model,True,True,True,1.0,0.138214589507973,0.15421867417079044,True,0,0,0,0,0,0.28087504811897335,0.7071743339765817,False,False,907fa0b6cdb8b232f0872099910eff2ba1a89fb58d2d21740142ff81ec330f41,63a7683d6c16e0e23dbac811fc5a6240f4da1f9c4a7519403e521d184ddf2236,d49a37e8284840671fe0b56e130626f19d4ee2d11e4451d871cf7e44043f169c
75,48175,broadcast_delay_2s,v24_nominal_model,True,True,True,1.0,3.8783402769800306,0.3406733934613101,True,0,0,0,0,0,0.22140987750090615,0.510208124993369,False,False,907fa0b6cdb8b232f0872099910eff2ba1a89fb58d2d21740142ff81ec330f41,ea59244e851e73004cd9ab0381a9922d807b3bfb37838f2abdd42719260db87e,278ae20a61f81ee48845c264c30653570e71985b52989d97450b54090b968d00
75,48175,dead_reckoning_scale_101,v24_nominal_model,False,False,False,0.0,4.410221646891789,238.5437993232763,True,0,0,0,0,0,0.2995140084994761,0.5772240000078455,False,False,907fa0b6cdb8b232f0872099910eff2ba1a89fb58d2d21740142ff81ec330f41,5031fc9f9eb4f3aba707c5024009b3dbfb83c3d97498a677d3bab5b6c03c1b59,16c91729214be03874c8c192764847c470cb9b159404f2c4be50ee7565a2a27b
76,48176,nominal,v24_nominal_model,True,True,True,1.0,0.7705806768444189,0.860630094046243,True,0,0,0,0,0,0.3118302150290359,0.506585167022422,False,False,e0f2150dc52c573d88bcd33834b8ebcc43fb7631049a7a0d2f1ff2e2dc45a24f,906f59db23196fba9b649e88e87e5b7955177d8702356281aea6954b05e2ae32,a38de916c3a0e291ca7f4acf401e6c44784457db6443591ffd49ca7eaf046ca7
76,48176,nominal,v35_bias_gate_300,True,True,True,1.0,0.7705806768444189,0.860630094046243,True,0,0,0,0,0,0.3118302150290359,0.5062007079832256,True,False,e0f2150dc52c573d88bcd33834b8ebcc43fb7631049a7a0d2f1ff2e2dc45a24f,906f59db23196fba9b649e88e87e5b7955177d8702356281aea6954b05e2ae32,a38de916c3a0e291ca7f4acf401e6c44784457db6443591ffd49ca7eaf046ca7
76,48176,doppler_common_bias_p003,v24_nominal_model,True,True,True,1.0,1.6129820216272643,1.7303501103708796,True,0,0,0,0,0,0.30640449453321694,0.5080259579699486,False,False,e0f2150dc52c573d88bcd33834b8ebcc43fb7631049a7a0d2f1ff2e2dc45a24f,3296fe73f53e51895806a85868f24cbed0016c22c059fb42519435bd94563945,e52422a7a2af666fbdc87d8b5fac073cbea5aacf1539184e2b588d7e6383f6fa
76,48176,doppler_common_bias_p003,v35_bias_gate_300,True,True,True,1.0,0.8679363787762225,0.9533054300535195,True,0,0,0,0,0,0.30652902235992996,1.0614126671571285,True,True,e0f2150dc52c573d88bcd33834b8ebcc43fb7631049a7a0d2f1ff2e2dc45a24f,3296fe73f53e51895806a85868f24cbed0016c22c059fb42519435bd94563945,162c9fcc374a2b8aa0d9b7f8ff964f7e4b41ec48e7987de1e8b64e5ee171edab
76,48176,doppler_differential_bias_003,v24_nominal_model,False,False,False,0.0,0.30440207509558614,75.651197139691,True,0,0,0,0,0,0.3477790793178997,0.5223689579870552,False,False,e0f2150dc52c573d88bcd33834b8ebcc43fb7631049a7a0d2f1ff2e2dc45a24f,83366018f9d95e77103eaabe2335fa1a10ab76dea11d95a1d5a0d15bcc8011fa,9900af3e89d57bd2f6c0c61b4c7ecb5242ad4ef632597308788584fd978f2d54
76,48176,doppler_differential_bias_003,v35_bias_gate_300,False,False,False,0.0,0.45556688845374016,75.29759587725812,True,0,0,0,0,0,0.34771163330136884,1.0791880841134116,True,True,e0f2150dc52c573d88bcd33834b8ebcc43fb7631049a7a0d2f1ff2e2dc45a24f,83366018f9d95e77103eaabe2335fa1a10ab76dea11d95a1d5a0d15bcc8011fa,616c22c762a9df2cc4e8f5c39b85dcc8de8a0982b31025b9bf20ea41984b1e00
76,48176,doppler_scale_102,v24_nominal_model,True,True,True,1.0,1.6110617212946166,1.677592119576438,True,0,0,0,0,0,0.36174182294357643,0.518781749997288,False,False,e0f2150dc52c573d88bcd33834b8ebcc43fb7631049a7a0d2f1ff2e2dc45a24f,847d0248c0522c4a6fcb47d0cb9279a66b4dbeb71068f9a0b8cd559e0cf595db,67f79ace97ce05dcb4e3b433ec1d95499590c999548c81e1f85dfeb73889c0e0
76,48176,colored_noise_rho09_sd003,v24_nominal_model,True,True,True,1.0,0.9084883792403624,0.8940702581483202,True,0,0,0,0,0,0.29598117320582057,0.5150012500816956,False,False,e0f2150dc52c573d88bcd33834b8ebcc43fb7631049a7a0d2f1ff2e2dc45a24f,6b386f4021dd672abffc3228649c7ed87ae6e3af19e4212b07584e5f9bac457c,677399d8c111383acacf7300f162c0dcf3481b8f935caeff0011d2de84d2e975
76,48176,colored_noise_rho09_sd003,v35_bias_gate_300,True,True,True,1.0,0.9084883792403624,0.8940702581483202,True,0,0,0,0,0,0.29598117320582057,0.5205568749224767,True,False,e0f2150dc52c573d88bcd33834b8ebcc43fb7631049a7a0d2f1ff2e2dc45a24f,6b386f4021dd672abffc3228649c7ed87ae6e3af19e4212b07584e5f9bac457c,677399d8c111383acacf7300f162c0dcf3481b8f935caeff0011d2de84d2e975
76,48176,dropout_iid10,v24_nominal_model,True,True,True,1.0,0.8677237093756491,0.9627742420219317,True,0,0,0,0,0,0.2900301523520562,0.45571649994235486,False,False,e0f2150dc52c573d88bcd33834b8ebcc43fb7631049a7a0d2f1ff2e2dc45a24f,7a0c12793439957722e6edfbb834bcd0404526575713198ba1c7312ddc6767eb,1352edea36a2d31615a97772fa04112ca921aa5bbe3acb0ead7c0caeec532d59
76,48176,broadcast_delay_2s,v24_nominal_model,True,True,True,1.0,3.242887786527106,0.5997032438099337,True,0,0,0,0,0,0.3192273483652349,0.5160144169349223,False,False,e0f2150dc52c573d88bcd33834b8ebcc43fb7631049a7a0d2f1ff2e2dc45a24f,97bee7113624cc30e428c8d2ca3f73ec63f560ce43a3e62f1d5bebf936e17726,f9e1c44ff0190bc9b965214b2c2eb1e695fcb732efc0bf6f8aafee5fb517ab2e
76,48176,dead_reckoning_scale_101,v24_nominal_model,False,False,False,0.0,3.887352237868123,21.35559566509216,True,0,0,0,0,0,0.3694829074469909,0.5464488749857992,False,False,e0f2150dc52c573d88bcd33834b8ebcc43fb7631049a7a0d2f1ff2e2dc45a24f,5076631214b2c12c37153e3d4931c7acfda48628d4164df91ae4f9dab7b633f0,69b5117b0ee73f239c7ca438d8b0d18cd0e9d2bf00905b5fccc5bd75b378cbc5
77,48177,nominal,v24_nominal_model,True,True,True,1.0,0.3705627396130812,0.28126063906368565,True,0,0,0,0,0,0.338130743266365,0.5099827089579776,False,False,601dbe45425053345b74b0d7575ca3be63d98985b7dc78c110ef9288e958da45,3f03a8a9c1eb4cbe2c7c52f6e1f2503475a545aa4b9c2e086588b44626573d56,d94f444f4c1209a25267604cb6d1fe51e03220e49755e25f40128243ffd1e4cf
77,48177,nominal,v35_bias_gate_300,True,True,True,1.0,0.3705627396130812,0.28126063906368565,True,0,0,0,0,0,0.338130743266365,0.6328522909898311,True,False,601dbe45425053345b74b0d7575ca3be63d98985b7dc78c110ef9288e958da45,3f03a8a9c1eb4cbe2c7c52f6e1f2503475a545aa4b9c2e086588b44626573d56,d94f444f4c1209a25267604cb6d1fe51e03220e49755e25f40128243ffd1e4cf
77,48177,doppler_common_bias_p003,v24_nominal_model,True,True,True,1.0,0.3138841048153366,0.38584079793047915,True,0,0,0,0,0,0.42265452619262367,0.5039429579628631,False,False,601dbe45425053345b74b0d7575ca3be63d98985b7dc78c110ef9288e958da45,b19fbfb7bc15850fd924623228e5d9dfed65ca21787cd90afa5d44a3752ddb3b,f627ddebb3f2074ad7c7fc1af3b18f338d57eb184839c5ffb6e85e886d586a51
77,48177,doppler_common_bias_p003,v35_bias_gate_300,True,True,True,1.0,0.1991899544315193,0.14520699136989945,True,0,0,0,0,0,0.4263994695294218,1.0286263739690185,True,True,601dbe45425053345b74b0d7575ca3be63d98985b7dc78c110ef9288e958da45,b19fbfb7bc15850fd924623228e5d9dfed65ca21787cd90afa5d44a3752ddb3b,41f2ec5a62a90cde4beb1493590cfeeb51dca5173861b8437b3e84375b839f4e
77,48177,doppler_differential_bias_003,v24_nominal_model,True,True,True,1.0,0.25976274758831186,0.22653657474437597,True,0,0,0,0,0,0.3806207326522792,0.5665181669173762,False,False,601dbe45425053345b74b0d7575ca3be63d98985b7dc78c110ef9288e958da45,4245c261bb0c0c6be6d7984c90a8e502c82eae51b81b88471b1e294b5cf8ce75,c58917f6ba8e65a9f1cc03947209eabd5aaa70fe68b6827edd5296e92a077571
77,48177,doppler_differential_bias_003,v35_bias_gate_300,True,True,True,1.0,0.21510766491779718,0.20019216473085635,True,0,0,0,0,0,0.39775559183556536,1.0295294590760022,True,True,601dbe45425053345b74b0d7575ca3be63d98985b7dc78c110ef9288e958da45,4245c261bb0c0c6be6d7984c90a8e502c82eae51b81b88471b1e294b5cf8ce75,fb0ec1ed1ed22c6bfc63a29bc7f723b562aa058eaceb48bff3e83acdf9a38e4f
77,48177,doppler_scale_102,v24_nominal_model,False,False,False,0.0,0.3223712606404848,1656.892776068565,False,0,0,0,0,0,0.28841012552495593,0.5671505840728059,False,False,601dbe45425053345b74b0d7575ca3be63d98985b7dc78c110ef9288e958da45,8c82d6e659695716ae6391eb90966c4a37ca67e1e99fd15218946bad3a056a29,1e364a19752c63f7f1524d3bd51d617506c5de41d190e6e72671e3b9562465f1
77,48177,colored_noise_rho09_sd003,v24_nominal_model,True,True,True,1.0,0.17120548664674876,0.21513595762856907,True,0,0,0,0,0,0.33840564861224653,0.5132176249753684,False,False,601dbe45425053345b74b0d7575ca3be63d98985b7dc78c110ef9288e958da45,10fc89da4b4c06f91acaea24e2ea70eea8620354f461e98bb7dd5b74b5105cc0,8d4e108668363d17132da3bacf48e1eaedc866f67258e11cd12a1503e5ba8821
77,48177,colored_noise_rho09_sd003,v35_bias_gate_300,True,True,True,1.0,0.17120548664674876,0.21513595762856907,True,0,0,0,0,0,0.33840564861224653,0.6919326670467854,True,False,601dbe45425053345b74b0d7575ca3be63d98985b7dc78c110ef9288e958da45,10fc89da4b4c06f91acaea24e2ea70eea8620354f461e98bb7dd5b74b5105cc0,8d4e108668363d17132da3bacf48e1eaedc866f67258e11cd12a1503e5ba8821
77,48177,dropout_iid10,v24_nominal_model,True,True,True,1.0,0.34448586458804414,0.27320429418927367,True,0,0,0,0,0,0.3405400597950711,0.49977633298840374,False,False,601dbe45425053345b74b0d7575ca3be63d98985b7dc78c110ef9288e958da45,0302a02408f1a1092f97b9e9ff8ed5843b8f222461e86c189534760745325971,8e7ef16e66cb0347d99aa358452a1f9bb420cdc5a9e5bcad4f40637ec9a65ed2
77,48177,broadcast_delay_2s,v24_nominal_model,True,True,True,1.0,2.659378986694981,0.3647058321988848,True,0,0,0,0,0,0.33805122600683973,0.5637336670188233,False,False,601dbe45425053345b74b0d7575ca3be63d98985b7dc78c110ef9288e958da45,c393e5e84722c9dca2bd99fc731c06e8581504c561ffda8d7d78006c68e20615,a9d656a165b6af29ea8507e65636acd26f9db3f25dd72d2f60f5dfde48fe64f9
77,48177,dead_reckoning_scale_101,v24_nominal_model,True,True,True,1.0,1.8237148206385494,1.9487347261758419,True,0,0,0,0,0,0.3246680831240093,0.5216371669666842,False,False,601dbe45425053345b74b0d7575ca3be63d98985b7dc78c110ef9288e958da45,9efa6cd6d6835a7723015505e5c96f5f39971e023af326cf407c647ee3718965,d8dcf4b6eae2cf7a835d2f2b18ac580b9a5ec38de79e80379556d920f922b9fb
78,48178,nominal,v24_nominal_model,True,True,True,1.0,1.7572936031520165,1.6463142503687462,True,0,0,0,0,0,0.24064740962263115,0.5011804579989985,False,False,2ec86c7d99027a1fa42c987627e9fbe19e1144debcce057c74b7016456a05df2,ac1fa8e5e613b980dc70816ec6f70b403a223792ea87fd8106a51ed6a6d51c3c,27a253545fd6fbc2f627a3e695d75d2039631edce18695261efb73850b4dd5e3
78,48178,nominal,v35_bias_gate_300,True,True,True,1.0,1.7572936031520165,1.6463142503687462,True,0,0,0,0,0,0.24064740962263115,0.5016336670378223,True,False,2ec86c7d99027a1fa42c987627e9fbe19e1144debcce057c74b7016456a05df2,ac1fa8e5e613b980dc70816ec6f70b403a223792ea87fd8106a51ed6a6d51c3c,27a253545fd6fbc2f627a3e695d75d2039631edce18695261efb73850b4dd5e3
78,48178,doppler_common_bias_p003,v24_nominal_model,True,True,True,1.0,2.6237546755425094,2.47119585132968,True,0,0,0,0,0,0.24040388253340791,0.509993875049986,False,False,2ec86c7d99027a1fa42c987627e9fbe19e1144debcce057c74b7016456a05df2,809dbf95c38ba821e926394d988ee85ef87bb0916b19bf69eaac498d5b7dc5b4,be5c4632a60f42f4fd8b628a21077b0e15f02142e401a8b0e36394ad720ead6e
78,48178,doppler_common_bias_p003,v35_bias_gate_300,True,True,True,1.0,1.7910666068408165,1.7102475391549143,True,0,0,0,0,0,0.24146036703390492,1.0335827908711508,True,True,2ec86c7d99027a1fa42c987627e9fbe19e1144debcce057c74b7016456a05df2,809dbf95c38ba821e926394d988ee85ef87bb0916b19bf69eaac498d5b7dc5b4,8a65afe34f9c830d85bfa90ac26b7a07454bf4c2cbbfaa6107205c3601542d4a
78,48178,doppler_differential_bias_003,v24_nominal_model,True,True,True,1.0,4.5121219153403045,4.298999146258108,True,0,0,0,0,0,0.2426988275910566,0.5034165000542998,False,False,2ec86c7d99027a1fa42c987627e9fbe19e1144debcce057c74b7016456a05df2,b5390bf73c793f24e91dc30b2dbc5f27cb32f0d00f6dc89a669372e8f425023e,273b05856b0ceb81db068401506c43732c9ebe0dacf148214e36591127bff91e
78,48178,doppler_differential_bias_003,v35_bias_gate_300,True,True,True,1.0,1.4309990832487165,1.2006646106311187,True,0,0,0,0,0,0.28154884369945593,1.0373744999524206,True,True,2ec86c7d99027a1fa42c987627e9fbe19e1144debcce057c74b7016456a05df2,b5390bf73c793f24e91dc30b2dbc5f27cb32f0d00f6dc89a669372e8f425023e,9485058168fce5f2922150ec2a836d621998e2cd5411500009bbb70fcb39cf90
78,48178,doppler_scale_102,v24_nominal_model,False,False,False,0.0,5.149457310141423,2632.68560424615,False,0,0,0,0,0,0.141786444606629,1.0740543329156935,False,False,2ec86c7d99027a1fa42c987627e9fbe19e1144debcce057c74b7016456a05df2,769972bf9de9eae707710db97c042d414dd166722dba323ef7d9e043377e5f52,41a748a6bf1928fc1f65ba193824aa787843cff24dc689bd4cda4b4b838fc029
78,48178,colored_noise_rho09_sd003,v24_nominal_model,True,True,True,1.0,1.0273735287100147,1.2390695939983205,True,0,0,0,0,0,0.2355819319297986,0.5081060420488939,False,False,2ec86c7d99027a1fa42c987627e9fbe19e1144debcce057c74b7016456a05df2,942063678370118c2cf795ef9e29b20950ca58c725f0c5bf0af0e5649af169e2,b8c70bb9358a2aa753e0cced3393aa221f769959b0a1c52c6d183ecdcb9ee62a
78,48178,colored_noise_rho09_sd003,v35_bias_gate_300,True,True,True,1.0,1.0273735287100147,1.2390695939983205,True,0,0,0,0,0,0.2355819319297986,0.5233933329582214,True,False,2ec86c7d99027a1fa42c987627e9fbe19e1144debcce057c74b7016456a05df2,942063678370118c2cf795ef9e29b20950ca58c725f0c5bf0af0e5649af169e2,b8c70bb9358a2aa753e0cced3393aa221f769959b0a1c52c6d183ecdcb9ee62a
78,48178,dropout_iid10,v24_nominal_model,True,True,True,1.0,1.6540175923937375,1.565283566211759,True,0,0,0,0,0,0.24004738597670675,0.7520513330819085,False,False,2ec86c7d99027a1fa42c987627e9fbe19e1144debcce057c74b7016456a05df2,c4375cdfd95c5d8ca39258501d2f793ac67a59be841fe5fbe0e6c62b30972493,0260f4a2ea3147bcb1305de78af11a2dda1b83b462b3a30a320e1b9578eeacd6
78,48178,broadcast_delay_2s,v24_nominal_model,True,True,True,1.0,2.9281261664778175,2.6626381140235766,True,0,0,0,0,0,0.2406760849684927,0.6192065830109641,False,False,2ec86c7d99027a1fa42c987627e9fbe19e1144debcce057c74b7016456a05df2,81b66b97ddac5a5939878ea361212a2c828e47559dca31890ce9d641f474959d,5d5b2b12d52202912db42392c05a0638956162a37ae63c09c77b48970761de2b
78,48178,dead_reckoning_scale_101,v24_nominal_model,True,True,True,0.98,5.143033682174211,5.224458358618752,True,0,0,0,0,0,0.24183266191351913,0.5333049590699375,False,False,2ec86c7d99027a1fa42c987627e9fbe19e1144debcce057c74b7016456a05df2,9e547b81f24d0d7fefccb2f613e239b00b1771957eef04bfdef2d57e6ab152b3,b9d258c0c473c7f9a5f8fbebe2422c4ab572926fcb49ceef1948aea358c544a0
79,48179,nominal,v24_nominal_model,True,True,True,1.0,0.8027757839002935,0.8925170403947997,True,0,0,0,0,0,0.2569818889691302,0.526505499961786,False,False,0e8e846ac3a234e07a1922acdf36e108fd07fcbaade39ec1560387e4d04a038d,e55048b74e66c529a4e37a33a9b0ad687aca94bd69809ce9dcb45237aaf588c7,b547fc29d4dd22085250982134b5bc39e5b7ffdeae0adcb7b1b59a5d90bc9ec7
79,48179,nominal,v35_bias_gate_300,True,True,True,1.0,0.8027757839002935,0.8925170403947997,True,0,0,0,0,0,0.2569818889691302,0.4953078329563141,True,False,0e8e846ac3a234e07a1922acdf36e108fd07fcbaade39ec1560387e4d04a038d,e55048b74e66c529a4e37a33a9b0ad687aca94bd69809ce9dcb45237aaf588c7,b547fc29d4dd22085250982134b5bc39e5b7ffdeae0adcb7b1b59a5d90bc9ec7
79,48179,doppler_common_bias_p003,v24_nominal_model,True,True,True,1.0,0.7602326557834851,0.8746748354506881,True,0,0,0,0,0,0.2519286092989325,0.5017978340620175,False,False,0e8e846ac3a234e07a1922acdf36e108fd07fcbaade39ec1560387e4d04a038d,3dfa461db8ca5a311f566e7c8c3b0898655e033e1a3662cc70f943ed2b264492,57465f05c5a5240ce49cd54d2b0a89efd301e0012805a6580d0329e511faf298
79,48179,doppler_common_bias_p003,v35_bias_gate_300,True,True,True,1.0,0.7758357922237603,0.8535999706680987,True,0,0,0,0,0,0.25164500369667403,1.118486958090216,True,True,0e8e846ac3a234e07a1922acdf36e108fd07fcbaade39ec1560387e4d04a038d,3dfa461db8ca5a311f566e7c8c3b0898655e033e1a3662cc70f943ed2b264492,9b072849ef9e4d0e1a17566f21243d218b42a7ae42fb0f1185bb8d4a0bde595c
79,48179,doppler_differential_bias_003,v24_nominal_model,True,True,True,1.0,1.5567078083918788,1.5540810121934525,True,0,0,0,0,0,0.24574911807120492,0.509787334012799,False,False,0e8e846ac3a234e07a1922acdf36e108fd07fcbaade39ec1560387e4d04a038d,8632c183a703374ac07dde412d79609270350481354a517aa454530abd385f76,dea55548208f238e30ce2916cec3642a012e386502c018143afef911213b598f
79,48179,doppler_differential_bias_003,v35_bias_gate_300,True,True,True,1.0,0.7445910139571905,0.8134112727033793,True,0,0,0,0,0,0.24568810210539463,1.0597585000796244,True,True,0e8e846ac3a234e07a1922acdf36e108fd07fcbaade39ec1560387e4d04a038d,8632c183a703374ac07dde412d79609270350481354a517aa454530abd385f76,d7d9fc76976eb6cba9a21a5b97870e8123d0b74bbb79d11d3fe19de5f71a2167
79,48179,doppler_scale_102,v24_nominal_model,True,True,True,1.0,1.628076770992391,1.556073034268996,True,0,0,0,0,0,0.25283740057209575,0.5029333749553189,False,False,0e8e846ac3a234e07a1922acdf36e108fd07fcbaade39ec1560387e4d04a038d,95c3238d2b5761c24ba7602cc791bd8edbb8947bcf6e6624f8144b69b705be4c,f437df55de55cb67bcab57eba83c6d667afad6e4fc1b375a5f2f302b119fa9aa
79,48179,colored_noise_rho09_sd003,v24_nominal_model,True,True,True,1.0,0.5595820305470856,0.6222427268201935,True,0,0,0,0,0,0.328966090683599,0.495925834053196,False,False,0e8e846ac3a234e07a1922acdf36e108fd07fcbaade39ec1560387e4d04a038d,db8db23c298b69e90e2dd54f053829402912332a3a61f5a3aded10cf9cf34f6c,eeecd6024b1e46c70a0789e4181041313412c08aaf7e80b399c1772059968154
79,48179,colored_noise_rho09_sd003,v35_bias_gate_300,True,True,True,1.0,0.5595820305470856,0.6222427268201935,True,0,0,0,0,0,0.328966090683599,0.5928578750463203,True,False,0e8e846ac3a234e07a1922acdf36e108fd07fcbaade39ec1560387e4d04a038d,db8db23c298b69e90e2dd54f053829402912332a3a61f5a3aded10cf9cf34f6c,eeecd6024b1e46c70a0789e4181041313412c08aaf7e80b399c1772059968154
79,48179,dropout_iid10,v24_nominal_model,True,True,True,1.0,0.7874217886919157,0.8797168674850099,True,0,0,0,0,0,0.24567971622675094,0.45006162498611957,False,False,0e8e846ac3a234e07a1922acdf36e108fd07fcbaade39ec1560387e4d04a038d,e3e0da69331e9d903dc94474a9ba2d1870e0a0b122b387a6af480a35be85f9c8,e558c08044e433def33113d9d854d0acad14e7f7d65f1d33c8bf7100700111a4
79,48179,broadcast_delay_2s,v24_nominal_model,True,True,True,1.0,5.640156036701776,0.593345742436188,True,0,0,0,0,0,0.24138194869607235,0.5042762500233948,False,False,0e8e846ac3a234e07a1922acdf36e108fd07fcbaade39ec1560387e4d04a038d,20bbc3e616dc82a75d990b28d328f91d21535984536a1d34e97d5da85044c711,1bb405d5c859b03f0f823b67d6be09931cf40f4842ebf1f821421ac06062c8d7
79,48179,dead_reckoning_scale_101,v24_nominal_model,False,False,False,0.58,8.008935718839837,8.041192475613524,True,0,20,21,21,0,0.2373242187248069,0.5016007090453058,False,False,0e8e846ac3a234e07a1922acdf36e108fd07fcbaade39ec1560387e4d04a038d,7d5ed9df3db6206faa38a32adabb76de2d54a89520a64e268eed5be3f60b5247,fcb7453e844cd9e2ecc978feb4254c45912370924e8a53b7ea9bcf76992cbb40
80,48180,nominal,v24_nominal_model,True,False,True,0.66,1.0383947174066848,1.0604416688742444,True,0,0,0,0,0,0.24829276369124492,0.4959815409965813,False,False,6b68e9ed7caae0212801ea01bb7c85b00e4a6689430dd35a755f10139cc6c86d,8673e3203ee4dcf10e6e9edb0c43824fab38575b1ef271d7cc78e4d8f7e12f22,bfaf9ff1bcbf686e75759c1a40d0331df698c6831016b20ebe0d599d72f55c3f
80,48180,nominal,v35_bias_gate_300,True,False,True,0.66,1.0383947174066848,1.0604416688742444,True,0,0,0,0,0,0.24829276369124492,0.4967926670797169,True,False,6b68e9ed7caae0212801ea01bb7c85b00e4a6689430dd35a755f10139cc6c86d,8673e3203ee4dcf10e6e9edb0c43824fab38575b1ef271d7cc78e4d8f7e12f22,bfaf9ff1bcbf686e75759c1a40d0331df698c6831016b20ebe0d599d72f55c3f
80,48180,doppler_common_bias_p003,v24_nominal_model,True,True,True,1.0,5.336583638779831,5.3373909407474,True,0,0,0,0,0,0.24223066437169516,0.5911601670086384,False,False,6b68e9ed7caae0212801ea01bb7c85b00e4a6689430dd35a755f10139cc6c86d,a7d5cc9e29a8b431b4f40718373c913b449e6f1af5b82fc85bedad3e8d4b3fc4,81a893b44f6740e0e7e6ba6e2fda7cd2bf81a3c864e26d7d6d17e656e97c9346
80,48180,doppler_common_bias_p003,v35_bias_gate_300,True,True,True,1.0,2.0792621085286433,2.236210671975713,True,0,0,0,0,0,0.3123629504878128,1.0715667919721454,True,True,6b68e9ed7caae0212801ea01bb7c85b00e4a6689430dd35a755f10139cc6c86d,a7d5cc9e29a8b431b4f40718373c913b449e6f1af5b82fc85bedad3e8d4b3fc4,f10dd70543f52cf85af02bc1814eb712c7615e9f7e147a4a3f8dfff0dc18b469
80,48180,doppler_differential_bias_003,v24_nominal_model,True,True,True,1.0,5.066815096835915,5.094984012541388,True,0,0,0,0,0,0.24351467997348109,0.5117412910331041,False,False,6b68e9ed7caae0212801ea01bb7c85b00e4a6689430dd35a755f10139cc6c86d,9c38257f51e054334b2a38cae59680db6ccd4beab7e820d320ed32ca5a82b60e,914a9fc84db95eb7fd20f8578986b2c2b24ee72e132195a0bf821d5963fccb64
80,48180,doppler_differential_bias_003,v35_bias_gate_300,True,True,True,1.0,2.0953276638444227,2.2517914995743435,True,0,0,0,0,0,0.3133479632667153,1.0565764580387622,True,True,6b68e9ed7caae0212801ea01bb7c85b00e4a6689430dd35a755f10139cc6c86d,9c38257f51e054334b2a38cae59680db6ccd4beab7e820d320ed32ca5a82b60e,84447b207ae2ab2ff18761e9f0359270e85193c085a4bb315cdb80d4a621f50e
80,48180,doppler_scale_102,v24_nominal_model,False,False,False,0.0,20.871481927578003,2235.7552997764783,False,0,0,0,0,0,0.1720971831263856,0.5229872920317575,False,False,6b68e9ed7caae0212801ea01bb7c85b00e4a6689430dd35a755f10139cc6c86d,cd45d49c6549f46569f781585aee0ef7047406fc3935aa268b29070fd483fc70,f3febaf71284b8d7be6a5bcc7bb8423c0a0a29c65bb5b60efc6867b53afaf6bb
80,48180,colored_noise_rho09_sd003,v24_nominal_model,False,False,False,0.0,1.4869063778481284,207.38099343898435,True,0,0,0,0,0,0.2403934633668994,0.4908008750062436,False,False,6b68e9ed7caae0212801ea01bb7c85b00e4a6689430dd35a755f10139cc6c86d,6252d3cf5c12d40a2f9716ca79f729124da409ac135261ea10193ad4e8a79f45,e9342bdc1013023878dd34d6856e0b0b31b94175c3e8512e9dab1a34b118f7b8
80,48180,colored_noise_rho09_sd003,v35_bias_gate_300,False,False,False,0.0,1.4869063778481284,207.38099343898435,True,0,0,0,0,0,0.2403934633668994,0.4951127909589559,True,False,6b68e9ed7caae0212801ea01bb7c85b00e4a6689430dd35a755f10139cc6c86d,6252d3cf5c12d40a2f9716ca79f729124da409ac135261ea10193ad4e8a79f45,e9342bdc1013023878dd34d6856e0b0b31b94175c3e8512e9dab1a34b118f7b8
80,48180,dropout_iid10,v24_nominal_model,True,False,True,0.68,0.9453058274887828,0.9558574413473137,True,0,0,0,0,0,0.29385181290118756,0.44964495801832527,False,False,6b68e9ed7caae0212801ea01bb7c85b00e4a6689430dd35a755f10139cc6c86d,9aa43f33758e3263173f2df0f4c9e46ae94254fb9b7b49fa533b55facd30ea35,63451c6b4e63851371f5e38c5aa239761ce2dc052417a59f9bfc734bdc142b18
80,48180,broadcast_delay_2s,v24_nominal_model,True,False,True,0.66,4.59697460478531,1.1483955273275237,True,0,0,0,0,0,0.24825794010536606,0.4934030839940533,False,False,6b68e9ed7caae0212801ea01bb7c85b00e4a6689430dd35a755f10139cc6c86d,3a03edd903e74fe888c8efc8c26333ff1f483e1e1ef0e5fd894290a0efd195b4,77f78b743110534c2798433aad350a3ccb7f66b7ac57c677bab81bf02a107087
80,48180,dead_reckoning_scale_101,v24_nominal_model,True,True,True,1.0,6.172371689767319,5.963433178315587,True,0,0,0,0,0,0.2431181389397462,0.5377378750126809,False,False,6b68e9ed7caae0212801ea01bb7c85b00e4a6689430dd35a755f10139cc6c86d,a6103077254485585c08cdf21ea6d2f0c25b8e6e252d587d61d3fae1c8e81f43,991490ddfb28f3207f0d56dd0979ca38692fd9a34dd8f7ff720dad5ceb692ec5
81,48181,nominal,v24_nominal_model,True,True,True,1.0,0.4580165711309453,0.3559986901052078,True,0,0,0,0,0,0.2596028392202288,0.5064589999383315,False,False,a00915316395d42eb5cef28217ba8f5a09e3d771f3aa717a93b4030edd4e840c,ec4d06ca8b0b66bb2764abcaadf4602572f209ed8d3309aea6ea7af127da0e84,1475cbec9f94e44c5ca354719ec169fcf751128a4dd0939eb3f5aee8871d1996
81,48181,nominal,v35_bias_gate_300,True,True,True,1.0,0.4580165711309453,0.3559986901052078,True,0,0,0,0,0,0.2596028392202288,0.50150883407332,True,False,a00915316395d42eb5cef28217ba8f5a09e3d771f3aa717a93b4030edd4e840c,ec4d06ca8b0b66bb2764abcaadf4602572f209ed8d3309aea6ea7af127da0e84,1475cbec9f94e44c5ca354719ec169fcf751128a4dd0939eb3f5aee8871d1996
81,48181,doppler_common_bias_p003,v24_nominal_model,True,False,True,0.34,0.8898854520735308,1.734472854363039,True,0,0,0,0,0,0.26214529690720134,0.508467165986076,False,False,a00915316395d42eb5cef28217ba8f5a09e3d771f3aa717a93b4030edd4e840c,c1de800a1d1e1dfed8a705015da3224e9a4feaab0485c9b84f341daa3aa405b2,f95e152758deeea720f4af27801e92a11999b77a53f7c2255ab82c8c38f140af
81,48181,doppler_common_bias_p003,v35_bias_gate_300,True,False,True,0.34,0.7359651971068794,1.4621265808384776,True,0,0,0,0,0,0.26189952460495386,1.0487998750759289,True,True,a00915316395d42eb5cef28217ba8f5a09e3d771f3aa717a93b4030edd4e840c,c1de800a1d1e1dfed8a705015da3224e9a4feaab0485c9b84f341daa3aa405b2,27efeb4be40274578bce4fc65df4d480fa9ea139fe95cbda8becc221c60aa999
81,48181,doppler_differential_bias_003,v24_nominal_model,True,False,False,0.24,1.007857416651959,2.563295544788128,True,0,0,0,0,0,0.24708079790483675,0.5100694160209969,False,False,a00915316395d42eb5cef28217ba8f5a09e3d771f3aa717a93b4030edd4e840c,c3586d9ab16ac15f09cacc851ba6ac26f4268ae417c01f6dd729d0b966e06d35,13d346bb4159b114c79eef22c54b2c8d66a1e2c7c8f52291319d54cea31dbb48
81,48181,doppler_differential_bias_003,v35_bias_gate_300,True,False,False,0.24,0.6888511641922453,2.079549942617076,True,0,0,0,0,0,0.24698319403398702,1.0245767920278013,True,True,a00915316395d42eb5cef28217ba8f5a09e3d771f3aa717a93b4030edd4e840c,c3586d9ab16ac15f09cacc851ba6ac26f4268ae417c01f6dd729d0b966e06d35,30930c6960780b4e2f312c06ad895e6527bd5380287e8e6b9d210a3c61e99c4d
81,48181,doppler_scale_102,v24_nominal_model,True,True,True,1.0,1.4982600856406048,1.3519384981280766,True,0,0,0,0,0,0.30024866165049263,0.9211210829671472,False,False,a00915316395d42eb5cef28217ba8f5a09e3d771f3aa717a93b4030edd4e840c,cc56fffb708d83ce67d75f80dbec0cd9ebf5720676286b7a211cfe3e1e532faa,f8f61890be443ca90569b7a4dff3d46d5c82c4173acbdfba5e0c5258dae9a729
81,48181,colored_noise_rho09_sd003,v24_nominal_model,True,False,True,0.36,0.8033537225402186,0.5880147529256639,True,0,0,0,0,0,0.3012706536076446,0.49647137499414384,False,False,a00915316395d42eb5cef28217ba8f5a09e3d771f3aa717a93b4030edd4e840c,933850e80397e7eb3acc7f87f5c043da88a5af0cf91a690e610915c9f4e4153a,3083925e7a4936b5bbc517b17e5d4b2cd83bfb28547e3b995d9d0e047d3a0797
81,48181,colored_noise_rho09_sd003,v35_bias_gate_300,True,False,True,0.36,0.8033537225402186,0.5880147529256639,True,0,0,0,0,0,0.3012706536076446,0.6045691670151427,True,False,a00915316395d42eb5cef28217ba8f5a09e3d771f3aa717a93b4030edd4e840c,933850e80397e7eb3acc7f87f5c043da88a5af0cf91a690e610915c9f4e4153a,3083925e7a4936b5bbc517b17e5d4b2cd83bfb28547e3b995d9d0e047d3a0797
81,48181,dropout_iid10,v24_nominal_model,True,True,True,1.0,0.6048253051703799,0.5559883444554747,True,0,0,0,0,0,0.2594397537252165,0.46650683402549475,False,False,a00915316395d42eb5cef28217ba8f5a09e3d771f3aa717a93b4030edd4e840c,2ea30ee2197ae7d383848983564a29a1c6b154bf98b5f6689696c1cf3869bcca,d59a7b3609e9cc6044d8cfdb231a9d61acce095a47410e5d98ef6f231edca62c
81,48181,broadcast_delay_2s,v24_nominal_model,True,False,False,0.24,4.615223691642071,2.9060094863858126,True,0,0,0,0,0,0.24642979060227665,0.5056059169583023,False,False,a00915316395d42eb5cef28217ba8f5a09e3d771f3aa717a93b4030edd4e840c,ef4af2d9abec76d06acb0a9f397f749629dead8a10895276b12ce0b52efaab05,c1512df6bc5f76cab826edfde20f9ca4ac814fd28ad9870c0ad4c60e63b31988
81,48181,dead_reckoning_scale_101,v24_nominal_model,True,False,False,0.26,6.237783429697512,6.451161984960821,True,0,0,0,0,0,0.2578219240766825,0.5066317080054432,False,False,a00915316395d42eb5cef28217ba8f5a09e3d771f3aa717a93b4030edd4e840c,87e304970192eefbc971c3452eeec04f770f6be25a2095a2a6612250e8104f97,df236687b56c84da5c2bd12a1b8a1e426dd84a0f304aacf661c68e5bcac06d8b
82,48182,nominal,v24_nominal_model,True,True,True,1.0,0.9076870711865771,1.106070364679818,True,0,0,0,0,0,0.26756447859020066,0.4888741249451414,False,False,2663f02d38e034e5c8b66c1aa7b88ed7d4c7e0b945c7606424595b2121996a71,f91bc503106e4ddc6f0623006f82114ab13f7317f08ff7b50b85812f5fc0b350,601190387d9ab7695753b83243a61b974f17ef4fd282ac616259cdc5194c4dd6
82,48182,nominal,v35_bias_gate_300,True,True,True,1.0,0.9076870711865771,1.106070364679818,True,0,0,0,0,0,0.26756447859020066,0.4884026669897139,True,False,2663f02d38e034e5c8b66c1aa7b88ed7d4c7e0b945c7606424595b2121996a71,f91bc503106e4ddc6f0623006f82114ab13f7317f08ff7b50b85812f5fc0b350,601190387d9ab7695753b83243a61b974f17ef4fd282ac616259cdc5194c4dd6
82,48182,doppler_common_bias_p003,v24_nominal_model,True,True,True,1.0,2.2291139106170523,2.474019959019365,True,0,0,0,0,0,0.2916326859275719,0.5013274579541758,False,False,2663f02d38e034e5c8b66c1aa7b88ed7d4c7e0b945c7606424595b2121996a71,567144b46eac4656bdb5d7a44e77c206a75a55e44091421e9e2fd2db21b82d1d,f2d6a4224951ea0e5b3ff69d1d5612406d5e21fbd9530b341fe836f3b610ca12
82,48182,doppler_common_bias_p003,v35_bias_gate_300,True,True,True,1.0,0.6500437875186088,0.9271295798579077,True,0,0,0,0,0,0.2943973708124727,1.0378176249796525,True,True,2663f02d38e034e5c8b66c1aa7b88ed7d4c7e0b945c7606424595b2121996a71,567144b46eac4656bdb5d7a44e77c206a75a55e44091421e9e2fd2db21b82d1d,670505f62b0967700eabeefe114dd1ad982cea1b9e6c8c03648db67bd0b15e62
82,48182,doppler_differential_bias_003,v24_nominal_model,True,True,True,1.0,1.6661066924519539,1.9058160356089944,True,0,0,0,0,0,0.29326824864957696,0.5062725420575589,False,False,2663f02d38e034e5c8b66c1aa7b88ed7d4c7e0b945c7606424595b2121996a71,2d08c91a12518bebe0486698c45bfb81a42996d2776e7f6050a8608b2847b086,271f67dee4d9f0abfdf74ac68285a5181a8204b3ed6eee661691820a089e1682
82,48182,doppler_differential_bias_003,v35_bias_gate_300,True,True,True,1.0,0.709980070680208,0.9081028629039066,True,0,0,0,0,0,0.34834159247556473,1.036549040931277,True,True,2663f02d38e034e5c8b66c1aa7b88ed7d4c7e0b945c7606424595b2121996a71,2d08c91a12518bebe0486698c45bfb81a42996d2776e7f6050a8608b2847b086,30b56e8cee299ba9899d477bea35a010fe6947d3c2895c766b4881931843fdb1
82,48182,doppler_scale_102,v24_nominal_model,True,True,True,1.0,3.6252971986560123,3.688070271273994,True,0,0,0,0,0,0.26642787453305816,0.5059370000381023,False,False,2663f02d38e034e5c8b66c1aa7b88ed7d4c7e0b945c7606424595b2121996a71,ed52bdff0e820a0d73c8f287df965a054463e5f72869923515b57b11ea3c0569,1986dc6e18fac619026e9ab2d414d0ff0d6016be6e233d103ccd70b6a4da6f07
82,48182,colored_noise_rho09_sd003,v24_nominal_model,True,True,True,1.0,1.9260925710962642,2.011315674380693,True,0,0,0,0,0,0.29276618868240367,0.5146120829740539,False,False,2663f02d38e034e5c8b66c1aa7b88ed7d4c7e0b945c7606424595b2121996a71,9b4c8fe88eb28f9e22701fef1838acf37202c90040fc82eeaf234a554c8b8346,de16f49cea10e4632fc00bcebb1981ec77862645921938bd0b11011d02aeae97
82,48182,colored_noise_rho09_sd003,v35_bias_gate_300,True,True,True,1.0,1.9260925710962642,2.011315674380693,True,0,0,0,0,0,0.29276618868240367,0.5036616249708459,True,False,2663f02d38e034e5c8b66c1aa7b88ed7d4c7e0b945c7606424595b2121996a71,9b4c8fe88eb28f9e22701fef1838acf37202c90040fc82eeaf234a554c8b8346,de16f49cea10e4632fc00bcebb1981ec77862645921938bd0b11011d02aeae97
82,48182,dropout_iid10,v24_nominal_model,True,True,True,1.0,0.7883101256222225,1.075534628355586,True,0,0,0,0,0,0.291484599104088,0.45543741690926254,False,False,2663f02d38e034e5c8b66c1aa7b88ed7d4c7e0b945c7606424595b2121996a71,5923ab770dae88a2e4e70eac9f86f1dc318faf21c3383217276b998129a87011,353a33b555649e3e08cdc51cd77d5db69bbf8a1c632d092c4dac0fc85919e446
82,48182,broadcast_delay_2s,v24_nominal_model,True,True,True,1.0,5.777663900441102,0.7869763291040415,True,0,0,0,0,0,0.25027466358729233,0.6207972499541938,False,False,2663f02d38e034e5c8b66c1aa7b88ed7d4c7e0b945c7606424595b2121996a71,c7be688f859f3f8a0cd5dce693aab3386cb6e1ae2302f50bfe5e54d68d3fd0d6,9f6bffffe0260bab80803754bbc4980427e658bd12bbbd60796467482cfb26a6
82,48182,dead_reckoning_scale_101,v24_nominal_model,False,False,False,0.32,8.829822798804571,8.82418311952048,True,0,33,34,34,0,0.27275201400194177,0.5132077500456944,False,False,2663f02d38e034e5c8b66c1aa7b88ed7d4c7e0b945c7606424595b2121996a71,2aa64df582f48cd220372316e034437de58c5a9bea41854f1b8b9b521f8dfde2,ef4dea955b09bb1da6aca81580d9434a12b3db79340ae5a7930591e3ef0ee045
83,48183,nominal,v24_nominal_model,True,True,True,1.0,0.2944524529098658,0.09745843655121017,True,0,0,0,0,0,0.24500502538383906,0.5138130410341546,False,False,cb11d0356bfd7cbd0b4235321b5ad8a03af49124e13d15614a278dc7bbdc6d73,351c9015709c205d2b404f6543f980ba9c7b9f538bf5a1ebdfa49223315781ee,686f88e2d07d9b52130da6f3cd3f180207b32f86b9fce41e8426d3a9a57b38de
83,48183,nominal,v35_bias_gate_300,True,True,True,1.0,0.2944524529098658,0.09745843655121017,True,0,0,0,0,0,0.24500502538383906,0.5702322500292212,True,False,cb11d0356bfd7cbd0b4235321b5ad8a03af49124e13d15614a278dc7bbdc6d73,351c9015709c205d2b404f6543f980ba9c7b9f538bf5a1ebdfa49223315781ee,686f88e2d07d9b52130da6f3cd3f180207b32f86b9fce41e8426d3a9a57b38de
83,48183,doppler_common_bias_p003,v24_nominal_model,True,True,True,1.0,0.498848051816429,0.3391352246698055,True,0,0,0,0,0,0.25281379366612333,0.6874045410659164,False,False,cb11d0356bfd7cbd0b4235321b5ad8a03af49124e13d15614a278dc7bbdc6d73,cc3639f80e4d4e69a4c25bf460137a22cbe39f7b0d847037091a110e8b14b8ef,ab718021018534634d1ab125456b527f45eeb99149b986b8c8966475cb958cf2
83,48183,doppler_common_bias_p003,v35_bias_gate_300,True,True,True,1.0,0.2878250446200613,0.11163053663563166,True,0,0,0,0,0,0.2525947351192342,1.1496239590924233,True,True,cb11d0356bfd7cbd0b4235321b5ad8a03af49124e13d15614a278dc7bbdc6d73,cc3639f80e4d4e69a4c25bf460137a22cbe39f7b0d847037091a110e8b14b8ef,2f7b224bdcb59c416ed536f3fa3460a7de20991e8e8d6af4910041834241644d
83,48183,doppler_differential_bias_003,v24_nominal_model,True,True,True,1.0,0.38966680552733324,0.44546417498889207,True,0,0,0,0,0,0.30269883730174313,0.5134786249836907,False,False,cb11d0356bfd7cbd0b4235321b5ad8a03af49124e13d15614a278dc7bbdc6d73,ecb6eeb3a819bace50fa651e6d8727dc3011cd4329ece51418cf5f8919d5116f,72401df8376bc605668e09f269698ab46f3c36a60b12fdb066e9bb8f8455035f
83,48183,doppler_differential_bias_003,v35_bias_gate_300,True,True,True,1.0,0.34161861485993567,0.2062701482382127,True,0,0,0,0,0,0.302517576291131,1.2517018328653648,True,True,cb11d0356bfd7cbd0b4235321b5ad8a03af49124e13d15614a278dc7bbdc6d73,ecb6eeb3a819bace50fa651e6d8727dc3011cd4329ece51418cf5f8919d5116f,c2b732a8e6ae5f33df4a64cf793148a469774626616b0aae22ad8c92eb3b0137
83,48183,doppler_scale_102,v24_nominal_model,False,False,False,0.0,0.9801254581225961,1940.5055041963085,False,0,0,0,0,0,0.17495934512693836,0.5438399580307305,False,False,cb11d0356bfd7cbd0b4235321b5ad8a03af49124e13d15614a278dc7bbdc6d73,31d01393da70b6788e29f565409805f0ee971ec23cfe65c49d80e1b2d27abb64,b76ae09ca6c948155b57a638c97313966b19828a8116e507cc722afbefc056aa
83,48183,colored_noise_rho09_sd003,v24_nominal_model,True,True,True,1.0,0.45627792535139117,0.3026790269803627,True,0,0,0,0,0,0.3031408317527975,0.5488117500208318,False,False,cb11d0356bfd7cbd0b4235321b5ad8a03af49124e13d15614a278dc7bbdc6d73,3177aedc4f0208853d9dbd78d5e7ddab994dea95e241758acb949c41fc3fbd56,54e74fd8a80aab905e32e7ee49c1bf5dd198f078f7e3de3bde8ab98b09b9b415
83,48183,colored_noise_rho09_sd003,v35_bias_gate_300,True,True,True,1.0,0.45627792535139117,0.3026790269803627,True,0,0,0,0,0,0.3031408317527975,0.5488866249797866,True,False,cb11d0356bfd7cbd0b4235321b5ad8a03af49124e13d15614a278dc7bbdc6d73,3177aedc4f0208853d9dbd78d5e7ddab994dea95e241758acb949c41fc3fbd56,54e74fd8a80aab905e32e7ee49c1bf5dd198f078f7e3de3bde8ab98b09b9b415
83,48183,dropout_iid10,v24_nominal_model,True,True,True,1.0,0.3594446211289393,0.15010963373386638,True,0,0,0,0,0,0.24832096559945352,0.5657003750093281,False,False,cb11d0356bfd7cbd0b4235321b5ad8a03af49124e13d15614a278dc7bbdc6d73,dd853cfa7c1fa0fdd3a64c3178a53f6e73b1b08075c993b986bfa5842634d058,95a6a1ad7340d7cfe86dea0e55a45d48677676b4f7ff248cecee516a5f9d43ea
83,48183,broadcast_delay_2s,v24_nominal_model,True,True,True,1.0,3.232265141870486,0.9099491871466164,True,0,0,0,0,0,0.25227616306002304,0.6410083749797195,False,False,cb11d0356bfd7cbd0b4235321b5ad8a03af49124e13d15614a278dc7bbdc6d73,d285f5ed5495027d57620e222ff2dcf4f026671055e255f3b3533136460fbd90,a5b7cf9db94850164c3bda22ef87e1cb5a1690efdae129ef3ef011cf6c0ebd55
83,48183,dead_reckoning_scale_101,v24_nominal_model,True,True,True,1.0,4.847140750003098,4.6501760989217695,True,0,0,0,0,0,0.22942824256862296,0.7012296250322834,False,False,cb11d0356bfd7cbd0b4235321b5ad8a03af49124e13d15614a278dc7bbdc6d73,e3610a05e2d82d8be9f767343c0e38815e1159c9ade9e8122d6a6c862fe7da17,6b490bc4578c4d88e40d7db07b2ffb6d41d439c2e08765adf70c286c29154d90
84,48184,nominal,v24_nominal_model,True,True,True,1.0,0.6386955721569815,0.6877099756938448,True,0,0,0,0,0,0.2495648075383853,0.5052490000380203,False,False,54023fb781b23ad5855498d82d2586e4c833e732d1819a73950a4224a1513d6f,25fc3c3361b62577496c210c3065d8f17db0f463439e6f00d2a496d784a08d30,562df22d8b1f1d9f01f125659e68c5c74e52cbd4a3979ffbd4b0188079f4e9e4
84,48184,nominal,v35_bias_gate_300,True,True,True,1.0,0.6386955721569815,0.6877099756938448,True,0,0,0,0,0,0.2495648075383853,0.5816613329807296,True,False,54023fb781b23ad5855498d82d2586e4c833e732d1819a73950a4224a1513d6f,25fc3c3361b62577496c210c3065d8f17db0f463439e6f00d2a496d784a08d30,562df22d8b1f1d9f01f125659e68c5c74e52cbd4a3979ffbd4b0188079f4e9e4
84,48184,doppler_common_bias_p003,v24_nominal_model,True,True,True,1.0,1.645739621364161,1.6828201928757842,True,0,0,0,0,0,0.35005101646378384,0.5270589579595253,False,False,54023fb781b23ad5855498d82d2586e4c833e732d1819a73950a4224a1513d6f,a9988770c21e98dca3349770991d78a8a090fc49f009417e29edb83c2d0f5644,61b59d8a6b2782aaf7e5ccc576f82a309638ecbb5863cfe04fe97d4ab8bac63f
84,48184,doppler_common_bias_p003,v35_bias_gate_300,True,True,True,1.0,1.1352722010464669,1.2917694706337142,True,0,0,0,0,0,0.34981416204304366,1.3313645001035184,True,True,54023fb781b23ad5855498d82d2586e4c833e732d1819a73950a4224a1513d6f,a9988770c21e98dca3349770991d78a8a090fc49f009417e29edb83c2d0f5644,d2a241b367863eb9defbae30b7184f579a1f83a5af596285f07597c9ce15300e
84,48184,doppler_differential_bias_003,v24_nominal_model,False,False,False,0.0,1.0936181148376523,121.07110646756504,True,0,0,0,0,0,0.33367272382148194,0.5088322919327766,False,False,54023fb781b23ad5855498d82d2586e4c833e732d1819a73950a4224a1513d6f,05c3de027a7d5fbcadbb4bc87ee564a7eb149bc02f95461afee0dce6f39a2353,c5180e25415c94536a7f907afc8312a00cd9757e4ce4335ccf0502905ac8258a
84,48184,doppler_differential_bias_003,v35_bias_gate_300,False,False,False,0.0,0.23333734203049633,121.55863663299324,True,0,0,0,0,0,0.3450900095274779,1.2997916240710765,True,True,54023fb781b23ad5855498d82d2586e4c833e732d1819a73950a4224a1513d6f,05c3de027a7d5fbcadbb4bc87ee564a7eb149bc02f95461afee0dce6f39a2353,96d16fab426742714aeac6494ebf6f0d13b1b5ed69389ff9eb4558dac6c0ebce
84,48184,doppler_scale_102,v24_nominal_model,False,False,False,0.0,0.7245772042581116,1262.5687785964876,False,0,0,0,0,0,0.2967777440626266,0.542319166008383,False,False,54023fb781b23ad5855498d82d2586e4c833e732d1819a73950a4224a1513d6f,78ab112cc0012117eb291fafd4e6fed59da7d573cb87cb09ddb804a0271edb06,24e5523a7a56ed3f8ce55bd2dd5b264079b7fae1c5a9e71be1760613c460328e
84,48184,colored_noise_rho09_sd003,v24_nominal_model,True,True,True,1.0,0.4749861555734706,0.502381275552576,True,0,0,0,0,0,0.4237990373106934,0.5178938340395689,False,False,54023fb781b23ad5855498d82d2586e4c833e732d1819a73950a4224a1513d6f,110e0f729f48aa76ff20f99a1bc314b555fe7279b25d0f402842c659651280e2,2f85fe6494395412f6bff3837c0ad1a1e53228ec5d82d7b3491354c651588de3
84,48184,colored_noise_rho09_sd003,v35_bias_gate_300,True,True,True,1.0,0.4749861555734706,0.502381275552576,True,0,0,0,0,0,0.4237990373106934,0.5153325831051916,True,False,54023fb781b23ad5855498d82d2586e4c833e732d1819a73950a4224a1513d6f,110e0f729f48aa76ff20f99a1bc314b555fe7279b25d0f402842c659651280e2,2f85fe6494395412f6bff3837c0ad1a1e53228ec5d82d7b3491354c651588de3
84,48184,dropout_iid10,v24_nominal_model,True,True,True,1.0,0.43684979865459733,0.5144456391455852,True,0,0,0,0,0,0.2719104219674449,0.4713279160205275,False,False,54023fb781b23ad5855498d82d2586e4c833e732d1819a73950a4224a1513d6f,4811177c11429fbb47cf11b932a87543a0158344a9378abe47f3da3b30a5b136,6e9157d550b921cc9c93104961ba68c2123e88fd5b64dbe50afc085bde9b5dd2
84,48184,broadcast_delay_2s,v24_nominal_model,True,True,True,1.0,1.7402077605695565,1.387371239230001,True,0,0,0,0,0,0.2888279284544471,0.5104321249527857,False,False,54023fb781b23ad5855498d82d2586e4c833e732d1819a73950a4224a1513d6f,9066fe1e0535b9b9656767f34727ddb0115c920c3161cea88d13cbd26d492065,f4a2d80adb82d4321b1a2f2ac1f86264bbaec4958c4819cea9c43858f4485a8c
84,48184,dead_reckoning_scale_101,v24_nominal_model,False,False,False,0.0,2.3874434340846578,63.09889276221952,True,0,0,0,0,0,0.3755439787158933,0.5277026660041884,False,False,54023fb781b23ad5855498d82d2586e4c833e732d1819a73950a4224a1513d6f,48ab3503ce17ced428c964fcc7ed6fb751fa17de48d8b811cab24c1c900bc084,c3199bb091864cffad7449ac79d2e11aca0e09227548acd38c059439bf3261bb
85,48185,nominal,v24_nominal_model,False,False,False,0.0,1.6106116464054945,165.9643505076388,True,0,0,0,0,0,0.2998384151322683,0.49518866604194045,False,False,989b2b1e9624b442ed113ca39cb1e48ea2d8a794229522502cebb1219b1e5caa,c2904e1a98813358db8e9b3f2dedf8cf248f8932ef84bce9959c6da0e89ba4b7,1f1f076e138d1f2314e54b03ac90a8ccaa0504b99968a8a5086bc61fa4f1bb99
85,48185,nominal,v35_bias_gate_300,False,False,False,0.0,1.6106116464054945,165.9643505076388,True,0,0,0,0,0,0.2998384151322683,0.4965500420657918,True,False,989b2b1e9624b442ed113ca39cb1e48ea2d8a794229522502cebb1219b1e5caa,c2904e1a98813358db8e9b3f2dedf8cf248f8932ef84bce9959c6da0e89ba4b7,1f1f076e138d1f2314e54b03ac90a8ccaa0504b99968a8a5086bc61fa4f1bb99
85,48185,doppler_common_bias_p003,v24_nominal_model,True,True,True,1.0,2.4365926944023784,2.289150320279511,True,0,0,0,0,0,0.31375472698934664,0.5247454169439152,False,False,989b2b1e9624b442ed113ca39cb1e48ea2d8a794229522502cebb1219b1e5caa,6ec88cd3f963527ad6de8a0b846b5f4fc44c18a160e18890b189bb43fe1e9aa2,3e50676329deed912a8b3d05b80b3c3d7f64c81aa7662318bd363d696e1c849b
85,48185,doppler_common_bias_p003,v35_bias_gate_300,True,True,True,1.0,0.9984194247445026,0.9996077374420866,True,0,0,0,0,0,0.35365721371542275,1.258943750988692,True,True,989b2b1e9624b442ed113ca39cb1e48ea2d8a794229522502cebb1219b1e5caa,6ec88cd3f963527ad6de8a0b846b5f4fc44c18a160e18890b189bb43fe1e9aa2,dd59be093c7d2962f906a3e9ad8f756dd07283caf9b654b6316ef3a8197b3dc6
85,48185,doppler_differential_bias_003,v24_nominal_model,False,False,False,0.0,1.4855686041801273,116.8181741772139,True,0,0,0,0,0,0.2813823064720232,0.4959768330445513,False,False,989b2b1e9624b442ed113ca39cb1e48ea2d8a794229522502cebb1219b1e5caa,16dab4a9d1265f98d385f4c2bd5249f4e1991b0c39f6efba8fb041b6591fc258,9443957e117245a13f698f6bb858c213d49e4158e913cb8ffa3e7cce5f4e351c
85,48185,doppler_differential_bias_003,v35_bias_gate_300,False,False,False,0.0,1.3024285814859182,116.6543248589284,True,0,0,0,0,0,0.2813790285233229,1.1097988748224452,True,True,989b2b1e9624b442ed113ca39cb1e48ea2d8a794229522502cebb1219b1e5caa,16dab4a9d1265f98d385f4c2bd5249f4e1991b0c39f6efba8fb041b6591fc258,554df40ff26e8363b91d6b0734a5325bfa1f83e76dedc1329b03203064642bef
85,48185,doppler_scale_102,v24_nominal_model,False,False,False,0.0,6.363706195400222,1516.5449438261294,False,0,0,0,0,0,0.2732522694850919,0.5117841669125482,False,False,989b2b1e9624b442ed113ca39cb1e48ea2d8a794229522502cebb1219b1e5caa,4570d5e01adbab85dca77c9f844ba70d002e93be270df754c112f3a88f67078f,97e2e879167f5cf41cf9930d75c70d4730bf982cef1aed59cea472c997c61113
85,48185,colored_noise_rho09_sd003,v24_nominal_model,False,False,False,0.0,1.5005662953647065,202.91771530643976,True,0,0,0,0,0,0.299340972379958,0.5031989590497687,False,False,989b2b1e9624b442ed113ca39cb1e48ea2d8a794229522502cebb1219b1e5caa,5e87e14429d8ab9b56238fdf63133c8459fd5022bd127ea50f9fd87d7e853bf2,a32770046be8c421f63f16094cfcb298ffae103182a7fede2427d00367b292d0
85,48185,colored_noise_rho09_sd003,v35_bias_gate_300,False,False,False,0.0,1.5005662953647065,202.91771530643976,True,0,0,0,0,0,0.299340972379958,0.5047725000185892,True,False,989b2b1e9624b442ed113ca39cb1e48ea2d8a794229522502cebb1219b1e5caa,5e87e14429d8ab9b56238fdf63133c8459fd5022bd127ea50f9fd87d7e853bf2,a32770046be8c421f63f16094cfcb298ffae103182a7fede2427d00367b292d0
85,48185,dropout_iid10,v24_nominal_model,True,True,True,1.0,1.2629029197816721,1.4091960865446993,True,0,0,0,0,0,0.3182760584490609,0.4485862909350544,False,False,989b2b1e9624b442ed113ca39cb1e48ea2d8a794229522502cebb1219b1e5caa,b1cb717d01cf8ae54956583b7b1e108cdee6f2487a12d3fc29c10deec240a22a,91c44c56ffab7f1fc4b15f3b4b0aad84ddd389244b73676b1b3cb54131f751e3
85,48185,broadcast_delay_2s,v24_nominal_model,False,False,False,0.0,6.308565579764583,165.96466317416792,True,0,0,0,0,0,0.2999819109423759,0.4918615421047434,False,False,989b2b1e9624b442ed113ca39cb1e48ea2d8a794229522502cebb1219b1e5caa,d70bf320efe0f4e2415204088276c47a8b876dd319e0bc9075e5f897ca252da3,fbe5396d7db4ecc4eb49c402c59bcc91fe9a2afafb8e6c5cf178f9c11d4ddca1
85,48185,dead_reckoning_scale_101,v24_nominal_model,False,False,False,0.0,8.233211728136078,197.5835798949113,True,0,30,31,31,0,0.3027250021456698,0.5076487499754876,False,False,989b2b1e9624b442ed113ca39cb1e48ea2d8a794229522502cebb1219b1e5caa,746458b1ede18eacf47e58222c0ccc14b4040d5650533b459e5af06d5b936ab1,de6138c1f9c62cdb5320e4e4b38b3cadb6ce9b8794921ac588a50bdd247c1551
86,48186,nominal,v24_nominal_model,True,True,True,1.0,0.23716943165272322,0.3711345993411782,True,0,0,0,0,0,0.30153037546829337,0.5072426249971613,False,False,6c1cae4e829c405b414139e8519ea351dfd090d86a129ddba49b80b328b05425,582ea71b9998bebf862da50027c9027713a886a0b5fa03cfe10c13cee560f87b,592e9724acb63be8dc4a6db027f142c7caf8539ab1eb204166063e216e2038de
86,48186,nominal,v35_bias_gate_300,True,True,True,1.0,0.23716943165272322,0.3711345993411782,True,0,0,0,0,0,0.30153037546829337,0.5021781669929624,True,False,6c1cae4e829c405b414139e8519ea351dfd090d86a129ddba49b80b328b05425,582ea71b9998bebf862da50027c9027713a886a0b5fa03cfe10c13cee560f87b,592e9724acb63be8dc4a6db027f142c7caf8539ab1eb204166063e216e2038de
86,48186,doppler_common_bias_p003,v24_nominal_model,True,True,True,1.0,3.275485133441687,3.3693751626853388,True,0,0,0,0,0,0.26504011710800746,0.5121216669213027,False,False,6c1cae4e829c405b414139e8519ea351dfd090d86a129ddba49b80b328b05425,76b7bc60b4820d6c6e7a2ca7f3ccd8330c0b6578614175364f243ee6c3ca22c9,6acd328325ab31acfd77646d7b1db2cf7fd15b663d92b20c33b2f5a9d2996fb2
86,48186,doppler_common_bias_p003,v35_bias_gate_300,True,True,True,1.0,0.5095911368052447,0.6060953214699836,True,0,0,0,0,0,0.28125326785146193,1.0626518739154562,True,True,6c1cae4e829c405b414139e8519ea351dfd090d86a129ddba49b80b328b05425,76b7bc60b4820d6c6e7a2ca7f3ccd8330c0b6578614175364f243ee6c3ca22c9,452c5e81aed4952445f73b19f9d968c99006f9759087fc543581e2f3495dd81d
86,48186,doppler_differential_bias_003,v24_nominal_model,True,True,True,1.0,1.1954402642352155,1.1034203431699707,True,0,0,0,0,0,0.22588260119258252,0.5329783330671489,False,False,6c1cae4e829c405b414139e8519ea351dfd090d86a129ddba49b80b328b05425,97b006d0c1c823c613fd660c8819a9bb9819d254f4eaa0f305cd58be749fd1ee,78b43d69378a739c170e8e7d18dcf27f79339d6c41e13313cd1874dfe71f989e
86,48186,doppler_differential_bias_003,v35_bias_gate_300,True,True,True,1.0,1.199929581115943,1.260904547842539,True,0,0,0,0,0,0.2422742291507349,1.090099208871834,True,True,6c1cae4e829c405b414139e8519ea351dfd090d86a129ddba49b80b328b05425,97b006d0c1c823c613fd660c8819a9bb9819d254f4eaa0f305cd58be749fd1ee,ca74712f3c344be48082619ede84ae4518ec8b9c749c295aee7cfd2dc23f24e7
86,48186,doppler_scale_102,v24_nominal_model,False,False,False,0.0,0.18718927308794417,1556.7508017971359,False,0,0,0,0,0,0.18811632080359186,0.5393499170895666,False,False,6c1cae4e829c405b414139e8519ea351dfd090d86a129ddba49b80b328b05425,4109564c86a6d8a6274adcac90c137f345f2a4c4c76fd91c3c24e289e0c8a825,88c70bc43caebccf5a89d599e66f7011762abd1b9a46f13b164b882b4419daa3
86,48186,colored_noise_rho09_sd003,v24_nominal_model,True,True,True,1.0,0.3145246025308461,0.38139149095166613,True,0,0,0,0,0,0.2589673166350539,0.51180466695223,False,False,6c1cae4e829c405b414139e8519ea351dfd090d86a129ddba49b80b328b05425,f5092b19a599a76e8568098f09788c8bc2f2cee5de649db8a679f5b8c200acea,6c03cc21d2eb5369fef509f52f9071d131192a887b5a9c46ca97f291edbc1849
86,48186,colored_noise_rho09_sd003,v35_bias_gate_300,True,True,True,1.0,0.3145246025308461,0.38139149095166613,True,0,0,0,0,0,0.2589673166350539,0.517159958020784,True,False,6c1cae4e829c405b414139e8519ea351dfd090d86a129ddba49b80b328b05425,f5092b19a599a76e8568098f09788c8bc2f2cee5de649db8a679f5b8c200acea,6c03cc21d2eb5369fef509f52f9071d131192a887b5a9c46ca97f291edbc1849
86,48186,dropout_iid10,v24_nominal_model,True,True,True,1.0,0.1932843134819378,0.32740303832450335,True,0,0,0,0,0,0.3009970484015273,0.4578459589974955,False,False,6c1cae4e829c405b414139e8519ea351dfd090d86a129ddba49b80b328b05425,f6316ad05ccae3bcf9055ad267160a619f291626de7509a04b0f202a7e272bf0,b506e7777634226633269adaef3ab96ad31293cac6e6048dbe867b1875095fee
86,48186,broadcast_delay_2s,v24_nominal_model,True,True,True,1.0,3.6838204946073647,0.7196954159325304,True,0,0,0,0,0,0.2833953332184231,0.5104134579887614,False,False,6c1cae4e829c405b414139e8519ea351dfd090d86a129ddba49b80b328b05425,37c7120ce5e4ea8b283d9fd5fa995b2c721c79144a3a1b590b18f74183cb6224,65205faa1ce90fe9dffb3c4e6d576375e4faa88ac0505263b1c88aa49dc09c65
86,48186,dead_reckoning_scale_101,v24_nominal_model,True,True,True,1.0,4.556480639909757,4.416324554910757,True,0,0,0,0,0,0.26047810371518965,0.522827957989648,False,False,6c1cae4e829c405b414139e8519ea351dfd090d86a129ddba49b80b328b05425,c7f7042e35efad20b89e9f84d708214d6a491adac991f928780f211640ea1215,c144b24b5045fa210b3669e5f8cdb909276360088148c73ef1384617d1ab0f95
87,48187,nominal,v24_nominal_model,True,True,True,1.0,0.8149615331687844,0.7712492361445136,True,0,0,0,0,0,0.24125016802552982,0.48861912498250604,False,False,2e94612d16c7345a456c95a83d83068fc4fcef6d34b2afab71413e5d529e6ac2,92305102717b51cad26b5be2be0769ae0a738aece45b74874aaa190466fec04d,00927a6a25be54a5f13aeda9b87d67d8b1ce3a89f6d71af000904e4b32b8f984
87,48187,nominal,v35_bias_gate_300,True,True,True,1.0,0.8149615331687844,0.7712492361445136,True,0,0,0,0,0,0.24125016802552982,0.4927257919916883,True,False,2e94612d16c7345a456c95a83d83068fc4fcef6d34b2afab71413e5d529e6ac2,92305102717b51cad26b5be2be0769ae0a738aece45b74874aaa190466fec04d,00927a6a25be54a5f13aeda9b87d67d8b1ce3a89f6d71af000904e4b32b8f984
87,48187,doppler_common_bias_p003,v24_nominal_model,True,True,True,1.0,2.1788017950671095,2.0807803039292305,True,0,0,0,0,0,0.2334377026082745,0.5100276659941301,False,False,2e94612d16c7345a456c95a83d83068fc4fcef6d34b2afab71413e5d529e6ac2,84c8c8bba3196afd7aa4bc178b9dccd3eba34b19042b20bc36d2c2965ef6cd9c,65e725c17423eb87d52458066f93a46cde55c372f15dddf14e649542e64df85e
87,48187,doppler_common_bias_p003,v35_bias_gate_300,True,True,True,1.0,0.6902156452550722,0.6193960302638329,True,0,0,0,0,0,0.2491047528780519,1.2196465431479737,True,True,2e94612d16c7345a456c95a83d83068fc4fcef6d34b2afab71413e5d529e6ac2,84c8c8bba3196afd7aa4bc178b9dccd3eba34b19042b20bc36d2c2965ef6cd9c,63e6ec020597bf17ba6eb13887c3288680b36f11c73b52704c240344f51fccb8
87,48187,doppler_differential_bias_003,v24_nominal_model,True,True,True,1.0,2.8420342408163055,2.734264970458819,True,0,0,0,0,0,0.23919329725682695,0.5054456669604406,False,False,2e94612d16c7345a456c95a83d83068fc4fcef6d34b2afab71413e5d529e6ac2,f4a3931794a694f393afb6a1ca5b2013582e11f9dbfae61d53b020eb45229529,8aba89e16e612fd1e0921c886b4a5a4bf2f0b060da79da3741ccd4eecf6065e1
87,48187,doppler_differential_bias_003,v35_bias_gate_300,True,True,True,1.0,0.902568168457238,0.9422795827775956,True,0,0,0,0,0,0.2392820650780015,1.1133988330839202,True,True,2e94612d16c7345a456c95a83d83068fc4fcef6d34b2afab71413e5d529e6ac2,f4a3931794a694f393afb6a1ca5b2013582e11f9dbfae61d53b020eb45229529,c54b2ce615762236530f3a72c1a925e021d80da3269dd4fe27a5fad8946f5ef1
87,48187,doppler_scale_102,v24_nominal_model,True,True,True,1.0,2.7440728246825636,2.7322860360401924,True,0,0,0,0,0,0.2880031358733046,0.5143859580857679,False,False,2e94612d16c7345a456c95a83d83068fc4fcef6d34b2afab71413e5d529e6ac2,1341e47afbe2c0c283d8164b42ee24624978e471ac4ed0d8c7e436a5957cc2a3,24bcef50aed4d336e8097b7ec8b68d0e231110d854299d4ffe16dfa1c22b0c9b
87,48187,colored_noise_rho09_sd003,v24_nominal_model,True,True,True,1.0,0.9985129724149527,1.1060226386645198,True,0,0,0,0,0,0.25583532338492876,0.5004260409623384,False,False,2e94612d16c7345a456c95a83d83068fc4fcef6d34b2afab71413e5d529e6ac2,cb9f85b1cfd039a35138c7f8fbaf996d3a4292a7b8ba7561b7638c89e6d53746,fada29c8c393a5de10bf45c7c9d59c59a58ab43b88dd36c6f34d52647b3eaf8b
87,48187,colored_noise_rho09_sd003,v35_bias_gate_300,True,True,True,1.0,0.9985129724149527,1.1060226386645198,True,0,0,0,0,0,0.25583532338492876,0.5038307079812512,True,False,2e94612d16c7345a456c95a83d83068fc4fcef6d34b2afab71413e5d529e6ac2,cb9f85b1cfd039a35138c7f8fbaf996d3a4292a7b8ba7561b7638c89e6d53746,fada29c8c393a5de10bf45c7c9d59c59a58ab43b88dd36c6f34d52647b3eaf8b
87,48187,dropout_iid10,v24_nominal_model,True,True,True,1.0,0.8193525928406947,0.7832786793511356,True,0,0,0,0,0,0.2425564140719487,0.5527209169231355,False,False,2e94612d16c7345a456c95a83d83068fc4fcef6d34b2afab71413e5d529e6ac2,906fe0d574680c174cb1ebb8c3d24741053e2e3abfbf0f40b2063e18a9045423,61c2aa38f9327da862556def3fa1c0a135988a27920a6f57339672b3f43aa73e
87,48187,broadcast_delay_2s,v24_nominal_model,True,True,True,1.0,4.216849848112431,0.5986064023104074,True,0,0,0,0,0,0.2386994009269188,0.49073579208925366,False,False,2e94612d16c7345a456c95a83d83068fc4fcef6d34b2afab71413e5d529e6ac2,a0d62f0202c02114792f0c0a6afaae12d820988dcaad63cba16b7fc22d895e4c,d0913d9eb4f9b332188bcc28c99ce55ebdbac17c092adc90c6102587a0581e08
87,48187,dead_reckoning_scale_101,v24_nominal_model,True,True,True,1.0,4.616214768396388,4.5275604199756785,True,0,0,0,0,0,0.231304445571818,0.6712758339708671,False,False,2e94612d16c7345a456c95a83d83068fc4fcef6d34b2afab71413e5d529e6ac2,d42bfb1f83c4a8f836113ad9f416ff2abadd1dad6a97d962a7340fe9a5cfcdcc,e5181cce321428a0320ee9331d28d916cee69af8cff495dcadc0147b94678170
88,48188,nominal,v24_nominal_model,True,True,True,1.0,0.14899432957121303,0.08080301624841629,True,0,0,0,0,0,0.23010154568779845,0.5114290000637993,False,False,b32e25cadeb1c5b1cdb5eb4e66794199310cdac34e6fdd44c6390bca1c1cf135,47b3a7d13ea63311ecfa9b6a6a677ae1261cac397397746227fa5952b9aa8095,a50cca6cb2ba0bc983262525e30878e58f45dcf0eb46635fbabd3ca88714e66d
88,48188,nominal,v35_bias_gate_300,True,True,True,1.0,0.14899432957121303,0.08080301624841629,True,0,0,0,0,0,0.23010154568779845,0.5793502080487087,True,False,b32e25cadeb1c5b1cdb5eb4e66794199310cdac34e6fdd44c6390bca1c1cf135,47b3a7d13ea63311ecfa9b6a6a677ae1261cac397397746227fa5952b9aa8095,a50cca6cb2ba0bc983262525e30878e58f45dcf0eb46635fbabd3ca88714e66d
88,48188,doppler_common_bias_p003,v24_nominal_model,True,True,True,1.0,0.7942976400734217,0.7335568544754185,True,0,0,0,0,0,0.2879264811689593,0.5672262080479413,False,False,b32e25cadeb1c5b1cdb5eb4e66794199310cdac34e6fdd44c6390bca1c1cf135,73ea45e1a9a0412f75c054a6b33bc42b4e3a57ade40aad7ec93661593a6d83e8,dfa6bf453150c5c47edcaa929c0a50463b9c3736a057019ce3ca02a835d40fec
88,48188,doppler_common_bias_p003,v35_bias_gate_300,True,True,True,1.0,0.3157945785616005,0.25110748612459477,True,0,0,0,0,0,0.28772084779085694,1.1232147089904174,True,True,b32e25cadeb1c5b1cdb5eb4e66794199310cdac34e6fdd44c6390bca1c1cf135,73ea45e1a9a0412f75c054a6b33bc42b4e3a57ade40aad7ec93661593a6d83e8,dd12a95839c39faaf3166fdd516d7852980d89154869253096ed543dd1219ced
88,48188,doppler_differential_bias_003,v24_nominal_model,True,True,True,1.0,0.5890450735974596,0.613846498517663,True,0,0,0,0,0,0.3567037368079909,0.5122748750727624,False,False,b32e25cadeb1c5b1cdb5eb4e66794199310cdac34e6fdd44c6390bca1c1cf135,30d11d8527c03580fad9b5572000890d1627b85556a1bee7e71d7b90718f5daa,3ff5d484b98043b7e5b4e62e34bd4cf44b19ae62a0ab602db007d1f36dcb1d72
88,48188,doppler_differential_bias_003,v35_bias_gate_300,True,True,True,1.0,0.4991091951497488,0.44323463318031686,True,0,0,0,0,0,0.35650456291574606,1.120302291936241,True,True,b32e25cadeb1c5b1cdb5eb4e66794199310cdac34e6fdd44c6390bca1c1cf135,30d11d8527c03580fad9b5572000890d1627b85556a1bee7e71d7b90718f5daa,71009c75c3e9214b3e90cd7d88772076723c1c27bb7f750801b88915b65cf557
88,48188,doppler_scale_102,v24_nominal_model,False,False,False,0.0,2.1687059474114734,1484.4588462164093,False,0,0,0,0,0,0.21339395768247543,0.5220508329803124,False,False,b32e25cadeb1c5b1cdb5eb4e66794199310cdac34e6fdd44c6390bca1c1cf135,b0562996b7946f0ed724deb63544f66020a405eadd5bebcc266a4a59c479893a,60ecab658345825fcc3d6e81d3979f950f706aa901811e8e0ca1a3822cc4d55d
88,48188,colored_noise_rho09_sd003,v24_nominal_model,True,False,True,0.5,0.41476788612111687,0.4182603915790747,True,0,0,0,0,0,0.29088319952519875,0.5006687920540571,False,False,b32e25cadeb1c5b1cdb5eb4e66794199310cdac34e6fdd44c6390bca1c1cf135,a6801affefdfe6c9160286ee9980e5216cc5c9d2d131e8e772dfd98bed1a1002,d6f338dfa333076cc0dc0e2186966891845b404b09cb88ef2ef22080d1492d5c
88,48188,colored_noise_rho09_sd003,v35_bias_gate_300,True,False,True,0.5,0.41476788612111687,0.4182603915790747,True,0,0,0,0,0,0.29088319952519875,0.5014257919974625,True,False,b32e25cadeb1c5b1cdb5eb4e66794199310cdac34e6fdd44c6390bca1c1cf135,a6801affefdfe6c9160286ee9980e5216cc5c9d2d131e8e772dfd98bed1a1002,d6f338dfa333076cc0dc0e2186966891845b404b09cb88ef2ef22080d1492d5c
88,48188,dropout_iid10,v24_nominal_model,True,True,True,1.0,0.2564343914281664,0.19101143519157876,True,0,0,0,0,0,0.2299411344355329,0.4658711670199409,False,False,b32e25cadeb1c5b1cdb5eb4e66794199310cdac34e6fdd44c6390bca1c1cf135,56761e43bd7a18f710d9f031d7998e8f236be916456431112347b240e3621bfb,0b58632adc7671416b39a2f0ab9fb5ecb37ee637e4cdedd181c484f8da900d35
88,48188,broadcast_delay_2s,v24_nominal_model,True,True,True,1.0,3.5299755497534577,0.25523606116963227,True,0,0,0,0,0,0.37801241494142224,0.5006970000686124,False,False,b32e25cadeb1c5b1cdb5eb4e66794199310cdac34e6fdd44c6390bca1c1cf135,5b92167f9bbb1febfd5a837b1e6d2672e09c9194b54022a77656db4b71715134,8ddeb717d962f33bd0de483178361435a40cf6b27426cf01cc99cdb9f8dc2a48
88,48188,dead_reckoning_scale_101,v24_nominal_model,True,True,True,1.0,5.159422475389813,5.182661634860569,True,0,0,0,0,0,0.2356964910067075,0.5233828750206158,False,False,b32e25cadeb1c5b1cdb5eb4e66794199310cdac34e6fdd44c6390bca1c1cf135,84380c9f673667443689744dc30a487ec623dbcbe1271f318b1ac910e806f91a,b63af02e52ac884e4bd2df639f97a491386f8d0867066dbcfad0722a9e61cb9d
89,48189,nominal,v24_nominal_model,True,True,True,1.0,0.42558398257349384,0.3576015353102516,True,0,0,0,0,0,0.31699133678974917,0.499135332996957,False,False,2c869110a126419efecab7c08b03a0f0a73fa22f3e4486370ea7100dbcf89192,5524c27b8adbec070eeebf5618fcfa580cd1044caa07d305db4446b3f8cec7eb,0f1a85226c8b97dbcccf716f5f51295b215246f5115b5c98c86f4c1a851b240f
89,48189,nominal,v35_bias_gate_300,True,True,True,1.0,0.42558398257349384,0.3576015353102516,True,0,0,0,0,0,0.31699133678974917,0.5735111250542104,True,False,2c869110a126419efecab7c08b03a0f0a73fa22f3e4486370ea7100dbcf89192,5524c27b8adbec070eeebf5618fcfa580cd1044caa07d305db4446b3f8cec7eb,0f1a85226c8b97dbcccf716f5f51295b215246f5115b5c98c86f4c1a851b240f
89,48189,doppler_common_bias_p003,v24_nominal_model,True,True,True,1.0,0.372882863164984,0.35748889394876227,True,0,0,0,0,0,0.3067662619248805,0.6210862499428913,False,False,2c869110a126419efecab7c08b03a0f0a73fa22f3e4486370ea7100dbcf89192,79d2d10a1cc72e693a0a4034bb39bceb23777796230106d1e1ad77a84032b916,49fb6c5b9747f3b3e61f6a85876ded11d7c4e5a3ff914aa0e57625eb46ff0029
89,48189,doppler_common_bias_p003,v35_bias_gate_300,True,True,True,1.0,0.30195297131557325,0.22801565698613926,True,0,0,0,0,0,0.3065195324505098,1.3698465829947963,True,True,2c869110a126419efecab7c08b03a0f0a73fa22f3e4486370ea7100dbcf89192,79d2d10a1cc72e693a0a4034bb39bceb23777796230106d1e1ad77a84032b916,e49a68a85e377143fc5bddd73f4af978fb8334f08d1f3aeaee41716b444a4010
89,48189,doppler_differential_bias_003,v24_nominal_model,True,True,True,1.0,0.5460309996100327,0.532946694322003,True,0,0,0,0,0,0.30172494829879726,0.5100365829421207,False,False,2c869110a126419efecab7c08b03a0f0a73fa22f3e4486370ea7100dbcf89192,58c32fef72c3f377f8f784cb0879567799aa5ac73f7c40b89197249c498ff95d,925c3da9b58e9837abc2c07bb0bd49e76855db92882e6881830d5afba81bbfe7
89,48189,doppler_differential_bias_003,v35_bias_gate_300,True,True,True,1.0,0.35988120095123255,0.2880661367530301,True,0,0,0,0,0,0.3014177002408296,1.3294309999328107,True,True,2c869110a126419efecab7c08b03a0f0a73fa22f3e4486370ea7100dbcf89192,58c32fef72c3f377f8f784cb0879567799aa5ac73f7c40b89197249c498ff95d,1dc34434d30d02bbd8ca9eda6d2ce93ffc00750ba0b317955bb0c62f70541e27
89,48189,doppler_scale_102,v24_nominal_model,False,False,False,0.0,0.6567694121728717,2113.112920266513,False,0,0,0,0,0,0.19939796093207862,0.5419316659681499,False,False,2c869110a126419efecab7c08b03a0f0a73fa22f3e4486370ea7100dbcf89192,d0d554af4627f802a8a3940f8e73b475fd61e47b0d52e29acca922740dcdd707,70b1960cae97ab7d7e9ab33bccd47292c5748a14bf41c9bba7979f01fd719d70
89,48189,colored_noise_rho09_sd003,v24_nominal_model,True,True,True,1.0,0.4252640460364768,0.443989277635704,True,0,0,0,0,0,0.34492347486813196,0.4929311249870807,False,False,2c869110a126419efecab7c08b03a0f0a73fa22f3e4486370ea7100dbcf89192,56786700c00bf42d1e7e374a5b17ac85d34843037969621e26092aeef143bca2,fa1b56dd1f2a81f3998e954ea4000cd54612b3c62da7125afe9d0531a2e3c2cb
89,48189,colored_noise_rho09_sd003,v35_bias_gate_300,True,True,True,1.0,0.4252640460364768,0.443989277635704,True,0,0,0,0,0,0.34492347486813196,0.49055116705130786,True,False,2c869110a126419efecab7c08b03a0f0a73fa22f3e4486370ea7100dbcf89192,56786700c00bf42d1e7e374a5b17ac85d34843037969621e26092aeef143bca2,fa1b56dd1f2a81f3998e954ea4000cd54612b3c62da7125afe9d0531a2e3c2cb
89,48189,dropout_iid10,v24_nominal_model,True,True,True,1.0,0.7360510147232366,0.7536082146130378,True,0,0,0,0,0,0.40159811784448995,0.7161502500530332,False,False,2c869110a126419efecab7c08b03a0f0a73fa22f3e4486370ea7100dbcf89192,e91a151d2b93aab970b223ecd6845aec88e2c8b2a3b507c9a756d20b5137a53b,4427ba5fab64e9b35e8a79dda977f42efa0737877375a1520af8b55fdddbb3aa
89,48189,broadcast_delay_2s,v24_nominal_model,True,True,True,1.0,3.5158738985291094,0.853600023041392,True,0,0,0,0,0,0.41391841298569304,0.49076395807787776,False,False,2c869110a126419efecab7c08b03a0f0a73fa22f3e4486370ea7100dbcf89192,b3f7121e518b47783610e23e7be580007e25e8fc4ec03efa98ccc087a32dc51f,bff8be18fa4a9584b7af33a56a44e8fa79293cd60f519b00dea0dc57e9c0bfab
89,48189,dead_reckoning_scale_101,v24_nominal_model,True,True,True,1.0,3.609937465109016,3.6779222446311137,True,0,0,0,0,0,0.36810157157675777,0.5918407079298049,False,False,2c869110a126419efecab7c08b03a0f0a73fa22f3e4486370ea7100dbcf89192,9be65ee730ec4be1d899f7494951860966af3221696658397a7a066d22b4c4a3,efbb140704008c8846ef7e74603ca1d627dff7de92decfbdaf7cad09691e645e
90,48190,nominal,v24_nominal_model,True,True,True,1.0,0.7194351815413925,0.8197302195956566,True,0,0,0,0,0,0.23328955173373006,0.5018432909855619,False,False,be99315d1acc6ff172c44a970e4566670688c2d05a70942c01db08e81dc8aee6,ee71cd0de6fcd7e6dc660921436c78107ee85f73c058feb3acd90cc199bb85b3,c21c9307f408dfd76b9f0ef279993bfee5a72c5b76712fde07790994e23d7dd3
90,48190,nominal,v35_bias_gate_300,True,True,True,1.0,0.7194351815413925,0.8197302195956566,True,0,0,0,0,0,0.23328955173373006,0.5917771249078214,True,False,be99315d1acc6ff172c44a970e4566670688c2d05a70942c01db08e81dc8aee6,ee71cd0de6fcd7e6dc660921436c78107ee85f73c058feb3acd90cc199bb85b3,c21c9307f408dfd76b9f0ef279993bfee5a72c5b76712fde07790994e23d7dd3
90,48190,doppler_common_bias_p003,v24_nominal_model,True,True,True,1.0,1.0128556818050507,1.0365212886698265,True,0,0,0,0,0,0.29482924564769336,0.5410985420458019,False,False,be99315d1acc6ff172c44a970e4566670688c2d05a70942c01db08e81dc8aee6,013252fc5b6292b2a0fe1d3aeb7cf29a4cad213e39fd448318a6de076ed4605a,79f5ea9b8c55173412b0353c803bda0f50e5e64511c9532ef91f5096859a5dd9
90,48190,doppler_common_bias_p003,v35_bias_gate_300,True,True,True,1.0,0.978641936039278,1.068003536944154,True,0,0,0,0,0,0.2948175043904628,1.1425244589336216,True,True,be99315d1acc6ff172c44a970e4566670688c2d05a70942c01db08e81dc8aee6,013252fc5b6292b2a0fe1d3aeb7cf29a4cad213e39fd448318a6de076ed4605a,7c2dad707966d05fa85c0f3adffee99d4c84f2c2a0b8f0e4b45a819790fbc643
90,48190,doppler_differential_bias_003,v24_nominal_model,True,True,True,1.0,1.851930583869305,1.9144970484409332,True,0,0,0,0,0,0.2744711621189733,0.5058187909889966,False,False,be99315d1acc6ff172c44a970e4566670688c2d05a70942c01db08e81dc8aee6,2d62173fd0e103285896ec161bd50b05e3bc990a0d868b8898876b4d0cdd9803,fbfabc24f9cd08119c75631dd89949c452629b3dfa5dc7abaeb9c5dad462b893
90,48190,doppler_differential_bias_003,v35_bias_gate_300,True,True,True,1.0,0.7485809417364453,0.8470545379691855,True,0,0,0,0,0,0.2747231542952411,1.3040598339866847,True,True,be99315d1acc6ff172c44a970e4566670688c2d05a70942c01db08e81dc8aee6,2d62173fd0e103285896ec161bd50b05e3bc990a0d868b8898876b4d0cdd9803,d3bba41040ab0e8fcf0dbf65b88aa6270ae286dfa31d2f9a360690755478b0aa
90,48190,doppler_scale_102,v24_nominal_model,True,True,True,1.0,1.0134061889492822,0.9900419979150307,True,0,0,0,0,0,0.27698872080232007,0.5153467500349507,False,False,be99315d1acc6ff172c44a970e4566670688c2d05a70942c01db08e81dc8aee6,5a17cacf8ff69c5031275375ffda7f62cd401c145ef2ce464bfa1ae0909dd914,87ccd13dd96b6b645affe3064aa96675c1fc4888fac6d67bd947f626bb95436b
90,48190,colored_noise_rho09_sd003,v24_nominal_model,True,True,True,1.0,0.6557654394088756,0.7698445498341007,True,0,0,0,0,0,0.2893178568219165,0.5595522499643266,False,False,be99315d1acc6ff172c44a970e4566670688c2d05a70942c01db08e81dc8aee6,c139932adf32ef4a56541f121602dfe0cd3aa27011493d0b97075b4846570cd1,7592c709aaccaad5076a02b84a1ad94ec7438b1e323855fd77eb361f49103ba2
90,48190,colored_noise_rho09_sd003,v35_bias_gate_300,True,True,True,1.0,0.6557654394088756,0.7698445498341007,True,0,0,0,0,0,0.2893178568219165,0.5117016669828445,True,False,be99315d1acc6ff172c44a970e4566670688c2d05a70942c01db08e81dc8aee6,c139932adf32ef4a56541f121602dfe0cd3aa27011493d0b97075b4846570cd1,7592c709aaccaad5076a02b84a1ad94ec7438b1e323855fd77eb361f49103ba2
90,48190,dropout_iid10,v24_nominal_model,True,True,True,1.0,0.5887958282977835,0.6855444338715871,True,0,0,0,0,0,0.2673638814665829,0.4858407919527963,False,False,be99315d1acc6ff172c44a970e4566670688c2d05a70942c01db08e81dc8aee6,df86208495d824aa0e6ed40568e35253dce6aa3355bc59dfd4b1b029bc770e40,d515971acb04e81f83a8e40ae0f9a8e4b505abcda9ffed9ec90b769d77594778
90,48190,broadcast_delay_2s,v24_nominal_model,True,True,True,1.0,4.439806721618938,1.2063842363043633,True,0,0,0,0,0,0.2129905915407944,0.5641197910299525,False,False,be99315d1acc6ff172c44a970e4566670688c2d05a70942c01db08e81dc8aee6,bdf243054c67bb12fd9ab3d4bb722cab1577eec567f4cc88e102ad543f9fc171,b23223ab3ade068221c3cd8ce73c8bd97c02304f7d0fa0cfaa9e75c38a5b6802
90,48190,dead_reckoning_scale_101,v24_nominal_model,True,True,True,1.0,5.2496738660523645,5.19635776246857,True,0,0,0,0,0,0.30844675946390854,0.6136153750121593,False,False,be99315d1acc6ff172c44a970e4566670688c2d05a70942c01db08e81dc8aee6,d724d45582fd471bb373d3e657a215b41deee36bfa507d0a8cd4e797138d3565,ecf49599a217ac41c9a419cf0935bc4a72ea106ebfa4b78531dbe6429e1a56a2
91,48191,nominal,v24_nominal_model,True,True,True,1.0,0.302637003411296,0.20767526919037246,True,0,0,0,0,0,0.2736280132571872,0.5030090409563854,False,False,61774aca37a2accc728007131b7850898f8f8198fe58f694e0956e23f1263c9f,25edebd626099ddae9144047e16ca44f30289a41b95152e394640d73fd3e7bc7,715fbe6c8c7427e37d8913e595cdfbcad602b948e27a89864ca323233bde01bf
91,48191,nominal,v35_bias_gate_300,True,True,True,1.0,0.302637003411296,0.20767526919037246,True,0,0,0,0,0,0.2736280132571872,0.644706082995981,True,False,61774aca37a2accc728007131b7850898f8f8198fe58f694e0956e23f1263c9f,25edebd626099ddae9144047e16ca44f30289a41b95152e394640d73fd3e7bc7,715fbe6c8c7427e37d8913e595cdfbcad602b948e27a89864ca323233bde01bf
91,48191,doppler_common_bias_p003,v24_nominal_model,True,True,True,1.0,0.7932361531100042,0.8145197856911914,True,0,0,0,0,0,0.273682715172615,0.7323972909944132,False,False,61774aca37a2accc728007131b7850898f8f8198fe58f694e0956e23f1263c9f,ada760cd3b81dada284a01f4f5055e88d5ad77ad3d27ecb8f9eb49f41d99d58a,441c18c4a94ab6ffe44e0e17283dde0e5d36604065b56f0eb64886ee6c450709
91,48191,doppler_common_bias_p003,v35_bias_gate_300,True,True,True,1.0,0.32044481960845556,0.24512612496950645,True,0,0,0,0,0,0.2735268645043677,1.0397462899563834,True,True,61774aca37a2accc728007131b7850898f8f8198fe58f694e0956e23f1263c9f,ada760cd3b81dada284a01f4f5055e88d5ad77ad3d27ecb8f9eb49f41d99d58a,4c78db17c9631af30250dc9e3e0934c52ad7902037fe099f392803681047e2ce
91,48191,doppler_differential_bias_003,v24_nominal_model,True,True,True,1.0,0.3213030828052099,0.36484994665945997,True,0,0,0,0,0,0.2645645984331071,0.5220972499810159,False,False,61774aca37a2accc728007131b7850898f8f8198fe58f694e0956e23f1263c9f,bea27a40d8a8107fac8db980fc84d60af60dea7ebfc074761493c018670ca7ae,94bfdb4d0e82f9eb38ea36d52b56e67e04d4401d7024f224e620d5b4ad47190c
91,48191,doppler_differential_bias_003,v35_bias_gate_300,True,True,True,1.0,0.4025380777058829,0.2962189355211726,True,0,0,0,0,0,0.26564595729501655,1.068568165996112,True,True,61774aca37a2accc728007131b7850898f8f8198fe58f694e0956e23f1263c9f,bea27a40d8a8107fac8db980fc84d60af60dea7ebfc074761493c018670ca7ae,fd3cebcf9794e6609e62b3b9f8d41ddeb04be2a808f5dee0a99c97884b9fbd5d
91,48191,doppler_scale_102,v24_nominal_model,True,True,True,1.0,0.25633669295778316,0.2672799060014387,True,0,0,0,0,0,0.2604721900038487,0.5972632919438183,False,False,61774aca37a2accc728007131b7850898f8f8198fe58f694e0956e23f1263c9f,5c6183ef1b32711fa87d3d9f5a68709f8036733fdf2061f947ce638825c4c06e,85b4f38091cf66fa2432b01b5bad30e72cbdc7e131f7947ea6fc0694c3363220
91,48191,colored_noise_rho09_sd003,v24_nominal_model,True,True,True,1.0,0.4569975767514332,0.48502573411068883,True,0,0,0,0,0,0.2560142665229455,0.5878063749987632,False,False,61774aca37a2accc728007131b7850898f8f8198fe58f694e0956e23f1263c9f,a87ddb177b5785b5ec7a42a9d882506060387cdf21ae3dcef23ba89c6c0901f6,ad2dc772434789c8e3671c924138a9ea20a1aa4ef264883a1e8c37f2e2f67489
91,48191,colored_noise_rho09_sd003,v35_bias_gate_300,True,True,True,1.0,0.4569975767514332,0.48502573411068883,True,0,0,0,0,0,0.2560142665229455,0.5167887499555945,True,False,61774aca37a2accc728007131b7850898f8f8198fe58f694e0956e23f1263c9f,a87ddb177b5785b5ec7a42a9d882506060387cdf21ae3dcef23ba89c6c0901f6,ad2dc772434789c8e3671c924138a9ea20a1aa4ef264883a1e8c37f2e2f67489
91,48191,dropout_iid10,v24_nominal_model,True,True,True,1.0,0.3115935313982686,0.15193579603297946,True,0,0,0,0,0,0.27364497134012516,0.4512962910812348,False,False,61774aca37a2accc728007131b7850898f8f8198fe58f694e0956e23f1263c9f,e6e7843b2db917bd6672e9cfece9f9cfa3bc5ba0420f7d8b4119b4f956b642d4,7365507b889358c6a1c05b26dd70c63199c0234658eec2535526fc6861f7799f
91,48191,broadcast_delay_2s,v24_nominal_model,True,True,True,1.0,4.469398107960972,0.4855226629389825,True,0,0,0,0,0,0.25438308170200097,0.5168517500860617,False,False,61774aca37a2accc728007131b7850898f8f8198fe58f694e0956e23f1263c9f,b66c13ca3479db094e20bd3d49bcdf8c3aa86acbd0a5156e49eb34206789ca90,e6e8e9968782f1b7c939676dd9195152ae1dcb5c92d652cda9a858b1da2bcc92
91,48191,dead_reckoning_scale_101,v24_nominal_model,True,True,True,1.0,6.837635238891392,6.981222978201923,True,0,0,0,0,0,0.2734190570021573,1.1097099999897182,False,False,61774aca37a2accc728007131b7850898f8f8198fe58f694e0956e23f1263c9f,26b3a23e11b784e86c3b0419609f306301e6d66b3c0eb3067246db0ce6b959f3,f8d6587cc86a4969fdb5f29ec27dc76e3368ec80c6d46f3a1f92e47e56543b3d
92,48192,nominal,v24_nominal_model,True,True,True,1.0,0.28610779775996503,0.06098465347846575,True,0,0,0,0,0,0.26028875461835005,0.8939963340526447,False,False,677dae5892607c25febf7ac75d030cb692b933376967778494e720935ffba0bc,617d01574bd67b030ce921a9ab0bd49f816273bdd3d9a0d0e6f9fc302faceb80,25bfcc1d16beb16ab1aa0a80dadcdd1a8108cfc1620e11c0fe451a498392ff34
92,48192,nominal,v35_bias_gate_300,True,True,True,1.0,0.28610779775996503,0.06098465347846575,True,0,0,0,0,0,0.26028875461835005,0.8050070409663022,True,False,677dae5892607c25febf7ac75d030cb692b933376967778494e720935ffba0bc,617d01574bd67b030ce921a9ab0bd49f816273bdd3d9a0d0e6f9fc302faceb80,25bfcc1d16beb16ab1aa0a80dadcdd1a8108cfc1620e11c0fe451a498392ff34
92,48192,doppler_common_bias_p003,v24_nominal_model,True,True,True,1.0,0.33246372122423096,0.2312490065519945,True,0,0,0,0,0,0.29179312307473654,0.8130273749120533,False,False,677dae5892607c25febf7ac75d030cb692b933376967778494e720935ffba0bc,914b93cc953ab87212a90de9f8153f970d8992e550281a01fd84b0841bb157bb,771900adda2c3690af381df62ca126b68ceaca9defec992c9c4172d1bfa3f906
92,48192,doppler_common_bias_p003,v35_bias_gate_300,True,True,True,1.0,0.19351684131101668,0.08713825741082043,True,0,0,0,0,0,0.29294848211350555,1.6296774999937043,True,True,677dae5892607c25febf7ac75d030cb692b933376967778494e720935ffba0bc,914b93cc953ab87212a90de9f8153f970d8992e550281a01fd84b0841bb157bb,c07474667d0d882ef6a945ebc01fcf9713c108a25b0b9c21a14961fad9cd6069
92,48192,doppler_differential_bias_003,v24_nominal_model,True,True,True,1.0,0.22028345929167648,0.0840191809395504,True,0,0,0,0,0,0.2742191853521655,0.667832666891627,False,False,677dae5892607c25febf7ac75d030cb692b933376967778494e720935ffba0bc,5eaf81f23ca44ab099876b5f00bcf84b26d5871aaeab37f35ca6c4076ba0dfd4,7b221423b939275d100f2e965b7d72cc2d9104e1e44207c2f6e503f4e7293898
92,48192,doppler_differential_bias_003,v35_bias_gate_300,True,True,True,1.0,0.2463973440429167,0.17805142554689304,True,0,0,0,0,0,0.2736184959079876,1.1568614579737186,True,True,677dae5892607c25febf7ac75d030cb692b933376967778494e720935ffba0bc,5eaf81f23ca44ab099876b5f00bcf84b26d5871aaeab37f35ca6c4076ba0dfd4,bfda4d5295bbc92b5000d4c3c29c3135fde28732ced3fa03b6296ff43d13faf3
92,48192,doppler_scale_102,v24_nominal_model,False,False,False,0.0,0.7498320770634843,1337.1167353056921,False,0,0,0,0,0,0.23243425124871014,0.5310418328735977,False,False,677dae5892607c25febf7ac75d030cb692b933376967778494e720935ffba0bc,32e2a61ce9ced09cd29a831d1df1e8f26dc54e27897eee60dd764212a091e15d,84b9afaee3f4268b70eb6c8e436539d034fb3122c2da0a003082e715e1659f77
92,48192,colored_noise_rho09_sd003,v24_nominal_model,True,True,True,1.0,0.16862556698991452,0.3404727316119468,True,0,0,0,0,0,0.30977118446388524,0.5759205829817802,False,False,677dae5892607c25febf7ac75d030cb692b933376967778494e720935ffba0bc,f88e4109c105e25d15e2ddec0847ee32edbdf0bbb37b3785476062e356a94bea,435dad7a43a0cf69f0e8856ddec4260adca6b233a35f9c2506f5f4299ddac38c
92,48192,colored_noise_rho09_sd003,v35_bias_gate_300,True,True,True,1.0,0.16862556698991452,0.3404727316119468,True,0,0,0,0,0,0.30977118446388524,0.5643205830128863,True,False,677dae5892607c25febf7ac75d030cb692b933376967778494e720935ffba0bc,f88e4109c105e25d15e2ddec0847ee32edbdf0bbb37b3785476062e356a94bea,435dad7a43a0cf69f0e8856ddec4260adca6b233a35f9c2506f5f4299ddac38c
92,48192,dropout_iid10,v24_nominal_model,True,True,True,1.0,0.24146195644387278,0.32739659330165016,True,0,0,0,0,0,0.3892426463870043,0.5469258329831064,False,False,677dae5892607c25febf7ac75d030cb692b933376967778494e720935ffba0bc,c378945d12d7e1183ab72701a3d98d4a979f635cdcfb6c1a564b0f702ed55309,9825a6fae13eb39a141ba4c306b56d5313435e49eb5be84826415f1ce1f658d4
92,48192,broadcast_delay_2s,v24_nominal_model,True,True,True,1.0,2.4274499214660534,1.4396259301575236,True,0,0,0,0,0,0.2776886981059862,0.5218229999300092,False,False,677dae5892607c25febf7ac75d030cb692b933376967778494e720935ffba0bc,d91713844d46f10e5878182a74c5b7ce1bdbefb4df8b78c69a38738b6cc4f7e3,bd0bc2634ee606ff3e585ef4939e60c7a3269bddc9487480e965b7411e783260
92,48192,dead_reckoning_scale_101,v24_nominal_model,False,False,False,0.0,3.7507369718407366,24.29341591990842,True,0,0,0,0,0,0.2738733901478292,0.6444438340840861,False,False,677dae5892607c25febf7ac75d030cb692b933376967778494e720935ffba0bc,c2b14ee9686ddba185acc87cbd4e88199395de5f4b8466832039510ccf086ea9,1922553ef18c1163369886b815533f6f23a4cb246bd8b67b0e6d5abd3c8b4e18
93,48193,nominal,v24_nominal_model,True,True,True,1.0,0.9735615813813944,0.8496272043810973,True,0,0,0,0,0,0.2115600973283276,0.5437125409953296,False,False,c736d3760d9e3dfb1985dfa29be294852d33c31ecde45c77f91b4bb2b1ecdc24,b02e4597ee6da05e4807bdca1ac0473a0717f644fc8d3285e5a7a224ee357ac8,8d6eabdff87631f74d32fba890df39207b90035ec814de8163e74e0968537700
93,48193,nominal,v35_bias_gate_300,True,True,True,1.0,0.9735615813813944,0.8496272043810973,True,0,0,0,0,0,0.2115600973283276,0.5488638749811798,True,False,c736d3760d9e3dfb1985dfa29be294852d33c31ecde45c77f91b4bb2b1ecdc24,b02e4597ee6da05e4807bdca1ac0473a0717f644fc8d3285e5a7a224ee357ac8,8d6eabdff87631f74d32fba890df39207b90035ec814de8163e74e0968537700
93,48193,doppler_common_bias_p003,v24_nominal_model,False,False,False,0.0,1.0427515751371503,147.40621882799792,True,0,0,0,0,0,0.20625818506331284,0.5006672919262201,False,False,c736d3760d9e3dfb1985dfa29be294852d33c31ecde45c77f91b4bb2b1ecdc24,a579ef47f347e10975f682f288f86a5fdd3a5c4865afb32ed1e9e72d98972258,52867a76ab5240ee529aaa0214098d071106d089b2b663d1f753e4a3e355b261
93,48193,doppler_common_bias_p003,v35_bias_gate_300,False,False,False,0.0,0.9621223672857986,147.77615658662188,True,0,0,0,0,0,0.20738481900946976,1.0149633331457153,True,True,c736d3760d9e3dfb1985dfa29be294852d33c31ecde45c77f91b4bb2b1ecdc24,a579ef47f347e10975f682f288f86a5fdd3a5c4865afb32ed1e9e72d98972258,2dc807a0d9f086913c92321d9138958296669290bdc93757fbbc4e2cdade3f79
93,48193,doppler_differential_bias_003,v24_nominal_model,False,False,False,0.0,1.9132417362833798,82.91108263612361,True,0,0,0,0,0,0.20810707991655364,0.5655924159800634,False,False,c736d3760d9e3dfb1985dfa29be294852d33c31ecde45c77f91b4bb2b1ecdc24,08125ac2b10436353dbfcc64993c6f6cbcabd90c84ee730e3b00c27e21491989,2a1e6280cc771daea96c48cd4d8604a1b4875397acff64553646428618c33d66
93,48193,doppler_differential_bias_003,v35_bias_gate_300,False,False,False,0.0,0.8364315258301787,85.53474675916642,True,0,0,0,0,0,0.2470704751321731,1.0305060839746147,True,True,c736d3760d9e3dfb1985dfa29be294852d33c31ecde45c77f91b4bb2b1ecdc24,08125ac2b10436353dbfcc64993c6f6cbcabd90c84ee730e3b00c27e21491989,39c089f69eae7df47021bd683f31c2b63334d75c5b242e9bf3b8c7fae0080876
93,48193,doppler_scale_102,v24_nominal_model,False,False,False,0.0,9.778283081930022,1753.3732146205427,False,0,0,0,0,0,0.12958139215857434,0.5165643341606483,False,False,c736d3760d9e3dfb1985dfa29be294852d33c31ecde45c77f91b4bb2b1ecdc24,78200222965ab49de005fa52e4b9d72eb92e4716434bd23b448597ad3c5dc316,0065059e2dc5cd66078ecfddbc1f70143f6ce20592a7a44195ddd1f3ac405700
93,48193,colored_noise_rho09_sd003,v24_nominal_model,True,True,True,1.0,0.3711030362967441,0.41250246955845304,True,0,0,0,0,0,0.2257393530722487,0.5551316660130396,False,False,c736d3760d9e3dfb1985dfa29be294852d33c31ecde45c77f91b4bb2b1ecdc24,ed67a47c0b7d1c6d69215dc126d13d2a31adbd03509e8a2ce545ef9417f2884c,4f4fe779a911af1dddc515858c5b936f5f43108697b9dee9194e48e7df1de34b
93,48193,colored_noise_rho09_sd003,v35_bias_gate_300,True,True,True,1.0,0.3711030362967441,0.41250246955845304,True,0,0,0,0,0,0.2257393530722487,0.5171671248972416,True,False,c736d3760d9e3dfb1985dfa29be294852d33c31ecde45c77f91b4bb2b1ecdc24,ed67a47c0b7d1c6d69215dc126d13d2a31adbd03509e8a2ce545ef9417f2884c,4f4fe779a911af1dddc515858c5b936f5f43108697b9dee9194e48e7df1de34b
93,48193,dropout_iid10,v24_nominal_model,True,True,True,1.0,0.506523787277494,0.3660110460288138,True,0,0,0,0,0,0.223362391098979,0.682446249993518,False,False,c736d3760d9e3dfb1985dfa29be294852d33c31ecde45c77f91b4bb2b1ecdc24,34dbae5b610781012da9179b0146fa06a471ae191555f0f31fcf6f8a86312e69,a0a7532812bcd7352be761ef97af5ab91072a1c5bbb79da3d86e0e36d715a33e
93,48193,broadcast_delay_2s,v24_nominal_model,True,True,True,1.0,3.811374758350163,1.3327411053862828,True,0,0,0,0,0,0.2080087072082917,0.5065161669626832,False,False,c736d3760d9e3dfb1985dfa29be294852d33c31ecde45c77f91b4bb2b1ecdc24,257d4caa93b2c1dfcdb726d51f0b8675049b29e4c6c747befde196549452b3b0,2e21abe68472505f53522aee13cd14a13bc2b72dea4a4b101dee03feea9ab963
93,48193,dead_reckoning_scale_101,v24_nominal_model,False,False,False,0.0,6.168642163370098,73.80319054717692,True,1,16,15,0,0,0.17797392548251043,0.6779468749882653,False,False,c736d3760d9e3dfb1985dfa29be294852d33c31ecde45c77f91b4bb2b1ecdc24,89c46a035288353575c9c100d2f5a4f9b509c5793c43ee28f2f609ca7a7d4cfe,d4d19085c5d44a92ebd137935408ff49cd2fb2d55b92c9a0faafec4326c32f0d
94,48194,nominal,v24_nominal_model,True,True,True,1.0,0.6936546757066762,0.6102582202146297,True,0,0,0,0,0,0.2296975690761605,0.5374272080371156,False,False,cfc18b65c381bc08889ce6251be72e382c0f52f0a368883bf5fd69679910bc10,0f949f46e1914fa607031be5c62807fea29e051bd082340c5da5a85f1151521d,8e979196e9ae2239e1e7eaed4b6c8511c3c085b5434605ddcc3bebc168288a44
94,48194,nominal,v35_bias_gate_300,True,True,True,1.0,0.6936546757066762,0.6102582202146297,True,0,0,0,0,0,0.2296975690761605,0.6918409169884399,True,False,cfc18b65c381bc08889ce6251be72e382c0f52f0a368883bf5fd69679910bc10,0f949f46e1914fa607031be5c62807fea29e051bd082340c5da5a85f1151521d,8e979196e9ae2239e1e7eaed4b6c8511c3c085b5434605ddcc3bebc168288a44
94,48194,doppler_common_bias_p003,v24_nominal_model,True,True,True,1.0,1.199728754831368,1.2538802144594692,True,0,0,0,0,0,0.25353402595910873,0.5035602080170065,False,False,cfc18b65c381bc08889ce6251be72e382c0f52f0a368883bf5fd69679910bc10,23e78b002697b95909aebe274dda087a61ec2fc10176d1b32c3b035e0b27e23f,133adf483eeeda9d52ef7c6332ae7e6fcc66e2d1eea497cb67adc417ffdb8a17
94,48194,doppler_common_bias_p003,v35_bias_gate_300,True,True,True,1.0,0.25013436990486676,0.3016109347265688,True,0,0,0,0,0,0.25339399418748976,1.0440382489468902,True,True,cfc18b65c381bc08889ce6251be72e382c0f52f0a368883bf5fd69679910bc10,23e78b002697b95909aebe274dda087a61ec2fc10176d1b32c3b035e0b27e23f,481fa387a05666da6144096d11905609d86fefd102aa84e6ef6194eea687452b
94,48194,doppler_differential_bias_003,v24_nominal_model,True,True,True,1.0,0.8342689544120039,0.8857611736800359,True,0,0,0,0,0,0.2521244469520524,0.6190557499649003,False,False,cfc18b65c381bc08889ce6251be72e382c0f52f0a368883bf5fd69679910bc10,920b565d18cf2e388df2bd6bcc0d23814b4f6467f5e390ecccb9a6ea4f7d0ffc,34cbe6ede6cde76c32a6adc40fa283d69440a323476b001e5f9a7d0df59431db
94,48194,doppler_differential_bias_003,v35_bias_gate_300,True,True,True,1.0,0.32580268809629026,0.36533847443714346,True,0,0,0,0,0,0.2522536277557476,1.0457433339906856,True,True,cfc18b65c381bc08889ce6251be72e382c0f52f0a368883bf5fd69679910bc10,920b565d18cf2e388df2bd6bcc0d23814b4f6467f5e390ecccb9a6ea4f7d0ffc,63b4ffb9fbf838601892d17943df8863a01357a499861363cfbbe182b3ea661a
94,48194,doppler_scale_102,v24_nominal_model,True,True,True,1.0,2.9368325048287387,3.018378818469258,True,0,0,0,0,0,0.2453216201055207,0.5126842909958214,False,False,cfc18b65c381bc08889ce6251be72e382c0f52f0a368883bf5fd69679910bc10,3ab77a143eaae1cae7bf942fea5a79c3296a3fca67154d6d3c3de2b681355f3a,c24cce3fae97f41b3321488facaef6c3da1ea697b0d4d22440f69058b0e65115
94,48194,colored_noise_rho09_sd003,v24_nominal_model,False,False,False,0.0,0.8024084477335998,91.87704809753879,True,0,0,0,0,0,0.26633155884010373,0.6275294580264017,False,False,cfc18b65c381bc08889ce6251be72e382c0f52f0a368883bf5fd69679910bc10,b1e9f0ade4893d2aa5acfb406e2d8f10521446de847af1ce2df4b4b2175e72cb,aa31b710a010829d7f2e22d97cde67506c20ee29fcd309dec2bf43a4171cfd5f
94,48194,colored_noise_rho09_sd003,v35_bias_gate_300,False,False,False,0.0,0.8024084477335998,91.87704809753879,True,0,0,0,0,0,0.26633155884010373,0.5461289169033989,True,False,cfc18b65c381bc08889ce6251be72e382c0f52f0a368883bf5fd69679910bc10,b1e9f0ade4893d2aa5acfb406e2d8f10521446de847af1ce2df4b4b2175e72cb,aa31b710a010829d7f2e22d97cde67506c20ee29fcd309dec2bf43a4171cfd5f
94,48194,dropout_iid10,v24_nominal_model,True,True,True,1.0,0.8360351134715722,0.7322842714681033,True,0,0,0,0,0,0.21429011723571945,0.4624586250865832,False,False,cfc18b65c381bc08889ce6251be72e382c0f52f0a368883bf5fd69679910bc10,5a09eacbea29a8c0c61d5d6067f232a61fa09cea4a7c628612b08f260192446e,d4954ac3e7605cc6d4cedd8169a2ab539800609c92615315b8d1c7a69603f0d6
94,48194,broadcast_delay_2s,v24_nominal_model,True,True,True,1.0,4.314687181520199,0.6104320432217262,True,0,0,0,0,0,0.2540401309980027,0.5012832919601351,False,False,cfc18b65c381bc08889ce6251be72e382c0f52f0a368883bf5fd69679910bc10,db3f15fd46efe0b809cd0b49225b0b0dee1c4543201d7b0ae5d5d788cd3c37a5,7f413a2b2f2b7b6426e3f9a685b8174b2226291a1856661a9c43d49d22b269e4
94,48194,dead_reckoning_scale_101,v24_nominal_model,True,True,True,1.0,5.6283055692809425,5.509429846369412,True,0,0,0,0,0,0.22215419162781566,0.6059977910481393,False,False,cfc18b65c381bc08889ce6251be72e382c0f52f0a368883bf5fd69679910bc10,701d423bddd2b6c8e32c78c22fd652be4d7ba6197af628e8ea3518664e79b3b4,de63dc879fdef4efc7d97b4fab2ece659fc6884db058d85d8574f08ea96951b8
95,48195,nominal,v24_nominal_model,True,True,True,1.0,0.17652470395443529,0.12040756208090013,True,0,0,0,0,0,0.2876942167658422,0.5566507918993011,False,False,a14dea3bc4ddc7e37cc69bad15129d7793967346f10b44b40ce44ccb94f1904d,ab477495464f076c99569b9997a4a69f3f4108d7cc06923f1fc7a4bc19aa7095,fc09437e98219315fedf1f4afd970bab0fbb5979a160183e6349583837ad50ad
95,48195,nominal,v35_bias_gate_300,True,True,True,1.0,0.17652470395443529,0.12040756208090013,True,0,0,0,0,0,0.2876942167658422,0.685065875062719,True,False,a14dea3bc4ddc7e37cc69bad15129d7793967346f10b44b40ce44ccb94f1904d,ab477495464f076c99569b9997a4a69f3f4108d7cc06923f1fc7a4bc19aa7095,fc09437e98219315fedf1f4afd970bab0fbb5979a160183e6349583837ad50ad
95,48195,doppler_common_bias_p003,v24_nominal_model,True,True,True,1.0,0.39594088231318597,0.40064550935127885,True,0,0,0,0,0,0.21883141019916275,0.530711582978256,False,False,a14dea3bc4ddc7e37cc69bad15129d7793967346f10b44b40ce44ccb94f1904d,60ab2cb389509b2f9d8ccba45d4d16b83776570b9251b112fa3377241d839028,057fd9d002e28fa02cd1f9b70944bf9dfffde06eb7c2a2af43fd04f546b90da6
95,48195,doppler_common_bias_p003,v35_bias_gate_300,True,True,True,1.0,0.36230228600743525,0.3503983643528047,True,0,0,0,0,0,0.27214613955101535,1.390688583953306,True,True,a14dea3bc4ddc7e37cc69bad15129d7793967346f10b44b40ce44ccb94f1904d,60ab2cb389509b2f9d8ccba45d4d16b83776570b9251b112fa3377241d839028,7e5ceee6ea646e5727a79c3d85639674ff0fc871dc4ef6cf98389dd8c61c4b95
95,48195,doppler_differential_bias_003,v24_nominal_model,True,True,True,1.0,0.32550935811902537,0.3057414213141198,True,0,0,0,0,0,0.20809495001819797,0.5911185420118272,False,False,a14dea3bc4ddc7e37cc69bad15129d7793967346f10b44b40ce44ccb94f1904d,13a27736c91fdc8e578cdcb46ff30a3d7e5272e6853ed5d76bf5a00fd6adc24b,50e9f4f2c20469a9dcf92a62d21826496cbfb4e3043f47ce8777d6304c3b222c
95,48195,doppler_differential_bias_003,v35_bias_gate_300,True,True,True,1.0,0.23154350387241546,0.29913057141661564,True,0,0,0,0,0,0.2922235317525132,1.1948212509742007,True,True,a14dea3bc4ddc7e37cc69bad15129d7793967346f10b44b40ce44ccb94f1904d,13a27736c91fdc8e578cdcb46ff30a3d7e5272e6853ed5d76bf5a00fd6adc24b,88bee1eff20e0c8dd00bf6e7b7ee393bd5800f5cfd654d454e43881be0cfcde6
95,48195,doppler_scale_102,v24_nominal_model,False,False,False,0.0,0.20349083848723276,1262.299355245875,False,0,0,0,0,0,0.16967999265943692,0.542856666026637,False,False,a14dea3bc4ddc7e37cc69bad15129d7793967346f10b44b40ce44ccb94f1904d,a81f2688cb0817bda4c3e01ead7df91205ecc104efcffaba7ec1f5bc046482b4,14d78e57f287d805ab192561cb043b0068f487420af1ca958fe895e598a0ad17
95,48195,colored_noise_rho09_sd003,v24_nominal_model,True,True,True,1.0,0.411174810701527,0.5575847790114327,True,0,0,0,0,0,0.2318114633786756,0.5358066660119221,False,False,a14dea3bc4ddc7e37cc69bad15129d7793967346f10b44b40ce44ccb94f1904d,e32214bc21452311540b124d4441ee5918e4a3b549d213e2bbb0f5720cba2b9d,cfe58b8a162b68fd8fd5665bb241f7b6fb4320d3c9995ecbedda366a0d6ab80e
95,48195,colored_noise_rho09_sd003,v35_bias_gate_300,True,True,True,1.0,0.411174810701527,0.5575847790114327,True,0,0,0,0,0,0.2318114633786756,0.5287501669954509,True,False,a14dea3bc4ddc7e37cc69bad15129d7793967346f10b44b40ce44ccb94f1904d,e32214bc21452311540b124d4441ee5918e4a3b549d213e2bbb0f5720cba2b9d,cfe58b8a162b68fd8fd5665bb241f7b6fb4320d3c9995ecbedda366a0d6ab80e
95,48195,dropout_iid10,v24_nominal_model,True,True,True,1.0,0.18471915673823944,0.21028013818391492,True,0,0,0,0,0,0.2563139273789895,0.5176905839471146,False,False,a14dea3bc4ddc7e37cc69bad15129d7793967346f10b44b40ce44ccb94f1904d,ff52a02bc860ba40bb6344cf59db96ebb671aa722b67daa4e1b9d039e36c56c5,05006026563f64300045aefa2da52549b8606d254d51bc8c76d68b1f1b702be9
95,48195,broadcast_delay_2s,v24_nominal_model,True,False,True,0.58,2.72372067480491,1.402963200191335,True,0,0,0,0,0,0.2895472875738329,0.5562819170299917,False,False,a14dea3bc4ddc7e37cc69bad15129d7793967346f10b44b40ce44ccb94f1904d,0dc50ae90d1ea150cdb6eb1dfb78dbde974cbdb233b50844c9f991717743fe5b,1269de9f8459704f25fc1aac53c203c8cf1d6d23dd996d65870161a95791f069
95,48195,dead_reckoning_scale_101,v24_nominal_model,True,True,True,1.0,5.017489113783707,5.11005436272426,True,0,0,0,0,0,0.2661645446771623,0.5314446659758687,False,False,a14dea3bc4ddc7e37cc69bad15129d7793967346f10b44b40ce44ccb94f1904d,d3c825920c9ba3c3c3430ca192dac523772e9cdd296694e57426d35401a55827,ea553c244f593d9d907db7e3ce13ff9bf1f2b54215211191ed9c92d643262698
96,48196,nominal,v24_nominal_model,True,True,True,1.0,0.4480629451172414,0.4541588395468327,True,0,0,0,0,0,0.36272155488985847,0.5215386669151485,False,False,3244417e5d5111f881b4ad7089ffd5956b14ab66c428d2365bad69212ae2dc67,e09d233047fe51edc45091cf8a9411f7d315aa1d5a539c2040c828af8dc3255a,18534312723175414faf4d1204fdbb2ea8043fcf3aef3c704b5b4b51488803e7
96,48196,nominal,v35_bias_gate_300,True,True,True,1.0,0.4480629451172414,0.4541588395468327,True,0,0,0,0,0,0.36272155488985847,0.5895429590018466,True,False,3244417e5d5111f881b4ad7089ffd5956b14ab66c428d2365bad69212ae2dc67,e09d233047fe51edc45091cf8a9411f7d315aa1d5a539c2040c828af8dc3255a,18534312723175414faf4d1204fdbb2ea8043fcf3aef3c704b5b4b51488803e7
96,48196,doppler_common_bias_p003,v24_nominal_model,True,True,True,1.0,0.4309742686095826,0.5325535764285211,True,0,0,0,0,0,0.26072523397388575,0.5274590000044554,False,False,3244417e5d5111f881b4ad7089ffd5956b14ab66c428d2365bad69212ae2dc67,ab110c28a07d247df11d601e55e7911d337021d24c1d5ef74d4bdb25408dc4f8,47907917b84766fcf6b92bb8b1e34d91001e9dfeb1eed990e167282034c4faee
96,48196,doppler_common_bias_p003,v35_bias_gate_300,True,True,True,1.0,0.3698498151178111,0.41765309135395207,True,0,0,0,0,0,0.26069946813366746,1.680146376020275,True,True,3244417e5d5111f881b4ad7089ffd5956b14ab66c428d2365bad69212ae2dc67,ab110c28a07d247df11d601e55e7911d337021d24c1d5ef74d4bdb25408dc4f8,87c745faf16cd495138e6b887e1dd05eb45a9094d80586d7dd40907e74c3b307
96,48196,doppler_differential_bias_003,v24_nominal_model,True,False,True,0.44,0.234275661901791,0.7717043122011359,True,0,0,0,0,0,0.2922745143122163,0.6018037910107523,False,False,3244417e5d5111f881b4ad7089ffd5956b14ab66c428d2365bad69212ae2dc67,3e4ac63be5edf775f84862f863b6006fe0f91202714192395b8d01b02b792e71,6a1383dd6413212ceeadb401201ae40015ade3f07e14fd370ddc9bc7b6e00eda
96,48196,doppler_differential_bias_003,v35_bias_gate_300,True,False,True,0.4,0.12082546447187649,0.7718978873979145,True,0,0,0,0,0,0.377763003377173,1.4260693730320781,True,True,3244417e5d5111f881b4ad7089ffd5956b14ab66c428d2365bad69212ae2dc67,3e4ac63be5edf775f84862f863b6006fe0f91202714192395b8d01b02b792e71,347f3b3685f24a08b00e00733dd44ca76a986bdc9f7c317d5883e2f885317bfd
96,48196,doppler_scale_102,v24_nominal_model,False,False,False,0.0,3.661287165160529,1787.4573996960894,False,0,0,0,0,0,0.29421106702113725,0.5155695410212502,False,False,3244417e5d5111f881b4ad7089ffd5956b14ab66c428d2365bad69212ae2dc67,54cc009a0b9fac6dadbb6dcc7a04bd25b2e3591fb0feaa580bfdb43cd3de2732,7e0cd3dfeea4667af9b0e523691238660bed450f1640f74372ad5fa07a59c7f4
96,48196,colored_noise_rho09_sd003,v24_nominal_model,True,True,True,1.0,0.39003508636227574,0.5140919205863647,True,0,0,0,0,0,0.2793876860870293,0.7639265420148149,False,False,3244417e5d5111f881b4ad7089ffd5956b14ab66c428d2365bad69212ae2dc67,e6f11665c312bf18dd2ec01923279726b4fd7d96df2c5e485ff62ea9df9c9bcb,2e2b94c3c2670044d83dd1a03df5098c3ae9625afbe395117ffac4a5377d74ea
96,48196,colored_noise_rho09_sd003,v35_bias_gate_300,True,True,True,1.0,0.39003508636227574,0.5140919205863647,True,0,0,0,0,0,0.2793876860870293,0.5548927499912679,True,False,3244417e5d5111f881b4ad7089ffd5956b14ab66c428d2365bad69212ae2dc67,e6f11665c312bf18dd2ec01923279726b4fd7d96df2c5e485ff62ea9df9c9bcb,2e2b94c3c2670044d83dd1a03df5098c3ae9625afbe395117ffac4a5377d74ea
96,48196,dropout_iid10,v24_nominal_model,True,True,True,1.0,0.4916752842645877,0.3794435691915678,True,0,0,0,0,0,0.3629470640554074,0.4585712500847876,False,False,3244417e5d5111f881b4ad7089ffd5956b14ab66c428d2365bad69212ae2dc67,6c587e0e15b2602de1540913ba98cf752350a3570814b329413dc1509765a7d6,9d6c6d0c15b3eb8cafdb16eb4236a5d0e59607fbeb8758768bdf830e956518b8
96,48196,broadcast_delay_2s,v24_nominal_model,True,True,True,1.0,4.029605685523697,0.5677514705481304,True,0,0,0,0,0,0.3476050069020375,0.5144984999205917,False,False,3244417e5d5111f881b4ad7089ffd5956b14ab66c428d2365bad69212ae2dc67,756437066fdee911e4e412ff6a19fc8e1e055f702e05a9748dcbd33d2b7b2dc8,502d8e1ce560874b57e1a8780722b2edc16c58a996578ff1688b6b6c94b1a2b2
96,48196,dead_reckoning_scale_101,v24_nominal_model,False,False,False,0.0,4.849704749218961,48.24124540340199,True,0,0,0,0,0,0.3079150588116523,0.5001360829919577,False,False,3244417e5d5111f881b4ad7089ffd5956b14ab66c428d2365bad69212ae2dc67,f2417a6ca78064a32bc868a682c0366baf78fd634d29e6f8fa968f21315a836a,46af1bcf6b4e0b0ec1730ad8b3f5695560a0287055da767c25cbc8de47659c2b
97,48197,nominal,v24_nominal_model,True,True,True,1.0,0.4018679067555766,0.44732437986595547,True,0,0,0,0,0,0.31888118832207124,0.5177964590257034,False,False,e91cc6dc9a16b40588996a10f3dad457226d7e6f656452ae5532aa4e49a1c7c0,a158d7a6405b10396a2db553e73b3c8ea9645b78c305ea9d86a21eb6fd501c94,f418838d778cc747ed28c372e9cf775ca86aa998148e543e1f6b5ab8f25fda5f
97,48197,nominal,v35_bias_gate_300,True,True,True,1.0,0.4018679067555766,0.44732437986595547,True,0,0,0,0,0,0.31888118832207124,0.6790548329008743,True,False,e91cc6dc9a16b40588996a10f3dad457226d7e6f656452ae5532aa4e49a1c7c0,a158d7a6405b10396a2db553e73b3c8ea9645b78c305ea9d86a21eb6fd501c94,f418838d778cc747ed28c372e9cf775ca86aa998148e543e1f6b5ab8f25fda5f
97,48197,doppler_common_bias_p003,v24_nominal_model,True,True,True,1.0,0.32128145948888975,0.3578219423214271,True,0,0,0,0,0,0.29128259365961506,0.5156419579870999,False,False,e91cc6dc9a16b40588996a10f3dad457226d7e6f656452ae5532aa4e49a1c7c0,1cf167d6f174c17b1230961119fde46c7ec94df2310798f48e14713d3ff74e4d,958bf0ac5b02fd2091aacfeab9ab4e07282f5893fb6cb7919d4333ec6a292763
97,48197,doppler_common_bias_p003,v35_bias_gate_300,True,True,True,1.0,0.4080704410515947,0.4541546918733098,True,0,0,0,0,0,0.2910930599676691,1.398498750058934,True,True,e91cc6dc9a16b40588996a10f3dad457226d7e6f656452ae5532aa4e49a1c7c0,1cf167d6f174c17b1230961119fde46c7ec94df2310798f48e14713d3ff74e4d,5dbc645815b491cb9cdad2457f1974292399b02cf121cad5a29de19093a0dc0f
97,48197,doppler_differential_bias_003,v24_nominal_model,True,True,True,1.0,0.2723508087879431,0.32787610625974023,True,0,0,0,0,0,0.26213958349301136,0.5235796250635758,False,False,e91cc6dc9a16b40588996a10f3dad457226d7e6f656452ae5532aa4e49a1c7c0,b8d919a925a6f3c7b0eaa4015fc6a68eaf343c2f0b488e3de59acfc75a72917e,fab6aaac556a5d9b7ae14cf5ca64826096ac6ec1daf4500e8062dbbbbaa273a1
97,48197,doppler_differential_bias_003,v35_bias_gate_300,True,True,True,1.0,0.21360697217207544,0.2784707084884163,True,0,0,0,0,0,0.26192173844592676,1.1855774580035359,True,True,e91cc6dc9a16b40588996a10f3dad457226d7e6f656452ae5532aa4e49a1c7c0,b8d919a925a6f3c7b0eaa4015fc6a68eaf343c2f0b488e3de59acfc75a72917e,713eaaa0eeb7e7ea0cc3cc1bc899ddfd17a19e52b6ff60b2310d7336f827b0d4
97,48197,doppler_scale_102,v24_nominal_model,False,False,False,0.0,1.068208285807723,1911.5553453581658,False,0,0,0,0,0,0.27678672382314823,0.5287433338817209,False,False,e91cc6dc9a16b40588996a10f3dad457226d7e6f656452ae5532aa4e49a1c7c0,061e1bab390955ac9782b9ffa6a910013189671cad215a10a0aceb436613c840,34cb066472f4c99782301f1ce085486789f758a2427ad627adb691fe545e4fc9
97,48197,colored_noise_rho09_sd003,v24_nominal_model,True,True,True,1.0,0.40548740187806726,0.41319705357483555,True,0,0,0,0,0,0.2492660411725756,0.5524952919222414,False,False,e91cc6dc9a16b40588996a10f3dad457226d7e6f656452ae5532aa4e49a1c7c0,2322fa67bc12a03be2a692affbab398c53f834bf36d5913d804cd2fb32c79469,07300b3c8d9da3b41d8354c52faeace95bb233313be8ccd78597f695287fbe0c
97,48197,colored_noise_rho09_sd003,v35_bias_gate_300,True,True,True,1.0,0.40548740187806726,0.41319705357483555,True,0,0,0,0,0,0.2492660411725756,0.5200219999533147,True,False,e91cc6dc9a16b40588996a10f3dad457226d7e6f656452ae5532aa4e49a1c7c0,2322fa67bc12a03be2a692affbab398c53f834bf36d5913d804cd2fb32c79469,07300b3c8d9da3b41d8354c52faeace95bb233313be8ccd78597f695287fbe0c
97,48197,dropout_iid10,v24_nominal_model,True,True,True,1.0,0.3164236432773125,0.36976532801542683,True,0,0,0,0,0,0.3122029039773004,0.45608987496234477,False,False,e91cc6dc9a16b40588996a10f3dad457226d7e6f656452ae5532aa4e49a1c7c0,628fb2bd1d5b9be921912c774a056eea2bc39586913337f46dadd09d4b667c8d,85b97850032a9a998e67940f16443a29ea70b527e3decccf1728b78bf1332532
97,48197,broadcast_delay_2s,v24_nominal_model,False,False,False,0.0,5.60959256871431,62.23024707534844,True,0,0,0,0,0,0.2515553912745881,0.645355875021778,False,False,e91cc6dc9a16b40588996a10f3dad457226d7e6f656452ae5532aa4e49a1c7c0,41650ff577e59e7cea3b70ffc5aadfd3de38e75d70f8fb6ef6fcb1fe9069be22,6b76727b32a33a0b36cbabb4439f131d77f5758bbe8026593fee20e4b4e5cd77
97,48197,dead_reckoning_scale_101,v24_nominal_model,True,True,True,1.0,5.276638095555053,5.254665894107306,True,0,0,0,0,0,0.2747452489975239,0.7046656250022352,False,False,e91cc6dc9a16b40588996a10f3dad457226d7e6f656452ae5532aa4e49a1c7c0,5bc995a309d0768d845ac4c03738afcfed0eabb56750a88678b586deefaa8e23,0764bfb501c1d99b3c6fd3162b80f476f870f03a680e154b1eb5aa3322cf6a59
98,48198,nominal,v24_nominal_model,True,True,True,1.0,0.9836347812859277,0.8643183198249534,True,0,0,0,0,0,0.2493398184650465,0.49519416596740484,False,False,a0fd4593d6ac072b406b1a41af32a534b641b154d166dc82d150817b3ae9e8f4,5f0bdc0e1d1467f11fbf8dbebaf8eaae39dc9ad48cff8b5b2c8ad867222affcc,1490079996b7227c9f7529f51dc5de7d49adbc2f695ff0a5042687721738e931
98,48198,nominal,v35_bias_gate_300,True,True,True,1.0,0.9836347812859277,0.8643183198249534,True,0,0,0,0,0,0.2493398184650465,0.5737845830153674,True,False,a0fd4593d6ac072b406b1a41af32a534b641b154d166dc82d150817b3ae9e8f4,5f0bdc0e1d1467f11fbf8dbebaf8eaae39dc9ad48cff8b5b2c8ad867222affcc,1490079996b7227c9f7529f51dc5de7d49adbc2f695ff0a5042687721738e931
98,48198,doppler_common_bias_p003,v24_nominal_model,True,True,True,1.0,5.988908982970298,5.74420787237021,True,0,0,0,0,0,0.24659038976419512,0.5013801669701934,False,False,a0fd4593d6ac072b406b1a41af32a534b641b154d166dc82d150817b3ae9e8f4,f4da9a7eed48e9779c268b64a8d740ab8abcf4344dc99f7c3fd9bdeed72c3a50,eadd51d1fc1c4fb346f43881acf7589b6484c6fd07acd35cdaae19fd72c1c5a7
98,48198,doppler_common_bias_p003,v35_bias_gate_300,True,True,True,1.0,0.7986012571382435,0.7852169955531586,True,0,0,0,0,0,0.3060710077568237,1.058188041090034,True,True,a0fd4593d6ac072b406b1a41af32a534b641b154d166dc82d150817b3ae9e8f4,f4da9a7eed48e9779c268b64a8d740ab8abcf4344dc99f7c3fd9bdeed72c3a50,b4f459ce460f28d99f562bfb5a10e0e18e859500e4f84d420f4e095386dc8519
98,48198,doppler_differential_bias_003,v24_nominal_model,True,True,True,1.0,6.070821479054221,5.999865292194451,True,1,75,74,0,0,0.21566880345958425,0.5007110409205779,False,False,a0fd4593d6ac072b406b1a41af32a534b641b154d166dc82d150817b3ae9e8f4,240e447c8cf31bef716ffa80b7e5e8741d6477c55d2cb485471ed78eb740f880,2cac674a7da4112a75440ef088941a59c881c6772a31709cf7084563df5cfe75
98,48198,doppler_differential_bias_003,v35_bias_gate_300,True,True,True,1.0,1.094458683374583,0.9857493346712527,True,1,75,74,0,0,0.281920655919713,1.0316131679574028,True,True,a0fd4593d6ac072b406b1a41af32a534b641b154d166dc82d150817b3ae9e8f4,240e447c8cf31bef716ffa80b7e5e8741d6477c55d2cb485471ed78eb740f880,3b6deff347a59d1273b5f72c0e5da39ad2311b665754056f9d9973b59e3cf104
98,48198,doppler_scale_102,v24_nominal_model,True,False,True,0.54,2.607429876866031,2.4784778719048672,True,0,0,0,0,0,0.2445097234410759,0.5069929159944877,False,False,a0fd4593d6ac072b406b1a41af32a534b641b154d166dc82d150817b3ae9e8f4,be3761cb3068707e02c6eea3f7cd62d8e338a9c518d4816513bfa1ad1f28bca6,7ca84ee26cd97d1e32840b61b4937e3c812b6640c112d3485829c41d7b2bc548
98,48198,colored_noise_rho09_sd003,v24_nominal_model,True,True,True,1.0,4.280547602018577,4.329826108225191,True,0,0,0,0,0,0.21563471482062052,0.5752024579560384,False,False,a0fd4593d6ac072b406b1a41af32a534b641b154d166dc82d150817b3ae9e8f4,e21ae9b90792a5f85f29f7fdb57c035548c94ea980729e2aad44c09e89ab3dbc,e17135a6c17e25791e5ab165b94f1054a527948a5c45707b16fdf90e5001723e
98,48198,colored_noise_rho09_sd003,v35_bias_gate_300,True,True,True,1.0,4.280547602018577,4.329826108225191,True,0,0,0,0,0,0.21563471482062052,0.5130929589504376,True,False,a0fd4593d6ac072b406b1a41af32a534b641b154d166dc82d150817b3ae9e8f4,e21ae9b90792a5f85f29f7fdb57c035548c94ea980729e2aad44c09e89ab3dbc,e17135a6c17e25791e5ab165b94f1054a527948a5c45707b16fdf90e5001723e
98,48198,dropout_iid10,v24_nominal_model,True,True,True,1.0,0.965021425313653,0.8881700805943036,True,0,0,0,0,0,0.21746931059553354,0.45395945804193616,False,False,a0fd4593d6ac072b406b1a41af32a534b641b154d166dc82d150817b3ae9e8f4,fceb10b5081450200dc849de69ee34deef849f77c9eb4f7d25d6e84238c10cec,4573224b79488bb5c5a26111bd83358a0c033dbc21552e922eb04a1abc907be8
98,48198,broadcast_delay_2s,v24_nominal_model,True,True,True,1.0,4.704613940284839,1.0498766608955252,True,0,0,0,0,0,0.2095669173345657,0.493598916917108,False,False,a0fd4593d6ac072b406b1a41af32a534b641b154d166dc82d150817b3ae9e8f4,e875fa51782dc4e35ceaffeab9a69a49a69e44e7080e83140e6f9e9eac71465b,4b2df69c7b8157ec50f433925f74f0003b700df6ddf7a10a38b0fc9249a4a812
98,48198,dead_reckoning_scale_101,v24_nominal_model,False,False,False,0.0,11.381644081159981,11.414425579935344,True,0,98,99,70,0,0.2042918705977022,0.5022238749079406,False,False,a0fd4593d6ac072b406b1a41af32a534b641b154d166dc82d150817b3ae9e8f4,cf5dd62d1f9dcd40c8ce85e08053bea14728b87eb3f6e071b09c03127208bdf9,a319415edc452a421071b12075ea2f621f865aa23fd3a79c7ecaeecaadbc7c04
99,48199,nominal,v24_nominal_model,True,True,True,1.0,0.3677240088932853,0.33984522071644185,True,0,0,0,0,0,0.2290142218494513,0.4893066670047119,False,False,c38b252b4780d246262bc9cb01aefba59a87411e964d38a53227a62d93de8e1d,41366c07fbf3814698b6064314ad2239a90394a8a11154dffbcfaae7d28520ea,cdcac84c298442fa5172cb4c8fcc243799024ff9c2f59b899842bdb21e0c9adb
99,48199,nominal,v35_bias_gate_300,True,True,True,1.0,0.3677240088932853,0.33984522071644185,True,0,0,0,0,0,0.2290142218494513,0.7344189588911831,True,False,c38b252b4780d246262bc9cb01aefba59a87411e964d38a53227a62d93de8e1d,41366c07fbf3814698b6064314ad2239a90394a8a11154dffbcfaae7d28520ea,cdcac84c298442fa5172cb4c8fcc243799024ff9c2f59b899842bdb21e0c9adb
99,48199,doppler_common_bias_p003,v24_nominal_model,True,True,True,1.0,2.1670471935549283,2.29526292376644,True,0,0,0,0,0,0.2288616911468436,0.5050952089950442,False,False,c38b252b4780d246262bc9cb01aefba59a87411e964d38a53227a62d93de8e1d,11d2f400216200e4887eca508c05d87e1981f3e36c20cee6f177d28fcb8d1d57,79f17ebea6a94b1ade5f97659cda5705068354713c60e2f0795699c49825f0e4
99,48199,doppler_common_bias_p003,v35_bias_gate_300,True,True,True,1.0,0.2993125067144832,0.28369200427238944,True,0,0,0,0,0,0.2825274249375394,1.3185327099636197,True,True,c38b252b4780d246262bc9cb01aefba59a87411e964d38a53227a62d93de8e1d,11d2f400216200e4887eca508c05d87e1981f3e36c20cee6f177d28fcb8d1d57,0398d6b2596921f0551335e1c0756e5edb25cd3f8f07c10bea5a0c6d7662d4c7
99,48199,doppler_differential_bias_003,v24_nominal_model,True,True,True,1.0,2.735288019673248,2.7314403472299125,True,0,0,0,0,0,0.28881723290172184,0.5019689579494298,False,False,c38b252b4780d246262bc9cb01aefba59a87411e964d38a53227a62d93de8e1d,a6a2772bb18b2a12010adeb773edb4636106af2b7593952395173340118b4565,80e2138792276a25fe5e2d4b46f44c19e05abb3c94b64705c547ad821ec17a1d
99,48199,doppler_differential_bias_003,v35_bias_gate_300,True,True,True,1.0,0.5295744858988665,0.6600299893229433,True,0,0,0,0,0,0.288783890250788,1.3562068330356851,True,True,c38b252b4780d246262bc9cb01aefba59a87411e964d38a53227a62d93de8e1d,a6a2772bb18b2a12010adeb773edb4636106af2b7593952395173340118b4565,a993f1031bee11eead4b2d624e20ff58b7f4511253718dd119d6f2523ca8bf22
99,48199,doppler_scale_102,v24_nominal_model,True,True,True,1.0,2.942390912642648,2.8274908076300953,True,0,0,0,0,0,0.2526458960826139,0.5030219170730561,False,False,c38b252b4780d246262bc9cb01aefba59a87411e964d38a53227a62d93de8e1d,ff1dc28266cc6c176585f02f771b910f9fad3d868b1e62385cc47eca700ce155,f4d4e555d524e8534e7a71c94c0a063495360b01849d081ce97b75b80abcf823
99,48199,colored_noise_rho09_sd003,v24_nominal_model,True,True,True,1.0,1.451922457923913,1.5864429027138705,True,0,0,0,0,0,0.21141147345692224,0.5463371669175103,False,False,c38b252b4780d246262bc9cb01aefba59a87411e964d38a53227a62d93de8e1d,3de05c3fc3645cd2da6e02557c24f97bd41a5693d04bfb76491951b9950557fc,b4d1facdb94a78c4ce59b8f9caed9765810e80ed4fc12f78d231d8b298bcf553
99,48199,colored_noise_rho09_sd003,v35_bias_gate_300,True,True,True,1.0,1.451922457923913,1.5864429027138705,True,0,0,0,0,0,0.21141147345692224,0.5031482080230489,True,False,c38b252b4780d246262bc9cb01aefba59a87411e964d38a53227a62d93de8e1d,3de05c3fc3645cd2da6e02557c24f97bd41a5693d04bfb76491951b9950557fc,b4d1facdb94a78c4ce59b8f9caed9765810e80ed4fc12f78d231d8b298bcf553
99,48199,dropout_iid10,v24_nominal_model,True,True,True,1.0,0.7804696881010544,0.7580863520406854,True,0,0,0,0,0,0.21013903359553254,0.7311847909586504,False,False,c38b252b4780d246262bc9cb01aefba59a87411e964d38a53227a62d93de8e1d,cd0ef67007dcafe7ab643458e19f641061aa260365d8fc8944c79403a1e8945e,8bd524361eeaea621cfb4d229fb2da98530d0830b04a98ba4ede49afc37d4d8a
99,48199,broadcast_delay_2s,v24_nominal_model,True,True,True,1.0,5.130024583460384,1.830498777288131,True,0,0,0,0,0,0.22959456292843738,0.504206582903862,False,False,c38b252b4780d246262bc9cb01aefba59a87411e964d38a53227a62d93de8e1d,66a7eb35f32a621cb9c4228595acfcacd6d338ff6a2c5d833dee529b72864910,391106752ac50e675dca03e65dfad8fd062a6fffbfb490edcb20ebe25e58216f
99,48199,dead_reckoning_scale_101,v24_nominal_model,False,False,False,0.74,7.564998959903864,7.432652829555619,True,0,12,13,13,0,0.22477690154759025,0.695503166061826,False,False,c38b252b4780d246262bc9cb01aefba59a87411e964d38a53227a62d93de8e1d,b74b718d9030401ac353b3803b6b7463e2a8b30bb52615dfe0661dfb587cb871,fa1855bf636a1e5c6dd33d47d47d11445a70b0fbf8a3ff5e649363eea8afed4e
