episode_index,episode_seed,arm,controller,current,terminal_joint_success,tail80_joint_success,dwell15_joint_success,tail50_joint_occupancy,terminal_localization_error_m,terminal_formation_error_m,ever_locked,first_track_time_s,unsafe_transition_count,unsafe_track_start_count,unsafe_track_end_count,audit_release_violation_count,mean_squared_action,maximum_combined_decision_runtime_s,requested_delivered_action_rms,action_count,noise_tape_sha256,current_tape_sha256,post_track_action_count,post_track_saturation_fraction,post_track_speed_saturation_fraction,post_track_yaw_saturation_fraction,post_track_pitch_saturation_fraction,post_track_action_total_variation,post_track_action_curvature_rms
0,51000,belief_active__low_order_dynamic__baseline_pid__no_current,baseline_pid,no_current,True,False,False,0.28,0.19830640698715274,7.975656815592851,True,64.00000000000064,0,0,0,0,2.3106960128848844,0.5612159159936709,0.47984784276461084,220,a15e6b0fa4429930216ddba164471a98e6f8de22ceb6750feddb7e48442f65fb,f37b3d242aaf243683bc92b9278b399c96e2911263ff6f355d59e2259faaee0b,188,0.9840425531914894,0.75,0.6382978723404256,0.675531914893617,0.7153148245886132,0.7490767773036072
0,51000,belief_active__low_order_dynamic__delay_aware__no_current,delay_aware,no_current,True,True,True,1.0,1.1319159014848628,1.3730084525769926,True,64.00000000000064,0,0,0,0,0.396229751007249,0.5536734169872943,0.1578014720814361,220,a15e6b0fa4429930216ddba164471a98e6f8de22ceb6750feddb7e48442f65fb,f37b3d242aaf243683bc92b9278b399c96e2911263ff6f355d59e2259faaee0b,188,0.06382978723404255,0.05319148936170213,0.010638297872340425,0.0,0.1413087137354969,0.21639775163440067
0,51000,belief_active__low_order_dynamic__baseline_pid__bottom_track_visible,baseline_pid,bottom_track_visible,False,False,False,0.56,0.3214333245660004,8.208222853324372,True,64.00000000000064,0,0,0,0,2.2689988864906745,0.5682867080031428,0.4635113989174546,220,a15e6b0fa4429930216ddba164471a98e6f8de22ceb6750feddb7e48442f65fb,f37b3d242aaf243683bc92b9278b399c96e2911263ff6f355d59e2259faaee0b,188,0.9468085106382979,0.7606382978723404,0.5957446808510638,0.6329787234042553,0.6978494564499286,0.6826313419136011
0,51000,belief_active__low_order_dynamic__delay_aware__bottom_track_visible,delay_aware,bottom_track_visible,True,True,True,1.0,0.9703949970179662,1.3187156318574333,True,64.00000000000064,0,0,0,0,0.41850217529555855,0.589913208008511,0.16366269011440715,220,a15e6b0fa4429930216ddba164471a98e6f8de22ceb6750feddb7e48442f65fb,f37b3d242aaf243683bc92b9278b399c96e2911263ff6f355d59e2259faaee0b,188,0.07446808510638298,0.06382978723404255,0.010638297872340425,0.0,0.14503764140571493,0.21916410170920927
1,51001,belief_active__low_order_dynamic__baseline_pid__no_current,baseline_pid,no_current,False,False,False,0.2,0.2662374047355699,9.342259195260661,True,183.99999999999383,0,0,0,0,1.9364520696704652,0.5974377920065308,0.4825769708400349,220,cd1f044cc85af0c76cfdbce49c583eeeb3d51af5af7135c790e3f21240c8119d,cf0a66719ab4fa60e961d0dd9bc3346de427fa9caf14beab4c3ca118a4a21ca4,128,0.9296875,0.578125,0.6015625,0.609375,0.7388393686988859,0.7288823502996695
1,51001,belief_active__low_order_dynamic__delay_aware__no_current,delay_aware,no_current,True,True,True,1.0,0.3226497303157055,0.278478936915824,True,183.99999999999383,0,0,0,0,0.7243600192263853,0.6018937500048196,0.3043862258929806,220,cd1f044cc85af0c76cfdbce49c583eeeb3d51af5af7135c790e3f21240c8119d,cf0a66719ab4fa60e961d0dd9bc3346de427fa9caf14beab4c3ca118a4a21ca4,128,0.015625,0.0078125,0.0078125,0.0,0.12981577120515694,0.2031880072834368
1,51001,belief_active__low_order_dynamic__baseline_pid__bottom_track_visible,baseline_pid,bottom_track_visible,False,False,False,0.08,0.3774866222716002,12.707817220389298,True,183.99999999999383,0,0,0,0,2.300324929093731,0.618526500009466,0.5053639297934917,220,cd1f044cc85af0c76cfdbce49c583eeeb3d51af5af7135c790e3f21240c8119d,cf0a66719ab4fa60e961d0dd9bc3346de427fa9caf14beab4c3ca118a4a21ca4,128,0.953125,0.6796875,0.625,0.6875,0.7490202128648048,0.7920631414706081
1,51001,belief_active__low_order_dynamic__delay_aware__bottom_track_visible,delay_aware,bottom_track_visible,True,True,True,1.0,0.4300506646552255,0.49948999221264406,True,183.99999999999383,0,0,0,0,1.0091275870076755,0.5782650409964845,0.32462630496847683,220,cd1f044cc85af0c76cfdbce49c583eeeb3d51af5af7135c790e3f21240c8119d,cf0a66719ab4fa60e961d0dd9bc3346de427fa9caf14beab4c3ca118a4a21ca4,128,0.0234375,0.015625,0.0078125,0.0078125,0.13375234529974994,0.1974166506044011
2,51002,belief_active__low_order_dynamic__baseline_pid__no_current,baseline_pid,no_current,True,False,False,0.42,0.07507153175797508,3.3315237311842916,True,64.00000000000064,0,0,0,0,2.2531858298716245,0.5936729579989333,0.48357725447969296,220,d138f04b4a10fb1dc490cd25121c4424792faee7dff30ade35901f2f211324d5,9d644b9ca998b9509690325fabf72d807a660bbe3cea841d45293945fe2f81d2,188,0.973404255319149,0.75,0.6276595744680851,0.6276595744680851,0.7235294358152004,0.7520510428889408
2,51002,belief_active__low_order_dynamic__delay_aware__no_current,delay_aware,no_current,True,True,True,1.0,0.1775759803893827,0.2107043029827594,True,64.00000000000064,0,0,0,0,0.34166733075382577,0.6040591249911813,0.1625325637773134,220,d138f04b4a10fb1dc490cd25121c4424792faee7dff30ade35901f2f211324d5,9d644b9ca998b9509690325fabf72d807a660bbe3cea841d45293945fe2f81d2,188,0.05319148936170213,0.03723404255319149,0.026595744680851064,0.0,0.1382200152891807,0.2202581594120321
2,51002,belief_active__low_order_dynamic__baseline_pid__bottom_track_visible,baseline_pid,bottom_track_visible,True,False,False,0.56,0.24444051096957795,7.914396520576979,True,93.99999999999893,0,0,0,0,2.1197999169355985,0.5822244589944603,0.459016846150217,220,d138f04b4a10fb1dc490cd25121c4424792faee7dff30ade35901f2f211324d5,9d644b9ca998b9509690325fabf72d807a660bbe3cea841d45293945fe2f81d2,173,0.953757225433526,0.6878612716763006,0.6358381502890174,0.7052023121387283,0.7015985798994363,0.7437797349070205
2,51002,belief_active__low_order_dynamic__delay_aware__bottom_track_visible,delay_aware,bottom_track_visible,True,True,True,1.0,0.3395453407565155,0.27250320199247763,True,93.99999999999893,0,0,0,0,0.35365048524732423,0.6080887080024695,0.17043385925053078,220,d138f04b4a10fb1dc490cd25121c4424792faee7dff30ade35901f2f211324d5,9d644b9ca998b9509690325fabf72d807a660bbe3cea841d45293945fe2f81d2,173,0.017341040462427744,0.017341040462427744,0.0,0.0,0.14037879920657678,0.2318518704367742
3,51003,belief_active__low_order_dynamic__baseline_pid__no_current,baseline_pid,no_current,False,False,False,0.0,1.6317964088106323,371.4332693237014,True,183.99999999999383,0,0,0,0,1.6614672276181455,0.6020885830075713,0.4392474885635844,220,175d421b57e0094716ccb4e9feb34560c1ef6c0e93369aec1068eee49658391f,5518fa4ed9c593625f375943a45268c47688ffc6c64bb74a8fd2e79efa245a89,128,0.8828125,0.5078125,0.6484375,0.609375,0.7229174694994353,0.7124633777953874
3,51003,belief_active__low_order_dynamic__delay_aware__no_current,delay_aware,no_current,False,False,False,0.0,1.2663743963296432,207.89966474008088,True,183.99999999999383,0,0,0,0,0.4854220319714308,0.61256462498568,0.23498277187961522,220,175d421b57e0094716ccb4e9feb34560c1ef6c0e93369aec1068eee49658391f,5518fa4ed9c593625f375943a45268c47688ffc6c64bb74a8fd2e79efa245a89,128,0.078125,0.0625,0.03125,0.0078125,0.10718180941968765,0.15016725132131942
3,51003,belief_active__low_order_dynamic__baseline_pid__bottom_track_visible,baseline_pid,bottom_track_visible,False,False,False,0.0,1.186415950920576,918.0338597777492,True,304.0000000000006,0,0,0,0,1.0795962538603208,0.9337232909892919,0.3657999925765463,220,175d421b57e0094716ccb4e9feb34560c1ef6c0e93369aec1068eee49658391f,5518fa4ed9c593625f375943a45268c47688ffc6c64bb74a8fd2e79efa245a89,68,0.8970588235294118,0.4264705882352941,0.6176470588235294,0.6176470588235294,0.7803210261886072,0.7474819063205419
3,51003,belief_active__low_order_dynamic__delay_aware__bottom_track_visible,delay_aware,bottom_track_visible,False,False,False,0.0,1.2784131879238048,964.6526668355685,True,304.0000000000006,0,0,0,0,0.5013690217561121,0.9497415829973761,0.23727729537469575,220,175d421b57e0094716ccb4e9feb34560c1ef6c0e93369aec1068eee49658391f,5518fa4ed9c593625f375943a45268c47688ffc6c64bb74a8fd2e79efa245a89,68,0.10294117647058823,0.07352941176470588,0.0,0.029411764705882353,0.13914559963522724,0.1570058736367184
4,51004,belief_active__low_order_dynamic__baseline_pid__no_current,baseline_pid,no_current,True,False,False,0.14,0.4348590499311633,2.8727977304877608,True,93.99999999999893,0,0,0,0,2.287611360288453,0.5917875000013737,0.5047089155608769,220,97c1d7cd866b9d2e4c2ecb5d7fa33520e2f8b414a6fb0abede5191ae15394a4d,b5b63aea1b15019d6c30fd620bd692fd24b196c4fab44936e93d0ea490c8d1a7,173,0.9710982658959537,0.7514450867052023,0.6358381502890174,0.6994219653179191,0.7163822356700564,0.759658288599049
4,51004,belief_active__low_order_dynamic__delay_aware__no_current,delay_aware,no_current,True,True,True,1.0,0.38922622230097936,0.36159369401411595,True,93.99999999999893,0,0,0,0,0.49137122321258603,0.6061066249967553,0.2524331444061219,220,97c1d7cd866b9d2e4c2ecb5d7fa33520e2f8b414a6fb0abede5191ae15394a4d,b5b63aea1b15019d6c30fd620bd692fd24b196c4fab44936e93d0ea490c8d1a7,173,0.03468208092485549,0.023121387283236993,0.0,0.011560693641618497,0.13957955007250575,0.223445399614295
4,51004,belief_active__low_order_dynamic__baseline_pid__bottom_track_visible,baseline_pid,bottom_track_visible,False,False,False,0.32,0.48291141268151677,9.070084906310422,True,93.99999999999893,0,0,0,0,2.1734724710958666,0.5929552500019781,0.5029393905112921,220,97c1d7cd866b9d2e4c2ecb5d7fa33520e2f8b414a6fb0abede5191ae15394a4d,b5b63aea1b15019d6c30fd620bd692fd24b196c4fab44936e93d0ea490c8d1a7,173,0.953757225433526,0.7456647398843931,0.5895953757225434,0.6358381502890174,0.6989970138401851,0.7217358068036759
4,51004,belief_active__low_order_dynamic__delay_aware__bottom_track_visible,delay_aware,bottom_track_visible,True,True,True,1.0,0.6943890643354622,0.802338299237435,True,93.99999999999893,0,0,0,0,0.4284381103378315,0.5907917500007898,0.2716544263970961,220,97c1d7cd866b9d2e4c2ecb5d7fa33520e2f8b414a6fb0abede5191ae15394a4d,b5b63aea1b15019d6c30fd620bd692fd24b196c4fab44936e93d0ea490c8d1a7,173,0.04046242774566474,0.03468208092485549,0.0,0.005780346820809248,0.13589493199472227,0.23666157030268561
5,51005,belief_active__low_order_dynamic__baseline_pid__no_current,baseline_pid,no_current,False,False,False,0.4,0.9454879018759496,8.986738527489967,True,93.99999999999893,0,0,0,0,2.2757614482611532,0.6319213749957271,0.5045168974129158,220,61088caafe0a89c7ba763a544730988b6b0d5fcc398583fdd2d137f615cab5a6,1eb5baa6f506ddba82c213f6fcaf9835399de3cb036e5acf0d70c86f90981d27,173,0.9595375722543352,0.7572254335260116,0.5953757225433526,0.6416184971098265,0.7327523684748273,0.7549558614971801
5,51005,belief_active__low_order_dynamic__delay_aware__no_current,delay_aware,no_current,True,True,True,1.0,1.0061984965337802,1.047304100316943,True,93.99999999999893,0,0,0,0,0.49829400622603665,0.5939023749961052,0.2611283226341618,220,61088caafe0a89c7ba763a544730988b6b0d5fcc398583fdd2d137f615cab5a6,1eb5baa6f506ddba82c213f6fcaf9835399de3cb036e5acf0d70c86f90981d27,173,0.017341040462427744,0.011560693641618497,0.005780346820809248,0.005780346820809248,0.13075188729990359,0.21490830164407004
5,51005,belief_active__low_order_dynamic__baseline_pid__bottom_track_visible,baseline_pid,bottom_track_visible,False,False,False,0.48,0.9521607033528785,8.34516672155787,True,93.99999999999893,0,0,0,0,2.339734551989325,0.570185250006034,0.499723955470038,220,61088caafe0a89c7ba763a544730988b6b0d5fcc398583fdd2d137f615cab5a6,1eb5baa6f506ddba82c213f6fcaf9835399de3cb036e5acf0d70c86f90981d27,173,0.9479768786127167,0.7109826589595376,0.6242774566473989,0.6589595375722543,0.7249013028485953,0.751054432845204
5,51005,belief_active__low_order_dynamic__delay_aware__bottom_track_visible,delay_aware,bottom_track_visible,True,True,True,1.0,0.8744844157513408,0.8280073559276137,True,93.99999999999893,0,0,0,0,0.599300740359789,0.5819741669984069,0.25000632504580417,220,61088caafe0a89c7ba763a544730988b6b0d5fcc398583fdd2d137f615cab5a6,1eb5baa6f506ddba82c213f6fcaf9835399de3cb036e5acf0d70c86f90981d27,173,0.028901734104046242,0.028901734104046242,0.005780346820809248,0.011560693641618497,0.1512424181176752,0.23018789059094802
6,51006,belief_active__low_order_dynamic__baseline_pid__no_current,baseline_pid,no_current,True,False,False,0.3,0.06281256762318346,7.3466068497694055,True,123.99999999999723,0,0,0,0,2.1469702690723986,0.5779663330031326,0.48769947638071315,220,0da0f1a638dc2f7fedc916e9db891053fd4cd70875dba9ba5b28de3ee6af8258,fec960032f5dd8529b9649696743268b980cf328e619e0a63912595a93e05fe6,158,0.9430379746835443,0.7468354430379747,0.6012658227848101,0.6455696202531646,0.7393575730286681,0.75179143633578
6,51006,belief_active__low_order_dynamic__delay_aware__no_current,delay_aware,no_current,True,True,True,1.0,0.7668583950343683,0.9397227507714148,True,123.99999999999723,0,0,0,0,0.5451287642746454,0.6184741249890067,0.24854788088841498,220,0da0f1a638dc2f7fedc916e9db891053fd4cd70875dba9ba5b28de3ee6af8258,fec960032f5dd8529b9649696743268b980cf328e619e0a63912595a93e05fe6,158,0.012658227848101266,0.0,0.006329113924050633,0.012658227848101266,0.13881625352757798,0.23531065035422155
6,51006,belief_active__low_order_dynamic__baseline_pid__bottom_track_visible,baseline_pid,bottom_track_visible,False,False,False,0.04,0.12008401656154219,10.118450740405786,True,123.99999999999723,0,0,0,0,2.319207806891315,0.6041394999920158,0.5054329114153264,220,0da0f1a638dc2f7fedc916e9db891053fd4cd70875dba9ba5b28de3ee6af8258,fec960032f5dd8529b9649696743268b980cf328e619e0a63912595a93e05fe6,158,0.9683544303797469,0.6772151898734177,0.6518987341772152,0.6962025316455697,0.7539224247830824,0.8144043654430805
6,51006,belief_active__low_order_dynamic__delay_aware__bottom_track_visible,delay_aware,bottom_track_visible,True,True,True,1.0,0.9478665997096548,0.9764911443211346,True,123.99999999999723,0,0,0,0,0.7014064745152808,0.6023194589943159,0.2540755610769028,220,0da0f1a638dc2f7fedc916e9db891053fd4cd70875dba9ba5b28de3ee6af8258,fec960032f5dd8529b9649696743268b980cf328e619e0a63912595a93e05fe6,158,0.0189873417721519,0.012658227848101266,0.0,0.012658227848101266,0.13777354882881634,0.2361990550389004
7,51007,belief_active__low_order_dynamic__baseline_pid__no_current,baseline_pid,no_current,False,False,False,0.14,0.42889175428885534,13.472433977898412,True,64.00000000000064,0,0,0,0,2.3101406025324995,0.6182782090036198,0.49577221402140403,220,4fbc81b02d0ec8fc0e1bd27bca1e54c2717e6d5c64b7c1a8b7ba119446a2939b,6b550a012b04c5e7365a453b1482250a1d64a50391a0b6212d49f8814a37d2b8,188,0.9680851063829787,0.7127659574468085,0.6276595744680851,0.7127659574468085,0.7243985435401697,0.757321842201478
7,51007,belief_active__low_order_dynamic__delay_aware__no_current,delay_aware,no_current,True,True,True,1.0,0.7922020992261374,0.8596501419821645,True,64.00000000000064,0,0,0,0,0.3551824585150773,0.5876084580086172,0.19442137583804436,220,4fbc81b02d0ec8fc0e1bd27bca1e54c2717e6d5c64b7c1a8b7ba119446a2939b,6b550a012b04c5e7365a453b1482250a1d64a50391a0b6212d49f8814a37d2b8,188,0.02127659574468085,0.005319148936170213,0.0,0.015957446808510637,0.13820439564884754,0.23603731905181444
7,51007,belief_active__low_order_dynamic__baseline_pid__bottom_track_visible,baseline_pid,bottom_track_visible,True,False,False,0.22,0.3730187159630472,6.053500324043699,True,64.00000000000064,0,0,0,0,2.272668492426551,0.5856384999933653,0.4808835568048712,220,4fbc81b02d0ec8fc0e1bd27bca1e54c2717e6d5c64b7c1a8b7ba119446a2939b,6b550a012b04c5e7365a453b1482250a1d64a50391a0b6212d49f8814a37d2b8,188,0.9414893617021277,0.75,0.574468085106383,0.648936170212766,0.7234102059786162,0.7100120947590427
7,51007,belief_active__low_order_dynamic__delay_aware__bottom_track_visible,delay_aware,bottom_track_visible,True,True,True,1.0,0.6988991665577008,0.8520672691676683,True,64.00000000000064,0,0,0,0,0.3623808139039218,0.6007673749991227,0.19334935185533345,220,4fbc81b02d0ec8fc0e1bd27bca1e54c2717e6d5c64b7c1a8b7ba119446a2939b,6b550a012b04c5e7365a453b1482250a1d64a50391a0b6212d49f8814a37d2b8,188,0.015957446808510637,0.005319148936170213,0.0,0.010638297872340425,0.14065759090018976,0.2350367050397941
8,51008,belief_active__low_order_dynamic__baseline_pid__no_current,baseline_pid,no_current,True,False,False,0.1,0.3411110788846615,5.217609910671838,True,93.99999999999893,0,0,0,0,2.22576123441009,0.6130848329921719,0.47571183069344963,220,ae183e6c224b108f9b17edf4f858d4fb6632792ca3bfbaa42588519f0e75cf28,c45f4863dad85fe6c776602368f0686f6385822f9c406bcdb7f02844f6bc46d0,173,0.9595375722543352,0.7572254335260116,0.6184971098265896,0.6589595375722543,0.7319824456113863,0.7538109432190792
8,51008,belief_active__low_order_dynamic__delay_aware__no_current,delay_aware,no_current,True,True,True,1.0,0.3014565812380202,0.5888911820442434,True,93.99999999999893,0,0,0,0,0.45140845140093516,0.5827385830052663,0.19388102191095755,220,ae183e6c224b108f9b17edf4f858d4fb6632792ca3bfbaa42588519f0e75cf28,c45f4863dad85fe6c776602368f0686f6385822f9c406bcdb7f02844f6bc46d0,173,0.028901734104046242,0.023121387283236993,0.0,0.017341040462427744,0.12745843408802496,0.2191846934356441
8,51008,belief_active__low_order_dynamic__baseline_pid__bottom_track_visible,baseline_pid,bottom_track_visible,False,False,False,0.08,0.5593955173657288,11.25922971341079,True,93.99999999999893,0,0,0,0,2.1145040678991545,0.5957913339952938,0.45079696044828815,220,ae183e6c224b108f9b17edf4f858d4fb6632792ca3bfbaa42588519f0e75cf28,c45f4863dad85fe6c776602368f0686f6385822f9c406bcdb7f02844f6bc46d0,173,0.953757225433526,0.7745664739884393,0.6011560693641619,0.5780346820809249,0.6817541300619844,0.7005462970791194
8,51008,belief_active__low_order_dynamic__delay_aware__bottom_track_visible,delay_aware,bottom_track_visible,True,True,True,1.0,0.6542745994824023,0.7569488691172085,True,93.99999999999893,0,0,0,0,0.4199863252879932,0.6246839999948861,0.181381145326194,220,ae183e6c224b108f9b17edf4f858d4fb6632792ca3bfbaa42588519f0e75cf28,c45f4863dad85fe6c776602368f0686f6385822f9c406bcdb7f02844f6bc46d0,173,0.046242774566473986,0.03468208092485549,0.023121387283236993,0.005780346820809248,0.14115991771504585,0.2209927245035587
9,51009,belief_active__low_order_dynamic__baseline_pid__no_current,baseline_pid,no_current,False,False,False,0.22,0.8494629382107315,11.603861044394367,True,64.00000000000064,0,0,0,0,2.2517708155370455,0.6066354580107145,0.4881573062105857,220,b8ff29fc2e858b5652c0e8ec65cabf077b81939c55e202b9b5c321ffb8402430,b1737057fbd651df9760eeb538f5d61ff24693a1f2a1e7c84846188a887f1625,188,0.9627659574468085,0.7393617021276596,0.6542553191489362,0.5478723404255319,0.7266065379422292,0.739769544229925
9,51009,belief_active__low_order_dynamic__delay_aware__no_current,delay_aware,no_current,True,True,True,1.0,0.7924941499749514,0.7197073300965191,True,64.00000000000064,0,0,0,0,0.39167990290342014,0.575855875009438,0.1954979442530041,220,b8ff29fc2e858b5652c0e8ec65cabf077b81939c55e202b9b5c321ffb8402430,b1737057fbd651df9760eeb538f5d61ff24693a1f2a1e7c84846188a887f1625,188,0.0425531914893617,0.031914893617021274,0.015957446808510637,0.0,0.14168971781074888,0.23165869265812095
9,51009,belief_active__low_order_dynamic__baseline_pid__bottom_track_visible,baseline_pid,bottom_track_visible,False,False,False,0.34,0.4771355932704878,8.70485047152762,True,93.99999999999893,0,0,0,0,2.03731231585213,0.574574666999979,0.4484037584400645,220,b8ff29fc2e858b5652c0e8ec65cabf077b81939c55e202b9b5c321ffb8402430,b1737057fbd651df9760eeb538f5d61ff24693a1f2a1e7c84846188a887f1625,173,0.9653179190751445,0.5202312138728323,0.6184971098265896,0.6416184971098265,0.720944146748722,0.678185400169532
9,51009,belief_active__low_order_dynamic__delay_aware__bottom_track_visible,delay_aware,bottom_track_visible,True,True,True,1.0,0.49606005310487344,0.816521796781114,True,93.99999999999893,0,0,0,0,0.4288983372030151,0.5770574589987518,0.18236046565916852,220,b8ff29fc2e858b5652c0e8ec65cabf077b81939c55e202b9b5c321ffb8402430,b1737057fbd651df9760eeb538f5d61ff24693a1f2a1e7c84846188a887f1625,173,0.023121387283236993,0.017341040462427744,0.017341040462427744,0.0,0.14426725647725433,0.2215816866657934
10,51010,belief_active__low_order_dynamic__baseline_pid__no_current,baseline_pid,no_current,True,False,False,0.14,0.7621928490020554,4.348297429166521,True,123.99999999999723,0,0,0,0,2.1507276558220942,0.5876374159997795,0.49398869946815516,220,e410295667e572eb63f71eb6522adf547e36b578977aa9e74a7a56b02b1210c3,f399475521aab72b1db96ce1c453c0b81eb3e3f7772d63e96680de84f4d7cb89,158,0.9746835443037974,0.620253164556962,0.6329113924050633,0.6645569620253164,0.7605942972574234,0.7215790927354901
10,51010,belief_active__low_order_dynamic__delay_aware__no_current,delay_aware,no_current,True,True,True,1.0,0.8948106079807019,0.8825264427139559,True,123.99999999999723,0,0,0,0,0.6051625412882721,0.6133207090024371,0.2786174630595368,220,e410295667e572eb63f71eb6522adf547e36b578977aa9e74a7a56b02b1210c3,f399475521aab72b1db96ce1c453c0b81eb3e3f7772d63e96680de84f4d7cb89,158,0.05063291139240506,0.04430379746835443,0.0,0.006329113924050633,0.14317164875331928,0.22628145220755835
10,51010,belief_active__low_order_dynamic__baseline_pid__bottom_track_visible,baseline_pid,bottom_track_visible,False,False,False,0.0,0.70396359495611,28.562429405543078,True,183.99999999999383,0,0,0,0,2.1289049406500924,0.59476624999661,0.49853569014366095,220,e410295667e572eb63f71eb6522adf547e36b578977aa9e74a7a56b02b1210c3,f399475521aab72b1db96ce1c453c0b81eb3e3f7772d63e96680de84f4d7cb89,128,0.90625,0.6171875,0.6484375,0.5625,0.7373408084313149,0.7917166130957266
10,51010,belief_active__low_order_dynamic__delay_aware__bottom_track_visible,delay_aware,bottom_track_visible,False,False,False,0.0,0.7568394575397336,15.729143750512554,True,183.99999999999383,0,0,0,0,0.8859081362141003,0.5724301669979468,0.3139612247940511,220,e410295667e572eb63f71eb6522adf547e36b578977aa9e74a7a56b02b1210c3,f399475521aab72b1db96ce1c453c0b81eb3e3f7772d63e96680de84f4d7cb89,128,0.0078125,0.0078125,0.0,0.0,0.13517114439834899,0.223725787338917
11,51011,belief_active__low_order_dynamic__baseline_pid__no_current,baseline_pid,no_current,False,False,False,0.12,0.2494070868366129,9.201685675473687,True,64.00000000000064,0,0,0,0,2.2774498175585864,0.587364749997505,0.48112749105863656,220,23d7a66401cb3dee43d12debfe5c12abcf4c1685317546cf6d4b98ea743e87a1,07bbe9d78627ffd58864d260f541650086d483607e38bac99a5a47385ba30dc2,188,0.9787234042553191,0.723404255319149,0.6329787234042553,0.6223404255319149,0.6987175166062842,0.74938123524062
11,51011,belief_active__low_order_dynamic__delay_aware__no_current,delay_aware,no_current,True,True,True,1.0,0.17700756801628661,0.12089120153114967,True,64.00000000000064,0,0,0,0,0.4387355037205009,0.7027047090086853,0.19974405579115978,220,23d7a66401cb3dee43d12debfe5c12abcf4c1685317546cf6d4b98ea743e87a1,07bbe9d78627ffd58864d260f541650086d483607e38bac99a5a47385ba30dc2,188,0.05319148936170213,0.026595744680851064,0.031914893617021274,0.015957446808510637,0.14555586066185802,0.22759619693148367
11,51011,belief_active__low_order_dynamic__baseline_pid__bottom_track_visible,baseline_pid,bottom_track_visible,False,False,False,0.24,0.2928025919038025,12.62901763883499,True,64.00000000000064,0,0,0,0,2.3415898312940384,0.7522515829914482,0.48654408650026354,220,23d7a66401cb3dee43d12debfe5c12abcf4c1685317546cf6d4b98ea743e87a1,07bbe9d78627ffd58864d260f541650086d483607e38bac99a5a47385ba30dc2,188,0.9627659574468085,0.7446808510638298,0.6382978723404256,0.7021276595744681,0.7015192029223819,0.762575204143631
11,51011,belief_active__low_order_dynamic__delay_aware__bottom_track_visible,delay_aware,bottom_track_visible,True,True,True,1.0,0.2729809163168343,0.26091036300021425,True,64.00000000000064,0,0,0,0,0.45333227601031484,0.758967957997811,0.2072825587443895,220,23d7a66401cb3dee43d12debfe5c12abcf4c1685317546cf6d4b98ea743e87a1,07bbe9d78627ffd58864d260f541650086d483607e38bac99a5a47385ba30dc2,188,0.06382978723404255,0.031914893617021274,0.0425531914893617,0.015957446808510637,0.14655901539070879,0.22974527073521267
12,51012,belief_active__low_order_dynamic__baseline_pid__no_current,baseline_pid,no_current,False,False,False,0.26,0.5809621062085171,12.38043202686049,True,64.00000000000064,0,0,0,0,2.2695252176493836,0.6911274590092944,0.482890168029216,220,d11418b6ab1e6127b8256463b6e5f2c769bd379fe25f6e1bf54d947a3116c391,8d3fbccf2111a70ee86d347a46d2f00e25de655e6e3d0a7a13909ff298d1f958,188,0.9680851063829787,0.7819148936170213,0.6542553191489362,0.5531914893617021,0.6920351045960592,0.7391207938042804
12,51012,belief_active__low_order_dynamic__delay_aware__no_current,delay_aware,no_current,True,True,True,1.0,0.510740115206226,0.4227117811026022,True,64.00000000000064,0,0,0,0,0.43529918550034524,0.7485093339928426,0.20155405898631057,220,d11418b6ab1e6127b8256463b6e5f2c769bd379fe25f6e1bf54d947a3116c391,8d3fbccf2111a70ee86d347a46d2f00e25de655e6e3d0a7a13909ff298d1f958,188,0.05851063829787234,0.0425531914893617,0.031914893617021274,0.0,0.14881327190578258,0.22475558260215084
12,51012,belief_active__low_order_dynamic__baseline_pid__bottom_track_visible,baseline_pid,bottom_track_visible,False,False,False,0.4,0.4306836903485528,12.856601323819628,True,64.00000000000064,0,0,0,0,2.222652681874927,0.7441692499996861,0.4785328930787677,220,d11418b6ab1e6127b8256463b6e5f2c769bd379fe25f6e1bf54d947a3116c391,8d3fbccf2111a70ee86d347a46d2f00e25de655e6e3d0a7a13909ff298d1f958,188,0.9414893617021277,0.75,0.5904255319148937,0.5638297872340425,0.7048557459790542,0.7036308329696479
12,51012,belief_active__low_order_dynamic__delay_aware__bottom_track_visible,delay_aware,bottom_track_visible,True,True,True,1.0,0.654139601275649,0.6037025722864234,True,64.00000000000064,0,0,0,0,0.402217060412722,0.7175528750085505,0.2078455716381687,220,d11418b6ab1e6127b8256463b6e5f2c769bd379fe25f6e1bf54d947a3116c391,8d3fbccf2111a70ee86d347a46d2f00e25de655e6e3d0a7a13909ff298d1f958,188,0.0425531914893617,0.031914893617021274,0.02127659574468085,0.0,0.14892790325070984,0.23474317072925743
13,51013,belief_active__low_order_dynamic__baseline_pid__no_current,baseline_pid,no_current,True,False,False,0.22,0.45024259841277275,5.800299546413435,True,93.99999999999893,0,0,0,0,2.2848904974532833,0.6922903329977999,0.5001459595552156,220,b8189ec783b0619464b68a6a29d91873b5ff7eaa2f2f84ac28fa404001762269,2133e274d07d614b4dcb8c6b0f7124b9c5230bd757398dbdc397e2ea07838a80,173,0.9653179190751445,0.7167630057803468,0.5953757225433526,0.6878612716763006,0.7123641011377712,0.731811157739194
13,51013,belief_active__low_order_dynamic__delay_aware__no_current,delay_aware,no_current,True,True,True,1.0,0.44635031204521525,0.46767936607041827,True,93.99999999999893,0,0,0,0,0.5521009920586964,0.7459085000009509,0.2620404637245309,220,b8189ec783b0619464b68a6a29d91873b5ff7eaa2f2f84ac28fa404001762269,2133e274d07d614b4dcb8c6b0f7124b9c5230bd757398dbdc397e2ea07838a80,173,0.046242774566473986,0.03468208092485549,0.005780346820809248,0.005780346820809248,0.14502100021255185,0.2324213486166472
13,51013,belief_active__low_order_dynamic__baseline_pid__bottom_track_visible,baseline_pid,bottom_track_visible,False,False,False,0.12,0.6381901642931543,9.821452643337874,True,93.99999999999893,0,0,0,0,2.3616734662056027,0.7262489589920733,0.5156533224702792,220,b8189ec783b0619464b68a6a29d91873b5ff7eaa2f2f84ac28fa404001762269,2133e274d07d614b4dcb8c6b0f7124b9c5230bd757398dbdc397e2ea07838a80,173,0.9710982658959537,0.6878612716763006,0.6647398843930635,0.7109826589595376,0.7201368785327132,0.8062788629288496
13,51013,belief_active__low_order_dynamic__delay_aware__bottom_track_visible,delay_aware,bottom_track_visible,True,True,True,1.0,0.7171094459336609,0.7154692249066398,True,93.99999999999893,0,0,0,0,0.644646361917509,0.7920730000041658,0.2656855918778584,220,b8189ec783b0619464b68a6a29d91873b5ff7eaa2f2f84ac28fa404001762269,2133e274d07d614b4dcb8c6b0f7124b9c5230bd757398dbdc397e2ea07838a80,173,0.03468208092485549,0.03468208092485549,0.005780346820809248,0.023121387283236993,0.1546393869113719,0.23792876165290186
14,51014,belief_active__low_order_dynamic__baseline_pid__no_current,baseline_pid,no_current,True,False,False,0.64,0.2161577534895918,4.188004419896569,True,93.99999999999893,0,0,0,0,2.228222739914717,0.7062269589951029,0.48194846105915545,220,7265b24c7a51e270d531b6f73eb86c8261ea0290020b3d66bc8c29db3020d028,e7d02fdab2cc8dbeb2471b4e4df31d258e4ed977dac19d01dfd90339ffd589dd,173,0.9653179190751445,0.7167630057803468,0.6763005780346821,0.7052023121387283,0.6844432572584594,0.7538591452441343
14,51014,belief_active__low_order_dynamic__delay_aware__no_current,delay_aware,no_current,True,True,True,1.0,0.4147853978337084,0.3317209530648912,True,93.99999999999893,0,0,0,0,0.4718636244781833,0.729477125001722,0.23047166841670547,220,7265b24c7a51e270d531b6f73eb86c8261ea0290020b3d66bc8c29db3020d028,e7d02fdab2cc8dbeb2471b4e4df31d258e4ed977dac19d01dfd90339ffd589dd,173,0.046242774566473986,0.028901734104046242,0.023121387283236993,0.0,0.14542043646300615,0.22387705032124064
14,51014,belief_active__low_order_dynamic__baseline_pid__bottom_track_visible,baseline_pid,bottom_track_visible,False,False,False,0.48,0.30690562674264493,13.469076871135384,True,93.99999999999893,0,0,0,0,2.3109788018437736,0.6283713330049068,0.5040664290449055,220,7265b24c7a51e270d531b6f73eb86c8261ea0290020b3d66bc8c29db3020d028,e7d02fdab2cc8dbeb2471b4e4df31d258e4ed977dac19d01dfd90339ffd589dd,173,0.9710982658959537,0.7514450867052023,0.6994219653179191,0.7398843930635838,0.6975958543462292,0.8478465318351729
14,51014,belief_active__low_order_dynamic__delay_aware__bottom_track_visible,delay_aware,bottom_track_visible,True,True,True,1.0,0.444019979714807,0.2907678476793378,True,93.99999999999893,0,0,0,0,0.5361876145803248,0.776196874998277,0.23709856043071464,220,7265b24c7a51e270d531b6f73eb86c8261ea0290020b3d66bc8c29db3020d028,e7d02fdab2cc8dbeb2471b4e4df31d258e4ed977dac19d01dfd90339ffd589dd,173,0.08092485549132948,0.04046242774566474,0.057803468208092484,0.017341040462427744,0.14514661312360505,0.20764296437622431
15,51015,belief_active__low_order_dynamic__baseline_pid__no_current,baseline_pid,no_current,True,False,False,0.3,0.6917965324437488,3.358574585468542,True,64.00000000000064,0,0,0,0,2.3198001616925232,0.6296539999893866,0.48940333137224423,220,a8caf0587a3ef1a310dede70908f94c161ea755a3f942325b6bdc141d4ba0b14,da678651ce3d0b7edf689097d99d6cfcb3eb846a39998bb0db18d7555647b724,188,0.9627659574468085,0.7340425531914894,0.6329787234042553,0.6436170212765957,0.7428356841480266,0.753224138178367
15,51015,belief_active__low_order_dynamic__delay_aware__no_current,delay_aware,no_current,True,True,True,1.0,0.6059662522015219,0.6657615868868632,True,64.00000000000064,0,0,0,0,0.3835322592880751,0.6148764169920469,0.19347671339342087,220,a8caf0587a3ef1a310dede70908f94c161ea755a3f942325b6bdc141d4ba0b14,da678651ce3d0b7edf689097d99d6cfcb3eb846a39998bb0db18d7555647b724,188,0.015957446808510637,0.005319148936170213,0.010638297872340425,0.005319148936170213,0.1404018560761588,0.24126308066076993
15,51015,belief_active__low_order_dynamic__baseline_pid__bottom_track_visible,baseline_pid,bottom_track_visible,False,False,False,0.12,0.41023174451760097,10.187996033641284,True,64.00000000000064,0,0,0,0,2.3563654531541074,0.667627957998775,0.4970203272288037,220,a8caf0587a3ef1a310dede70908f94c161ea755a3f942325b6bdc141d4ba0b14,da678651ce3d0b7edf689097d99d6cfcb3eb846a39998bb0db18d7555647b724,188,0.9574468085106383,0.7606382978723404,0.6542553191489362,0.6968085106382979,0.7132197595585633,0.8093479385803816
15,51015,belief_active__low_order_dynamic__delay_aware__bottom_track_visible,delay_aware,bottom_track_visible,True,True,True,1.0,0.7938352724251294,0.8643458171118978,True,64.00000000000064,0,0,0,0,0.39170492653822137,0.6674729579972336,0.1829890313871429,220,a8caf0587a3ef1a310dede70908f94c161ea755a3f942325b6bdc141d4ba0b14,da678651ce3d0b7edf689097d99d6cfcb3eb846a39998bb0db18d7555647b724,188,0.03723404255319149,0.03723404255319149,0.0,0.010638297872340425,0.14194127747683938,0.24185051507840996
16,51016,belief_active__low_order_dynamic__baseline_pid__no_current,baseline_pid,no_current,True,True,False,0.8,0.6308129376337558,6.823441454303679,True,93.99999999999893,0,0,0,0,2.2178245432790105,0.6206040830002166,0.4958146172059817,220,a917cd00606f6df3591a8a87c07b6efd7de0bc2e1c156ca26ce3fb60cd492367,de66c527b7e2823e7813f03b712ad24e732a48a6f86b770251699620c4a87cca,173,0.953757225433526,0.7283236994219653,0.6184971098265896,0.6647398843930635,0.7063029086542285,0.7436228715595956
16,51016,belief_active__low_order_dynamic__delay_aware__no_current,delay_aware,no_current,True,True,True,1.0,1.3172786018128337,1.437100071308221,True,93.99999999999893,0,0,0,0,0.4709998010557689,0.6378344580007251,0.2399334301172227,220,a917cd00606f6df3591a8a87c07b6efd7de0bc2e1c156ca26ce3fb60cd492367,de66c527b7e2823e7813f03b712ad24e732a48a6f86b770251699620c4a87cca,173,0.046242774566473986,0.028901734104046242,0.0,0.017341040462427744,0.13646997189589688,0.22165592997572822
16,51016,belief_active__low_order_dynamic__baseline_pid__bottom_track_visible,baseline_pid,bottom_track_visible,False,False,False,0.36,0.6119245059067853,14.808118799389524,True,183.99999999999383,0,0,0,0,1.919740089104336,0.6309786249912577,0.4688220553310475,220,a917cd00606f6df3591a8a87c07b6efd7de0bc2e1c156ca26ce3fb60cd492367,de66c527b7e2823e7813f03b712ad24e732a48a6f86b770251699620c4a87cca,128,0.9375,0.71875,0.7265625,0.484375,0.704581845800734,0.7814250140722525
16,51016,belief_active__low_order_dynamic__delay_aware__bottom_track_visible,delay_aware,bottom_track_visible,True,False,True,0.52,0.6128631812015002,1.0979788886038955,True,183.99999999999383,0,0,0,0,0.700676206864838,0.630947041005129,0.29310069111133147,220,a917cd00606f6df3591a8a87c07b6efd7de0bc2e1c156ca26ce3fb60cd492367,de66c527b7e2823e7813f03b712ad24e732a48a6f86b770251699620c4a87cca,128,0.0390625,0.03125,0.0,0.015625,0.1443914579980765,0.21825956465974747
17,51017,belief_active__low_order_dynamic__baseline_pid__no_current,baseline_pid,no_current,False,False,False,0.2,0.4771665690760664,11.898195996491749,True,93.99999999999893,0,0,0,0,2.2054194669976646,0.6214062499930151,0.46564269841964917,220,3a4464f3f3c1d439fbde5a824fe4a8f2f1c3737738d5dd9cd5819193f524c537,2b3af6dc1b708869e655914a57baa0acace91bd94228b751b3b26b56b17f25ec,173,0.9710982658959537,0.7630057803468208,0.6589595375722543,0.6820809248554913,0.709286549256738,0.7720187444684303
17,51017,belief_active__low_order_dynamic__delay_aware__no_current,delay_aware,no_current,True,True,True,1.0,0.6802059977059411,0.5257910912058016,True,93.99999999999893,0,0,0,0,0.41642358260728807,0.629117040996789,0.17218015518248259,220,3a4464f3f3c1d439fbde5a824fe4a8f2f1c3737738d5dd9cd5819193f524c537,2b3af6dc1b708869e655914a57baa0acace91bd94228b751b3b26b56b17f25ec,173,0.046242774566473986,0.023121387283236993,0.028901734104046242,0.0,0.13836850459476768,0.2174506960489052
17,51017,belief_active__low_order_dynamic__baseline_pid__bottom_track_visible,baseline_pid,bottom_track_visible,True,False,False,0.46,0.3093835470101603,4.397385900318956,True,64.00000000000064,0,0,0,0,2.2128909954254987,0.6578314579965081,0.4667248947324047,220,3a4464f3f3c1d439fbde5a824fe4a8f2f1c3737738d5dd9cd5819193f524c537,2b3af6dc1b708869e655914a57baa0acace91bd94228b751b3b26b56b17f25ec,188,0.9468085106382979,0.7287234042553191,0.5904255319148937,0.5425531914893617,0.686954116556126,0.6661197196394638
17,51017,belief_active__low_order_dynamic__delay_aware__bottom_track_visible,delay_aware,bottom_track_visible,True,True,True,1.0,0.8624640962383486,1.0768713164056944,True,64.00000000000064,0,0,0,0,0.4294518440379567,0.6615197909995914,0.1929643654811993,220,3a4464f3f3c1d439fbde5a824fe4a8f2f1c3737738d5dd9cd5819193f524c537,2b3af6dc1b708869e655914a57baa0acace91bd94228b751b3b26b56b17f25ec,188,0.0425531914893617,0.026595744680851064,0.026595744680851064,0.0,0.1313371517017011,0.2080243109239773
18,51018,belief_active__low_order_dynamic__baseline_pid__no_current,baseline_pid,no_current,False,False,False,0.2,0.5840502985440174,12.11128965077401,True,93.99999999999893,0,0,0,0,2.234029962751933,0.6260260840062983,0.4838422625018321,220,bf6bb483d3f793f8f54813cc642a61073c206ace819643cea83524ed4aefe68b,14b6f52426d0c2b0ef074e91afa9d29d73ab6360bf0a1ebe01689fd8befabb68,173,0.9595375722543352,0.7514450867052023,0.6011560693641619,0.6589595375722543,0.7204596978816913,0.7590416773660749
18,51018,belief_active__low_order_dynamic__delay_aware__no_current,delay_aware,no_current,True,True,True,1.0,1.0005018493864126,1.029708398998431,True,93.99999999999893,0,0,0,0,0.42219768020112297,0.6587319170066621,0.21270948783303328,220,bf6bb483d3f793f8f54813cc642a61073c206ace819643cea83524ed4aefe68b,14b6f52426d0c2b0ef074e91afa9d29d73ab6360bf0a1ebe01689fd8befabb68,173,0.023121387283236993,0.023121387283236993,0.0,0.0,0.12151198184047622,0.22229428572675122
18,51018,belief_active__low_order_dynamic__baseline_pid__bottom_track_visible,baseline_pid,bottom_track_visible,False,False,False,0.3,0.18438813401029283,9.218763782218252,True,93.99999999999893,0,0,0,0,2.2111025489937894,0.602247292001266,0.4903232615619402,220,bf6bb483d3f793f8f54813cc642a61073c206ace819643cea83524ed4aefe68b,14b6f52426d0c2b0ef074e91afa9d29d73ab6360bf0a1ebe01689fd8befabb68,173,0.9479768786127167,0.7572254335260116,0.5549132947976878,0.6127167630057804,0.7100358797433897,0.7036568180567465
18,51018,belief_active__low_order_dynamic__delay_aware__bottom_track_visible,delay_aware,bottom_track_visible,True,True,True,1.0,0.3976526230350659,0.4031189810199669,True,93.99999999999893,0,0,0,0,0.4646988863446342,0.6319709579984192,0.24904722406460084,220,bf6bb483d3f793f8f54813cc642a61073c206ace819643cea83524ed4aefe68b,14b6f52426d0c2b0ef074e91afa9d29d73ab6360bf0a1ebe01689fd8befabb68,173,0.017341040462427744,0.005780346820809248,0.005780346820809248,0.011560693641618497,0.13886194165576327,0.23122302159327943
19,51019,belief_active__low_order_dynamic__baseline_pid__no_current,baseline_pid,no_current,False,False,False,0.18,0.3489302281115567,11.816130155026544,True,93.99999999999893,0,0,0,0,2.1571661905956767,0.702982583999983,0.474460770028379,220,fd0740f8d150353574a9761f17766b049a2a20fad4a1e0f3fac5beaf4bd21715,c143c2c8203ab5ffe2b750cee3920630f164aaf4ea74102f85befc0b825aad99,173,0.976878612716763,0.7456647398843931,0.6069364161849711,0.6705202312138728,0.7208686442771395,0.7505336539466821
19,51019,belief_active__low_order_dynamic__delay_aware__no_current,delay_aware,no_current,True,True,True,1.0,0.24504469505143614,0.2812363297555244,True,93.99999999999893,0,0,0,0,0.3363004715507608,0.690420416998677,0.1992253878627008,220,fd0740f8d150353574a9761f17766b049a2a20fad4a1e0f3fac5beaf4bd21715,c143c2c8203ab5ffe2b750cee3920630f164aaf4ea74102f85befc0b825aad99,173,0.0,0.0,0.0,0.0,0.12155725165190631,0.2267415515715376
19,51019,belief_active__low_order_dynamic__baseline_pid__bottom_track_visible,baseline_pid,bottom_track_visible,False,False,False,0.12,0.6884659761167033,9.164322556456383,True,93.99999999999893,0,0,0,0,2.184229652500525,0.6869566250097705,0.47326605202080513,220,fd0740f8d150353574a9761f17766b049a2a20fad4a1e0f3fac5beaf4bd21715,c143c2c8203ab5ffe2b750cee3920630f164aaf4ea74102f85befc0b825aad99,173,0.9595375722543352,0.7225433526011561,0.6705202312138728,0.6994219653179191,0.7037274926935094,0.7873065267973985
19,51019,belief_active__low_order_dynamic__delay_aware__bottom_track_visible,delay_aware,bottom_track_visible,True,True,True,1.0,0.8368621655216005,0.8734901237123636,True,93.99999999999893,0,0,0,0,0.4166073151119457,0.6884007919870783,0.19536513048916976,220,fd0740f8d150353574a9761f17766b049a2a20fad4a1e0f3fac5beaf4bd21715,c143c2c8203ab5ffe2b750cee3920630f164aaf4ea74102f85befc0b825aad99,173,0.04046242774566474,0.028901734104046242,0.011560693641618497,0.017341040462427744,0.14183433728557562,0.2276238593358638
20,51020,belief_active__low_order_dynamic__baseline_pid__no_current,baseline_pid,no_current,True,False,False,0.36,0.27792195247830054,6.961400773325121,True,123.99999999999723,0,0,0,0,2.0571106985289664,0.636255750010605,0.4700921458513378,220,03110ddbcf78c84045e7eea89ed6e0bdfaa1e3316125e5c50e138232909859db,80394edd4e9043078d89c16dc449572ea71bc21b805be4ac43a83e26431d0d7c,158,0.9683544303797469,0.6835443037974683,0.6139240506329114,0.6772151898734177,0.7399191808352449,0.7435565850467283
20,51020,belief_active__low_order_dynamic__delay_aware__no_current,delay_aware,no_current,True,True,True,1.0,0.4854450737648649,0.4544441702783734,True,123.99999999999723,0,0,0,0,0.46510314364921773,0.6588269579951884,0.22532989535527959,220,03110ddbcf78c84045e7eea89ed6e0bdfaa1e3316125e5c50e138232909859db,80394edd4e9043078d89c16dc449572ea71bc21b805be4ac43a83e26431d0d7c,158,0.03164556962025317,0.02531645569620253,0.0,0.006329113924050633,0.1375607129508127,0.21575529967998666
20,51020,belief_active__low_order_dynamic__baseline_pid__bottom_track_visible,baseline_pid,bottom_track_visible,False,False,False,0.38,0.35487955143053107,11.158420054941445,True,123.99999999999723,0,0,0,0,2.163580297264971,0.6362483749981038,0.45969742510261086,220,03110ddbcf78c84045e7eea89ed6e0bdfaa1e3316125e5c50e138232909859db,80394edd4e9043078d89c16dc449572ea71bc21b805be4ac43a83e26431d0d7c,158,0.9556962025316456,0.6518987341772152,0.5822784810126582,0.6518987341772152,0.7079149415747313,0.7088136791234623
20,51020,belief_active__low_order_dynamic__delay_aware__bottom_track_visible,delay_aware,bottom_track_visible,True,True,True,1.0,0.6678635549922947,0.6519408321317274,True,123.99999999999723,0,0,0,0,0.6286787442460327,0.6050415000063367,0.21562127587080115,220,03110ddbcf78c84045e7eea89ed6e0bdfaa1e3316125e5c50e138232909859db,80394edd4e9043078d89c16dc449572ea71bc21b805be4ac43a83e26431d0d7c,158,0.0189873417721519,0.0189873417721519,0.0,0.006329113924050633,0.14561511584966308,0.214905171463156
21,51021,belief_active__low_order_dynamic__baseline_pid__no_current,baseline_pid,no_current,True,False,False,0.46,0.699355605259767,7.511151536038259,True,117.99999999999757,0,0,0,0,2.1402785984160015,0.6553672919981182,0.48468383992595454,220,7f8794c108767429229d0a2b21c7a9f40a54562e5745b84391963bf8fb3a59fb,404417267c46abdd4c8ff65d796211e4b55ef1606676cb404b092a8e7d8343a7,161,0.937888198757764,0.7515527950310559,0.5714285714285714,0.6024844720496895,0.7216191463259028,0.7384198659733203
21,51021,belief_active__low_order_dynamic__delay_aware__no_current,delay_aware,no_current,True,True,True,1.0,1.5538313069335141,1.349838051196413,True,117.99999999999757,0,0,0,0,0.5311634929530477,0.6399962499999674,0.25741555759685353,220,7f8794c108767429229d0a2b21c7a9f40a54562e5745b84391963bf8fb3a59fb,404417267c46abdd4c8ff65d796211e4b55ef1606676cb404b092a8e7d8343a7,161,0.018633540372670808,0.012422360248447204,0.006211180124223602,0.0,0.1356217513055012,0.23033156446870773
21,51021,belief_active__low_order_dynamic__baseline_pid__bottom_track_visible,baseline_pid,bottom_track_visible,True,True,True,0.9,0.4732967610743069,3.9861768380720357,True,123.99999999999723,0,0,0,0,1.9751337866854608,0.7391361250047339,0.48614367882296977,220,7f8794c108767429229d0a2b21c7a9f40a54562e5745b84391963bf8fb3a59fb,404417267c46abdd4c8ff65d796211e4b55ef1606676cb404b092a8e7d8343a7,158,0.9177215189873418,0.7341772151898734,0.379746835443038,0.47468354430379744,0.6629234828760707,0.6256346723946181
21,51021,belief_active__low_order_dynamic__delay_aware__bottom_track_visible,delay_aware,bottom_track_visible,True,True,True,1.0,0.9740099215135133,0.8145164074011718,True,123.99999999999723,0,0,0,0,0.5620204352151993,0.6480741669947747,0.31870683884234985,220,7f8794c108767429229d0a2b21c7a9f40a54562e5745b84391963bf8fb3a59fb,404417267c46abdd4c8ff65d796211e4b55ef1606676cb404b092a8e7d8343a7,158,0.02531645569620253,0.0189873417721519,0.006329113924050633,0.0,0.13708485106345256,0.22718927577054315
22,51022,belief_active__low_order_dynamic__baseline_pid__no_current,baseline_pid,no_current,False,False,False,0.16,0.6456380718525787,10.940651611731267,True,123.99999999999723,0,0,0,0,2.0269206243933833,0.6919220830022823,0.4600658045709611,220,c500bf9c7d6ea2e929084c1313ae4ff76aac935d55eb9cb94f63729a79942f99,1f474f1067c0bafe91ca81ee044d4980439235625c04d6c889b4866a15558260,158,0.9556962025316456,0.759493670886076,0.6265822784810127,0.5886075949367089,0.7020314979002755,0.7485159684216162
22,51022,belief_active__low_order_dynamic__delay_aware__no_current,delay_aware,no_current,True,True,True,1.0,0.4818661660444656,0.6448914958559953,True,123.99999999999723,0,0,0,0,0.44728343516107477,0.7350839159917086,0.21481306537576603,220,c500bf9c7d6ea2e929084c1313ae4ff76aac935d55eb9cb94f63729a79942f99,1f474f1067c0bafe91ca81ee044d4980439235625c04d6c889b4866a15558260,158,0.05063291139240506,0.0379746835443038,0.0189873417721519,0.012658227848101266,0.1356497789770016,0.22108644205130845
22,51022,belief_active__low_order_dynamic__baseline_pid__bottom_track_visible,baseline_pid,bottom_track_visible,False,False,False,0.58,0.9090357726685715,8.436738725083309,True,64.00000000000064,0,0,0,0,2.152201657676046,0.6960499999986496,0.4692095031635664,220,c500bf9c7d6ea2e929084c1313ae4ff76aac935d55eb9cb94f63729a79942f99,1f474f1067c0bafe91ca81ee044d4980439235625c04d6c889b4866a15558260,188,0.9468085106382979,0.7021276595744681,0.4734042553191489,0.601063829787234,0.7065715906654636,0.6738175083091766
22,51022,belief_active__low_order_dynamic__delay_aware__bottom_track_visible,delay_aware,bottom_track_visible,True,True,True,1.0,0.6572454646105045,0.6913094484189576,True,64.00000000000064,0,0,0,0,0.33953844109999426,0.7080127920053201,0.1989116469757023,220,c500bf9c7d6ea2e929084c1313ae4ff76aac935d55eb9cb94f63729a79942f99,1f474f1067c0bafe91ca81ee044d4980439235625c04d6c889b4866a15558260,188,0.031914893617021274,0.02127659574468085,0.015957446808510637,0.0,0.1348495510420672,0.2350455101696143
23,51023,belief_active__low_order_dynamic__baseline_pid__no_current,baseline_pid,no_current,True,False,False,0.6,0.19534280242430244,7.917405374512446,True,123.99999999999723,0,0,0,0,2.0337477083326996,0.626093500002753,0.4760146591175183,220,e9991fd1851142077f0f48989b039e7989749d8dc54afb7bcaa463b90c280b34,42bb9c2cd96e0a71c2fb29ce0b1bd53e8ccac4b46d8920aaf5d37bd617937388,158,0.9746835443037974,0.620253164556962,0.620253164556962,0.6772151898734177,0.7384714344814407,0.7195061089461402
23,51023,belief_active__low_order_dynamic__delay_aware__no_current,delay_aware,no_current,True,True,True,1.0,1.139466624486122,1.1564160478601473,True,123.99999999999723,0,0,0,0,0.5129212343266266,0.6959270829975139,0.24412594851555974,220,e9991fd1851142077f0f48989b039e7989749d8dc54afb7bcaa463b90c280b34,42bb9c2cd96e0a71c2fb29ce0b1bd53e8ccac4b46d8920aaf5d37bd617937388,158,0.05063291139240506,0.04430379746835443,0.012658227848101266,0.006329113924050633,0.14215785586688068,0.21644625413584645
23,51023,belief_active__low_order_dynamic__baseline_pid__bottom_track_visible,baseline_pid,bottom_track_visible,True,True,True,1.0,0.3335189864350558,3.420591437659551,True,93.99999999999893,0,0,0,0,2.0210847080738654,0.7343784999975469,0.4490253176960695,220,e9991fd1851142077f0f48989b039e7989749d8dc54afb7bcaa463b90c280b34,42bb9c2cd96e0a71c2fb29ce0b1bd53e8ccac4b46d8920aaf5d37bd617937388,173,0.8786127167630058,0.7341040462427746,0.4508670520231214,0.42196531791907516,0.6408505429850035,0.6188140377935576
23,51023,belief_active__low_order_dynamic__delay_aware__bottom_track_visible,delay_aware,bottom_track_visible,True,True,True,1.0,0.5516629552895456,0.8596650567119273,True,93.99999999999893,0,0,0,0,0.49788444240210034,0.6377959160017781,0.22703324900958935,220,e9991fd1851142077f0f48989b039e7989749d8dc54afb7bcaa463b90c280b34,42bb9c2cd96e0a71c2fb29ce0b1bd53e8ccac4b46d8920aaf5d37bd617937388,173,0.005780346820809248,0.005780346820809248,0.0,0.0,0.13875780954087788,0.23221379564716751
24,51024,belief_active__low_order_dynamic__baseline_pid__no_current,baseline_pid,no_current,False,False,False,0.06,0.44702120232526377,10.8143766689184,True,183.99999999999383,0,0,0,0,1.7904628090079295,0.6192566250101663,0.43093607686602003,220,a82555a2ee91e9aa3e7ba4f053bdcb59676e66e34df4e1bef0b61dd96af4bd7f,ac38e4b84187c650cf0c750c128a4503f8c9c342f6a19bcfbb24664c4badc103,128,0.9296875,0.578125,0.59375,0.640625,0.7303939882610337,0.7074178212184794
24,51024,belief_active__low_order_dynamic__delay_aware__no_current,delay_aware,no_current,True,True,True,0.94,0.5235385806116536,0.5716501588498336,True,183.99999999999383,0,0,0,0,0.5747292697053189,0.7267596659949049,0.2227065710198318,220,a82555a2ee91e9aa3e7ba4f053bdcb59676e66e34df4e1bef0b61dd96af4bd7f,ac38e4b84187c650cf0c750c128a4503f8c9c342f6a19bcfbb24664c4badc103,128,0.0390625,0.0390625,0.0,0.0,0.12405891613054502,0.17634656646197652
24,51024,belief_active__low_order_dynamic__baseline_pid__bottom_track_visible,baseline_pid,bottom_track_visible,False,False,False,0.1,0.5692516758261381,11.056396685314667,True,123.99999999999723,0,0,0,0,2.1258054758485097,0.6195033340045484,0.4808012383837374,220,a82555a2ee91e9aa3e7ba4f053bdcb59676e66e34df4e1bef0b61dd96af4bd7f,ac38e4b84187c650cf0c750c128a4503f8c9c342f6a19bcfbb24664c4badc103,158,0.9556962025316456,0.569620253164557,0.6772151898734177,0.6772151898734177,0.732059267081244,0.7653590793055646
24,51024,belief_active__low_order_dynamic__delay_aware__bottom_track_visible,delay_aware,bottom_track_visible,True,True,True,1.0,0.6282732979714691,0.7378716965497936,True,123.99999999999723,0,0,0,0,0.5872640336145603,0.7059355829987908,0.23870176738093593,220,a82555a2ee91e9aa3e7ba4f053bdcb59676e66e34df4e1bef0b61dd96af4bd7f,ac38e4b84187c650cf0c750c128a4503f8c9c342f6a19bcfbb24664c4badc103,158,0.0759493670886076,0.06329113924050633,0.0189873417721519,0.0,0.13160347056509053,0.1968426886881667
25,51025,belief_active__low_order_dynamic__baseline_pid__no_current,baseline_pid,no_current,False,False,False,0.0,0.6042044845971882,112.06304947439811,True,123.99999999999723,0,0,0,0,1.993617007099538,0.6376304580044234,0.4628920705721805,220,67011624dc2ac214e592a1493516b4a8b4b409c68e0f5e5fa90709d8696fce10,7d03921e616c17c50da55fd33e4c0163cd6b26e6825e2e0582b9eea73de4f332,158,0.9746835443037974,0.4936708860759494,0.6455696202531646,0.689873417721519,0.7685378677780235,0.7205076684850763
25,51025,belief_active__low_order_dynamic__delay_aware__no_current,delay_aware,no_current,True,True,True,0.88,0.8508616598658469,0.9076981547461714,True,123.99999999999723,0,0,0,0,0.46871676065556495,0.6203658329905011,0.20769736161460434,220,67011624dc2ac214e592a1493516b4a8b4b409c68e0f5e5fa90709d8696fce10,7d03921e616c17c50da55fd33e4c0163cd6b26e6825e2e0582b9eea73de4f332,158,0.006329113924050633,0.006329113924050633,0.0,0.0,0.11935512796390148,0.20019147164652576
25,51025,belief_active__low_order_dynamic__baseline_pid__bottom_track_visible,baseline_pid,bottom_track_visible,False,False,False,0.0,0.5229449271834435,68.7859780384478,True,123.99999999999723,0,0,0,0,1.9418039382402015,0.6301085830054944,0.47931691269572574,220,67011624dc2ac214e592a1493516b4a8b4b409c68e0f5e5fa90709d8696fce10,7d03921e616c17c50da55fd33e4c0163cd6b26e6825e2e0582b9eea73de4f332,158,0.9177215189873418,0.44936708860759494,0.6329113924050633,0.6835443037974683,0.7424532330119478,0.7320023847176074
25,51025,belief_active__low_order_dynamic__delay_aware__bottom_track_visible,delay_aware,bottom_track_visible,True,True,True,1.0,0.4419850416308421,0.486976581128984,True,123.99999999999723,0,0,0,0,0.4498964437303627,0.6218444580008509,0.2302522663364105,220,67011624dc2ac214e592a1493516b4a8b4b409c68e0f5e5fa90709d8696fce10,7d03921e616c17c50da55fd33e4c0163cd6b26e6825e2e0582b9eea73de4f332,158,0.006329113924050633,0.006329113924050633,0.0,0.0,0.1238953469292358,0.2103139616364013
26,51026,belief_active__low_order_dynamic__baseline_pid__no_current,baseline_pid,no_current,False,False,False,0.26,0.7956251045094056,10.221639999654034,True,93.99999999999893,0,0,0,0,2.231781608787455,0.6459805829945253,0.49451212339826844,220,36a39731d7b6d3be9d73085501de38daf7f304ade98b1312b50856910854bccf,5fcb57189670e873cde5be5d4afe7f1165da79d5754678f4f119dbbdeb7830f1,173,0.953757225433526,0.653179190751445,0.6358381502890174,0.6820809248554913,0.7018200976168504,0.7364043020037662
26,51026,belief_active__low_order_dynamic__delay_aware__no_current,delay_aware,no_current,True,True,True,1.0,1.1741538269191014,1.20547212963111,True,93.99999999999893,0,0,0,0,0.49493794077528785,0.6804246670071734,0.2428694253273248,220,36a39731d7b6d3be9d73085501de38daf7f304ade98b1312b50856910854bccf,5fcb57189670e873cde5be5d4afe7f1165da79d5754678f4f119dbbdeb7830f1,173,0.04046242774566474,0.04046242774566474,0.0,0.0,0.13064903056619573,0.20655238518846938
26,51026,belief_active__low_order_dynamic__baseline_pid__bottom_track_visible,baseline_pid,bottom_track_visible,False,False,False,0.06,0.7415440146815994,10.016983888992199,True,93.99999999999893,0,0,0,0,2.3041858698151687,0.6392415409936802,0.5154678697294304,220,36a39731d7b6d3be9d73085501de38daf7f304ade98b1312b50856910854bccf,5fcb57189670e873cde5be5d4afe7f1165da79d5754678f4f119dbbdeb7830f1,173,0.9942196531791907,0.6473988439306358,0.6763005780346821,0.7225433526011561,0.7559592009740163,0.8122956117180107
26,51026,belief_active__low_order_dynamic__delay_aware__bottom_track_visible,delay_aware,bottom_track_visible,True,True,True,1.0,1.2621993065961796,1.3773952501020024,True,93.99999999999893,0,0,0,0,0.5213225131115654,0.6402524169971002,0.25335128298489584,220,36a39731d7b6d3be9d73085501de38daf7f304ade98b1312b50856910854bccf,5fcb57189670e873cde5be5d4afe7f1165da79d5754678f4f119dbbdeb7830f1,173,0.03468208092485549,0.023121387283236993,0.011560693641618497,0.0,0.13674932510254517,0.21306144717458386
27,51027,belief_active__low_order_dynamic__baseline_pid__no_current,baseline_pid,no_current,True,False,False,0.26,0.17559849437451971,7.253108731619611,True,123.99999999999723,0,0,0,0,2.116620817421146,0.7382205839967355,0.4843877477419702,220,436507fac02750b35b83b17df7e1f29379519611427327273470cda59e6c9ced,91ffca47237b322b094bbe4a3046b4b265730e0614a81b4e7c2ed5d2998504e6,158,0.9556962025316456,0.6645569620253164,0.6075949367088608,0.6518987341772152,0.744587527758778,0.743304895167517
27,51027,belief_active__low_order_dynamic__delay_aware__no_current,delay_aware,no_current,True,True,True,1.0,0.6265033844701579,0.7285810418686324,True,123.99999999999723,0,0,0,0,0.5470453493082814,0.6446865829930175,0.2453326532602753,220,436507fac02750b35b83b17df7e1f29379519611427327273470cda59e6c9ced,91ffca47237b322b094bbe4a3046b4b265730e0614a81b4e7c2ed5d2998504e6,158,0.04430379746835443,0.012658227848101266,0.03164556962025317,0.006329113924050633,0.13612187694177152,0.22020678851013628
27,51027,belief_active__low_order_dynamic__baseline_pid__bottom_track_visible,baseline_pid,bottom_track_visible,False,False,False,0.64,0.18591922856389798,8.222428307630208,True,123.99999999999723,0,0,0,0,1.9985246633880065,0.638073499998427,0.45133466725071725,220,436507fac02750b35b83b17df7e1f29379519611427327273470cda59e6c9ced,91ffca47237b322b094bbe4a3046b4b265730e0614a81b4e7c2ed5d2998504e6,158,0.9620253164556962,0.6392405063291139,0.5316455696202531,0.620253164556962,0.7478586911744215,0.6530089012163428
27,51027,belief_active__low_order_dynamic__delay_aware__bottom_track_visible,delay_aware,bottom_track_visible,True,True,True,1.0,0.7177989936998727,0.8776974906389888,True,123.99999999999723,0,0,0,0,0.49683862781084914,0.6527318329899572,0.21823442167963458,220,436507fac02750b35b83b17df7e1f29379519611427327273470cda59e6c9ced,91ffca47237b322b094bbe4a3046b4b265730e0614a81b4e7c2ed5d2998504e6,158,0.03164556962025317,0.012658227848101266,0.012658227848101266,0.006329113924050633,0.1294076293159011,0.21237233794621033
28,51028,belief_active__low_order_dynamic__baseline_pid__no_current,baseline_pid,no_current,False,False,False,0.0,0.34214353535921144,121.18341596906725,True,93.99999999999893,0,0,0,0,2.0612851702957675,0.7431811669957824,0.47118309791619517,220,d46057eafd1247de19de6f28118482bff363af8356d799e90bcff2cf52fb7787,ea727a06611fda7dee562bd66f233c46f424764e8c600f547ceb7c592f8e7fed,173,0.9826589595375722,0.5549132947976878,0.6473988439306358,0.6763005780346821,0.7667984729388677,0.7157049869509896
28,51028,belief_active__low_order_dynamic__delay_aware__no_current,delay_aware,no_current,True,False,True,0.64,1.0922557395007881,1.3029981132200996,True,93.99999999999893,0,0,0,0,0.4267631880335498,0.6772727499919711,0.19994227242579277,220,d46057eafd1247de19de6f28118482bff363af8356d799e90bcff2cf52fb7787,ea727a06611fda7dee562bd66f233c46f424764e8c600f547ceb7c592f8e7fed,173,0.08670520231213873,0.057803468208092484,0.04046242774566474,0.005780346820809248,0.1296500985063071,0.1959209411453763
28,51028,belief_active__low_order_dynamic__baseline_pid__bottom_track_visible,baseline_pid,bottom_track_visible,False,False,False,0.0,1.0571678002657283,315.06831240600536,True,183.99999999999383,0,0,0,0,1.826467280523229,0.6697984579950571,0.4124529387990419,220,d46057eafd1247de19de6f28118482bff363af8356d799e90bcff2cf52fb7787,ea727a06611fda7dee562bd66f233c46f424764e8c600f547ceb7c592f8e7fed,128,0.921875,0.5703125,0.546875,0.5078125,0.7524549885300715,0.6467729382779472
28,51028,belief_active__low_order_dynamic__delay_aware__bottom_track_visible,delay_aware,bottom_track_visible,False,False,False,0.0,0.4850631238520299,55.25190489393653,True,183.99999999999383,0,0,0,0,0.6347645940284895,0.6882068749982864,0.19907945173012162,220,d46057eafd1247de19de6f28118482bff363af8356d799e90bcff2cf52fb7787,ea727a06611fda7dee562bd66f233c46f424764e8c600f547ceb7c592f8e7fed,128,0.0,0.0,0.0,0.0,0.09705076977781522,0.1685996730973429
29,51029,belief_active__low_order_dynamic__baseline_pid__no_current,baseline_pid,no_current,False,False,False,0.24,0.5037665633543263,9.538540040289414,True,95.99999999999882,0,0,0,0,2.2628409240157783,0.6668383329961216,0.46452273757244716,220,987f0b4e67e71526fc2b95fe662539fd8a96150f34f19df9341676aca8626852,a585b78150fd04cbe93fb90be0f6a37a877f98d2a68fe9372ec7cf46b9a850b1,172,0.9593023255813954,0.7151162790697675,0.6337209302325582,0.6686046511627907,0.6832666485457936,0.7343655155397971
29,51029,belief_active__low_order_dynamic__delay_aware__no_current,delay_aware,no_current,True,True,True,1.0,0.7307688189559983,0.633250202156501,True,95.99999999999882,0,0,0,0,0.5637305866004274,0.6748578749975422,0.20367775177672642,220,987f0b4e67e71526fc2b95fe662539fd8a96150f34f19df9341676aca8626852,a585b78150fd04cbe93fb90be0f6a37a877f98d2a68fe9372ec7cf46b9a850b1,172,0.0872093023255814,0.05232558139534884,0.05232558139534884,0.0,0.1426410233065637,0.21029683098412394
29,51029,belief_active__low_order_dynamic__baseline_pid__bottom_track_visible,baseline_pid,bottom_track_visible,False,False,False,0.0,0.4433461643271773,85.93964568429924,True,183.99999999999383,0,0,0,0,1.736138311979906,0.6996589580085129,0.4508966355984867,220,987f0b4e67e71526fc2b95fe662539fd8a96150f34f19df9341676aca8626852,a585b78150fd04cbe93fb90be0f6a37a877f98d2a68fe9372ec7cf46b9a850b1,128,0.828125,0.546875,0.6796875,0.515625,0.6814488269426054,0.6982396802747594
29,51029,belief_active__low_order_dynamic__delay_aware__bottom_track_visible,delay_aware,bottom_track_visible,False,False,False,0.0,0.4391741700392587,104.81551507450554,True,183.99999999999383,0,0,0,0,0.598159204862713,0.7214384590042755,0.25504073082529255,220,987f0b4e67e71526fc2b95fe662539fd8a96150f34f19df9341676aca8626852,a585b78150fd04cbe93fb90be0f6a37a877f98d2a68fe9372ec7cf46b9a850b1,128,0.1171875,0.078125,0.0390625,0.0078125,0.11589726139643354,0.15863250301574428
30,51030,belief_active__low_order_dynamic__baseline_pid__no_current,baseline_pid,no_current,False,False,False,0.28,0.24119586656205294,11.456080299633172,True,64.00000000000064,0,0,0,0,2.331964181885634,0.6325677909917431,0.4840674360305364,220,4ce14fd52972e83b2e6a550068f49e4426425268526394b21dd5c01a5e364a08,147a0f4071368ef932cf3f3e2da49f45dbb3684a668ad9d56c94b689c17613f7,188,0.9680851063829787,0.7819148936170213,0.6648936170212766,0.6276595744680851,0.7050627817725011,0.7799089984131086
30,51030,belief_active__low_order_dynamic__delay_aware__no_current,delay_aware,no_current,True,True,True,1.0,0.19947727144654612,0.19677263878880383,True,64.00000000000064,0,0,0,0,0.40425521535869785,0.6348939589952352,0.16664780159548723,220,4ce14fd52972e83b2e6a550068f49e4426425268526394b21dd5c01a5e364a08,147a0f4071368ef932cf3f3e2da49f45dbb3684a668ad9d56c94b689c17613f7,188,0.031914893617021274,0.026595744680851064,0.015957446808510637,0.0,0.13831134029857195,0.22816317984696233
30,51030,belief_active__low_order_dynamic__baseline_pid__bottom_track_visible,baseline_pid,bottom_track_visible,False,False,False,0.08,0.2803643432605163,10.779126296402104,True,64.00000000000064,0,0,0,0,2.3678493039552206,0.633538750000298,0.49412244991376886,220,4ce14fd52972e83b2e6a550068f49e4426425268526394b21dd5c01a5e364a08,147a0f4071368ef932cf3f3e2da49f45dbb3684a668ad9d56c94b689c17613f7,188,0.9574468085106383,0.723404255319149,0.6808510638297872,0.6914893617021277,0.734768509099214,0.8076052053287817
30,51030,belief_active__low_order_dynamic__delay_aware__bottom_track_visible,delay_aware,bottom_track_visible,True,True,True,1.0,0.5676035864167593,0.3522214325981447,True,64.00000000000064,0,0,0,0,0.4136896221061882,0.6442106670001522,0.17055496904086373,220,4ce14fd52972e83b2e6a550068f49e4426425268526394b21dd5c01a5e364a08,147a0f4071368ef932cf3f3e2da49f45dbb3684a668ad9d56c94b689c17613f7,188,0.031914893617021274,0.02127659574468085,0.0,0.010638297872340425,0.14110384929831216,0.22703956761296382
31,51031,belief_active__low_order_dynamic__baseline_pid__no_current,baseline_pid,no_current,True,False,False,0.42,0.2681632444401502,7.667665700162473,True,93.99999999999893,0,0,0,0,2.304555710930758,0.6325974579958711,0.5092875473381298,220,a982a1024597de11adcdf4249f85a2d7cbcf6ffbea25c884aa819250d9128345,90296d737812b09903c0e2f6b995d44a89929b21c61273f7981866a17ff7de8a,173,0.9595375722543352,0.7398843930635838,0.6416184971098265,0.6705202312138728,0.7184687266625794,0.7664462381291237
31,51031,belief_active__low_order_dynamic__delay_aware__no_current,delay_aware,no_current,True,True,True,1.0,0.26552981782132856,0.39581793757373324,True,93.99999999999893,0,0,0,0,0.49699259298601767,0.6881192500004545,0.2586783919229619,220,a982a1024597de11adcdf4249f85a2d7cbcf6ffbea25c884aa819250d9128345,90296d737812b09903c0e2f6b995d44a89929b21c61273f7981866a17ff7de8a,173,0.017341040462427744,0.005780346820809248,0.0,0.011560693641618497,0.12927167167941692,0.2152639268898078
31,51031,belief_active__low_order_dynamic__baseline_pid__bottom_track_visible,baseline_pid,bottom_track_visible,False,False,False,0.44,0.23648499625970332,13.39611751787826,True,93.99999999999893,0,0,0,0,2.3185381893988857,0.6343597910017706,0.4930668039460158,220,a982a1024597de11adcdf4249f85a2d7cbcf6ffbea25c884aa819250d9128345,90296d737812b09903c0e2f6b995d44a89929b21c61273f7981866a17ff7de8a,173,0.976878612716763,0.7687861271676301,0.6763005780346821,0.6763005780346821,0.7138907885705578,0.8304896787100288
31,51031,belief_active__low_order_dynamic__delay_aware__bottom_track_visible,delay_aware,bottom_track_visible,True,True,True,1.0,0.5000789386848166,0.4071187588136714,True,93.99999999999893,0,0,0,0,0.5835435980641954,0.6391461250022985,0.22786304933081597,220,a982a1024597de11adcdf4249f85a2d7cbcf6ffbea25c884aa819250d9128345,90296d737812b09903c0e2f6b995d44a89929b21c61273f7981866a17ff7de8a,173,0.08092485549132948,0.028901734104046242,0.06358381502890173,0.005780346820809248,0.1499865435707599,0.22486761375175157
32,51032,belief_active__low_order_dynamic__baseline_pid__no_current,baseline_pid,no_current,False,False,False,0.52,0.16146256488567237,9.261321414717791,True,123.99999999999723,0,0,0,0,2.218627863835833,0.6643843750061933,0.48526617151249074,220,414384045c68400affcf8a576c77343e71132f7f3bdeaa7cfcccf7d9ec895c9e,3fc14f1e4f9419d3ba6b95c1c8704843272f359e0885b2bde327f6d1042fcb2c,158,0.9683544303797469,0.759493670886076,0.5886075949367089,0.7025316455696202,0.7004468428405556,0.7539230664393093
32,51032,belief_active__low_order_dynamic__delay_aware__no_current,delay_aware,no_current,True,True,True,1.0,0.28220730662153737,0.2859065780371508,True,123.99999999999723,0,0,0,0,0.6193466894934005,0.6469645829929505,0.2670672278850003,220,414384045c68400affcf8a576c77343e71132f7f3bdeaa7cfcccf7d9ec895c9e,3fc14f1e4f9419d3ba6b95c1c8704843272f359e0885b2bde327f6d1042fcb2c,158,0.056962025316455694,0.03164556962025317,0.0189873417721519,0.012658227848101266,0.15277961469370774,0.2406826592705963
32,51032,belief_active__low_order_dynamic__baseline_pid__bottom_track_visible,baseline_pid,bottom_track_visible,True,False,False,0.72,0.6092515997011929,6.043958637733097,True,93.99999999999893,0,0,0,0,2.3053724207393427,0.6435406249947846,0.4803453992044817,220,414384045c68400affcf8a576c77343e71132f7f3bdeaa7cfcccf7d9ec895c9e,3fc14f1e4f9419d3ba6b95c1c8704843272f359e0885b2bde327f6d1042fcb2c,173,0.9595375722543352,0.7052023121387283,0.630057803468208,0.653179190751445,0.6907135403424459,0.7181515540287545
32,51032,belief_active__low_order_dynamic__delay_aware__bottom_track_visible,delay_aware,bottom_track_visible,True,True,True,1.0,0.42975497261541484,0.38141813604279945,True,93.99999999999893,0,0,0,0,0.5372613980319516,0.6304599169961875,0.2385093083569579,220,414384045c68400affcf8a576c77343e71132f7f3bdeaa7cfcccf7d9ec895c9e,3fc14f1e4f9419d3ba6b95c1c8704843272f359e0885b2bde327f6d1042fcb2c,173,0.017341040462427744,0.017341040462427744,0.0,0.0,0.1370576917653315,0.22449848988356802
33,51033,belief_active__low_order_dynamic__baseline_pid__no_current,baseline_pid,no_current,False,False,False,0.0,0.527435475218729,115.26695617735743,True,183.99999999999383,0,0,0,0,1.680217780241549,0.6619483340036822,0.4302375700126086,220,a8ac4e1581fe83b7a05abbdb37d43b9f6975709cc567b1d85bc65197838e1df2,ede1d197cfbb1ee1e525515481686294841047c9c432abc390deb01b97256a39,128,0.921875,0.6015625,0.515625,0.6484375,0.7477161554165253,0.7014502232582228
33,51033,belief_active__low_order_dynamic__delay_aware__no_current,delay_aware,no_current,False,False,False,0.0,0.6812705406153352,11.705933358328611,True,183.99999999999383,0,0,0,0,0.47160206421870676,0.6336901660106378,0.21237871067175565,220,a8ac4e1581fe83b7a05abbdb37d43b9f6975709cc567b1d85bc65197838e1df2,ede1d197cfbb1ee1e525515481686294841047c9c432abc390deb01b97256a39,128,0.046875,0.046875,0.0,0.0,0.11585378642724628,0.1626121074189331
33,51033,belief_active__low_order_dynamic__baseline_pid__bottom_track_visible,baseline_pid,bottom_track_visible,False,False,False,0.06,1.0174976730158207,13.232645399321367,True,123.99999999999723,0,0,0,0,2.0938885058018273,0.6428758749971166,0.49170694839275947,220,a8ac4e1581fe83b7a05abbdb37d43b9f6975709cc567b1d85bc65197838e1df2,ede1d197cfbb1ee1e525515481686294841047c9c432abc390deb01b97256a39,158,0.9620253164556962,0.5822784810126582,0.6518987341772152,0.7151898734177216,0.7605943241932103,0.8136914494173232
33,51033,belief_active__low_order_dynamic__delay_aware__bottom_track_visible,delay_aware,bottom_track_visible,True,True,True,1.0,1.3006648265602005,1.443228103701805,True,123.99999999999723,0,0,0,0,0.5144674422200529,0.6291488330025459,0.24778879785404762,220,a8ac4e1581fe83b7a05abbdb37d43b9f6975709cc567b1d85bc65197838e1df2,ede1d197cfbb1ee1e525515481686294841047c9c432abc390deb01b97256a39,158,0.02531645569620253,0.012658227848101266,0.0,0.012658227848101266,0.12953813574589373,0.2176611362456181
34,51034,belief_active__low_order_dynamic__baseline_pid__no_current,baseline_pid,no_current,False,False,False,0.18,0.47515958206240066,13.645026777735495,True,64.00000000000064,0,0,0,0,2.3431012070672357,0.6255926669982728,0.484509983508293,220,81cef583f59392ff2dec0002456dcf38be83dc5606b7c5b7b4301476a16b3099,c8244b163f0836c9f6f4d808d803d952b9dfd7ba463f00d5c410bded0b873c97,188,0.9574468085106383,0.776595744680851,0.648936170212766,0.6382978723404256,0.6986121100162662,0.7714955117313684
34,51034,belief_active__low_order_dynamic__delay_aware__no_current,delay_aware,no_current,True,True,True,1.0,0.39182057667165954,0.4287363469094768,True,64.00000000000064,0,0,0,0,0.4095414050612025,0.669333750003716,0.18025866722236625,220,81cef583f59392ff2dec0002456dcf38be83dc5606b7c5b7b4301476a16b3099,c8244b163f0836c9f6f4d808d803d952b9dfd7ba463f00d5c410bded0b873c97,188,0.031914893617021274,0.031914893617021274,0.0,0.0,0.13395417479455615,0.2157820653145622
34,51034,belief_active__low_order_dynamic__baseline_pid__bottom_track_visible,baseline_pid,bottom_track_visible,False,False,False,0.32,0.5837719534646078,9.85127152066863,True,64.00000000000064,0,0,0,0,2.259375633656252,0.614126500004204,0.46773805831780924,220,81cef583f59392ff2dec0002456dcf38be83dc5606b7c5b7b4301476a16b3099,c8244b163f0836c9f6f4d808d803d952b9dfd7ba463f00d5c410bded0b873c97,188,0.973404255319149,0.7712765957446809,0.5531914893617021,0.6223404255319149,0.7065973196459149,0.6995680710141856
34,51034,belief_active__low_order_dynamic__delay_aware__bottom_track_visible,delay_aware,bottom_track_visible,True,True,True,1.0,0.368725531405298,0.33099017754617466,True,64.00000000000064,0,0,0,0,0.3867666762330143,0.6496521669905633,0.1819629610523291,220,81cef583f59392ff2dec0002456dcf38be83dc5606b7c5b7b4301476a16b3099,c8244b163f0836c9f6f4d808d803d952b9dfd7ba463f00d5c410bded0b873c97,188,0.031914893617021274,0.02127659574468085,0.0,0.010638297872340425,0.13455053223653282,0.21733061391309286
35,51035,belief_active__low_order_dynamic__baseline_pid__no_current,baseline_pid,no_current,False,False,False,0.18,0.17995825078583225,12.710198337012793,True,64.00000000000064,0,0,0,0,2.2780691148587873,0.6591144169942709,0.4837122540062675,220,6378cf778a8a5722b8e4bbe9d0e9fca617d9ce3999f2b1be5f4a92f739c8acbd,99441b217a50774ce75dddee835d96703562a0d9fba3fd7867d7be9a5d44f70c,188,0.9308510638297872,0.7553191489361702,0.6223404255319149,0.5425531914893617,0.7246663872322432,0.742318171543392
35,51035,belief_active__low_order_dynamic__delay_aware__no_current,delay_aware,no_current,True,True,True,1.0,0.5097219031516518,0.5583598281688268,True,64.00000000000064,0,0,0,0,0.39882273102419646,0.6555227089993423,0.1813529531850226,220,6378cf778a8a5722b8e4bbe9d0e9fca617d9ce3999f2b1be5f4a92f739c8acbd,99441b217a50774ce75dddee835d96703562a0d9fba3fd7867d7be9a5d44f70c,188,0.026595744680851064,0.015957446808510637,0.015957446808510637,0.0,0.14182918314826232,0.2435422991884541
35,51035,belief_active__low_order_dynamic__baseline_pid__bottom_track_visible,baseline_pid,bottom_track_visible,False,False,False,0.08,0.25761851690944104,12.696481759817132,True,64.00000000000064,0,0,0,0,2.3431459551989517,0.6437605829996755,0.49919473445018625,220,6378cf778a8a5722b8e4bbe9d0e9fca617d9ce3999f2b1be5f4a92f739c8acbd,99441b217a50774ce75dddee835d96703562a0d9fba3fd7867d7be9a5d44f70c,188,0.9680851063829787,0.7340425531914894,0.675531914893617,0.6329787234042553,0.7292670122176572,0.8189463452297262
35,51035,belief_active__low_order_dynamic__delay_aware__bottom_track_visible,delay_aware,bottom_track_visible,True,True,True,1.0,0.440551139649025,0.6402611988892964,True,64.00000000000064,0,0,0,0,0.39014155142827206,0.6701504999946337,0.18215244135476033,220,6378cf778a8a5722b8e4bbe9d0e9fca617d9ce3999f2b1be5f4a92f739c8acbd,99441b217a50774ce75dddee835d96703562a0d9fba3fd7867d7be9a5d44f70c,188,0.02127659574468085,0.015957446808510637,0.0,0.005319148936170213,0.1402443552938137,0.2371976031470397
36,51036,belief_active__low_order_dynamic__baseline_pid__no_current,baseline_pid,no_current,True,False,False,0.7,0.1853360808895292,6.528180640939496,True,64.00000000000064,0,0,0,0,2.204208219537016,0.6345760840049479,0.4838464794180425,220,aba85569d0d8d3a2f5eb5af413ba4001ac5df2b82e2c3f48a1142f139c1fe669,b580f03e15dc975535a747d4eb9ad5d45e942a5742d8b13e8d3f0551ae484290,188,0.9787234042553191,0.7393617021276596,0.6595744680851063,0.4734042553191489,0.6566020525119515,0.6893906602823757
36,51036,belief_active__low_order_dynamic__delay_aware__no_current,delay_aware,no_current,True,True,True,1.0,0.2705398941492774,0.2950037300805533,True,64.00000000000064,0,0,0,0,0.47567634175772655,0.6230240419972688,0.24062223614916176,220,aba85569d0d8d3a2f5eb5af413ba4001ac5df2b82e2c3f48a1142f139c1fe669,b580f03e15dc975535a747d4eb9ad5d45e942a5742d8b13e8d3f0551ae484290,188,0.05851063829787234,0.026595744680851064,0.05319148936170213,0.005319148936170213,0.14131844987272463,0.22098529003115852
36,51036,belief_active__low_order_dynamic__baseline_pid__bottom_track_visible,baseline_pid,bottom_track_visible,False,False,False,0.56,0.13765700509725776,11.788540103955063,True,66.00000000000053,0,0,0,0,2.3923673716784397,0.6769664169987664,0.5194757956205311,220,aba85569d0d8d3a2f5eb5af413ba4001ac5df2b82e2c3f48a1142f139c1fe669,b580f03e15dc975535a747d4eb9ad5d45e942a5742d8b13e8d3f0551ae484290,187,0.9786096256684492,0.7593582887700535,0.6844919786096256,0.6844919786096256,0.7150819333947916,0.8301614627074867
36,51036,belief_active__low_order_dynamic__delay_aware__bottom_track_visible,delay_aware,bottom_track_visible,True,True,True,1.0,0.22125882307019767,0.22677395928226723,True,66.00000000000053,0,0,0,0,0.46722842681682175,0.6982254999893485,0.23187216499228522,220,aba85569d0d8d3a2f5eb5af413ba4001ac5df2b82e2c3f48a1142f139c1fe669,b580f03e15dc975535a747d4eb9ad5d45e942a5742d8b13e8d3f0551ae484290,187,0.0481283422459893,0.026737967914438502,0.026737967914438502,0.0053475935828877,0.13855489824286682,0.22503978993618057
37,51037,belief_active__low_order_dynamic__baseline_pid__no_current,baseline_pid,no_current,False,False,False,0.0,0.41560657751462793,191.0700578065202,True,243.99999999999042,0,0,0,0,1.4801949439690798,0.7352463749994058,0.41085917965536844,220,715d6be62f9597b8909dea036e5b73b15cbe059a836ea6e6ed597526c43fbb71,24d9f5c3d937b9c163a51df16f6cf8a9f39ce6e65a42737f944ce13b5ab1b60f,98,0.8979591836734694,0.5816326530612245,0.5408163265306123,0.6020408163265306,0.7452107710150839,0.667820828726225
37,51037,belief_active__low_order_dynamic__delay_aware__no_current,delay_aware,no_current,False,False,False,0.0,0.24068966772973022,216.5688031006106,True,243.99999999999042,0,0,0,0,0.6146271202301963,0.636829792012577,0.2552377700971068,220,715d6be62f9597b8909dea036e5b73b15cbe059a836ea6e6ed597526c43fbb71,24d9f5c3d937b9c163a51df16f6cf8a9f39ce6e65a42737f944ce13b5ab1b60f,98,0.11224489795918367,0.07142857142857142,0.05102040816326531,0.01020408163265306,0.12594611986800638,0.16643814716387928
37,51037,belief_active__low_order_dynamic__baseline_pid__bottom_track_visible,baseline_pid,bottom_track_visible,False,False,False,0.5,0.5116982379529246,15.40706044611167,True,123.99999999999723,0,0,0,0,2.295597171538634,0.6964196249900851,0.532671806557931,220,715d6be62f9597b8909dea036e5b73b15cbe059a836ea6e6ed597526c43fbb71,24d9f5c3d937b9c163a51df16f6cf8a9f39ce6e65a42737f944ce13b5ab1b60f,158,0.9683544303797469,0.7848101265822784,0.689873417721519,0.7151898734177216,0.6799957989928745,0.8333843742066991
37,51037,belief_active__low_order_dynamic__delay_aware__bottom_track_visible,delay_aware,bottom_track_visible,True,True,True,1.0,0.6793405725570844,0.5277678956491162,True,123.99999999999723,0,0,0,0,0.6983148060442168,0.6416422079928452,0.33626824584712806,220,715d6be62f9597b8909dea036e5b73b15cbe059a836ea6e6ed597526c43fbb71,24d9f5c3d937b9c163a51df16f6cf8a9f39ce6e65a42737f944ce13b5ab1b60f,158,0.10759493670886076,0.06962025316455696,0.05063291139240506,0.012658227848101266,0.15134936074148925,0.21576902236772114
38,51038,belief_active__low_order_dynamic__baseline_pid__no_current,baseline_pid,no_current,False,False,False,0.0,0.5925283927695247,143.05790787158128,True,123.99999999999723,0,0,0,0,1.9813039599666251,0.5934894160018303,0.4567151380353824,220,ca07743e36c36132804b3829f94612f899f05b35924b9e6b284d82f354c0a325,f0ab59dbc6995d21f38098ee58b817fe170ebae16dcf6bc9b0f7fa3f26a43419,158,0.9493670886075949,0.5569620253164557,0.6582278481012658,0.6772151898734177,0.7237155237343066,0.7190808829899664
38,51038,belief_active__low_order_dynamic__delay_aware__no_current,delay_aware,no_current,True,False,True,0.44,0.37367942841925117,1.0730808763048054,True,123.99999999999723,0,0,0,0,0.4837974443456333,0.6083482079993701,0.19957508685836883,220,ca07743e36c36132804b3829f94612f899f05b35924b9e6b284d82f354c0a325,f0ab59dbc6995d21f38098ee58b817fe170ebae16dcf6bc9b0f7fa3f26a43419,158,0.08227848101265822,0.06329113924050633,0.03164556962025317,0.006329113924050633,0.12441537636128046,0.1860450831484782
38,51038,belief_active__low_order_dynamic__baseline_pid__bottom_track_visible,baseline_pid,bottom_track_visible,False,False,False,0.0,0.5490079206597639,58.64247534764395,True,123.99999999999723,0,0,0,0,2.047747287745035,0.5926489580015186,0.4451481873420856,220,ca07743e36c36132804b3829f94612f899f05b35924b9e6b284d82f354c0a325,f0ab59dbc6995d21f38098ee58b817fe170ebae16dcf6bc9b0f7fa3f26a43419,158,0.9050632911392406,0.5316455696202531,0.6012658227848101,0.6329113924050633,0.7053917923427091,0.6677679773125309
38,51038,belief_active__low_order_dynamic__delay_aware__bottom_track_visible,delay_aware,bottom_track_visible,True,True,True,0.8,0.5645952952473561,0.27938787982783597,True,123.99999999999723,0,0,0,0,0.5844260948818537,0.6070275410020258,0.19985456635925988,220,ca07743e36c36132804b3829f94612f899f05b35924b9e6b284d82f354c0a325,f0ab59dbc6995d21f38098ee58b817fe170ebae16dcf6bc9b0f7fa3f26a43419,158,0.06962025316455696,0.06329113924050633,0.02531645569620253,0.006329113924050633,0.12846385165683447,0.1946292567563483
39,51039,belief_active__low_order_dynamic__baseline_pid__no_current,baseline_pid,no_current,True,False,False,0.1,0.7665055296345241,7.6427562347809275,True,93.99999999999893,0,0,0,0,2.1639695076105325,0.6045842919993447,0.4875712577953867,220,2ba6ed16a97d57ad7ea70a24a135ae0e0d08223987a3d53698af361eeedb47bd,87bef8ee1b9fdfbe3fcf17b1e95b4d9813c74cdbc8d12f05fac072e9a95fa0b1,173,0.9364161849710982,0.6705202312138728,0.6358381502890174,0.6763005780346821,0.7324068615199988,0.7586259668176137
39,51039,belief_active__low_order_dynamic__delay_aware__no_current,delay_aware,no_current,True,True,True,1.0,0.6144850047479129,0.6035138101582651,True,93.99999999999893,0,0,0,0,0.38178611530159406,0.6136005419975845,0.21636298717360675,220,2ba6ed16a97d57ad7ea70a24a135ae0e0d08223987a3d53698af361eeedb47bd,87bef8ee1b9fdfbe3fcf17b1e95b4d9813c74cdbc8d12f05fac072e9a95fa0b1,173,0.017341040462427744,0.017341040462427744,0.0,0.0,0.1269663968335646,0.21845178682273833
39,51039,belief_active__low_order_dynamic__baseline_pid__bottom_track_visible,baseline_pid,bottom_track_visible,False,False,False,0.22,0.35007848705833117,11.469354286660622,True,68.00000000000041,0,0,0,0,2.137774945761978,0.6007790000003297,0.4700708597724739,220,2ba6ed16a97d57ad7ea70a24a135ae0e0d08223987a3d53698af361eeedb47bd,87bef8ee1b9fdfbe3fcf17b1e95b4d9813c74cdbc8d12f05fac072e9a95fa0b1,186,0.9086021505376344,0.4946236559139785,0.6021505376344086,0.6397849462365591,0.6967906001755286,0.7015906985571271
39,51039,belief_active__low_order_dynamic__delay_aware__bottom_track_visible,delay_aware,bottom_track_visible,True,True,True,1.0,1.1550531395452526,1.0525569393472733,True,68.00000000000041,0,0,0,0,0.38307960534527835,0.6056437090010149,0.17551600057839298,220,2ba6ed16a97d57ad7ea70a24a135ae0e0d08223987a3d53698af361eeedb47bd,87bef8ee1b9fdfbe3fcf17b1e95b4d9813c74cdbc8d12f05fac072e9a95fa0b1,186,0.016129032258064516,0.016129032258064516,0.0,0.0,0.13293014731892588,0.22009730169684552
40,51040,belief_active__low_order_dynamic__baseline_pid__no_current,baseline_pid,no_current,False,False,False,0.28,1.3472447150911235,11.15704729617497,True,123.99999999999723,0,0,0,0,2.14776428247277,0.6013966669997899,0.5019336376167474,220,449413a6248dc30823095645d1d7547a3302bbe614f46d4803762ae529b6dc68,4d44403ce3635db1b1ed740e93647944d411a48f45dce3b1522a8506a677e23b,158,0.9810126582278481,0.7025316455696202,0.6075949367088608,0.6329113924050633,0.7419289744309173,0.7261196459114783
40,51040,belief_active__low_order_dynamic__delay_aware__no_current,delay_aware,no_current,True,True,True,1.0,1.8072108758703018,1.717995507638036,True,123.99999999999723,0,0,0,0,0.5822342146406304,0.6218379579950124,0.28146112358390324,220,449413a6248dc30823095645d1d7547a3302bbe614f46d4803762ae529b6dc68,4d44403ce3635db1b1ed740e93647944d411a48f45dce3b1522a8506a677e23b,158,0.0379746835443038,0.006329113924050633,0.03164556962025317,0.006329113924050633,0.12978554976388507,0.20475736285372337
40,51040,belief_active__low_order_dynamic__baseline_pid__bottom_track_visible,baseline_pid,bottom_track_visible,False,False,False,0.6,1.6046905882957174,8.230317522190147,True,123.99999999999723,0,0,0,0,2.083976863291714,0.604427084006602,0.47878576137089457,220,449413a6248dc30823095645d1d7547a3302bbe614f46d4803762ae529b6dc68,4d44403ce3635db1b1ed740e93647944d411a48f45dce3b1522a8506a677e23b,158,0.9493670886075949,0.689873417721519,0.5189873417721519,0.6139240506329114,0.7409215912325575,0.6717543462588706
40,51040,belief_active__low_order_dynamic__delay_aware__bottom_track_visible,delay_aware,bottom_track_visible,True,True,True,1.0,2.805555064373461,2.492202316380058,True,123.99999999999723,0,0,0,0,0.5453343761564196,0.6674488750140881,0.25686533871713046,220,449413a6248dc30823095645d1d7547a3302bbe614f46d4803762ae529b6dc68,4d44403ce3635db1b1ed740e93647944d411a48f45dce3b1522a8506a677e23b,158,0.0189873417721519,0.006329113924050633,0.0,0.012658227848101266,0.12674867839388637,0.21178002512015712
41,51041,belief_active__low_order_dynamic__baseline_pid__no_current,baseline_pid,no_current,False,False,False,0.12,0.7204969714481753,10.460789166673683,True,64.00000000000064,0,0,0,0,2.3760175527215437,0.6050082500005374,0.494842611496674,220,528095def14556fb9ce5a2e5c9f1b19ed999fbd209b0c1f57337d12a254ee7e3,3df03250e3c2f265a2e9fc1d5bb2652461aed31deb849187673a626bb43d628d,188,0.973404255319149,0.7712765957446809,0.6436170212765957,0.6914893617021277,0.7068694812156727,0.7688671444768935
41,51041,belief_active__low_order_dynamic__delay_aware__no_current,delay_aware,no_current,True,True,True,1.0,0.31566067428078437,0.263417987351041,True,64.00000000000064,0,0,0,0,0.4576701683879985,0.6240836670040153,0.1909460292717704,220,528095def14556fb9ce5a2e5c9f1b19ed999fbd209b0c1f57337d12a254ee7e3,3df03250e3c2f265a2e9fc1d5bb2652461aed31deb849187673a626bb43d628d,188,0.07446808510638298,0.047872340425531915,0.03723404255319149,0.010638297872340425,0.13835537834291706,0.21617262949205737
41,51041,belief_active__low_order_dynamic__baseline_pid__bottom_track_visible,baseline_pid,bottom_track_visible,False,False,False,0.06,0.7668788399702934,12.067112134773975,True,64.00000000000064,0,0,0,0,2.3733869120471645,0.6105121250002412,0.5026496836449548,220,528095def14556fb9ce5a2e5c9f1b19ed999fbd209b0c1f57337d12a254ee7e3,3df03250e3c2f265a2e9fc1d5bb2652461aed31deb849187673a626bb43d628d,188,0.9840425531914894,0.7393617021276596,0.6648936170212766,0.7074468085106383,0.7069460696880834,0.7919455489207059
41,51041,belief_active__low_order_dynamic__delay_aware__bottom_track_visible,delay_aware,bottom_track_visible,True,True,True,1.0,0.17136599423833723,0.22951439267888935,True,64.00000000000064,0,0,0,0,0.44131938098432527,0.630225959001109,0.20609715652123348,220,528095def14556fb9ce5a2e5c9f1b19ed999fbd209b0c1f57337d12a254ee7e3,3df03250e3c2f265a2e9fc1d5bb2652461aed31deb849187673a626bb43d628d,188,0.05319148936170213,0.031914893617021274,0.015957446808510637,0.010638297872340425,0.13967221771337648,0.22084110290365389
42,51042,belief_active__low_order_dynamic__baseline_pid__no_current,baseline_pid,no_current,True,False,False,0.2,0.2995912961294004,3.7628747115804027,True,64.00000000000064,0,0,0,0,2.2019338691467603,0.6103954590071226,0.49077242097772167,220,0edb3ad55303438e48d6a78bdc879b725101abfccb5926f5e9836aa983719575,1f1098e93a0fd8e0a81e78c0b09eefaae80fb2bc998ad67751c240869018e0d2,188,0.9361702127659575,0.7553191489361702,0.6276595744680851,0.4946808510638298,0.6949497136158175,0.7442992134039655
42,51042,belief_active__low_order_dynamic__delay_aware__no_current,delay_aware,no_current,True,True,True,1.0,0.477658704497965,0.5521838939035595,True,64.00000000000064,0,0,0,0,0.3779038177629649,0.6548749999928987,0.20156345531494205,220,0edb3ad55303438e48d6a78bdc879b725101abfccb5926f5e9836aa983719575,1f1098e93a0fd8e0a81e78c0b09eefaae80fb2bc998ad67751c240869018e0d2,188,0.03723404255319149,0.031914893617021274,0.005319148936170213,0.005319148936170213,0.14494137461625373,0.24783845524276202
42,51042,belief_active__low_order_dynamic__baseline_pid__bottom_track_visible,baseline_pid,bottom_track_visible,False,False,False,0.04,0.4956982501361882,11.606574014295665,True,64.00000000000064,0,0,0,0,2.3433191455220572,0.7004586660041241,0.5226138810359157,220,0edb3ad55303438e48d6a78bdc879b725101abfccb5926f5e9836aa983719575,1f1098e93a0fd8e0a81e78c0b09eefaae80fb2bc998ad67751c240869018e0d2,188,0.9627659574468085,0.7127659574468085,0.6702127659574468,0.6914893617021277,0.7355387577112065,0.8319359056411425
42,51042,belief_active__low_order_dynamic__delay_aware__bottom_track_visible,delay_aware,bottom_track_visible,True,True,True,1.0,0.24177441304287176,0.38546540328419887,True,64.00000000000064,0,0,0,0,0.4130932753346386,0.6077805000095395,0.22167960807475035,220,0edb3ad55303438e48d6a78bdc879b725101abfccb5926f5e9836aa983719575,1f1098e93a0fd8e0a81e78c0b09eefaae80fb2bc998ad67751c240869018e0d2,188,0.047872340425531915,0.031914893617021274,0.02127659574468085,0.005319148936170213,0.15330340680578391,0.2558499274704757
43,51043,belief_active__low_order_dynamic__baseline_pid__no_current,baseline_pid,no_current,False,False,False,0.26,0.21435038683348306,10.241250913165326,True,123.99999999999723,0,0,0,0,2.068768268151106,0.5963275000103749,0.4609895079182216,220,b0a6d10c2ae95f947f9a0dd8ee51254f40953ff0ea9a176e0855879e8cbdbebc,95b7f12a824dcb97deeb9d0ce14f41247520cc19db0a20d3acdfbc89bae07d97,158,0.9746835443037974,0.7088607594936709,0.6582278481012658,0.6329113924050633,0.7319469511327087,0.75946011401657
43,51043,belief_active__low_order_dynamic__delay_aware__no_current,delay_aware,no_current,True,True,True,1.0,0.311328411081285,0.3537656146332581,True,123.99999999999723,0,0,0,0,0.5001311614491728,0.6630065000063041,0.19756370117040667,220,b0a6d10c2ae95f947f9a0dd8ee51254f40953ff0ea9a176e0855879e8cbdbebc,95b7f12a824dcb97deeb9d0ce14f41247520cc19db0a20d3acdfbc89bae07d97,158,0.08227848101265822,0.06962025316455696,0.02531645569620253,0.0,0.13113391605889496,0.20692597928189566
43,51043,belief_active__low_order_dynamic__baseline_pid__bottom_track_visible,baseline_pid,bottom_track_visible,True,False,False,0.38,0.387630862960229,7.588658923333048,True,123.99999999999723,0,0,0,0,2.061853757752132,0.6051109580002958,0.44674208317625697,220,b0a6d10c2ae95f947f9a0dd8ee51254f40953ff0ea9a176e0855879e8cbdbebc,95b7f12a824dcb97deeb9d0ce14f41247520cc19db0a20d3acdfbc89bae07d97,158,0.9683544303797469,0.7088607594936709,0.6012658227848101,0.6518987341772152,0.7201474255021723,0.7223651350453894
43,51043,belief_active__low_order_dynamic__delay_aware__bottom_track_visible,delay_aware,bottom_track_visible,True,True,True,1.0,0.3601607178837999,0.2808790964536727,True,123.99999999999723,0,0,0,0,0.5048942511045341,0.5966220830014208,0.19095600396554735,220,b0a6d10c2ae95f947f9a0dd8ee51254f40953ff0ea9a176e0855879e8cbdbebc,95b7f12a824dcb97deeb9d0ce14f41247520cc19db0a20d3acdfbc89bae07d97,158,0.056962025316455694,0.04430379746835443,0.0189873417721519,0.0,0.13815807340055747,0.21393787207846635
44,51044,belief_active__low_order_dynamic__baseline_pid__no_current,baseline_pid,no_current,False,False,False,0.14,0.7051605183704281,9.72993055350272,True,123.99999999999723,0,0,0,0,2.033046999274091,0.6225177079904824,0.450032582230004,220,275beae542a1a5c7fdb65c102fa5d7464532e703562c41bfdf136ab261533188,998a78e8ac8d964d2c6f0a4c87991d582b4e4e118e5384b9fedb02f65a49b2ad,158,0.9430379746835443,0.6645569620253164,0.6139240506329114,0.6772151898734177,0.7215791641200678,0.7413824478469146
44,51044,belief_active__low_order_dynamic__delay_aware__no_current,delay_aware,no_current,True,True,True,1.0,0.7943625912834416,0.9537793653851041,True,123.99999999999723,0,0,0,0,0.4420636261385304,0.6987131660134764,0.18236811858117546,220,275beae542a1a5c7fdb65c102fa5d7464532e703562c41bfdf136ab261533188,998a78e8ac8d964d2c6f0a4c87991d582b4e4e118e5384b9fedb02f65a49b2ad,158,0.03164556962025317,0.02531645569620253,0.006329113924050633,0.0,0.13987351407087098,0.22081819474207423
44,51044,belief_active__low_order_dynamic__baseline_pid__bottom_track_visible,baseline_pid,bottom_track_visible,False,False,False,0.02,0.5635379512062888,15.804739313114451,True,123.99999999999723,0,0,0,0,2.0265699566944972,0.6127887909970013,0.45168920121519734,220,275beae542a1a5c7fdb65c102fa5d7464532e703562c41bfdf136ab261533188,998a78e8ac8d964d2c6f0a4c87991d582b4e4e118e5384b9fedb02f65a49b2ad,158,0.9493670886075949,0.5822784810126582,0.6645569620253164,0.6962025316455697,0.7276224869220199,0.7811830896940283
44,51044,belief_active__low_order_dynamic__delay_aware__bottom_track_visible,delay_aware,bottom_track_visible,True,True,True,1.0,0.849752327786614,0.8037707672033779,True,123.99999999999723,0,0,0,0,0.4726720009621232,0.6081657500035362,0.1775033923452762,220,275beae542a1a5c7fdb65c102fa5d7464532e703562c41bfdf136ab261533188,998a78e8ac8d964d2c6f0a4c87991d582b4e4e118e5384b9fedb02f65a49b2ad,158,0.02531645569620253,0.02531645569620253,0.0,0.0,0.13790755139474747,0.22434702489743036
45,51045,belief_active__low_order_dynamic__baseline_pid__no_current,baseline_pid,no_current,True,False,False,0.14,0.32221807028149285,7.5608386724983285,True,93.99999999999893,0,0,0,0,2.1975285287188813,0.6327991660073167,0.4782378098944844,220,e742fb73b9c7a48e96424e1f5b4217e41ff56902de7eb7ca82712eb150451622,0ec4534a32df1af80fa5d6a3896e7f4c903e38f595d3143c0a60f222c11fe048,173,0.9421965317919075,0.7630057803468208,0.6069364161849711,0.5953757225433526,0.7057356660911637,0.7413181821347377
45,51045,belief_active__low_order_dynamic__delay_aware__no_current,delay_aware,no_current,True,True,True,1.0,0.3095243625965856,0.48254806864764993,True,93.99999999999893,0,0,0,0,0.5739456911124303,0.6677565829886589,0.22827974502374546,220,e742fb73b9c7a48e96424e1f5b4217e41ff56902de7eb7ca82712eb150451622,0ec4534a32df1af80fa5d6a3896e7f4c903e38f595d3143c0a60f222c11fe048,173,0.09826589595375723,0.057803468208092484,0.057803468208092484,0.011560693641618497,0.14725555867759316,0.22743491930580628
45,51045,belief_active__low_order_dynamic__baseline_pid__bottom_track_visible,baseline_pid,bottom_track_visible,False,False,False,0.18,0.08510494022651258,11.307327568428786,True,93.99999999999893,0,0,0,0,2.297209886591786,0.6118677079939516,0.4938909335436389,220,e742fb73b9c7a48e96424e1f5b4217e41ff56902de7eb7ca82712eb150451622,0ec4534a32df1af80fa5d6a3896e7f4c903e38f595d3143c0a60f222c11fe048,173,0.953757225433526,0.7109826589595376,0.630057803468208,0.6878612716763006,0.7107193311841713,0.7423792626741197
45,51045,belief_active__low_order_dynamic__delay_aware__bottom_track_visible,delay_aware,bottom_track_visible,True,True,True,1.0,0.3009612442191009,0.4417336287948084,True,93.99999999999893,0,0,0,0,0.5433617559981423,0.6291057499911403,0.24544638287276171,220,e742fb73b9c7a48e96424e1f5b4217e41ff56902de7eb7ca82712eb150451622,0ec4534a32df1af80fa5d6a3896e7f4c903e38f595d3143c0a60f222c11fe048,173,0.017341040462427744,0.017341040462427744,0.005780346820809248,0.005780346820809248,0.1426618072116492,0.24135408444860545
46,51046,belief_active__low_order_dynamic__baseline_pid__no_current,baseline_pid,no_current,True,False,False,0.36,1.217485529995076,5.668848941336565,True,123.99999999999723,0,0,0,0,1.966498211169262,0.6111020829994231,0.4505696218559066,220,76f54d14391de2e7130062c96515d5d8d8c0fa4a9daec50cd0e838f3e101c3d0,af4f417b4bbe0b2701611b9678666d2258c835a78915368d4e4629c36016890f,158,0.9746835443037974,0.7468354430379747,0.6329113924050633,0.5822784810126582,0.72058895336803,0.7319775347212732
46,51046,belief_active__low_order_dynamic__delay_aware__no_current,delay_aware,no_current,True,True,True,1.0,1.6775030346472175,1.690551938530212,True,123.99999999999723,0,0,0,0,0.4213631085173657,0.6052076250052778,0.1915665661211716,220,76f54d14391de2e7130062c96515d5d8d8c0fa4a9daec50cd0e838f3e101c3d0,af4f417b4bbe0b2701611b9678666d2258c835a78915368d4e4629c36016890f,158,0.03164556962025317,0.02531645569620253,0.006329113924050633,0.0,0.12851991750283867,0.2079075524797862
46,51046,belief_active__low_order_dynamic__baseline_pid__bottom_track_visible,baseline_pid,bottom_track_visible,True,True,False,0.86,0.5072204168852331,7.0011259697224775,True,143.9999999999961,0,0,0,0,1.8446168252075577,0.6125481659983052,0.42374959392396644,220,76f54d14391de2e7130062c96515d5d8d8c0fa4a9daec50cd0e838f3e101c3d0,af4f417b4bbe0b2701611b9678666d2258c835a78915368d4e4629c36016890f,148,0.9121621621621622,0.6418918918918919,0.5,0.5675675675675675,0.6746579272116947,0.6631186959184486
46,51046,belief_active__low_order_dynamic__delay_aware__bottom_track_visible,delay_aware,bottom_track_visible,True,True,True,0.92,0.37559583855244855,0.5577130194865517,True,143.9999999999961,0,0,0,0,0.5252309948078241,0.6107469160051551,0.20452528948849058,220,76f54d14391de2e7130062c96515d5d8d8c0fa4a9daec50cd0e838f3e101c3d0,af4f417b4bbe0b2701611b9678666d2258c835a78915368d4e4629c36016890f,148,0.02702702702702703,0.02702702702702703,0.02027027027027027,0.0,0.13028922204483537,0.20099283978761556
47,51047,belief_active__low_order_dynamic__baseline_pid__no_current,baseline_pid,no_current,False,False,False,0.62,0.4862420579095222,8.46266230885453,True,93.99999999999893,0,0,0,0,2.2430338715187355,0.6104145830031484,0.48690998632516275,220,c8d7b97a1188463c7b2aef92636734d3c962940421a2012ea273f5fa5a114ad9,d0655969f4691a3a08a136227f9c18effc9e2e4ca21ebe0f52bb39ecfe6e4205,173,0.9595375722543352,0.6994219653179191,0.6069364161849711,0.653179190751445,0.730585666299991,0.7330562798831614
47,51047,belief_active__low_order_dynamic__delay_aware__no_current,delay_aware,no_current,True,True,True,1.0,1.4603588434833144,1.1844985565401291,True,93.99999999999893,0,0,0,0,0.5108258366291737,0.6136144999909448,0.22298809126645594,220,c8d7b97a1188463c7b2aef92636734d3c962940421a2012ea273f5fa5a114ad9,d0655969f4691a3a08a136227f9c18effc9e2e4ca21ebe0f52bb39ecfe6e4205,173,0.046242774566473986,0.017341040462427744,0.023121387283236993,0.005780346820809248,0.12903991032357973,0.19643305934426786
47,51047,belief_active__low_order_dynamic__baseline_pid__bottom_track_visible,baseline_pid,bottom_track_visible,False,False,False,0.44,0.44146326719063933,10.022369458430612,True,93.99999999999893,0,0,0,0,2.2695866462753806,0.6148132499947678,0.48849009066318216,220,c8d7b97a1188463c7b2aef92636734d3c962940421a2012ea273f5fa5a114ad9,d0655969f4691a3a08a136227f9c18effc9e2e4ca21ebe0f52bb39ecfe6e4205,173,0.9479768786127167,0.7283236994219653,0.6127167630057804,0.6358381502890174,0.7002834918409273,0.7584491952464845
47,51047,belief_active__low_order_dynamic__delay_aware__bottom_track_visible,delay_aware,bottom_track_visible,True,True,True,1.0,1.176460742630655,0.8275227551918332,True,93.99999999999893,0,0,0,0,0.4954124994620934,0.6485180000017863,0.23271193764309078,220,c8d7b97a1188463c7b2aef92636734d3c962940421a2012ea273f5fa5a114ad9,d0655969f4691a3a08a136227f9c18effc9e2e4ca21ebe0f52bb39ecfe6e4205,173,0.028901734104046242,0.017341040462427744,0.005780346820809248,0.005780346820809248,0.12840459855547293,0.21243586973966913
48,51048,belief_active__low_order_dynamic__baseline_pid__no_current,baseline_pid,no_current,False,False,False,0.32,0.5009754055121406,10.06856449418844,True,93.99999999999893,0,0,0,0,2.2563797743119958,0.6110747920029098,0.4695582557473115,220,50bdf7410c17862b66265b1dd8e898e7334e6c5f06f5146bce19d579dd22a537,e1df87b8c8e828065fbc3f434ec082ee37ac937ea4a3679cff4e346ca9735550,173,0.9479768786127167,0.7687861271676301,0.6358381502890174,0.630057803468208,0.703472726567404,0.7542091050961337
48,51048,belief_active__low_order_dynamic__delay_aware__no_current,delay_aware,no_current,True,True,True,1.0,0.5402486331131172,0.5168722765829699,True,93.99999999999893,0,0,0,0,0.5014232938661186,0.6009192909987178,0.18874911223115848,220,50bdf7410c17862b66265b1dd8e898e7334e6c5f06f5146bce19d579dd22a537,e1df87b8c8e828065fbc3f434ec082ee37ac937ea4a3679cff4e346ca9735550,173,0.03468208092485549,0.03468208092485549,0.0,0.017341040462427744,0.11818877302182665,0.1993550475927708
48,51048,belief_active__low_order_dynamic__baseline_pid__bottom_track_visible,baseline_pid,bottom_track_visible,True,False,False,0.4,0.7915065764635468,6.163253786984125,True,93.99999999999893,0,0,0,0,2.273447477290664,0.6209107500035316,0.48688472803259863,220,50bdf7410c17862b66265b1dd8e898e7334e6c5f06f5146bce19d579dd22a537,e1df87b8c8e828065fbc3f434ec082ee37ac937ea4a3679cff4e346ca9735550,173,0.976878612716763,0.7456647398843931,0.653179190751445,0.6936416184971098,0.7063090074416556,0.747576932205856
48,51048,belief_active__low_order_dynamic__delay_aware__bottom_track_visible,delay_aware,bottom_track_visible,True,True,True,1.0,0.6645536601113032,0.4926127291531427,True,93.99999999999893,0,0,0,0,0.5051060762195554,0.6368216249975376,0.23187491561111567,220,50bdf7410c17862b66265b1dd8e898e7334e6c5f06f5146bce19d579dd22a537,e1df87b8c8e828065fbc3f434ec082ee37ac937ea4a3679cff4e346ca9735550,173,0.057803468208092484,0.023121387283236993,0.03468208092485549,0.005780346820809248,0.14023000250510992,0.21779882763379638
49,51049,belief_active__low_order_dynamic__baseline_pid__no_current,baseline_pid,no_current,False,False,False,0.3,0.8182263184213874,11.344788031687127,True,64.00000000000064,0,0,0,0,2.2658438466320976,0.6241264590062201,0.47966155962405277,220,83fdc9c67742e77e7bf5979911218f4dce110c2a66847aae3b53a3a7f75e42b4,fb6eb3f29221af2b2445f5bf33e45ffdb88748a0510092a9bb520c5b40104e00,188,0.9787234042553191,0.776595744680851,0.6595744680851063,0.6063829787234043,0.6915404954451747,0.7372982753883166
49,51049,belief_active__low_order_dynamic__delay_aware__no_current,delay_aware,no_current,True,True,True,1.0,0.618804855851592,0.6789173862674964,True,64.00000000000064,0,0,0,0,0.43796594598302013,0.604968416999327,0.19616562668509946,220,83fdc9c67742e77e7bf5979911218f4dce110c2a66847aae3b53a3a7f75e42b4,fb6eb3f29221af2b2445f5bf33e45ffdb88748a0510092a9bb520c5b40104e00,188,0.06914893617021277,0.05851063829787234,0.03723404255319149,0.005319148936170213,0.14017287850587068,0.22434221400548182
49,51049,belief_active__low_order_dynamic__baseline_pid__bottom_track_visible,baseline_pid,bottom_track_visible,True,False,False,0.46,0.5431623888868032,6.719773852871901,True,64.00000000000064,0,0,0,0,2.158629393389716,0.6336793329974171,0.45271301419331333,220,83fdc9c67742e77e7bf5979911218f4dce110c2a66847aae3b53a3a7f75e42b4,fb6eb3f29221af2b2445f5bf33e45ffdb88748a0510092a9bb520c5b40104e00,188,0.9574468085106383,0.7446808510638298,0.574468085106383,0.5372340425531915,0.6857149185250808,0.6865396376078363
49,51049,belief_active__low_order_dynamic__delay_aware__bottom_track_visible,delay_aware,bottom_track_visible,True,True,True,1.0,0.6213811712906465,0.6599298756906791,True,64.00000000000064,0,0,0,0,0.44837422070023014,0.6223092500003986,0.17244977629761704,220,83fdc9c67742e77e7bf5979911218f4dce110c2a66847aae3b53a3a7f75e42b4,fb6eb3f29221af2b2445f5bf33e45ffdb88748a0510092a9bb520c5b40104e00,188,0.0851063829787234,0.047872340425531915,0.06382978723404255,0.015957446808510637,0.13769317028605707,0.22909240929170116
50,51050,belief_active__low_order_dynamic__baseline_pid__no_current,baseline_pid,no_current,False,False,False,0.58,0.05872336502563005,8.97735244084034,True,93.99999999999893,0,0,0,0,2.3100768840537724,0.6809062079992145,0.4915970411711102,220,36071ecc832263166565a40cf6a4582b7e42f92219210f65d6a764be715744ba,811b525f0c016a37464753f65ecb583d86fa9d81cbc2d5d4816930d3afbd2e52,173,0.9653179190751445,0.7630057803468208,0.6763005780346821,0.6936416184971098,0.6974755705016202,0.7579440755098777
50,51050,belief_active__low_order_dynamic__delay_aware__no_current,delay_aware,no_current,True,True,True,1.0,0.2032327169843287,0.1582177220083616,True,93.99999999999893,0,0,0,0,0.5791764905078801,0.6140518749889452,0.24484352155408265,220,36071ecc832263166565a40cf6a4582b7e42f92219210f65d6a764be715744ba,811b525f0c016a37464753f65ecb583d86fa9d81cbc2d5d4816930d3afbd2e52,173,0.09248554913294797,0.03468208092485549,0.07514450867052024,0.023121387283236993,0.14518699068509722,0.21298575683042606
50,51050,belief_active__low_order_dynamic__baseline_pid__bottom_track_visible,baseline_pid,bottom_track_visible,False,False,False,0.66,0.16252034364424928,12.803806140056441,True,79.99999999999973,0,0,0,0,2.2526215309374997,0.6564399999915622,0.464637646549566,220,36071ecc832263166565a40cf6a4582b7e42f92219210f65d6a764be715744ba,811b525f0c016a37464753f65ecb583d86fa9d81cbc2d5d4816930d3afbd2e52,180,0.9777777777777777,0.7944444444444444,0.55,0.6055555555555555,0.6763667823648305,0.7034227876841208
50,51050,belief_active__low_order_dynamic__delay_aware__bottom_track_visible,delay_aware,bottom_track_visible,True,True,True,1.0,0.4240573411738951,0.21254346048012995,True,79.99999999999973,0,0,0,0,0.48035371904444224,0.6106374999944819,0.2202523935912889,220,36071ecc832263166565a40cf6a4582b7e42f92219210f65d6a764be715744ba,811b525f0c016a37464753f65ecb583d86fa9d81cbc2d5d4816930d3afbd2e52,180,0.05,0.044444444444444446,0.0,0.016666666666666666,0.13133945805201502,0.2222153306000279
51,51051,belief_active__low_order_dynamic__baseline_pid__no_current,baseline_pid,no_current,True,False,False,0.4,0.2872467997462533,7.3978541635529265,True,64.00000000000064,0,0,0,0,2.277390000843439,0.6170468750060536,0.4777808069754774,220,dcda83d1440db450378abeb65cc8af23e85081c73bb8a6a0ec855267f6683df1,3ee1c39604c23e04bde51f6bf5db80b5d334dd5f2f553a9d3e06b3dbc314dc1a,188,0.9521276595744681,0.6542553191489362,0.6595744680851063,0.6542553191489362,0.6932531850465352,0.7349960451826301
51,51051,belief_active__low_order_dynamic__delay_aware__no_current,delay_aware,no_current,True,True,True,1.0,0.392816574669976,0.5233785332997121,True,64.00000000000064,0,0,0,0,0.4596025107631145,0.7520654999971157,0.19466056066148474,220,dcda83d1440db450378abeb65cc8af23e85081c73bb8a6a0ec855267f6683df1,3ee1c39604c23e04bde51f6bf5db80b5d334dd5f2f553a9d3e06b3dbc314dc1a,188,0.0797872340425532,0.0425531914893617,0.03723404255319149,0.015957446808510637,0.14393217503378883,0.2236218045111449
51,51051,belief_active__low_order_dynamic__baseline_pid__bottom_track_visible,baseline_pid,bottom_track_visible,True,False,False,0.56,0.03830091998420276,5.932517478909353,True,64.00000000000064,0,0,0,0,2.304346948608643,0.6690945000009378,0.471171663540202,220,dcda83d1440db450378abeb65cc8af23e85081c73bb8a6a0ec855267f6683df1,3ee1c39604c23e04bde51f6bf5db80b5d334dd5f2f553a9d3e06b3dbc314dc1a,188,0.9680851063829787,0.7606382978723404,0.5531914893617021,0.648936170212766,0.6757588653879412,0.6862682350028692
51,51051,belief_active__low_order_dynamic__delay_aware__bottom_track_visible,delay_aware,bottom_track_visible,True,True,True,1.0,0.34841145368821574,0.4868123796877398,True,64.00000000000064,0,0,0,0,0.44078211045403004,0.6892291249969276,0.19389693145690118,220,dcda83d1440db450378abeb65cc8af23e85081c73bb8a6a0ec855267f6683df1,3ee1c39604c23e04bde51f6bf5db80b5d334dd5f2f553a9d3e06b3dbc314dc1a,188,0.05319148936170213,0.02127659574468085,0.0425531914893617,0.02127659574468085,0.14002793056805574,0.2314048382785156
52,51052,belief_active__low_order_dynamic__baseline_pid__no_current,baseline_pid,no_current,False,False,False,0.58,0.4208590125521157,8.258761939627165,True,93.99999999999893,0,0,0,0,2.302615995393236,0.6630208749993471,0.49768953081782025,220,f6d2fcb9635ec383fa488c67c11ebe1c85498265c1b7b74b7cf762e4deafa715,7655dbefc003cae003c0c3776c5a597629437e557ac1c1d45fd8d51601cdbd23,173,0.9710982658959537,0.7514450867052023,0.653179190751445,0.6705202312138728,0.7210451626546743,0.7637276543709365
52,51052,belief_active__low_order_dynamic__delay_aware__no_current,delay_aware,no_current,True,True,True,1.0,1.0797302761314986,1.0900521716663396,True,93.99999999999893,0,0,0,0,0.4999021027716711,0.7425550829939311,0.2486383643739292,220,f6d2fcb9635ec383fa488c67c11ebe1c85498265c1b7b74b7cf762e4deafa715,7655dbefc003cae003c0c3776c5a597629437e557ac1c1d45fd8d51601cdbd23,173,0.017341040462427744,0.011560693641618497,0.0,0.005780346820809248,0.13020385187393482,0.2104333940151474
52,51052,belief_active__low_order_dynamic__baseline_pid__bottom_track_visible,baseline_pid,bottom_track_visible,True,False,False,0.72,0.738649607698467,5.276244771433224,True,93.99999999999893,0,0,0,0,2.217284175582679,0.6801584999921033,0.47814000234978943,220,f6d2fcb9635ec383fa488c67c11ebe1c85498265c1b7b74b7cf762e4deafa715,7655dbefc003cae003c0c3776c5a597629437e557ac1c1d45fd8d51601cdbd23,173,0.976878612716763,0.7803468208092486,0.6011560693641619,0.6184971098265896,0.6715434750388085,0.7021984144162103
52,51052,belief_active__low_order_dynamic__delay_aware__bottom_track_visible,delay_aware,bottom_track_visible,True,True,True,1.0,0.8497151393887762,1.1190209911031124,True,93.99999999999893,0,0,0,0,0.514107127817512,0.669837749999715,0.2618518932093228,220,f6d2fcb9635ec383fa488c67c11ebe1c85498265c1b7b74b7cf762e4deafa715,7655dbefc003cae003c0c3776c5a597629437e557ac1c1d45fd8d51601cdbd23,173,0.06358381502890173,0.028901734104046242,0.046242774566473986,0.0,0.1354011860680849,0.21918411789728853
53,51053,belief_active__low_order_dynamic__baseline_pid__no_current,baseline_pid,no_current,False,False,False,0.28,0.8550067826334935,9.43904108969383,True,93.99999999999893,0,0,0,0,2.1415557738102837,0.6785357080079848,0.4833543424169532,220,f89408d67e747ce30b85be7707e3f4513e801f5739ad58a753fef140255b288a,73afcbe03ac0461685be8914a8a5e7c5b500373ed41b352509276167fcede4a3,173,0.9653179190751445,0.7745664739884393,0.6069364161849711,0.6589595375722543,0.7119626911522059,0.7685199632197888
53,51053,belief_active__low_order_dynamic__delay_aware__no_current,delay_aware,no_current,True,True,True,1.0,0.5623891516996152,0.44331708255836855,True,93.99999999999893,0,0,0,0,0.32064990043764,0.7491034999984549,0.21013171472199338,220,f89408d67e747ce30b85be7707e3f4513e801f5739ad58a753fef140255b288a,73afcbe03ac0461685be8914a8a5e7c5b500373ed41b352509276167fcede4a3,173,0.011560693641618497,0.011560693641618497,0.0,0.0,0.12456083131571814,0.21340825581251505
53,51053,belief_active__low_order_dynamic__baseline_pid__bottom_track_visible,baseline_pid,bottom_track_visible,False,False,False,0.1,0.6386410515661453,13.395372000422446,True,93.99999999999893,0,0,0,0,2.332867509027034,0.6438650420022896,0.51618178559655,220,f89408d67e747ce30b85be7707e3f4513e801f5739ad58a753fef140255b288a,73afcbe03ac0461685be8914a8a5e7c5b500373ed41b352509276167fcede4a3,173,0.9595375722543352,0.7225433526011561,0.6647398843930635,0.7052023121387283,0.7347039859219608,0.8212657445520284
53,51053,belief_active__low_order_dynamic__delay_aware__bottom_track_visible,delay_aware,bottom_track_visible,True,True,True,1.0,1.0863952610711758,0.9421131758823944,True,93.99999999999893,0,0,0,0,0.5229268964795163,0.6334974170022178,0.2448583805714222,220,f89408d67e747ce30b85be7707e3f4513e801f5739ad58a753fef140255b288a,73afcbe03ac0461685be8914a8a5e7c5b500373ed41b352509276167fcede4a3,173,0.011560693641618497,0.005780346820809248,0.0,0.011560693641618497,0.133086299666803,0.2188107265908341
54,51054,belief_active__low_order_dynamic__baseline_pid__no_current,baseline_pid,no_current,False,False,False,0.04,0.3296765541414742,12.099673191546707,True,64.00000000000064,0,0,0,0,2.250678291017485,0.6150534579937812,0.49153446898219116,220,867997388d4ac319e17f01e9d83cb9e2fd908c7f26278a81eb233a9330843a92,22a23b828c268df96cb525111b054bc6d56a3b74bc38cbf0182479e6587cff30,188,0.9468085106382979,0.6702127659574468,0.6223404255319149,0.6542553191489362,0.7233614746646791,0.7459691001550892
54,51054,belief_active__low_order_dynamic__delay_aware__no_current,delay_aware,no_current,True,True,True,1.0,0.6234489890729535,0.676993249919095,True,64.00000000000064,0,0,0,0,0.40136051901625286,0.6323974999977509,0.20947337402720226,220,867997388d4ac319e17f01e9d83cb9e2fd908c7f26278a81eb233a9330843a92,22a23b828c268df96cb525111b054bc6d56a3b74bc38cbf0182479e6587cff30,188,0.03723404255319149,0.015957446808510637,0.02127659574468085,0.0,0.1388601654651206,0.21675925206200916
54,51054,belief_active__low_order_dynamic__baseline_pid__bottom_track_visible,baseline_pid,bottom_track_visible,False,False,False,0.2,0.5083131780603453,15.812859651714453,True,64.00000000000064,0,0,0,0,2.2616583756721,0.7504544160037767,0.4934676798015913,220,867997388d4ac319e17f01e9d83cb9e2fd908c7f26278a81eb233a9330843a92,22a23b828c268df96cb525111b054bc6d56a3b74bc38cbf0182479e6587cff30,188,0.9202127659574468,0.6648936170212766,0.5797872340425532,0.5957446808510638,0.7221750340796136,0.7068664072404599
54,51054,belief_active__low_order_dynamic__delay_aware__bottom_track_visible,delay_aware,bottom_track_visible,True,True,True,1.0,0.799710745045983,0.947399035191584,True,64.00000000000064,0,0,0,0,0.41444073992505087,0.6274700840003788,0.21235328103386428,220,867997388d4ac319e17f01e9d83cb9e2fd908c7f26278a81eb233a9330843a92,22a23b828c268df96cb525111b054bc6d56a3b74bc38cbf0182479e6587cff30,188,0.010638297872340425,0.005319148936170213,0.010638297872340425,0.0,0.13735363544551216,0.2299105670028137
55,51055,belief_active__low_order_dynamic__baseline_pid__no_current,baseline_pid,no_current,True,False,False,0.28,1.4092171187110543,6.817342503508821,True,93.99999999999893,0,0,0,0,2.1999105022318877,0.6408113749930635,0.48629112319610074,220,e86c23a19ca2474e9f5c01414f4c4e52001647ccabcb9211c1bf16349547215c,ff7a291d08d7792096fc21cc13f3c1ce6b72b4e5b6d6c6f19b905a8ae81b1a70,173,0.9653179190751445,0.6878612716763006,0.6242774566473989,0.6763005780346821,0.7332871222643121,0.7457379923466452
55,51055,belief_active__low_order_dynamic__delay_aware__no_current,delay_aware,no_current,True,True,True,1.0,2.6803090113127985,2.68199275351387,True,93.99999999999893,0,0,0,0,0.4526368637294521,0.6393237080046674,0.20985150737822536,220,e86c23a19ca2474e9f5c01414f4c4e52001647ccabcb9211c1bf16349547215c,ff7a291d08d7792096fc21cc13f3c1ce6b72b4e5b6d6c6f19b905a8ae81b1a70,173,0.028901734104046242,0.011560693641618497,0.017341040462427744,0.0,0.13636234000149314,0.22728365555697316
55,51055,belief_active__low_order_dynamic__baseline_pid__bottom_track_visible,baseline_pid,bottom_track_visible,False,False,False,0.08,0.9414766608653493,8.64544123434349,True,123.99999999999723,0,0,0,0,1.9441959554282304,0.612836458007223,0.46220583793068887,220,e86c23a19ca2474e9f5c01414f4c4e52001647ccabcb9211c1bf16349547215c,ff7a291d08d7792096fc21cc13f3c1ce6b72b4e5b6d6c6f19b905a8ae81b1a70,158,0.9177215189873418,0.4240506329113924,0.5569620253164557,0.6645569620253164,0.7486678557098388,0.7423902961255323
55,51055,belief_active__low_order_dynamic__delay_aware__bottom_track_visible,delay_aware,bottom_track_visible,True,False,True,0.74,1.2858704281438356,1.3752052963966308,True,123.99999999999723,0,0,0,0,0.5323645763737982,0.6211041670030681,0.19592396958758332,220,e86c23a19ca2474e9f5c01414f4c4e52001647ccabcb9211c1bf16349547215c,ff7a291d08d7792096fc21cc13f3c1ce6b72b4e5b6d6c6f19b905a8ae81b1a70,158,0.0379746835443038,0.0379746835443038,0.0,0.0,0.12173148349829432,0.18555977133174997
56,51056,belief_active__low_order_dynamic__baseline_pid__no_current,baseline_pid,no_current,True,False,False,0.76,0.18052838621051678,1.9782859570172548,True,64.00000000000064,0,0,0,0,2.2553263067301588,0.6205884579976555,0.48631239686680683,220,ae95cf445bac35f5f77423c145f1087428849f6c5c91af501e9bf92b3ee7f268,d9cdaadf139ff2c4e40aed3b9c8e5365bd627f7e9a3e0bedfc8f984637d7cea0,188,0.9574468085106383,0.723404255319149,0.648936170212766,0.5372340425531915,0.6780712088534471,0.7288395460884968
56,51056,belief_active__low_order_dynamic__delay_aware__no_current,delay_aware,no_current,True,True,True,1.0,0.13108904704443944,0.13320558632592785,True,64.00000000000064,0,0,0,0,0.4899779792519474,0.7382906659913715,0.21482331737847182,220,ae95cf445bac35f5f77423c145f1087428849f6c5c91af501e9bf92b3ee7f268,d9cdaadf139ff2c4e40aed3b9c8e5365bd627f7e9a3e0bedfc8f984637d7cea0,188,0.07446808510638298,0.03723404255319149,0.05851063829787234,0.005319148936170213,0.1467355480814947,0.23093032968128197
56,51056,belief_active__low_order_dynamic__baseline_pid__bottom_track_visible,baseline_pid,bottom_track_visible,False,False,False,0.36,0.38152344543490196,8.961993322066512,True,64.00000000000064,0,0,0,0,2.445612333102633,0.6088856249989476,0.5223389128207512,220,ae95cf445bac35f5f77423c145f1087428849f6c5c91af501e9bf92b3ee7f268,d9cdaadf139ff2c4e40aed3b9c8e5365bd627f7e9a3e0bedfc8f984637d7cea0,188,0.9840425531914894,0.7606382978723404,0.6702127659574468,0.7287234042553191,0.7360966391070101,0.8986386172057678
56,51056,belief_active__low_order_dynamic__delay_aware__bottom_track_visible,delay_aware,bottom_track_visible,True,True,True,1.0,0.15534131290330974,0.23469578000174068,True,64.00000000000064,0,0,0,0,0.5028069536407147,0.6167514580010902,0.2095726977591071,220,ae95cf445bac35f5f77423c145f1087428849f6c5c91af501e9bf92b3ee7f268,d9cdaadf139ff2c4e40aed3b9c8e5365bd627f7e9a3e0bedfc8f984637d7cea0,188,0.05851063829787234,0.026595744680851064,0.0425531914893617,0.02127659574468085,0.15298424723935689,0.23900841820975777
57,51057,belief_active__low_order_dynamic__baseline_pid__no_current,baseline_pid,no_current,False,False,False,0.16,0.3145564580877045,9.923724957312043,True,183.99999999999383,0,0,0,0,1.9183856609087497,0.7119079580006655,0.4741028616899557,220,cdf1698a090bed9a70460d39eb3321228730e75fc8e4be898e3a0e6d7664f4dd,e2641b2e94245cfc6b4ae032e912ede2c5ec2417b5e0768dc8ce6fa583bd9405,128,0.9296875,0.6328125,0.546875,0.703125,0.7434801808373712,0.7200382676322402
57,51057,belief_active__low_order_dynamic__delay_aware__no_current,delay_aware,no_current,True,False,True,0.66,1.316948595474633,1.2945325558736471,True,183.99999999999383,0,0,0,0,0.6815151573098099,0.6258688329980941,0.2937364467372312,220,cdf1698a090bed9a70460d39eb3321228730e75fc8e4be898e3a0e6d7664f4dd,e2641b2e94245cfc6b4ae032e912ede2c5ec2417b5e0768dc8ce6fa583bd9405,128,0.03125,0.03125,0.0,0.0,0.13525329084634788,0.2019527826534025
57,51057,belief_active__low_order_dynamic__baseline_pid__bottom_track_visible,baseline_pid,bottom_track_visible,False,False,False,0.0,0.4881928307703513,30.046736685587348,True,243.99999999999042,0,0,0,0,1.7500060089831395,0.6261949170002481,0.4545599815132343,220,cdf1698a090bed9a70460d39eb3321228730e75fc8e4be898e3a0e6d7664f4dd,e2641b2e94245cfc6b4ae032e912ede2c5ec2417b5e0768dc8ce6fa583bd9405,98,0.8775510204081632,0.7244897959183674,0.46938775510204084,0.336734693877551,0.7391496102362167,0.634921705166588
57,51057,belief_active__low_order_dynamic__delay_aware__bottom_track_visible,delay_aware,bottom_track_visible,False,False,False,0.0,1.1417310345676985,52.722403199271085,True,243.99999999999042,0,0,0,0,0.8951300592163702,0.7100790420081466,0.33116628621247995,220,cdf1698a090bed9a70460d39eb3321228730e75fc8e4be898e3a0e6d7664f4dd,e2641b2e94245cfc6b4ae032e912ede2c5ec2417b5e0768dc8ce6fa583bd9405,98,0.030612244897959183,0.030612244897959183,0.0,0.0,0.12215732767829873,0.1801453667190725
58,51058,belief_active__low_order_dynamic__baseline_pid__no_current,baseline_pid,no_current,False,False,False,0.16,0.47626548749994646,10.616526904866173,True,93.99999999999893,0,0,0,0,2.149640207363642,0.6415100000012899,0.4784932703113777,220,7a2d7fd0cace42aa4fcfa6ca933897be6f69f218e5f4107ee75b310e8f4f39ca,c8e71ac770607ce0f6e329072a0599ee2369720d306c307a59f822737d0ce143,173,0.9421965317919075,0.7398843930635838,0.653179190751445,0.6705202312138728,0.7108638638143819,0.7558753520563203
58,51058,belief_active__low_order_dynamic__delay_aware__no_current,delay_aware,no_current,True,True,True,1.0,0.2212235353858743,0.3202958896588861,True,93.99999999999893,0,0,0,0,0.42965513360699076,0.6615849999943748,0.20894457879621786,220,7a2d7fd0cace42aa4fcfa6ca933897be6f69f218e5f4107ee75b310e8f4f39ca,c8e71ac770607ce0f6e329072a0599ee2369720d306c307a59f822737d0ce143,173,0.08670520231213873,0.06936416184971098,0.023121387283236993,0.005780346820809248,0.14071154745015998,0.21249762980418369
58,51058,belief_active__low_order_dynamic__baseline_pid__bottom_track_visible,baseline_pid,bottom_track_visible,True,False,False,0.66,0.24256609789900763,4.468507511072969,True,93.99999999999893,0,0,0,0,2.1419070147554375,0.6949392919923412,0.45853906777069403,220,7a2d7fd0cace42aa4fcfa6ca933897be6f69f218e5f4107ee75b310e8f4f39ca,c8e71ac770607ce0f6e329072a0599ee2369720d306c307a59f822737d0ce143,173,0.9421965317919075,0.6994219653179191,0.5838150289017341,0.5664739884393064,0.6808510765393877,0.6562425097261078
58,51058,belief_active__low_order_dynamic__delay_aware__bottom_track_visible,delay_aware,bottom_track_visible,True,True,True,1.0,0.3027751022090983,0.4997866479415477,True,93.99999999999893,0,0,0,0,0.5262449325180694,0.6341637500008801,0.22154029161875446,220,7a2d7fd0cace42aa4fcfa6ca933897be6f69f218e5f4107ee75b310e8f4f39ca,c8e71ac770607ce0f6e329072a0599ee2369720d306c307a59f822737d0ce143,173,0.05202312138728324,0.03468208092485549,0.03468208092485549,0.011560693641618497,0.14066788257082186,0.21902302604683935
59,51059,belief_active__low_order_dynamic__baseline_pid__no_current,baseline_pid,no_current,True,False,False,0.38,0.9205261275772365,3.1732651825134637,True,64.00000000000064,0,0,0,0,2.3295874633456877,0.618054624996148,0.4874180949055702,220,c616d8f0a4c7bf12ef4bfd46e6e6c3a01a0f9166425523ae0e3f74c9a3660bd1,f36f495ab0163431cd2bd9a25250d5e8282620a2da7a1771a612da12470d08a0,188,0.9521276595744681,0.7393617021276596,0.6436170212765957,0.6861702127659575,0.7126323506644536,0.7756901777086499
59,51059,belief_active__low_order_dynamic__delay_aware__no_current,delay_aware,no_current,True,True,True,1.0,1.1580341469183806,1.1591598086144133,True,64.00000000000064,0,0,0,0,0.3546619012310606,0.6288735409907531,0.16884643632472537,220,c616d8f0a4c7bf12ef4bfd46e6e6c3a01a0f9166425523ae0e3f74c9a3660bd1,f36f495ab0163431cd2bd9a25250d5e8282620a2da7a1771a612da12470d08a0,188,0.010638297872340425,0.010638297872340425,0.0,0.0,0.12730583957424665,0.20649975025524384
59,51059,belief_active__low_order_dynamic__baseline_pid__bottom_track_visible,baseline_pid,bottom_track_visible,True,False,False,0.36,0.8110332513062516,6.890365656055425,True,64.00000000000064,0,0,0,0,2.2161418786391947,0.6291525419946993,0.46842966131448305,220,c616d8f0a4c7bf12ef4bfd46e6e6c3a01a0f9166425523ae0e3f74c9a3660bd1,f36f495ab0163431cd2bd9a25250d5e8282620a2da7a1771a612da12470d08a0,188,0.9574468085106383,0.6861702127659575,0.6170212765957447,0.6382978723404256,0.7208101072788324,0.7313982360274596
59,51059,belief_active__low_order_dynamic__delay_aware__bottom_track_visible,delay_aware,bottom_track_visible,True,True,True,1.0,1.3060853364449734,1.327605308343796,True,64.00000000000064,0,0,0,0,0.3287690304508105,0.6227245839982061,0.15531777803473035,220,c616d8f0a4c7bf12ef4bfd46e6e6c3a01a0f9166425523ae0e3f74c9a3660bd1,f36f495ab0163431cd2bd9a25250d5e8282620a2da7a1771a612da12470d08a0,188,0.02127659574468085,0.02127659574468085,0.0,0.0,0.1311275779993987,0.21018892548211154
60,51060,belief_active__low_order_dynamic__baseline_pid__no_current,baseline_pid,no_current,False,False,False,0.0,0.9127722004807617,157.4704374252185,True,183.99999999999383,0,0,0,0,1.9083705340427946,0.6531787090061698,0.46188030790819595,220,f981d03ff940c2369fe135df9d427e9f95a3a3c5d354d5a45c02cbe3185fde81,e035cd3abcf1d4375e03ae8671901886ef37b655c206cb1f0bc873f02ab8c950,128,1.0,0.5625,0.5390625,0.6953125,0.7880051404582019,0.7188132054294326
60,51060,belief_active__low_order_dynamic__delay_aware__no_current,delay_aware,no_current,False,False,False,0.0,1.2623497108606787,14.481945614997587,True,183.99999999999383,0,0,0,0,0.6964827278056677,0.6116487910039723,0.26883123756435784,220,f981d03ff940c2369fe135df9d427e9f95a3a3c5d354d5a45c02cbe3185fde81,e035cd3abcf1d4375e03ae8671901886ef37b655c206cb1f0bc873f02ab8c950,128,0.0546875,0.0546875,0.0,0.0,0.11724500782129879,0.1705692443050582
60,51060,belief_active__low_order_dynamic__baseline_pid__bottom_track_visible,baseline_pid,bottom_track_visible,False,False,False,0.06,0.373556166600702,8.661807317269705,True,123.99999999999723,0,0,0,0,2.020477664968274,0.615313000002061,0.45908257494949645,220,f981d03ff940c2369fe135df9d427e9f95a3a3c5d354d5a45c02cbe3185fde81,e035cd3abcf1d4375e03ae8671901886ef37b655c206cb1f0bc873f02ab8c950,158,0.9493670886075949,0.4050632911392405,0.6075949367088608,0.6329113924050633,0.7214455487388844,0.6813661631246841
60,51060,belief_active__low_order_dynamic__delay_aware__bottom_track_visible,delay_aware,bottom_track_visible,True,True,True,1.0,1.233625760440115,1.169825556748388,True,123.99999999999723,0,0,0,0,0.5747317316987851,0.6265608750109095,0.23078248512302052,220,f981d03ff940c2369fe135df9d427e9f95a3a3c5d354d5a45c02cbe3185fde81,e035cd3abcf1d4375e03ae8671901886ef37b655c206cb1f0bc873f02ab8c950,158,0.012658227848101266,0.012658227848101266,0.0,0.0,0.12808036869473957,0.21009052367673978
61,51061,belief_active__low_order_dynamic__baseline_pid__no_current,baseline_pid,no_current,True,False,False,0.48,0.34988527215425397,5.374563718278675,True,123.99999999999723,0,0,0,0,2.141369709857376,0.7313854160020128,0.4769987848963365,220,6c42008b8fd9ca00073269cb6a05c6405d35d3f30c2a049b1314948ed50e1c76,7dcb8416c72f39680c43c706fc0ce32fe3a4a3043e2642ecb37b42eac8949d0c,158,0.9620253164556962,0.759493670886076,0.6582278481012658,0.6265822784810127,0.7084605679931936,0.7643681483173043
61,51061,belief_active__low_order_dynamic__delay_aware__no_current,delay_aware,no_current,True,True,True,1.0,0.419540287486654,0.3608829847222951,True,123.99999999999723,0,0,0,0,0.5685530839165683,0.6325808749970747,0.24833567429099032,220,6c42008b8fd9ca00073269cb6a05c6405d35d3f30c2a049b1314948ed50e1c76,7dcb8416c72f39680c43c706fc0ce32fe3a4a3043e2642ecb37b42eac8949d0c,158,0.056962025316455694,0.0189873417721519,0.0379746835443038,0.0,0.13703340857824697,0.2136632012696279
61,51061,belief_active__low_order_dynamic__baseline_pid__bottom_track_visible,baseline_pid,bottom_track_visible,False,False,False,0.08,0.563530347628291,13.175599542770733,True,123.99999999999723,0,0,0,0,2.0716037163937164,0.6381442499987315,0.47213120131628705,220,6c42008b8fd9ca00073269cb6a05c6405d35d3f30c2a049b1314948ed50e1c76,7dcb8416c72f39680c43c706fc0ce32fe3a4a3043e2642ecb37b42eac8949d0c,158,0.9746835443037974,0.7721518987341772,0.6962025316455697,0.6582278481012658,0.7137898023853483,0.839304868453358
61,51061,belief_active__low_order_dynamic__delay_aware__bottom_track_visible,delay_aware,bottom_track_visible,True,True,True,1.0,0.6855305987109713,0.777455368788053,True,123.99999999999723,0,0,0,0,0.45704914076147046,0.6319748340029037,0.2130113518389721,220,6c42008b8fd9ca00073269cb6a05c6405d35d3f30c2a049b1314948ed50e1c76,7dcb8416c72f39680c43c706fc0ce32fe3a4a3043e2642ecb37b42eac8949d0c,158,0.05063291139240506,0.03164556962025317,0.02531645569620253,0.006329113924050633,0.1490208059747006,0.22328347763527626
62,51062,belief_active__low_order_dynamic__baseline_pid__no_current,baseline_pid,no_current,False,False,False,0.42,0.4017634647093199,9.770453844262823,True,95.99999999999882,0,0,0,0,2.178432440464483,0.616568625002401,0.4711117335044698,220,e95f4c0d1dca7423e6f115f7f2d498ee61b56d6fa164fa3b4998eb07d50262db,8518a38db1a9a018e2c304006da0c1b77d84be2c44a7ce1cc34b1dc9b5deb376,172,0.9709302325581395,0.7325581395348837,0.6511627906976745,0.6395348837209303,0.715902847445237,0.7443340172041746
62,51062,belief_active__low_order_dynamic__delay_aware__no_current,delay_aware,no_current,True,True,True,1.0,0.44881015947756,0.5104380246191507,True,95.99999999999882,0,0,0,0,0.4287072988019805,0.6427436660014791,0.19244431437290935,220,e95f4c0d1dca7423e6f115f7f2d498ee61b56d6fa164fa3b4998eb07d50262db,8518a38db1a9a018e2c304006da0c1b77d84be2c44a7ce1cc34b1dc9b5deb376,172,0.029069767441860465,0.011627906976744186,0.005813953488372093,0.01744186046511628,0.13880440336803426,0.2314004093614558
62,51062,belief_active__low_order_dynamic__baseline_pid__bottom_track_visible,baseline_pid,bottom_track_visible,True,False,False,0.14,0.57113865267789,7.689768424504028,True,123.99999999999723,0,0,0,0,2.1517696599469702,0.6145071669889148,0.48407576465048396,220,e95f4c0d1dca7423e6f115f7f2d498ee61b56d6fa164fa3b4998eb07d50262db,8518a38db1a9a018e2c304006da0c1b77d84be2c44a7ce1cc34b1dc9b5deb376,158,0.9620253164556962,0.740506329113924,0.7088607594936709,0.7151898734177216,0.700257311535266,0.8472767786527772
62,51062,belief_active__low_order_dynamic__delay_aware__bottom_track_visible,delay_aware,bottom_track_visible,True,True,True,1.0,0.6116722230682862,0.7771523362794234,True,123.99999999999723,0,0,0,0,0.5072566995363627,0.6210826250026003,0.21901851281545684,220,e95f4c0d1dca7423e6f115f7f2d498ee61b56d6fa164fa3b4998eb07d50262db,8518a38db1a9a018e2c304006da0c1b77d84be2c44a7ce1cc34b1dc9b5deb376,158,0.06329113924050633,0.05063291139240506,0.02531645569620253,0.0,0.143949805608879,0.2224565721228925
63,51063,belief_active__low_order_dynamic__baseline_pid__no_current,baseline_pid,no_current,False,False,False,0.24,0.3831632171217213,10.557881732891145,True,93.99999999999893,0,0,0,0,2.123539273625532,0.6306205000000773,0.47625464403247114,220,e39e4d35f2ccf331983250a52b861d29420f0c0183107ce46e30fd3432def08d,27e2d9f34f09bca2d33c4341d19e168cfb83b6a67dd62001a48e95f31f1de2e2,173,0.953757225433526,0.6994219653179191,0.6184971098265896,0.6705202312138728,0.7272743370109093,0.7230465500006658
63,51063,belief_active__low_order_dynamic__delay_aware__no_current,delay_aware,no_current,True,True,True,1.0,1.327381239410521,1.371608582433936,True,93.99999999999893,0,0,0,0,0.4392228442759367,0.624701125008869,0.20605146121053147,220,e39e4d35f2ccf331983250a52b861d29420f0c0183107ce46e30fd3432def08d,27e2d9f34f09bca2d33c4341d19e168cfb83b6a67dd62001a48e95f31f1de2e2,173,0.07514450867052024,0.05202312138728324,0.04046242774566474,0.005780346820809248,0.13847832580374944,0.21554985405606455
63,51063,belief_active__low_order_dynamic__baseline_pid__bottom_track_visible,baseline_pid,bottom_track_visible,False,False,False,0.48,0.4070923839079151,9.314497620270334,True,93.99999999999893,0,0,0,0,2.092033641210622,0.6535216660122387,0.46606172096256254,220,e39e4d35f2ccf331983250a52b861d29420f0c0183107ce46e30fd3432def08d,27e2d9f34f09bca2d33c4341d19e168cfb83b6a67dd62001a48e95f31f1de2e2,173,0.9364161849710982,0.6705202312138728,0.5895953757225434,0.653179190751445,0.7069895214092032,0.7147890149926845
63,51063,belief_active__low_order_dynamic__delay_aware__bottom_track_visible,delay_aware,bottom_track_visible,True,True,True,1.0,0.8472148042324884,0.9591273855111884,True,93.99999999999893,0,0,0,0,0.43416580554454276,0.626770040995325,0.19756863629349486,220,e39e4d35f2ccf331983250a52b861d29420f0c0183107ce46e30fd3432def08d,27e2d9f34f09bca2d33c4341d19e168cfb83b6a67dd62001a48e95f31f1de2e2,173,0.07514450867052024,0.057803468208092484,0.023121387283236993,0.005780346820809248,0.14094939552069616,0.20835002120057258
64,51064,belief_active__low_order_dynamic__baseline_pid__no_current,baseline_pid,no_current,False,False,False,0.06,0.5135160089654766,12.411238324298598,True,64.00000000000064,0,0,0,0,2.3108805281743527,0.6211234590009553,0.4871630896918305,220,90c0689832f42ac66311b6ba0822ce93b619e388534d5c4a4c97afc60f320c47,54e05aaf18ca25afe4a7903691f425d0fb5258266bf3757fe8ce966b99676f6c,188,0.9468085106382979,0.7553191489361702,0.6542553191489362,0.5957446808510638,0.7124102810962886,0.747092993585401
64,51064,belief_active__low_order_dynamic__delay_aware__no_current,delay_aware,no_current,True,True,True,1.0,0.8762774099465471,1.0150112026142872,True,64.00000000000064,0,0,0,0,0.3846722971313071,0.6373344169987831,0.1910764656037316,220,90c0689832f42ac66311b6ba0822ce93b619e388534d5c4a4c97afc60f320c47,54e05aaf18ca25afe4a7903691f425d0fb5258266bf3757fe8ce966b99676f6c,188,0.02127659574468085,0.015957446808510637,0.02127659574468085,0.0,0.13493836623935943,0.22301869504552077
64,51064,belief_active__low_order_dynamic__baseline_pid__bottom_track_visible,baseline_pid,bottom_track_visible,False,False,False,0.32,0.7866451736165768,10.08222923011654,True,64.00000000000064,0,0,0,0,2.2889193723751577,0.6171903750073398,0.4815631788541363,220,90c0689832f42ac66311b6ba0822ce93b619e388534d5c4a4c97afc60f320c47,54e05aaf18ca25afe4a7903691f425d0fb5258266bf3757fe8ce966b99676f6c,188,0.925531914893617,0.7287234042553191,0.5851063829787234,0.5797872340425532,0.7130635653412908,0.7000712257402165
64,51064,belief_active__low_order_dynamic__delay_aware__bottom_track_visible,delay_aware,bottom_track_visible,True,True,True,1.0,1.2358622153105048,1.2444215217268608,True,64.00000000000064,0,0,0,0,0.42068679842797646,0.7303862920089159,0.18982878712707704,220,90c0689832f42ac66311b6ba0822ce93b619e388534d5c4a4c97afc60f320c47,54e05aaf18ca25afe4a7903691f425d0fb5258266bf3757fe8ce966b99676f6c,188,0.03723404255319149,0.02127659574468085,0.026595744680851064,0.0,0.1452420332418578,0.22889961064747935
65,51065,belief_active__low_order_dynamic__baseline_pid__no_current,baseline_pid,no_current,True,False,False,0.32,0.14345930665152673,7.046165473797576,True,93.99999999999893,0,0,0,0,2.2220679689274063,0.6425688750023255,0.4931022086259205,220,a6075700b3e92eb1f72c3a38bde50f0e68e47896080976288080467c5b2005d3,c71df300cf55f45e19b1d51025325ccd2c44663d4f23029a66ae55442dd70e23,173,0.9653179190751445,0.6878612716763006,0.6011560693641619,0.6589595375722543,0.7502893054671103,0.7262463852151099
65,51065,belief_active__low_order_dynamic__delay_aware__no_current,delay_aware,no_current,True,True,True,1.0,1.0953694671291527,0.9717364368389034,True,93.99999999999893,0,0,0,0,0.5173006396001845,0.659732875006739,0.23976542632026424,220,a6075700b3e92eb1f72c3a38bde50f0e68e47896080976288080467c5b2005d3,c71df300cf55f45e19b1d51025325ccd2c44663d4f23029a66ae55442dd70e23,173,0.046242774566473986,0.028901734104046242,0.017341040462427744,0.005780346820809248,0.1457510786679943,0.2248705356566726
65,51065,belief_active__low_order_dynamic__baseline_pid__bottom_track_visible,baseline_pid,bottom_track_visible,False,False,False,0.32,0.25271750616855737,10.312128391865388,True,93.99999999999893,0,0,0,0,2.214987413137148,0.6336345830059145,0.49531340529283624,220,a6075700b3e92eb1f72c3a38bde50f0e68e47896080976288080467c5b2005d3,c71df300cf55f45e19b1d51025325ccd2c44663d4f23029a66ae55442dd70e23,173,0.953757225433526,0.6647398843930635,0.6416184971098265,0.6878612716763006,0.7054257996254722,0.756687657307566
65,51065,belief_active__low_order_dynamic__delay_aware__bottom_track_visible,delay_aware,bottom_track_visible,True,True,True,1.0,0.45506565533132715,0.41650006277512547,True,93.99999999999893,0,0,0,0,0.48244769056420084,0.6557454170106212,0.23337954850516918,220,a6075700b3e92eb1f72c3a38bde50f0e68e47896080976288080467c5b2005d3,c71df300cf55f45e19b1d51025325ccd2c44663d4f23029a66ae55442dd70e23,173,0.03468208092485549,0.03468208092485549,0.0,0.0,0.14125510696353832,0.22310289704155423
66,51066,belief_active__low_order_dynamic__baseline_pid__no_current,baseline_pid,no_current,False,False,False,0.06,0.045117377707719515,13.08442354649151,True,64.00000000000064,0,0,0,0,2.3085333948378692,0.6285768340021605,0.4853572842713606,220,8eee8f28d835010216e0d2d43f910c8b3fadd63a13dcb782e9416c1f541b447a,0000dd867956d70ea4ab89536fa9f916d4a9e18f92c1f33156f4c8db3cbd465e,188,0.973404255319149,0.7393617021276596,0.6436170212765957,0.6861702127659575,0.7070084610710987,0.7409444730165247
66,51066,belief_active__low_order_dynamic__delay_aware__no_current,delay_aware,no_current,True,True,True,1.0,0.22154852602896202,0.3962888813361943,True,64.00000000000064,0,0,0,0,0.4623914372270052,0.6448959999979706,0.20152782304786257,220,8eee8f28d835010216e0d2d43f910c8b3fadd63a13dcb782e9416c1f541b447a,0000dd867956d70ea4ab89536fa9f916d4a9e18f92c1f33156f4c8db3cbd465e,173,0.09826589595375723,0.046242774566473986,0.05202312138728324,0.0,0.15824811815347128,0.22393108487205313
66,51066,belief_active__low_order_dynamic__baseline_pid__bottom_track_visible,baseline_pid,bottom_track_visible,False,False,False,0.08,0.14514660178569502,15.366084268871814,True,64.00000000000064,0,0,0,0,2.2819630738547234,0.6982048750069225,0.4933577099642343,220,8eee8f28d835010216e0d2d43f910c8b3fadd63a13dcb782e9416c1f541b447a,0000dd867956d70ea4ab89536fa9f916d4a9e18f92c1f33156f4c8db3cbd465e,188,0.9840425531914894,0.6595744680851063,0.6968085106382979,0.6595744680851063,0.7001921636327495,0.8085945389306064
66,51066,belief_active__low_order_dynamic__delay_aware__bottom_track_visible,delay_aware,bottom_track_visible,True,True,True,1.0,0.49859972567171995,0.6673619696711571,True,64.00000000000064,0,0,0,0,0.63134956051468,0.6314810420008143,0.22188769004519682,220,8eee8f28d835010216e0d2d43f910c8b3fadd63a13dcb782e9416c1f541b447a,0000dd867956d70ea4ab89536fa9f916d4a9e18f92c1f33156f4c8db3cbd465e,173,0.09248554913294797,0.08092485549132948,0.023121387283236993,0.028901734104046242,0.17137201053260595,0.22557587262226855
67,51067,belief_active__low_order_dynamic__baseline_pid__no_current,baseline_pid,no_current,False,False,False,0.48,0.9916408731121449,8.110483141321353,True,93.99999999999893,0,0,0,0,2.2401203379556964,0.6475394590088399,0.4674932800037864,220,284eb7cb9e35439f24ad5582acd8fdbfc7df015049b1ddca67ab6b4cc6ae57d0,7803ba5ece3dc76211a72639b1a42eb9569f026c065a7968b2956db2361d0045,173,0.9595375722543352,0.7630057803468208,0.6589595375722543,0.6878612716763006,0.7050023472105569,0.7816967911334963
67,51067,belief_active__low_order_dynamic__delay_aware__no_current,delay_aware,no_current,True,True,True,1.0,0.6197077880680961,0.8653171259498342,True,93.99999999999893,0,0,0,0,0.4522702332675151,0.643815833987901,0.17564385504429192,220,284eb7cb9e35439f24ad5582acd8fdbfc7df015049b1ddca67ab6b4cc6ae57d0,7803ba5ece3dc76211a72639b1a42eb9569f026c065a7968b2956db2361d0045,173,0.03468208092485549,0.011560693641618497,0.023121387283236993,0.017341040462427744,0.14345046967575908,0.2370819639415691
67,51067,belief_active__low_order_dynamic__baseline_pid__bottom_track_visible,baseline_pid,bottom_track_visible,True,False,False,0.26,0.2831595440350056,7.922707416847594,True,93.99999999999893,0,0,0,0,2.3158733022135047,0.6662406660034321,0.4779003219107544,220,284eb7cb9e35439f24ad5582acd8fdbfc7df015049b1ddca67ab6b4cc6ae57d0,7803ba5ece3dc76211a72639b1a42eb9569f026c065a7968b2956db2361d0045,173,0.9710982658959537,0.7687861271676301,0.6936416184971098,0.7109826589595376,0.7297236351015066,0.8287199914525326
67,51067,belief_active__low_order_dynamic__delay_aware__bottom_track_visible,delay_aware,bottom_track_visible,True,True,True,1.0,0.518799545006825,0.6851993901655572,True,93.99999999999893,0,0,0,0,0.48291235482875716,0.6257730829966022,0.15511987512034667,220,284eb7cb9e35439f24ad5582acd8fdbfc7df015049b1ddca67ab6b4cc6ae57d0,7803ba5ece3dc76211a72639b1a42eb9569f026c065a7968b2956db2361d0045,173,0.023121387283236993,0.023121387283236993,0.0,0.0,0.13541325600318316,0.23233961922967958
68,51068,belief_active__low_order_dynamic__baseline_pid__no_current,baseline_pid,no_current,False,False,False,0.1,0.43366039182058974,8.038788381314175,True,123.99999999999723,0,0,0,0,2.121367849585177,0.6228763340041041,0.4802065810362764,220,702d5484475183fe8841cefe8c702afe48057f8a46d2e37de4673bc8924f2a15,256edc833a8906eb86e039e18f788f8505b19d1719bb488f61d4bf40b8b5853c,158,0.9240506329113924,0.6772151898734177,0.6455696202531646,0.6582278481012658,0.7109962975441365,0.7511921252464157
68,51068,belief_active__low_order_dynamic__delay_aware__no_current,delay_aware,no_current,True,True,True,1.0,0.6694082031244032,0.6890169162355998,True,123.99999999999723,0,0,0,0,0.5193952920477639,0.631875167004182,0.24008967965983502,220,702d5484475183fe8841cefe8c702afe48057f8a46d2e37de4673bc8924f2a15,256edc833a8906eb86e039e18f788f8505b19d1719bb488f61d4bf40b8b5853c,158,0.03164556962025317,0.03164556962025317,0.0,0.0,0.12398682721697289,0.19126759253824135
68,51068,belief_active__low_order_dynamic__baseline_pid__bottom_track_visible,baseline_pid,bottom_track_visible,False,False,False,0.1,0.6734430049805856,8.06322845726523,True,123.99999999999723,0,0,0,0,2.1266762263862247,0.6003573749912903,0.4689374436525595,220,702d5484475183fe8841cefe8c702afe48057f8a46d2e37de4673bc8924f2a15,256edc833a8906eb86e039e18f788f8505b19d1719bb488f61d4bf40b8b5853c,158,0.9367088607594937,0.6518987341772152,0.6075949367088608,0.6518987341772152,0.7083898567564333,0.6925479343489882
68,51068,belief_active__low_order_dynamic__delay_aware__bottom_track_visible,delay_aware,bottom_track_visible,True,True,True,1.0,0.6488810291402782,0.6161971893786166,True,123.99999999999723,0,0,0,0,0.566577549460091,0.6297671670035925,0.23878324489771557,220,702d5484475183fe8841cefe8c702afe48057f8a46d2e37de4673bc8924f2a15,256edc833a8906eb86e039e18f788f8505b19d1719bb488f61d4bf40b8b5853c,158,0.03164556962025317,0.03164556962025317,0.0,0.0,0.13289360941562303,0.20957577819961776
69,51069,belief_active__low_order_dynamic__baseline_pid__no_current,baseline_pid,no_current,True,False,False,0.48,0.32956292265097586,7.58312057239692,True,70.0000000000003,0,0,0,0,2.293284859630268,0.6122074580052868,0.5064793363569046,220,791fc86f3c384713b1644282f061a6299ccd8cd5809a5ba44407477639099e7a,1d115316d58c85a211a61832b54370a2192932227f15ee1252f76236d229a26b,185,0.9513513513513514,0.7081081081081081,0.6054054054054054,0.6594594594594595,0.7316797070538258,0.7394288376445448
69,51069,belief_active__low_order_dynamic__delay_aware__no_current,delay_aware,no_current,True,True,True,1.0,0.35497032039021725,0.32397076209550074,True,70.0000000000003,0,0,0,0,0.45173249123387216,0.6193361250043381,0.22009069753492277,220,791fc86f3c384713b1644282f061a6299ccd8cd5809a5ba44407477639099e7a,1d115316d58c85a211a61832b54370a2192932227f15ee1252f76236d229a26b,185,0.05945945945945946,0.032432432432432434,0.021621621621621623,0.005405405405405406,0.140049607225533,0.22910638108989642
69,51069,belief_active__low_order_dynamic__baseline_pid__bottom_track_visible,baseline_pid,bottom_track_visible,False,False,False,0.34,0.48285245312450586,8.116432421987001,True,70.0000000000003,0,0,0,0,2.33937960222303,0.6171135000040522,0.5214849539411268,220,791fc86f3c384713b1644282f061a6299ccd8cd5809a5ba44407477639099e7a,1d115316d58c85a211a61832b54370a2192932227f15ee1252f76236d229a26b,185,0.9783783783783784,0.6918918918918919,0.6810810810810811,0.7135135135135136,0.7451596975845942,0.8239913643320916
69,51069,belief_active__low_order_dynamic__delay_aware__bottom_track_visible,delay_aware,bottom_track_visible,True,True,True,1.0,0.37177558934483623,0.4360736287628901,True,70.0000000000003,0,0,0,0,0.4524986763018283,0.5976940419932362,0.20424432365544268,220,791fc86f3c384713b1644282f061a6299ccd8cd5809a5ba44407477639099e7a,1d115316d58c85a211a61832b54370a2192932227f15ee1252f76236d229a26b,185,0.04864864864864865,0.03783783783783784,0.016216216216216217,0.005405405405405406,0.14904848949479466,0.23383086479383644
70,51070,belief_active__low_order_dynamic__baseline_pid__no_current,baseline_pid,no_current,False,False,False,0.58,0.7208859815362002,9.155424634724808,True,183.99999999999383,0,0,0,0,1.6922706847330098,0.6059100839920575,0.4238845018310411,220,008456af65699010de2bcd57b6d7611e84d4dceb288b6284f7967b67dd44991d,4caef9b1920cb9f096ab4508b5d4551f03e4e6fb7d9b72a44a4f38ba0c6b2978,128,0.9453125,0.6875,0.671875,0.4609375,0.6965110295375967,0.7117670690806153
70,51070,belief_active__low_order_dynamic__delay_aware__no_current,delay_aware,no_current,True,False,True,0.6,0.9347986654792344,1.2749554246240489,True,183.99999999999383,0,0,0,0,0.49460148585325425,0.6085219170054188,0.22918629787381267,220,008456af65699010de2bcd57b6d7611e84d4dceb288b6284f7967b67dd44991d,4caef9b1920cb9f096ab4508b5d4551f03e4e6fb7d9b72a44a4f38ba0c6b2978,128,0.0234375,0.0234375,0.0,0.0,0.1370952802975203,0.2089002488063278
70,51070,belief_active__low_order_dynamic__baseline_pid__bottom_track_visible,baseline_pid,bottom_track_visible,False,False,False,0.0,1.037919647153815,85.11840901114459,True,183.99999999999383,0,0,0,0,1.7465094183935208,0.6194100829889067,0.44970287357317673,220,008456af65699010de2bcd57b6d7611e84d4dceb288b6284f7967b67dd44991d,4caef9b1920cb9f096ab4508b5d4551f03e4e6fb7d9b72a44a4f38ba0c6b2978,128,0.9453125,0.5546875,0.6171875,0.6796875,0.7467344289353525,0.7697054055555047
70,51070,belief_active__low_order_dynamic__delay_aware__bottom_track_visible,delay_aware,bottom_track_visible,True,False,False,0.18,0.9123966130559164,4.108146780200686,True,183.99999999999383,0,0,0,0,0.5460200957209369,0.6639872079977067,0.23087459109729194,220,008456af65699010de2bcd57b6d7611e84d4dceb288b6284f7967b67dd44991d,4caef9b1920cb9f096ab4508b5d4551f03e4e6fb7d9b72a44a4f38ba0c6b2978,128,0.0625,0.0546875,0.0,0.0078125,0.1203648336394016,0.16670281383992655
71,51071,belief_active__low_order_dynamic__baseline_pid__no_current,baseline_pid,no_current,True,False,False,0.58,0.4751026844126216,6.769840850652256,True,123.99999999999723,0,0,0,0,2.068974020516428,0.6541490829986287,0.47357593789441454,220,d76606246bde5391855f1e8d468a2f77e9e43d11bf1ad158af3a949a60c1c406,3d5b971074b31a53c9f2eb9524fbedda3f61854a7388661b13dfbdcc14e75eea,158,0.9430379746835443,0.7215189873417721,0.6392405063291139,0.6075949367088608,0.6974192193084325,0.7313299172730418
71,51071,belief_active__low_order_dynamic__delay_aware__no_current,delay_aware,no_current,True,True,True,1.0,0.5009652337959823,0.3723322336482099,True,123.99999999999723,0,0,0,0,0.5128166933236948,0.6585079170035897,0.24246917695472658,220,d76606246bde5391855f1e8d468a2f77e9e43d11bf1ad158af3a949a60c1c406,3d5b971074b31a53c9f2eb9524fbedda3f61854a7388661b13dfbdcc14e75eea,158,0.05063291139240506,0.0379746835443038,0.0189873417721519,0.012658227848101266,0.13556098760866914,0.20167532425807855
71,51071,belief_active__low_order_dynamic__baseline_pid__bottom_track_visible,baseline_pid,bottom_track_visible,False,False,False,0.2,0.3224962842955284,11.641390003820872,True,123.99999999999723,0,0,0,0,2.2798599154550105,0.6669837500085123,0.5005995073601772,220,d76606246bde5391855f1e8d468a2f77e9e43d11bf1ad158af3a949a60c1c406,3d5b971074b31a53c9f2eb9524fbedda3f61854a7388661b13dfbdcc14e75eea,158,0.9810126582278481,0.7974683544303798,0.6772151898734177,0.7531645569620253,0.7193119700870653,0.846854261861909
71,51071,belief_active__low_order_dynamic__delay_aware__bottom_track_visible,delay_aware,bottom_track_visible,True,True,True,1.0,0.40432887170952586,0.46921233917376143,True,123.99999999999723,0,0,0,0,0.7387681398249483,0.659322916995734,0.2641666377648837,220,d76606246bde5391855f1e8d468a2f77e9e43d11bf1ad158af3a949a60c1c406,3d5b971074b31a53c9f2eb9524fbedda3f61854a7388661b13dfbdcc14e75eea,158,0.13924050632911392,0.06329113924050633,0.10759493670886076,0.02531645569620253,0.1640569223534901,0.2353567667928656
72,51072,belief_active__low_order_dynamic__baseline_pid__no_current,baseline_pid,no_current,False,False,False,0.2,0.659606603571288,11.023277321769955,True,123.99999999999723,0,0,0,0,2.1365683927471153,0.636767542004236,0.47333380870114344,220,0619457dcffedb8c26b07bc7dac10646208bf662e14c1385377a0cc79792eb19,9aeaac787a24a55162f8af2dfd1d212b6885b15f214ae7721de568c7e6aa09e8,158,0.9746835443037974,0.7341772151898734,0.6455696202531646,0.7025316455696202,0.7012321318949858,0.7469498652655693
72,51072,belief_active__low_order_dynamic__delay_aware__no_current,delay_aware,no_current,True,True,True,1.0,0.8248048028533412,0.9158747713460836,True,123.99999999999723,0,0,0,0,0.5337323196213181,0.6279803749930579,0.24156146383624805,220,0619457dcffedb8c26b07bc7dac10646208bf662e14c1385377a0cc79792eb19,9aeaac787a24a55162f8af2dfd1d212b6885b15f214ae7721de568c7e6aa09e8,158,0.05063291139240506,0.02531645569620253,0.03164556962025317,0.006329113924050633,0.14881368101024095,0.23683824812542778
72,51072,belief_active__low_order_dynamic__baseline_pid__bottom_track_visible,baseline_pid,bottom_track_visible,False,False,False,0.48,0.5580394309027876,8.305102304042757,True,93.99999999999893,0,0,0,0,2.216823652809155,0.6287794590025442,0.4664133363876792,220,0619457dcffedb8c26b07bc7dac10646208bf662e14c1385377a0cc79792eb19,9aeaac787a24a55162f8af2dfd1d212b6885b15f214ae7721de568c7e6aa09e8,173,0.9653179190751445,0.7456647398843931,0.5606936416184971,0.6416184971098265,0.7126584224520673,0.6828080323009608
72,51072,belief_active__low_order_dynamic__delay_aware__bottom_track_visible,delay_aware,bottom_track_visible,True,True,True,1.0,0.2788535983885285,0.5429093523509169,True,93.99999999999893,0,0,0,0,0.5078269973149472,0.6729007920075674,0.21908125779088045,220,0619457dcffedb8c26b07bc7dac10646208bf662e14c1385377a0cc79792eb19,9aeaac787a24a55162f8af2dfd1d212b6885b15f214ae7721de568c7e6aa09e8,173,0.03468208092485549,0.017341040462427744,0.0,0.03468208092485549,0.13989721613831765,0.23020111704171128
73,51073,belief_active__low_order_dynamic__baseline_pid__no_current,baseline_pid,no_current,False,False,False,0.2,0.6143627086524364,11.761138520829652,True,93.99999999999893,0,0,0,0,2.098020418700631,0.6399834159965394,0.47897292548898873,220,c0c9862df01a7b88d1e22e3e5e9bc0405726535b69c985ab482523c1fe59e68e,fe0bdff97997b82580f8cb0e4ed2399675bdc8d411bdb7e70e1b8ce3ecf240f0,173,0.9479768786127167,0.653179190751445,0.6127167630057804,0.6878612716763006,0.7378072349978129,0.7331331407054654
73,51073,belief_active__low_order_dynamic__delay_aware__no_current,delay_aware,no_current,True,True,True,1.0,1.986182898147863,2.068951104849241,True,93.99999999999893,0,0,0,0,0.39000990500813953,0.6323906670004362,0.2040905109151702,220,c0c9862df01a7b88d1e22e3e5e9bc0405726535b69c985ab482523c1fe59e68e,fe0bdff97997b82580f8cb0e4ed2399675bdc8d411bdb7e70e1b8ce3ecf240f0,173,0.05202312138728324,0.05202312138728324,0.0,0.0,0.13059288182434547,0.19764224318875118
73,51073,belief_active__low_order_dynamic__baseline_pid__bottom_track_visible,baseline_pid,bottom_track_visible,False,False,False,0.02,0.7003781150308387,14.003912467069895,True,93.99999999999893,0,0,0,0,2.080352670857117,0.6268698339990806,0.48454935652274705,220,c0c9862df01a7b88d1e22e3e5e9bc0405726535b69c985ab482523c1fe59e68e,fe0bdff97997b82580f8cb0e4ed2399675bdc8d411bdb7e70e1b8ce3ecf240f0,173,0.976878612716763,0.6473988439306358,0.6416184971098265,0.7167630057803468,0.7628064232442615,0.7840299851578875
73,51073,belief_active__low_order_dynamic__delay_aware__bottom_track_visible,delay_aware,bottom_track_visible,True,True,True,1.0,1.2845150247632977,1.4629231876154152,True,93.99999999999893,0,0,0,0,0.37250805086303124,0.6123201250011334,0.19175925032664368,220,c0c9862df01a7b88d1e22e3e5e9bc0405726535b69c985ab482523c1fe59e68e,fe0bdff97997b82580f8cb0e4ed2399675bdc8d411bdb7e70e1b8ce3ecf240f0,173,0.06358381502890173,0.057803468208092484,0.017341040462427744,0.005780346820809248,0.12575538818878007,0.19325919757480825
74,51074,belief_active__low_order_dynamic__baseline_pid__no_current,baseline_pid,no_current,False,False,False,0.26,0.360184036578901,11.568712246673096,True,64.00000000000064,0,0,0,0,2.327472814221522,0.6276124169962713,0.4898771684898529,220,1bb04c675cbb5913fe1c453334fb891ff8c8f310e4bdc857ef20b44ead511a06,69bd807cb48beec22ab707bd17e81acb2094233cbf11aa0f90be58242d8de54d,188,0.9787234042553191,0.7553191489361702,0.6276595744680851,0.7074468085106383,0.7253028057389711,0.766380364973922
74,51074,belief_active__low_order_dynamic__delay_aware__no_current,delay_aware,no_current,True,True,True,1.0,0.8946832496956922,0.9069274574618862,True,64.00000000000064,0,0,0,0,0.35830683375813455,0.627878667000914,0.1822284955821715,220,1bb04c675cbb5913fe1c453334fb891ff8c8f310e4bdc857ef20b44ead511a06,69bd807cb48beec22ab707bd17e81acb2094233cbf11aa0f90be58242d8de54d,188,0.010638297872340425,0.0,0.010638297872340425,0.0,0.13040906475608666,0.21622015756326515
74,51074,belief_active__low_order_dynamic__baseline_pid__bottom_track_visible,baseline_pid,bottom_track_visible,False,False,False,0.48,0.31983830466166224,10.099154253663333,True,93.99999999999893,0,0,0,0,2.207889227737963,0.6170352909975918,0.45509211091837404,220,1bb04c675cbb5913fe1c453334fb891ff8c8f310e4bdc857ef20b44ead511a06,69bd807cb48beec22ab707bd17e81acb2094233cbf11aa0f90be58242d8de54d,173,0.9421965317919075,0.7572254335260116,0.5780346820809249,0.6127167630057804,0.6840639531044734,0.6898842280741976
74,51074,belief_active__low_order_dynamic__delay_aware__bottom_track_visible,delay_aware,bottom_track_visible,True,True,True,1.0,0.3768629429100259,0.2080869505276754,True,93.99999999999893,0,0,0,0,0.48894991301269874,0.6398417500022333,0.19124453186516227,220,1bb04c675cbb5913fe1c453334fb891ff8c8f310e4bdc857ef20b44ead511a06,69bd807cb48beec22ab707bd17e81acb2094233cbf11aa0f90be58242d8de54d,173,0.06358381502890173,0.06358381502890173,0.0,0.0,0.1358929057570801,0.2205199214488585
75,51075,belief_active__low_order_dynamic__baseline_pid__no_current,baseline_pid,no_current,False,False,False,0.38,0.4279176322341531,10.502917253177326,True,70.0000000000003,0,0,0,0,2.231670574381984,0.6193047090055188,0.48747728116604894,220,3bca1c7cd1c1bebb644c06688d5cd9ae4009c011dd20e358194904c11fb60c4e,cd85e921bd1a88830ed0d2d717f00239d0fe59beba664df946c6cf21268e0ed1,185,0.9243243243243243,0.6864864864864865,0.6486486486486487,0.6756756756756757,0.7066381297914609,0.734282597773884
75,51075,belief_active__low_order_dynamic__delay_aware__no_current,delay_aware,no_current,True,True,True,1.0,0.5777011197885886,0.5219290034112872,True,70.0000000000003,0,0,0,0,0.39998021994152116,0.7003855829971144,0.19813611133754824,220,3bca1c7cd1c1bebb644c06688d5cd9ae4009c011dd20e358194904c11fb60c4e,cd85e921bd1a88830ed0d2d717f00239d0fe59beba664df946c6cf21268e0ed1,185,0.04864864864864865,0.02702702702702703,0.03783783783783784,0.010810810810810811,0.1314792719763524,0.21085360713800821
75,51075,belief_active__low_order_dynamic__baseline_pid__bottom_track_visible,baseline_pid,bottom_track_visible,False,False,False,0.34,0.19833032069823694,12.438653455798663,True,64.00000000000064,0,0,0,0,2.3384036820588894,0.6209009159938432,0.48486193185170734,220,3bca1c7cd1c1bebb644c06688d5cd9ae4009c011dd20e358194904c11fb60c4e,cd85e921bd1a88830ed0d2d717f00239d0fe59beba664df946c6cf21268e0ed1,188,0.9468085106382979,0.75,0.7127659574468085,0.6117021276595744,0.6713627420235315,0.8333215129088339
75,51075,belief_active__low_order_dynamic__delay_aware__bottom_track_visible,delay_aware,bottom_track_visible,True,True,True,1.0,0.4624702868526893,0.6355847197471881,True,64.00000000000064,0,0,0,0,0.44978937966560756,0.6219123330083676,0.17962038424883398,220,3bca1c7cd1c1bebb644c06688d5cd9ae4009c011dd20e358194904c11fb60c4e,cd85e921bd1a88830ed0d2d717f00239d0fe59beba664df946c6cf21268e0ed1,188,0.06382978723404255,0.031914893617021274,0.03723404255319149,0.015957446808510637,0.13931204692999757,0.2103634909530536
76,51076,belief_active__low_order_dynamic__baseline_pid__no_current,baseline_pid,no_current,False,False,False,0.28,0.6293081168281277,10.121270144942466,True,93.99999999999893,0,0,0,0,2.2149855897963393,0.6336326250020647,0.48265009132360503,220,acb1fdcde1b2ab7c425eb585a792014c2119a77810d18c1d57efd3d924a11fa7,ad79e72d682bef6f627b53095728f7e5584174a900e4dce788dc9db896633b64,173,0.953757225433526,0.7052023121387283,0.6416184971098265,0.653179190751445,0.7333922814984604,0.7440162569248556
76,51076,belief_active__low_order_dynamic__delay_aware__no_current,delay_aware,no_current,True,True,True,1.0,0.7341733987669953,0.8363440879070833,True,93.99999999999893,0,0,0,0,0.43746246316566373,0.6243677500024205,0.21287862121289444,220,acb1fdcde1b2ab7c425eb585a792014c2119a77810d18c1d57efd3d924a11fa7,ad79e72d682bef6f627b53095728f7e5584174a900e4dce788dc9db896633b64,173,0.011560693641618497,0.011560693641618497,0.0,0.0,0.12433709903851763,0.2037413890029801
76,51076,belief_active__low_order_dynamic__baseline_pid__bottom_track_visible,baseline_pid,bottom_track_visible,False,False,False,0.58,0.550196893104463,9.622172184748694,True,123.99999999999723,0,0,0,0,2.123658808836569,0.6138091250031721,0.44496448859531984,220,acb1fdcde1b2ab7c425eb585a792014c2119a77810d18c1d57efd3d924a11fa7,ad79e72d682bef6f627b53095728f7e5584174a900e4dce788dc9db896633b64,158,0.9556962025316456,0.7784810126582279,0.5569620253164557,0.6265822784810127,0.6766906846565933,0.6677025359827381
76,51076,belief_active__low_order_dynamic__delay_aware__bottom_track_visible,delay_aware,bottom_track_visible,True,True,True,1.0,0.48381208098252304,0.7866748592040373,True,123.99999999999723,0,0,0,0,0.6418289377905311,0.7131630000076257,0.23226334790156533,220,acb1fdcde1b2ab7c425eb585a792014c2119a77810d18c1d57efd3d924a11fa7,ad79e72d682bef6f627b53095728f7e5584174a900e4dce788dc9db896633b64,158,0.10126582278481013,0.04430379746835443,0.06962025316455696,0.02531645569620253,0.14565004432562664,0.20608097792768665
77,51077,belief_active__low_order_dynamic__baseline_pid__no_current,baseline_pid,no_current,False,False,False,0.32,0.3341202124684481,11.79535014803078,True,79.99999999999973,0,0,0,0,2.209262221483631,0.619705791992601,0.49421178472230315,220,33c03762aeaad9ecb61e11207ab3fca32c5d43ca28fb4daea35681eb0895994f,0a43c677325b8d35e21b924d7a44cc649d8421c3523eb48269d654170e152f06,180,0.95,0.6444444444444445,0.6444444444444445,0.6777777777777778,0.7303702629207396,0.737805259896876
77,51077,belief_active__low_order_dynamic__delay_aware__no_current,delay_aware,no_current,True,True,True,1.0,0.9908926012588651,1.093676284927924,True,79.99999999999973,0,0,0,0,0.4042512184920136,0.639933333004592,0.22770942487425083,220,33c03762aeaad9ecb61e11207ab3fca32c5d43ca28fb4daea35681eb0895994f,0a43c677325b8d35e21b924d7a44cc649d8421c3523eb48269d654170e152f06,180,0.03333333333333333,0.03333333333333333,0.0,0.0,0.12681935189068302,0.19996335593994452
77,51077,belief_active__low_order_dynamic__baseline_pid__bottom_track_visible,baseline_pid,bottom_track_visible,False,False,False,0.06,0.5445736908483383,10.189470562775659,True,93.99999999999893,0,0,0,0,2.2740237047047764,0.6445109999913257,0.5001423019967307,220,33c03762aeaad9ecb61e11207ab3fca32c5d43ca28fb4daea35681eb0895994f,0a43c677325b8d35e21b924d7a44cc649d8421c3523eb48269d654170e152f06,173,0.9710982658959537,0.7167630057803468,0.7167630057803468,0.6994219653179191,0.7137812057373594,0.8301189799612678
77,51077,belief_active__low_order_dynamic__delay_aware__bottom_track_visible,delay_aware,bottom_track_visible,True,True,True,1.0,0.6923384930046821,0.6923715002534225,True,93.99999999999893,0,0,0,0,0.4813235409121389,0.6530924169928767,0.21809018067116753,220,33c03762aeaad9ecb61e11207ab3fca32c5d43ca28fb4daea35681eb0895994f,0a43c677325b8d35e21b924d7a44cc649d8421c3523eb48269d654170e152f06,173,0.05202312138728324,0.03468208092485549,0.0,0.017341040462427744,0.14443605407679222,0.21537261841050145
78,51078,belief_active__low_order_dynamic__baseline_pid__no_current,baseline_pid,no_current,True,False,False,0.52,0.6143951520619162,7.777504077082806,True,123.99999999999723,0,0,0,0,2.1423276375243705,0.6650944590073777,0.47845904466692263,220,c9b47d48f8e9dcb2b4a526226194c4f7d42c24f0e01f581173876a2ac2768893,569368e8c8f42a704953758347082b49e4d08af92d7bbcd22a0c59dc54d70ca5,158,0.9493670886075949,0.7278481012658228,0.6265822784810127,0.6835443037974683,0.7226021923835022,0.7496413108051081
78,51078,belief_active__low_order_dynamic__delay_aware__no_current,delay_aware,no_current,True,True,True,1.0,1.1907231732750714,1.1679317302111623,True,123.99999999999723,0,0,0,0,0.5104499906763442,0.6189721669943538,0.2299456260593285,220,c9b47d48f8e9dcb2b4a526226194c4f7d42c24f0e01f581173876a2ac2768893,569368e8c8f42a704953758347082b49e4d08af92d7bbcd22a0c59dc54d70ca5,158,0.012658227848101266,0.0,0.0,0.012658227848101266,0.13144197137418,0.2145637184847352
78,51078,belief_active__low_order_dynamic__baseline_pid__bottom_track_visible,baseline_pid,bottom_track_visible,True,True,True,0.88,0.6857610888879924,6.305523358398829,True,93.99999999999893,0,0,0,0,2.2039833971777405,0.628362958013895,0.45688900921509074,220,c9b47d48f8e9dcb2b4a526226194c4f7d42c24f0e01f581173876a2ac2768893,569368e8c8f42a704953758347082b49e4d08af92d7bbcd22a0c59dc54d70ca5,173,0.9826589595375722,0.7630057803468208,0.5375722543352601,0.6473988439306358,0.6855558016910752,0.6497606061512937
78,51078,belief_active__low_order_dynamic__delay_aware__bottom_track_visible,delay_aware,bottom_track_visible,True,True,True,1.0,1.088578806032727,1.1628216174175183,True,93.99999999999893,0,0,0,0,0.5044307986620445,0.6412581249896903,0.2252736059550917,220,c9b47d48f8e9dcb2b4a526226194c4f7d42c24f0e01f581173876a2ac2768893,569368e8c8f42a704953758347082b49e4d08af92d7bbcd22a0c59dc54d70ca5,173,0.03468208092485549,0.023121387283236993,0.017341040462427744,0.005780346820809248,0.13679876419934642,0.2185341635336182
79,51079,belief_active__low_order_dynamic__baseline_pid__no_current,baseline_pid,no_current,True,False,False,0.5,0.6525326598402956,5.6809777679161995,True,64.00000000000064,0,0,0,0,2.282738070464211,0.6574342920066556,0.4794706387928221,220,d6b706d9d813c1626b5ab1b7102a83eabcdc219ec416cd91a8f651f1cf60a5c3,858a2f9f6486def53553e68c15ccc80eb95d9f0ef2fc002d7991b235b7aa92e6,188,0.9787234042553191,0.7287234042553191,0.6276595744680851,0.6914893617021277,0.7189498833023864,0.7434220865673167
79,51079,belief_active__low_order_dynamic__delay_aware__no_current,delay_aware,no_current,True,True,True,1.0,0.5935037511747174,0.5886283598896873,True,64.00000000000064,0,0,0,0,0.3435336394446256,0.693336416996317,0.17425013862594094,220,d6b706d9d813c1626b5ab1b7102a83eabcdc219ec416cd91a8f651f1cf60a5c3,858a2f9f6486def53553e68c15ccc80eb95d9f0ef2fc002d7991b235b7aa92e6,188,0.031914893617021274,0.031914893617021274,0.0,0.0,0.12874792447035632,0.22669224657072967
79,51079,belief_active__low_order_dynamic__baseline_pid__bottom_track_visible,baseline_pid,bottom_track_visible,True,False,False,0.64,0.22638306432735436,7.095339741344786,True,64.00000000000064,0,0,0,0,2.27367866959475,0.6715320420044009,0.46972128086959125,220,d6b706d9d813c1626b5ab1b7102a83eabcdc219ec416cd91a8f651f1cf60a5c3,858a2f9f6486def53553e68c15ccc80eb95d9f0ef2fc002d7991b235b7aa92e6,188,0.9521276595744681,0.7393617021276596,0.6063829787234043,0.6436170212765957,0.7016487406303843,0.7349604293041624
79,51079,belief_active__low_order_dynamic__delay_aware__bottom_track_visible,delay_aware,bottom_track_visible,True,True,True,1.0,0.5680865186589051,0.49338326865422233,True,64.00000000000064,0,0,0,0,0.3404533207928,0.6249571250082226,0.16756887022444442,220,d6b706d9d813c1626b5ab1b7102a83eabcdc219ec416cd91a8f651f1cf60a5c3,858a2f9f6486def53553e68c15ccc80eb95d9f0ef2fc002d7991b235b7aa92e6,188,0.010638297872340425,0.005319148936170213,0.005319148936170213,0.0,0.13441767103445185,0.23246407079925463
80,51080,belief_active__low_order_dynamic__baseline_pid__no_current,baseline_pid,no_current,False,False,False,0.38,0.7706567160233576,8.376635896965286,True,74.00000000000007,0,0,0,0,2.291865084796038,0.6220099999918602,0.4880324169117249,220,61c5fd7a67448d2d5f9a1b09b61ef40935a89729e0eab9caee16b76f6196190e,93da00784e9d1936cf1672ede2b31a711cb88d06181cc809071fe46e357f2301,183,0.9344262295081968,0.7377049180327869,0.6065573770491803,0.6775956284153005,0.7214220587588048,0.7598125465432569
80,51080,belief_active__low_order_dynamic__delay_aware__no_current,delay_aware,no_current,True,True,True,1.0,0.7114271678574593,0.6083435090732043,True,74.00000000000007,0,0,0,0,0.3613481920054431,0.6191264170047361,0.19544452272321208,220,61c5fd7a67448d2d5f9a1b09b61ef40935a89729e0eab9caee16b76f6196190e,93da00784e9d1936cf1672ede2b31a711cb88d06181cc809071fe46e357f2301,183,0.00546448087431694,0.00546448087431694,0.0,0.0,0.12536955232249894,0.22375294020769856
80,51080,belief_active__low_order_dynamic__baseline_pid__bottom_track_visible,baseline_pid,bottom_track_visible,False,False,False,0.64,0.3965374216821446,9.060371554644407,True,93.99999999999893,0,0,0,0,2.2572445025680876,0.6201229589933064,0.4759640906866559,220,61c5fd7a67448d2d5f9a1b09b61ef40935a89729e0eab9caee16b76f6196190e,93da00784e9d1936cf1672ede2b31a711cb88d06181cc809071fe46e357f2301,173,0.9595375722543352,0.7572254335260116,0.5491329479768786,0.6473988439306358,0.7078612650784503,0.6841719014688732
80,51080,belief_active__low_order_dynamic__delay_aware__bottom_track_visible,delay_aware,bottom_track_visible,True,True,True,1.0,0.23704116945224607,0.19995281879776364,True,93.99999999999893,0,0,0,0,0.5376282470040377,0.6352047079999465,0.24192674141834258,220,61c5fd7a67448d2d5f9a1b09b61ef40935a89729e0eab9caee16b76f6196190e,93da00784e9d1936cf1672ede2b31a711cb88d06181cc809071fe46e357f2301,173,0.03468208092485549,0.017341040462427744,0.017341040462427744,0.017341040462427744,0.1383345273862547,0.23191408711840908
81,51081,belief_active__low_order_dynamic__baseline_pid__no_current,baseline_pid,no_current,True,False,False,0.66,0.5622731657872104,7.976562913837528,True,123.99999999999723,0,0,0,0,2.169980776583308,0.6237184579949826,0.48742782742585794,220,b84937353534859194931cc58da7a05b1b00fce49f775609317fc9e16d1b349a,e5170461669e6b192d37fdb656734f2ebb45323519a7a67e787070d0b7aac95c,158,0.9556962025316456,0.740506329113924,0.6265822784810127,0.6582278481012658,0.7271997499456665,0.752269785121241
81,51081,belief_active__low_order_dynamic__delay_aware__no_current,delay_aware,no_current,True,True,True,1.0,1.1188217577105422,0.9491387624290893,True,123.99999999999723,0,0,0,0,0.5650186863358895,0.6201772500062361,0.2554809090464026,220,b84937353534859194931cc58da7a05b1b00fce49f775609317fc9e16d1b349a,e5170461669e6b192d37fdb656734f2ebb45323519a7a67e787070d0b7aac95c,158,0.03164556962025317,0.0189873417721519,0.006329113924050633,0.012658227848101266,0.14479693294862553,0.22719370546431397
81,51081,belief_active__low_order_dynamic__baseline_pid__bottom_track_visible,baseline_pid,bottom_track_visible,True,True,True,1.0,0.6377772431726882,3.301584009993743,True,123.99999999999723,0,0,0,0,1.880300746306625,0.7224055839906214,0.4340730622359805,220,b84937353534859194931cc58da7a05b1b00fce49f775609317fc9e16d1b349a,e5170461669e6b192d37fdb656734f2ebb45323519a7a67e787070d0b7aac95c,158,0.9113924050632911,0.6582278481012658,0.36075949367088606,0.47468354430379744,0.6654131793534405,0.6245896225883504
81,51081,belief_active__low_order_dynamic__delay_aware__bottom_track_visible,delay_aware,bottom_track_visible,True,True,True,1.0,0.8278191137298364,0.8001800126802995,True,123.99999999999723,0,0,0,0,0.534672520844319,0.6734431250079069,0.2378344993965183,220,b84937353534859194931cc58da7a05b1b00fce49f775609317fc9e16d1b349a,e5170461669e6b192d37fdb656734f2ebb45323519a7a67e787070d0b7aac95c,158,0.0379746835443038,0.03164556962025317,0.0,0.006329113924050633,0.140020073419223,0.23404630154864184
82,51082,belief_active__low_order_dynamic__baseline_pid__no_current,baseline_pid,no_current,True,True,False,0.8,0.5037002163428271,5.699079870847061,True,93.99999999999893,0,0,0,0,2.1015344881920597,0.6185341669915942,0.4481950542122834,220,6892d09eeea4b148b36755e48cac82285d318370a62740cc70511270830b8c87,09f9b70a94f865adf350f03a7ef133917ffb352d1b00c098f33100e599625b90,173,0.930635838150289,0.6242774566473989,0.630057803468208,0.6127167630057804,0.6449974095933014,0.7041793870874551
82,51082,belief_active__low_order_dynamic__delay_aware__no_current,delay_aware,no_current,True,True,True,1.0,0.4469614878923061,0.593201624716877,True,93.99999999999893,0,0,0,0,0.5319768553273537,0.6265239579952322,0.20926412314984116,220,6892d09eeea4b148b36755e48cac82285d318370a62740cc70511270830b8c87,09f9b70a94f865adf350f03a7ef133917ffb352d1b00c098f33100e599625b90,173,0.08670520231213873,0.028901734104046242,0.057803468208092484,0.011560693641618497,0.1496350777063922,0.23764390473617128
82,51082,belief_active__low_order_dynamic__baseline_pid__bottom_track_visible,baseline_pid,bottom_track_visible,False,False,False,0.4,0.5813002609375854,10.088800141798965,True,93.99999999999893,0,0,0,0,2.1664015744223426,0.7026000840123743,0.46544748545258924,220,6892d09eeea4b148b36755e48cac82285d318370a62740cc70511270830b8c87,09f9b70a94f865adf350f03a7ef133917ffb352d1b00c098f33100e599625b90,173,0.9132947976878613,0.6416184971098265,0.6878612716763006,0.6878612716763006,0.6506280118301393,0.8325626491192513
82,51082,belief_active__low_order_dynamic__delay_aware__bottom_track_visible,delay_aware,bottom_track_visible,True,True,True,1.0,0.7233328048999728,0.8668665765548896,True,93.99999999999893,0,0,0,0,0.5207175280116803,0.659745084005408,0.20449537752835306,220,6892d09eeea4b148b36755e48cac82285d318370a62740cc70511270830b8c87,09f9b70a94f865adf350f03a7ef133917ffb352d1b00c098f33100e599625b90,173,0.09826589595375723,0.03468208092485549,0.06936416184971098,0.005780346820809248,0.15308569326155042,0.23057957976625437
83,51083,belief_active__low_order_dynamic__baseline_pid__no_current,baseline_pid,no_current,True,False,False,0.58,0.40605846921260225,5.776033573546308,True,64.00000000000064,0,0,0,0,2.2895893922325357,0.6224358750041574,0.49650237746313364,220,9e013cac646d89778625da084161e98a9dfacfe7ded0a9d2344eb5d76238ffb6,16d1fc339c9742ebc0b9662049f0faab1a2d34b8650bcd824098daea196172f5,188,0.9680851063829787,0.723404255319149,0.6542553191489362,0.6329787234042553,0.7270498260759259,0.7281762316329515
83,51083,belief_active__low_order_dynamic__delay_aware__no_current,delay_aware,no_current,True,True,True,1.0,1.0697310787286716,1.021111066398621,True,64.00000000000064,0,0,0,0,0.39763940700313943,0.6509719580062665,0.2088432920607493,220,9e013cac646d89778625da084161e98a9dfacfe7ded0a9d2344eb5d76238ffb6,16d1fc339c9742ebc0b9662049f0faab1a2d34b8650bcd824098daea196172f5,188,0.05319148936170213,0.02127659574468085,0.03723404255319149,0.0,0.1438123467307864,0.22922556493001592
83,51083,belief_active__low_order_dynamic__baseline_pid__bottom_track_visible,baseline_pid,bottom_track_visible,True,False,False,0.64,0.5656860665484063,7.514523183638502,True,64.00000000000064,0,0,0,0,2.2346930938764284,0.629857042004005,0.49510680758160786,220,9e013cac646d89778625da084161e98a9dfacfe7ded0a9d2344eb5d76238ffb6,16d1fc339c9742ebc0b9662049f0faab1a2d34b8650bcd824098daea196172f5,188,0.9468085106382979,0.7180851063829787,0.6382978723404256,0.6170212765957447,0.7229020725380406,0.7590798825576872
83,51083,belief_active__low_order_dynamic__delay_aware__bottom_track_visible,delay_aware,bottom_track_visible,True,True,True,1.0,0.9813501484071593,1.1355634486722608,True,64.00000000000064,0,0,0,0,0.35289296499567585,0.6247195000032661,0.20002808988170434,220,9e013cac646d89778625da084161e98a9dfacfe7ded0a9d2344eb5d76238ffb6,16d1fc339c9742ebc0b9662049f0faab1a2d34b8650bcd824098daea196172f5,188,0.03723404255319149,0.015957446808510637,0.026595744680851064,0.0,0.1451768484702818,0.23692451784556717
84,51084,belief_active__low_order_dynamic__baseline_pid__no_current,baseline_pid,no_current,False,False,False,0.08,0.5988664645586691,14.512651098713246,True,123.99999999999723,0,0,0,0,2.0506896336887785,0.6325074580090586,0.4572812251147689,220,18ef5cbf147f1a6ef9857eed75d240f532a2714352e716bd52172c6cfa299ae9,24fb61fd0c2ae28929ecbe2e6e36bfbd6bf000abe9d607304eccccf3df191a6d,158,0.9620253164556962,0.7784810126582279,0.6455696202531646,0.620253164556962,0.7224391531632921,0.7390972255794855
84,51084,belief_active__low_order_dynamic__delay_aware__no_current,delay_aware,no_current,True,True,True,1.0,0.4333761926332316,0.31725897040293216,True,123.99999999999723,0,0,0,0,0.44882248498615174,0.6557475419976981,0.20270031584037024,220,18ef5cbf147f1a6ef9857eed75d240f532a2714352e716bd52172c6cfa299ae9,24fb61fd0c2ae28929ecbe2e6e36bfbd6bf000abe9d607304eccccf3df191a6d,158,0.0379746835443038,0.02531645569620253,0.0,0.02531645569620253,0.135153567639206,0.22903889192404867
84,51084,belief_active__low_order_dynamic__baseline_pid__bottom_track_visible,baseline_pid,bottom_track_visible,False,False,False,0.22,0.48609508046340494,12.327147974453492,True,93.99999999999893,0,0,0,0,2.1507264213604933,0.6594403749913909,0.4437070733537215,220,18ef5cbf147f1a6ef9857eed75d240f532a2714352e716bd52172c6cfa299ae9,24fb61fd0c2ae28929ecbe2e6e36bfbd6bf000abe9d607304eccccf3df191a6d,173,0.953757225433526,0.7398843930635838,0.47398843930635837,0.6589595375722543,0.6689363178325278,0.6543336598859464
84,51084,belief_active__low_order_dynamic__delay_aware__bottom_track_visible,delay_aware,bottom_track_visible,True,True,True,1.0,0.5937526447316656,0.5988779476344194,True,93.99999999999893,0,0,0,0,0.4996176158369147,0.6486978750035632,0.20224484458709682,220,18ef5cbf147f1a6ef9857eed75d240f532a2714352e716bd52172c6cfa299ae9,24fb61fd0c2ae28929ecbe2e6e36bfbd6bf000abe9d607304eccccf3df191a6d,173,0.046242774566473986,0.028901734104046242,0.017341040462427744,0.017341040462427744,0.14280955717612717,0.23782351316391215
85,51085,belief_active__low_order_dynamic__baseline_pid__no_current,baseline_pid,no_current,False,False,False,0.2,0.36959801033476997,12.201238766144064,True,64.00000000000064,0,0,0,0,2.331545940715668,0.6227554579963908,0.4906338347563773,220,b75e8367f5acb4b0c98b2564dc8539e18d6b8b5587c6860d96567fc3a5b9816c,92e306619daff5b8c05a03b4aa4db3b41c3e1d58154a747f4f73c7ba4c5bd524,188,0.973404255319149,0.7712765957446809,0.6382978723404256,0.6808510638297872,0.7172298759326362,0.7633688485437178
85,51085,belief_active__low_order_dynamic__delay_aware__no_current,delay_aware,no_current,True,True,True,1.0,0.4174842336271565,0.5141318811555678,True,64.00000000000064,0,0,0,0,0.3642949752077161,0.6224674999975832,0.19015072133629407,220,b75e8367f5acb4b0c98b2564dc8539e18d6b8b5587c6860d96567fc3a5b9816c,92e306619daff5b8c05a03b4aa4db3b41c3e1d58154a747f4f73c7ba4c5bd524,188,0.015957446808510637,0.005319148936170213,0.0,0.010638297872340425,0.12926009012394668,0.21131101295976237
85,51085,belief_active__low_order_dynamic__baseline_pid__bottom_track_visible,baseline_pid,bottom_track_visible,True,False,False,0.6,0.4192314206152368,5.879404375717669,True,64.00000000000064,0,0,0,0,2.224219250643664,0.6588052080041962,0.47468732580486983,220,b75e8367f5acb4b0c98b2564dc8539e18d6b8b5587c6860d96567fc3a5b9816c,92e306619daff5b8c05a03b4aa4db3b41c3e1d58154a747f4f73c7ba4c5bd524,188,0.9627659574468085,0.75,0.5372340425531915,0.6117021276595744,0.7070870722102341,0.6703389747737838
85,51085,belief_active__low_order_dynamic__delay_aware__bottom_track_visible,delay_aware,bottom_track_visible,True,True,True,1.0,0.6735025612271524,0.7616193959532168,True,64.00000000000064,0,0,0,0,0.3672945706148391,0.6208450830017682,0.18968152165948673,220,b75e8367f5acb4b0c98b2564dc8539e18d6b8b5587c6860d96567fc3a5b9816c,92e306619daff5b8c05a03b4aa4db3b41c3e1d58154a747f4f73c7ba4c5bd524,188,0.02127659574468085,0.005319148936170213,0.015957446808510637,0.005319148936170213,0.12796835930825823,0.20827756130934935
86,51086,belief_active__low_order_dynamic__baseline_pid__no_current,baseline_pid,no_current,False,False,False,0.34,0.33002463324419057,8.587240667946414,True,64.00000000000064,0,0,0,0,2.306476899398262,0.6426783750066534,0.5080638505373677,220,b47886f0f3de4afb5829ea529edca0f61762c490163490e97f17d3cacb6a61fa,0bccb53a5235696a23aabce1fb47846de48fb03704ed4137315c4a87d3f57337,188,0.9787234042553191,0.7606382978723404,0.6329787234042553,0.6595744680851063,0.7262090447880043,0.7771110044474702
86,51086,belief_active__low_order_dynamic__delay_aware__no_current,delay_aware,no_current,True,True,True,1.0,1.0437603628316805,1.2491287670838935,True,64.00000000000064,0,0,0,0,0.3388388000939403,0.6587917909928365,0.22237611590574874,220,b47886f0f3de4afb5829ea529edca0f61762c490163490e97f17d3cacb6a61fa,0bccb53a5235696a23aabce1fb47846de48fb03704ed4137315c4a87d3f57337,188,0.02127659574468085,0.005319148936170213,0.015957446808510637,0.0,0.12706578065842278,0.21487928974505324
86,51086,belief_active__low_order_dynamic__baseline_pid__bottom_track_visible,baseline_pid,bottom_track_visible,False,False,False,0.18,0.2871987215818788,9.25412123012804,True,64.00000000000064,0,0,0,0,2.3841715571502746,0.6533807910018368,0.5158429704362814,220,b47886f0f3de4afb5829ea529edca0f61762c490163490e97f17d3cacb6a61fa,0bccb53a5235696a23aabce1fb47846de48fb03704ed4137315c4a87d3f57337,188,0.9893617021276596,0.7446808510638298,0.6702127659574468,0.7074468085106383,0.7333982556562407,0.8001661433036553
86,51086,belief_active__low_order_dynamic__delay_aware__bottom_track_visible,delay_aware,bottom_track_visible,True,True,True,1.0,0.3419729551695443,0.45666856289359853,True,64.00000000000064,0,0,0,0,0.4047913308410784,0.6484744170011254,0.22848038041116323,220,b47886f0f3de4afb5829ea529edca0f61762c490163490e97f17d3cacb6a61fa,0bccb53a5235696a23aabce1fb47846de48fb03704ed4137315c4a87d3f57337,188,0.031914893617021274,0.015957446808510637,0.015957446808510637,0.005319148936170213,0.13270438430365583,0.22326924473870166
87,51087,belief_active__low_order_dynamic__baseline_pid__no_current,baseline_pid,no_current,True,False,False,0.74,0.7175165892872071,4.5408893221044195,True,123.99999999999723,0,0,0,0,2.1152875158914495,0.6403604590013856,0.4627212478574054,220,f2f9383f4e64842788eb973c8fe8d225494fc4805a446a7799dda152eb2749f3,8258b07c1dbf71362a33ff981cddfd9d09265360fd3807f3ae5d184b32869ab3,158,0.9493670886075949,0.7468354430379747,0.6265822784810127,0.6455696202531646,0.7200193510148758,0.7643432024609131
87,51087,belief_active__low_order_dynamic__delay_aware__no_current,delay_aware,no_current,True,True,True,1.0,0.7512079795412705,0.8140228150386792,True,123.99999999999723,0,0,0,0,0.5088377137116352,0.6442407919967081,0.19902243021608562,220,f2f9383f4e64842788eb973c8fe8d225494fc4805a446a7799dda152eb2749f3,8258b07c1dbf71362a33ff981cddfd9d09265360fd3807f3ae5d184b32869ab3,158,0.03164556962025317,0.0189873417721519,0.0,0.02531645569620253,0.13292994249352555,0.2183095208612792
87,51087,belief_active__low_order_dynamic__baseline_pid__bottom_track_visible,baseline_pid,bottom_track_visible,True,False,False,0.58,0.9264140529092418,7.03205029792617,True,123.99999999999723,0,0,0,0,2.1668194492581914,0.6342208340065554,0.48729749771614433,220,f2f9383f4e64842788eb973c8fe8d225494fc4805a446a7799dda152eb2749f3,8258b07c1dbf71362a33ff981cddfd9d09265360fd3807f3ae5d184b32869ab3,158,0.9240506329113924,0.740506329113924,0.5632911392405063,0.5949367088607594,0.7021504366998635,0.8025533415014111
87,51087,belief_active__low_order_dynamic__delay_aware__bottom_track_visible,delay_aware,bottom_track_visible,True,True,True,1.0,0.7659082605525478,0.7375905499332529,True,123.99999999999723,0,0,0,0,0.6031800614905904,0.6328027499985183,0.26383992960483715,220,f2f9383f4e64842788eb973c8fe8d225494fc4805a446a7799dda152eb2749f3,8258b07c1dbf71362a33ff981cddfd9d09265360fd3807f3ae5d184b32869ab3,158,0.02531645569620253,0.02531645569620253,0.0,0.006329113924050633,0.13450555156873187,0.21902663122121838
88,51088,belief_active__low_order_dynamic__baseline_pid__no_current,baseline_pid,no_current,False,False,False,0.16,0.21496977972026937,11.313301256010874,True,64.00000000000064,0,0,0,0,2.2629279915758733,0.6594579590018839,0.49311721140887826,220,ec17b98a3a2f23703ffb62eb9234ff59f93f96da0b4e6353de1bc912227fb962,1c9d4ac897727b67a0307ca4cf9f74ef5b86059ebe23b4979a976fc30b4da437,188,0.898936170212766,0.6276595744680851,0.5797872340425532,0.6542553191489362,0.7202720180260364,0.7306356196214631
88,51088,belief_active__low_order_dynamic__delay_aware__no_current,delay_aware,no_current,True,True,True,1.0,2.001109881946792,2.1974641190241506,True,64.00000000000064,0,0,0,0,0.41483454947708615,0.6558776669990038,0.19588115696932049,220,ec17b98a3a2f23703ffb62eb9234ff59f93f96da0b4e6353de1bc912227fb962,1c9d4ac897727b67a0307ca4cf9f74ef5b86059ebe23b4979a976fc30b4da437,188,0.05319148936170213,0.026595744680851064,0.031914893617021274,0.005319148936170213,0.13992935487982106,0.2217391689863509
88,51088,belief_active__low_order_dynamic__baseline_pid__bottom_track_visible,baseline_pid,bottom_track_visible,False,False,False,0.08,0.23013375685632795,15.494133822595046,True,64.00000000000064,0,0,0,0,2.2521356409129485,0.6604027910070727,0.5002323651672191,220,ec17b98a3a2f23703ffb62eb9234ff59f93f96da0b4e6353de1bc912227fb962,1c9d4ac897727b67a0307ca4cf9f74ef5b86059ebe23b4979a976fc30b4da437,188,0.9574468085106383,0.6595744680851063,0.6329787234042553,0.7074468085106383,0.7390237731574413,0.8018890874729828
88,51088,belief_active__low_order_dynamic__delay_aware__bottom_track_visible,delay_aware,bottom_track_visible,True,True,True,1.0,2.6010479052330817,2.867373664367065,True,64.00000000000064,0,0,0,0,0.34912223406934223,0.6432923750107875,0.19189296120781124,220,ec17b98a3a2f23703ffb62eb9234ff59f93f96da0b4e6353de1bc912227fb962,1c9d4ac897727b67a0307ca4cf9f74ef5b86059ebe23b4979a976fc30b4da437,188,0.0425531914893617,0.03723404255319149,0.0,0.005319148936170213,0.13699926527576628,0.2201789023993389
89,51089,belief_active__low_order_dynamic__baseline_pid__no_current,baseline_pid,no_current,False,False,False,0.08,0.5170557200146595,9.752507803388983,True,123.99999999999723,0,0,0,0,2.0875301667425274,0.6279316659929464,0.48048458258417026,220,100fc1341e268d3cc571cd7db365fb5ee506147f0b2c09b72db61ba9d14029f3,0f58ec3c641f6c4a0992a4c704757e507e737ddbdf2b89840646c0a78b589795,158,0.9556962025316456,0.5632911392405063,0.6329113924050633,0.6582278481012658,0.734248862133524,0.7391751256645095
89,51089,belief_active__low_order_dynamic__delay_aware__no_current,delay_aware,no_current,True,True,True,1.0,1.0124338792653136,1.0836011915496004,True,123.99999999999723,0,0,0,0,0.5781820423971955,0.6321458329912275,0.24738029060959957,220,100fc1341e268d3cc571cd7db365fb5ee506147f0b2c09b72db61ba9d14029f3,0f58ec3c641f6c4a0992a4c704757e507e737ddbdf2b89840646c0a78b589795,158,0.04430379746835443,0.04430379746835443,0.0,0.0,0.12632504535573272,0.18787341677867192
89,51089,belief_active__low_order_dynamic__baseline_pid__bottom_track_visible,baseline_pid,bottom_track_visible,False,False,False,0.0,0.4561514293188919,12.637060976372844,True,123.99999999999723,0,0,0,0,2.1213974277902103,0.640564582994557,0.47903564425483136,220,100fc1341e268d3cc571cd7db365fb5ee506147f0b2c09b72db61ba9d14029f3,0f58ec3c641f6c4a0992a4c704757e507e737ddbdf2b89840646c0a78b589795,158,0.9240506329113924,0.4430379746835443,0.6645569620253164,0.6962025316455697,0.7269067531505969,0.7565337840515899
89,51089,belief_active__low_order_dynamic__delay_aware__bottom_track_visible,delay_aware,bottom_track_visible,True,True,True,1.0,0.26837470466910107,0.36249796483720154,True,123.99999999999723,0,0,0,0,0.6706225999185693,0.6110608750022948,0.2264924007936652,220,100fc1341e268d3cc571cd7db365fb5ee506147f0b2c09b72db61ba9d14029f3,0f58ec3c641f6c4a0992a4c704757e507e737ddbdf2b89840646c0a78b589795,158,0.056962025316455694,0.05063291139240506,0.006329113924050633,0.0,0.14103102742516951,0.20247684851302564
90,51090,belief_active__low_order_dynamic__baseline_pid__no_current,baseline_pid,no_current,False,False,False,0.38,0.40598533376662815,9.136943697869622,True,95.99999999999882,0,0,0,0,2.223504408392504,0.6691762919945177,0.461316721939147,220,6431e4a44718fcdc275abc60af9cf8c7dc62e4685c23a3e3b963406528e912f0,1be114945c82ba107ec071c60afa8f62c59358fb323f32d19ee9907140f5c54a,172,0.9709302325581395,0.7732558139534884,0.6162790697674418,0.7034883720930233,0.7000413634708268,0.7585933723293816
90,51090,belief_active__low_order_dynamic__delay_aware__no_current,delay_aware,no_current,True,True,True,1.0,0.1438065254625749,0.20446823285332047,True,95.99999999999882,0,0,0,0,0.4662189182353285,0.6676142499927664,0.18169592509961216,220,6431e4a44718fcdc275abc60af9cf8c7dc62e4685c23a3e3b963406528e912f0,1be114945c82ba107ec071c60afa8f62c59358fb323f32d19ee9907140f5c54a,172,0.06395348837209303,0.046511627906976744,0.029069767441860465,0.011627906976744186,0.13297542438072962,0.20091496974761225
90,51090,belief_active__low_order_dynamic__baseline_pid__bottom_track_visible,baseline_pid,bottom_track_visible,False,False,False,0.2,0.2447652053313825,10.549714755548385,True,123.99999999999723,0,0,0,0,2.1268558511277664,0.6370624169940129,0.474782674155092,220,6431e4a44718fcdc275abc60af9cf8c7dc62e4685c23a3e3b963406528e912f0,1be114945c82ba107ec071c60afa8f62c59358fb323f32d19ee9907140f5c54a,158,0.9746835443037974,0.7088607594936709,0.6645569620253164,0.7215189873417721,0.7353488666647509,0.8172823495052762
90,51090,belief_active__low_order_dynamic__delay_aware__bottom_track_visible,delay_aware,bottom_track_visible,True,True,True,1.0,0.7896016420987975,0.9826320825832516,True,123.99999999999723,0,0,0,0,0.49635611438451754,0.6699597090046154,0.2021256350394187,220,6431e4a44718fcdc275abc60af9cf8c7dc62e4685c23a3e3b963406528e912f0,1be114945c82ba107ec071c60afa8f62c59358fb323f32d19ee9907140f5c54a,158,0.0379746835443038,0.0379746835443038,0.0,0.0,0.12639747387118713,0.19431774849313135
91,51091,belief_active__low_order_dynamic__baseline_pid__no_current,baseline_pid,no_current,True,False,False,0.54,0.12235596345950399,4.362347850022986,True,93.99999999999893,0,0,0,0,2.2502641036169027,0.6398826660006307,0.4916975923359758,220,4f30d2dd9d961725bcb69b61db7b396a3108c0e7fb1da85796c2be48a30a98a7,bcb0143245cdfa8b63f7fbc39a5bc5c2ea18714a879d87005d8516eabfd973dd,173,0.976878612716763,0.7398843930635838,0.6242774566473989,0.6936416184971098,0.7197355904381013,0.7519264560231349
91,51091,belief_active__low_order_dynamic__delay_aware__no_current,delay_aware,no_current,True,True,True,1.0,0.4391860228674154,0.27926308303569086,True,93.99999999999893,0,0,0,0,0.44168669060338744,0.6428651250025723,0.23542341394838298,220,4f30d2dd9d961725bcb69b61db7b396a3108c0e7fb1da85796c2be48a30a98a7,bcb0143245cdfa8b63f7fbc39a5bc5c2ea18714a879d87005d8516eabfd973dd,173,0.017341040462427744,0.017341040462427744,0.0,0.0,0.13355962749741546,0.23996544131426328
91,51091,belief_active__low_order_dynamic__baseline_pid__bottom_track_visible,baseline_pid,bottom_track_visible,True,False,False,0.52,0.19066196570745214,5.897433180262093,True,93.99999999999893,0,0,0,0,2.261336291267586,0.6714124169957358,0.4769156318719796,220,4f30d2dd9d961725bcb69b61db7b396a3108c0e7fb1da85796c2be48a30a98a7,bcb0143245cdfa8b63f7fbc39a5bc5c2ea18714a879d87005d8516eabfd973dd,173,0.9710982658959537,0.791907514450867,0.6011560693641619,0.6705202312138728,0.6960544318555886,0.7219637247887736
91,51091,belief_active__low_order_dynamic__delay_aware__bottom_track_visible,delay_aware,bottom_track_visible,True,True,True,1.0,0.28718534738548773,0.3817369700296908,True,93.99999999999893,0,0,0,0,0.5046605606164107,0.6343884160014568,0.2400021094016178,220,4f30d2dd9d961725bcb69b61db7b396a3108c0e7fb1da85796c2be48a30a98a7,bcb0143245cdfa8b63f7fbc39a5bc5c2ea18714a879d87005d8516eabfd973dd,173,0.04046242774566474,0.011560693641618497,0.028901734104046242,0.005780346820809248,0.1408072627988138,0.22692742081692294
92,51092,belief_active__low_order_dynamic__baseline_pid__no_current,baseline_pid,no_current,False,False,False,0.44,0.4779591852308818,8.501126419584796,True,123.99999999999723,0,0,0,0,2.117307863516205,0.6515494170016609,0.4787533878155792,220,cd5b97da4050a7991e9cc1163f00ac88a3960fc6c896dd0460e5b4e1a92062ac,0a0279ee30cb9cd5d61c1d67974505442fa95c2878041871fde783d05654c65e,158,0.9683544303797469,0.7278481012658228,0.6645569620253164,0.6708860759493671,0.7128282789620513,0.7429851144181882
92,51092,belief_active__low_order_dynamic__delay_aware__no_current,delay_aware,no_current,True,True,True,1.0,0.34371353823317813,0.3080996062210472,True,123.99999999999723,0,0,0,0,0.5278646971813516,0.6681821670063073,0.24664125291460828,220,cd5b97da4050a7991e9cc1163f00ac88a3960fc6c896dd0460e5b4e1a92062ac,0a0279ee30cb9cd5d61c1d67974505442fa95c2878041871fde783d05654c65e,158,0.08227848101265822,0.06962025316455696,0.02531645569620253,0.0,0.13150496204537884,0.20143234186469341
92,51092,belief_active__low_order_dynamic__baseline_pid__bottom_track_visible,baseline_pid,bottom_track_visible,True,False,False,0.6,0.2635588403155028,7.24538089111444,True,123.99999999999723,0,0,0,0,2.2699439964923385,0.6287894589913776,0.48038786561674707,220,cd5b97da4050a7991e9cc1163f00ac88a3960fc6c896dd0460e5b4e1a92062ac,0a0279ee30cb9cd5d61c1d67974505442fa95c2878041871fde783d05654c65e,158,0.9493670886075949,0.759493670886076,0.6455696202531646,0.6708860759493671,0.6852923043197424,0.801379183454375
92,51092,belief_active__low_order_dynamic__delay_aware__bottom_track_visible,delay_aware,bottom_track_visible,True,True,True,1.0,0.42161712077011115,0.6034358868589587,True,123.99999999999723,0,0,0,0,0.6707299413539743,0.6355320830043638,0.2532948377691463,220,cd5b97da4050a7991e9cc1163f00ac88a3960fc6c896dd0460e5b4e1a92062ac,0a0279ee30cb9cd5d61c1d67974505442fa95c2878041871fde783d05654c65e,158,0.056962025316455694,0.03164556962025317,0.02531645569620253,0.006329113924050633,0.15170603029197652,0.22159427280517796
93,51093,belief_active__low_order_dynamic__baseline_pid__no_current,baseline_pid,no_current,True,False,False,0.58,0.38086223517421064,7.1008028694163565,True,93.99999999999893,0,0,0,0,2.1268694573710873,0.6546420829981798,0.4699771918758336,220,ee325c6cd9ce35695e2e4faa28232de93e2e3e57a214f500e397c981cecb022b,4fa25621b6be80edae37e9084458d38e545b09043af4629116c721bd9918f76b,173,0.9653179190751445,0.7572254335260116,0.6878612716763006,0.5606936416184971,0.6846028890063202,0.7544668846540159
93,51093,belief_active__low_order_dynamic__delay_aware__no_current,delay_aware,no_current,True,True,True,1.0,0.43674888025470554,0.454483327020094,True,93.99999999999893,0,0,0,0,0.4549184898012214,0.6259531250107102,0.21703375274490846,220,ee325c6cd9ce35695e2e4faa28232de93e2e3e57a214f500e397c981cecb022b,4fa25621b6be80edae37e9084458d38e545b09043af4629116c721bd9918f76b,173,0.06358381502890173,0.03468208092485549,0.04046242774566474,0.017341040462427744,0.13684263502627037,0.20717083087173385
93,51093,belief_active__low_order_dynamic__baseline_pid__bottom_track_visible,baseline_pid,bottom_track_visible,True,False,True,0.78,0.5241790611570363,2.234627015852436,True,123.99999999999723,0,0,0,0,1.991571542739217,0.6355790840025293,0.46718978850654186,220,ee325c6cd9ce35695e2e4faa28232de93e2e3e57a214f500e397c981cecb022b,4fa25621b6be80edae37e9084458d38e545b09043af4629116c721bd9918f76b,158,0.9240506329113924,0.620253164556962,0.5886075949367089,0.6455696202531646,0.7136962936196475,0.7335689187194498
93,51093,belief_active__low_order_dynamic__delay_aware__bottom_track_visible,delay_aware,bottom_track_visible,True,True,True,1.0,0.4962057805918252,0.526668195290552,True,123.99999999999723,0,0,0,0,0.4969189834206508,0.6777966670051683,0.22785581395540785,220,ee325c6cd9ce35695e2e4faa28232de93e2e3e57a214f500e397c981cecb022b,4fa25621b6be80edae37e9084458d38e545b09043af4629116c721bd9918f76b,158,0.08227848101265822,0.05063291139240506,0.02531645569620253,0.006329113924050633,0.12840260630498881,0.19128010144422494
94,51094,belief_active__low_order_dynamic__baseline_pid__no_current,baseline_pid,no_current,False,False,False,0.22,0.3968541506808542,12.009752531638286,True,64.00000000000064,0,0,0,0,2.2962778090357223,0.6395038750051754,0.49154985865303075,220,008b8ae7a45cf55ea50e33a4b1a71af671992a84f6b036090570b8d4e246deda,d6905f74e1ba805a5fdbb322f30d95cb484bbf3d69aa81e9bddd261b98db08b9,188,0.9521276595744681,0.7446808510638298,0.6276595744680851,0.6436170212765957,0.7116527321922402,0.7611030425470409
94,51094,belief_active__low_order_dynamic__delay_aware__no_current,delay_aware,no_current,True,True,True,1.0,0.49943195024205095,0.5651723794053902,True,64.00000000000064,0,0,0,0,0.3516283531167789,0.6632013750058832,0.1828824267266024,220,008b8ae7a45cf55ea50e33a4b1a71af671992a84f6b036090570b8d4e246deda,d6905f74e1ba805a5fdbb322f30d95cb484bbf3d69aa81e9bddd261b98db08b9,188,0.02127659574468085,0.015957446808510637,0.015957446808510637,0.0,0.13846186301576344,0.22720228599360548
94,51094,belief_active__low_order_dynamic__baseline_pid__bottom_track_visible,baseline_pid,bottom_track_visible,False,False,False,0.52,0.3229876663004134,10.599470658011779,True,64.00000000000064,0,0,0,0,2.2378227685311947,0.6173659170017345,0.4700447943142515,220,008b8ae7a45cf55ea50e33a4b1a71af671992a84f6b036090570b8d4e246deda,d6905f74e1ba805a5fdbb322f30d95cb484bbf3d69aa81e9bddd261b98db08b9,188,0.9680851063829787,0.7446808510638298,0.5638297872340425,0.5691489361702128,0.7158170382579098,0.677796881373056
94,51094,belief_active__low_order_dynamic__delay_aware__bottom_track_visible,delay_aware,bottom_track_visible,True,True,True,1.0,0.5441636474540631,0.5376761274436495,True,64.00000000000064,0,0,0,0,0.3849648517528573,0.6604364999948302,0.1809124254809477,220,008b8ae7a45cf55ea50e33a4b1a71af671992a84f6b036090570b8d4e246deda,d6905f74e1ba805a5fdbb322f30d95cb484bbf3d69aa81e9bddd261b98db08b9,188,0.015957446808510637,0.015957446808510637,0.010638297872340425,0.0,0.1415820956650087,0.23595921026933278
95,51095,belief_active__low_order_dynamic__baseline_pid__no_current,baseline_pid,no_current,False,False,False,0.2,1.0219015515635677,8.914563561053807,True,64.00000000000064,0,0,0,0,2.220437951329862,0.6750610419985605,0.4941901476172672,220,7a2f0612d8fe36f6e4584c205f8cc8bf98e04b16714c62964e88584aba3b8022,078b4129dd27f4a578b81ab14514557bc47dbab0d1ce168bc60c780cb75f82bf,188,0.9308510638297872,0.648936170212766,0.6170212765957447,0.6702127659574468,0.7086570678456003,0.7315309788209422
95,51095,belief_active__low_order_dynamic__delay_aware__no_current,delay_aware,no_current,True,True,True,1.0,0.8332664391474802,0.95788323344177,True,64.00000000000064,0,0,0,0,0.36935362682068235,0.6555692920082947,0.2150544886624036,220,7a2f0612d8fe36f6e4584c205f8cc8bf98e04b16714c62964e88584aba3b8022,078b4129dd27f4a578b81ab14514557bc47dbab0d1ce168bc60c780cb75f82bf,188,0.031914893617021274,0.015957446808510637,0.015957446808510637,0.015957446808510637,0.1390449519045132,0.2203582476577393
95,51095,belief_active__low_order_dynamic__baseline_pid__bottom_track_visible,baseline_pid,bottom_track_visible,False,False,False,0.32,0.9050623136301752,10.006809181295429,True,64.00000000000064,0,0,0,0,2.291305372706177,0.6410067090037046,0.4883030072715477,220,7a2f0612d8fe36f6e4584c205f8cc8bf98e04b16714c62964e88584aba3b8022,078b4129dd27f4a578b81ab14514557bc47dbab0d1ce168bc60c780cb75f82bf,188,0.9414893617021277,0.6968085106382979,0.601063829787234,0.6170212765957447,0.7085905488380418,0.7203773963491532
95,51095,belief_active__low_order_dynamic__delay_aware__bottom_track_visible,delay_aware,bottom_track_visible,True,True,True,1.0,0.7315207482933462,0.7965409336666118,True,64.00000000000064,0,0,0,0,0.43660338629063916,0.6310187500057509,0.2151164209255614,220,7a2f0612d8fe36f6e4584c205f8cc8bf98e04b16714c62964e88584aba3b8022,078b4129dd27f4a578b81ab14514557bc47dbab0d1ce168bc60c780cb75f82bf,188,0.047872340425531915,0.0425531914893617,0.010638297872340425,0.0,0.1482066699798927,0.2407297094880434
96,51096,belief_active__low_order_dynamic__baseline_pid__no_current,baseline_pid,no_current,True,False,False,0.1,0.4080355589904382,4.22858716232557,True,64.00000000000064,0,0,0,0,2.2726184113564747,0.6336261670076055,0.4890941427730947,220,c1616b382104c3f45ef897ec77b4d7d724b506647354be7d04f99def747ed9be,ca3eed91f3c41909c4b7812ecb7a8041ed0d87edba11c2cb8107ebba11718fe2,188,0.9680851063829787,0.7393617021276596,0.648936170212766,0.6648936170212766,0.7177622123868488,0.7626914979913587
96,51096,belief_active__low_order_dynamic__delay_aware__no_current,delay_aware,no_current,True,True,True,1.0,0.486094029781005,0.28871651911937635,True,64.00000000000064,0,0,0,0,0.3643395207202793,0.681583875004435,0.1991202137485469,220,c1616b382104c3f45ef897ec77b4d7d724b506647354be7d04f99def747ed9be,ca3eed91f3c41909c4b7812ecb7a8041ed0d87edba11c2cb8107ebba11718fe2,188,0.05851063829787234,0.02127659574468085,0.031914893617021274,0.010638297872340425,0.1435099928873801,0.21372973174428317
96,51096,belief_active__low_order_dynamic__baseline_pid__bottom_track_visible,baseline_pid,bottom_track_visible,False,False,False,0.36,0.5152926515826975,13.225122676384405,True,64.00000000000064,0,0,0,0,2.290112105236002,0.6717307500075549,0.4846544436787323,220,c1616b382104c3f45ef897ec77b4d7d724b506647354be7d04f99def747ed9be,ca3eed91f3c41909c4b7812ecb7a8041ed0d87edba11c2cb8107ebba11718fe2,188,0.9468085106382979,0.6861702127659575,0.6702127659574468,0.6436170212765957,0.676476670559625,0.7355806070264962
96,51096,belief_active__low_order_dynamic__delay_aware__bottom_track_visible,delay_aware,bottom_track_visible,True,True,True,1.0,0.4500820404308672,0.17881152641564246,True,64.00000000000064,0,0,0,0,0.44906981496360515,0.692160500009777,0.22748958166514543,220,c1616b382104c3f45ef897ec77b4d7d724b506647354be7d04f99def747ed9be,ca3eed91f3c41909c4b7812ecb7a8041ed0d87edba11c2cb8107ebba11718fe2,188,0.0797872340425532,0.031914893617021274,0.06914893617021277,0.005319148936170213,0.14359323603644333,0.21732460067017037
97,51097,belief_active__low_order_dynamic__baseline_pid__no_current,baseline_pid,no_current,False,False,False,0.18,0.29630737934848844,11.350506092336254,True,123.99999999999723,0,0,0,0,2.099019980466582,0.6008366250025574,0.4601749484385602,220,dbb823ca22e9ff814491ae145e13c189556ea2dc48c32d643376927b7fcda7b8,38caccaa51d239be087f2487263303057fa72016e975bbacd3c49b5f66bd3cf3,158,0.9556962025316456,0.7341772151898734,0.6265822784810127,0.6835443037974683,0.7115662228379793,0.7517490375225377
97,51097,belief_active__low_order_dynamic__delay_aware__no_current,delay_aware,no_current,True,True,True,1.0,0.4317633400842642,0.531212040405582,True,123.99999999999723,0,0,0,0,0.4630203434754109,0.7004759590054164,0.2046527428679314,220,dbb823ca22e9ff814491ae145e13c189556ea2dc48c32d643376927b7fcda7b8,38caccaa51d239be087f2487263303057fa72016e975bbacd3c49b5f66bd3cf3,158,0.02531645569620253,0.02531645569620253,0.0,0.0,0.13314473160679235,0.21442203739855067
97,51097,belief_active__low_order_dynamic__baseline_pid__bottom_track_visible,baseline_pid,bottom_track_visible,False,False,False,0.06,0.24819756043939642,13.188454077542431,True,123.99999999999723,0,0,0,0,2.1476491105850344,0.6173797920055222,0.4760768269458032,220,dbb823ca22e9ff814491ae145e13c189556ea2dc48c32d643376927b7fcda7b8,38caccaa51d239be087f2487263303057fa72016e975bbacd3c49b5f66bd3cf3,158,0.9810126582278481,0.7025316455696202,0.6708860759493671,0.7088607594936709,0.7390962463464227,0.8242890833128975
97,51097,belief_active__low_order_dynamic__delay_aware__bottom_track_visible,delay_aware,bottom_track_visible,True,True,True,1.0,0.1770054760392029,0.2095729740256369,True,123.99999999999723,0,0,0,0,0.5009257475197331,0.6049867090041516,0.21077488886301898,220,dbb823ca22e9ff814491ae145e13c189556ea2dc48c32d643376927b7fcda7b8,38caccaa51d239be087f2487263303057fa72016e975bbacd3c49b5f66bd3cf3,158,0.0189873417721519,0.0189873417721519,0.0,0.0,0.13590416973977887,0.2217639043484485
98,51098,belief_active__low_order_dynamic__baseline_pid__no_current,baseline_pid,no_current,False,False,False,0.04,0.5965005142935912,12.397626923857384,True,183.99999999999383,0,0,0,0,1.8388664793264453,0.6318491249985527,0.43613444860337025,220,2eb21ef6e3497dc19e4fec052d05880f79ceae2d761821da6d946dab1f8954ae,4f040b9343b13d1d50ec4134b49cc000b6f7bff888cba5bd67d808674d74e771,128,0.9453125,0.703125,0.6328125,0.578125,0.7457215083758,0.7067698630219547
98,51098,belief_active__low_order_dynamic__delay_aware__no_current,delay_aware,no_current,False,False,False,0.0,0.7165782582423885,9.727074046408672,True,183.99999999999383,0,0,0,0,0.6218411085754516,0.6122719999984838,0.23284381406400673,220,2eb21ef6e3497dc19e4fec052d05880f79ceae2d761821da6d946dab1f8954ae,4f040b9343b13d1d50ec4134b49cc000b6f7bff888cba5bd67d808674d74e771,128,0.046875,0.0390625,0.0,0.0078125,0.134318332324536,0.19638843461424216
98,51098,belief_active__low_order_dynamic__baseline_pid__bottom_track_visible,baseline_pid,bottom_track_visible,False,False,False,0.28,0.3091832619334775,10.651618933410827,True,93.99999999999893,0,0,0,0,2.1964410708757063,0.6211735419929028,0.47277287754346664,220,2eb21ef6e3497dc19e4fec052d05880f79ceae2d761821da6d946dab1f8954ae,4f040b9343b13d1d50ec4134b49cc000b6f7bff888cba5bd67d808674d74e771,173,0.9595375722543352,0.7052023121387283,0.6358381502890174,0.6069364161849711,0.7027388882826253,0.7479476975596138
98,51098,belief_active__low_order_dynamic__delay_aware__bottom_track_visible,delay_aware,bottom_track_visible,True,True,True,1.0,1.086107746627965,1.147323604275278,True,93.99999999999893,0,0,0,0,0.4194793508256186,0.6242578749952372,0.20533096561504993,220,2eb21ef6e3497dc19e4fec052d05880f79ceae2d761821da6d946dab1f8954ae,4f040b9343b13d1d50ec4134b49cc000b6f7bff888cba5bd67d808674d74e771,173,0.011560693641618497,0.011560693641618497,0.0,0.0,0.1264524264397999,0.21601053456728617
99,51099,belief_active__low_order_dynamic__baseline_pid__no_current,baseline_pid,no_current,True,False,False,0.74,0.793762505839188,7.373035176690456,True,64.00000000000064,0,0,0,0,2.3312369071028685,0.6276922909892164,0.4862244648319942,220,ae627da589d5d28a88b1b353c9e201714b252c50f9a7eb56eada009a64884611,17cd0f3ee7a72e52ed197dbd043fdffa2d20079c28dc8e53ed2d414591b663d3,188,0.9574468085106383,0.7446808510638298,0.6170212765957447,0.6702127659574468,0.713397101550333,0.7514276044041673
99,51099,belief_active__low_order_dynamic__delay_aware__no_current,delay_aware,no_current,True,True,True,1.0,0.9085905571948627,0.9716246981606983,True,64.00000000000064,0,0,0,0,0.4358297673502127,0.6269762079900829,0.1923043051086829,220,ae627da589d5d28a88b1b353c9e201714b252c50f9a7eb56eada009a64884611,17cd0f3ee7a72e52ed197dbd043fdffa2d20079c28dc8e53ed2d414591b663d3,188,0.047872340425531915,0.026595744680851064,0.031914893617021274,0.005319148936170213,0.1418943803407088,0.23515666685541353
99,51099,belief_active__low_order_dynamic__baseline_pid__bottom_track_visible,baseline_pid,bottom_track_visible,True,True,True,0.96,1.0186537287111495,5.165042178943916,True,64.00000000000064,0,0,0,0,1.9408992138032308,0.6314397920068586,0.4137768074286743,220,ae627da589d5d28a88b1b353c9e201714b252c50f9a7eb56eada009a64884611,17cd0f3ee7a72e52ed197dbd043fdffa2d20079c28dc8e53ed2d414591b663d3,188,0.8776595744680851,0.7446808510638298,0.3617021276595745,0.31382978723404253,0.6066257560654772,0.5739581949200557
99,51099,belief_active__low_order_dynamic__delay_aware__bottom_track_visible,delay_aware,bottom_track_visible,True,True,True,1.0,0.9001765406376923,0.8043073339005979,True,64.00000000000064,0,0,0,0,0.46867813640359846,0.6258389169961447,0.19874751840831092,220,ae627da589d5d28a88b1b353c9e201714b252c50f9a7eb56eada009a64884611,17cd0f3ee7a72e52ed197dbd043fdffa2d20079c28dc8e53ed2d414591b663d3,188,0.09042553191489362,0.031914893617021274,0.05851063829787234,0.005319148936170213,0.15347464821004306,0.23770178431826497
