episode_index,episode_seed,arm,policy,dynamics,current,terminal_joint_success,tail80_joint_success,dwell15_joint_success,tail50_joint_occupancy,terminal_localization_error_m,terminal_formation_error_m,mean_squared_action,maximum_combined_decision_runtime_s,ever_locked,first_transition_time_s,first_track_time_s,unsafe_transition_count,unsafe_track_start_count,unsafe_track_end_count,audit_release_violation_count,requested_delivered_action_rms,current_speed_rms_mps,minimum_ground_speed_mps,ground_speed_below_0p05_action_count,action_count,noise_tape_sha256,current_tape_sha256,tail50_mean_localization_error_m,tail50_mean_formation_error_m
0,49900,belief_active__kinematic__bottom_track_visible,belief_active,kinematic,bottom_track_visible,True,True,True,1.0,0.5483726143850488,0.3979674065889216,0.2831014770492515,1.0680570420008735,True,93.99999999999893,93.99999999999893,0,0,0,0,0.0,0.3130731020969782,0.9239476619063521,0,220,a538c6b08353a45e0ec00d4c0ccf887a3494e3c90565c4b2d186f0fbd83e5b8f,0f81ce8d128b1292ed661509760218159f5d0ac243dd1abc4981e26a2ee7e3f6,0.5271689705442071,0.4798004027188739
1,49901,belief_active__kinematic__bottom_track_visible,belief_active,kinematic,bottom_track_visible,True,True,True,1.0,1.1922455744767089,1.1244934970945988,0.45247901024482334,1.1042830420046812,True,183.99999999999383,183.99999999999383,0,0,0,0,0.0,0.3144792945130945,2.317888700971837,0,220,570b43b41587121a48750cefa282f1756c747cf9527fd813811cdb945a8308aa,42cdd51345edf1db7a2b073b630791612ee3910b03f84d2f1575f8c023840c28,1.2376747087475046,1.2060253602075286
2,49902,belief_active__kinematic__bottom_track_visible,belief_active,kinematic,bottom_track_visible,True,True,True,1.0,0.8191398026066352,0.713949796517449,0.29117925278441903,1.1558335419977084,True,93.99999999999893,93.99999999999893,0,0,0,0,0.0,0.327066359524566,0.6112927014974556,0,220,62eac2bab5f284cdd59b1000ece62536b01eab018bf152f8b6ae2f254a29da1a,5a660f9d42eb056a77b3eb050dbb847e5abc0e3b3c47063ea0f0a3ce853fd275,0.8512981580406337,0.8636178807143001
3,49903,belief_active__kinematic__bottom_track_visible,belief_active,kinematic,bottom_track_visible,True,True,True,1.0,0.5978101257094729,0.79073885839417,0.3048083450692224,1.1793734169987147,True,123.99999999999723,123.99999999999723,0,0,0,0,0.0,0.3252630114423866,1.2646184784960046,0,220,0b939d7d89c3fd6abaaf4499f046d081edfa0c3a54d38a85b18ef72600caa4d6,a0c4a4b65352eaca93626f5cee9cc76729b0ea3a9f275961422baf6ebd856d37,0.5468985572041837,0.689750863620342
4,49904,belief_active__kinematic__bottom_track_visible,belief_active,kinematic,bottom_track_visible,True,True,True,1.0,0.2577401050494697,0.27590640180400533,0.333208673115984,0.743333916994743,True,93.99999999999893,93.99999999999893,0,0,0,0,0.0,0.31145076475622,1.1807252290339194,0,220,b7c083eb2e816af0babeb0f222eb51e0b3593af0530a90ffbcabde656ed11a65,2924ff3f6459a12548a430cddd88712e939d04d78b0878ffd45a0976f8c05848,0.22906272543877246,0.23978914734764076
5,49905,belief_active__kinematic__bottom_track_visible,belief_active,kinematic,bottom_track_visible,True,True,True,1.0,1.1134129403413335,1.0804506909973248,0.2797614297758331,0.907911125003011,True,93.99999999999893,93.99999999999893,0,0,0,0,0.0,0.2781479416639085,1.3445402802578832,0,220,6315cc6cbfcd74405d4bb9b102e8d119bdfede05eab2529a4208c75e13073be2,0e1dfd0e26bd4c00f6793d907dbcce04737c9b5972eed77d1079027705c6ab3b,1.2124799160699875,1.2784975100910385
6,49906,belief_active__kinematic__bottom_track_visible,belief_active,kinematic,bottom_track_visible,True,True,True,1.0,0.21742656489212364,0.23743783559336734,0.26361193419265533,1.05437287499808,True,93.99999999999893,93.99999999999893,0,0,0,0,0.0,0.33292596122643564,1.776203291042651,0,220,374fd54a88f3b9e6e18ae704459843a41355fef5c2e23e6d4a24e240bf9843d3,39415e91edb3501aa4cb53c4324c08feb0e3d4127fa18bd3a63c23af84c44ad6,0.24287660842169978,0.2944726897825445
7,49907,belief_active__kinematic__bottom_track_visible,belief_active,kinematic,bottom_track_visible,True,True,True,1.0,0.6822962765196261,0.7037098971191119,0.3467360216461624,0.7711136660000193,True,93.99999999999893,93.99999999999893,0,0,0,0,0.0,0.3586402366102114,1.9911295700617013,0,220,a7553b66848419915a49a0a750658ca4e03cc9b22e171863823c2f0be736cf09,203d807d0f9d247c0a241f57aec130e22e60f2041f513058bff0883f0b736cd9,0.6843135688606377,0.6779246487619953
8,49908,belief_active__kinematic__bottom_track_visible,belief_active,kinematic,bottom_track_visible,True,True,True,1.0,1.1516683741876372,1.2562504330027233,0.2517797933971423,0.7531269579994841,True,93.99999999999893,93.99999999999893,0,0,0,0,0.0,0.31867296248201044,2.239569312500938,0,220,7464e9bc5a4bbde3db79c217440efb93bf7cda14a31cf511f875f300e6c907f4,c8bb64aa686ae5ffc277576f31f3fb7cf2049e981d4f565327b678652935cdfb,1.1698150129303473,1.1627907053520006
9,49909,belief_active__kinematic__bottom_track_visible,belief_active,kinematic,bottom_track_visible,True,True,True,1.0,0.2089947531770898,0.4501451422620774,0.16529642841211714,1.4272645419987384,True,64.00000000000064,64.00000000000064,0,0,0,0,0.0,0.31215467428974836,2.2407477991690725,0,220,25dad34453508903aa8a42b98250bdb7c8f6ccfdd883597fd942f1b245db2aad,b78083fd31701e84083eee5f1e3fd61459f146670f13f33c3ef62d3b787e23c4,0.20749941497823005,0.20788389123468004
10,49910,belief_active__kinematic__bottom_track_visible,belief_active,kinematic,bottom_track_visible,True,True,True,1.0,0.13265714809734436,0.16967182155206958,0.25845204895796625,1.4530369999993127,True,93.99999999999893,93.99999999999893,0,0,0,0,0.0,0.2725657119381854,0.5541464638555903,0,220,586f9305ddf7e84d298c70c9ec09e247b6c500ba0b7273e1dea6cdd63189a5e2,502a7437d91020245d2f3236dd953ea02ddfccad8cb0871e2d0f6b510b3abca3,0.13412440437099388,0.22013081564758238
11,49911,belief_active__kinematic__bottom_track_visible,belief_active,kinematic,bottom_track_visible,True,True,True,1.0,0.45587108912160196,0.4802393139911509,0.22461516601208184,1.2082640000007814,True,123.99999999999723,123.99999999999723,0,0,0,0,0.0,0.3029587789965314,1.8971436388470329,0,220,c6a6c89e9039892900cd038b581c135a1f5df8c9ccc78c1e8ffbc02003d48709,a8c5e1880f48fe087134dffdbd7f24252da8f0bd599fa88db09ac7f0934d1ee2,0.44480977553267836,0.4983803857665482
12,49912,belief_active__kinematic__bottom_track_visible,belief_active,kinematic,bottom_track_visible,True,True,True,1.0,1.6147681891299412,1.6464399914650514,0.3851616192717943,1.15022020899778,True,93.99999999999893,93.99999999999893,0,0,0,0,0.0,0.3326334815231205,1.8202356439031364,0,220,9bfa02258ed34dbbed13c2169dbf92f341e5ef0bdb781147e2c7516715fe06be,c356fc1a25d090fc14074348f4a7991b75617238938ec5900cf92c1f3c7b5844,1.552721982250735,1.5529130415002288
13,49913,belief_active__kinematic__bottom_track_visible,belief_active,kinematic,bottom_track_visible,True,True,True,1.0,0.7170993078446922,0.8859523367517553,0.285918824227975,1.072039999999106,True,64.00000000000064,64.00000000000064,0,0,0,0,0.0,0.30469396091348216,0.625706558500327,0,220,98ace53747e6cee5da383c96db4a9deebc16566181619554706fc36f1ee0628c,75ef1f15762e81fa6b01113347b555c0504e3ffa779bc5ea98e226a397c21dc8,0.7427758061685311,0.7379481144962515
14,49914,belief_active__kinematic__bottom_track_visible,belief_active,kinematic,bottom_track_visible,True,True,True,1.0,1.0419097247601186,1.1377201183730279,0.25768825573270726,1.2119497499952558,True,93.99999999999893,93.99999999999893,0,0,0,0,0.0,0.3698547370675317,1.606175462761785,0,220,38dfda33db48a868d715a5ce46c0b4ff128ef80673de0c0594dfe169b5809fe0,b4f87516d94e8d49417e92d095bfa4588b97c6c2f9109430536cce75690cecdf,1.0234807768863898,1.0485055633188578
15,49915,belief_active__kinematic__bottom_track_visible,belief_active,kinematic,bottom_track_visible,True,True,True,0.98,0.33858308822254307,0.353023651819676,0.2807538937201038,1.3974808339989977,True,183.99999999999383,183.99999999999383,0,0,0,0,0.0,0.2755963758337919,1.155257752247222,0,220,2bf78a58a4ad4c136f6b4c9f515cdf1c7d907b476cf13601d121c2d34fb733fa,3dd2606dd629a32892d4efeae981530160273eb36415693980fe1598c1445e4b,0.33967363916964066,1.265023528937447
16,49916,belief_active__kinematic__bottom_track_visible,belief_active,kinematic,bottom_track_visible,True,True,True,1.0,0.2792251075911361,0.393827836655995,0.3336540707754807,1.1118964999986929,True,123.99999999999723,123.99999999999723,0,0,0,0,0.0,0.2587757064142171,1.2798757516588188,0,220,36b747e1334075c7315d653d40aa737f338ce273447338f9d0fe3bb3b731f7bb,62971a093b05b1b469aea4009576bfdbc66bfb82db50ce1278d60ad8434deaff,0.2720753298145437,0.37845710551450124
17,49917,belief_active__kinematic__bottom_track_visible,belief_active,kinematic,bottom_track_visible,True,True,True,1.0,0.4044466670747188,0.4542451801952492,0.37824167786298457,0.8876698329986539,True,93.99999999999893,93.99999999999893,0,0,0,0,0.0,0.30137509881385716,1.6948068831636076,0,220,217415a7ec19262b5490d6b98a3ae9b0a6f31c2683037d87879984257e5f56e2,b501affd3e98da268ebbb634a087c236e749c7f9270a34428e15c73b2f309b8c,0.4809788244692674,0.5519297513739351
18,49918,belief_active__kinematic__bottom_track_visible,belief_active,kinematic,bottom_track_visible,True,True,True,1.0,0.475181965196261,0.43873738780743926,0.2793410144648946,1.1482551249937387,True,93.99999999999893,93.99999999999893,0,0,0,0,0.0,0.28904196184629655,1.2101601795014403,0,220,8426f813797d028bcc8a577898e206c895014555887d16b589546035bcf3c769,c27e387da8c5a5d3029dc73325e5d6c597d693c47d749c4a1fcf2dfa1595314b,0.4525447857786766,0.3357799533730424
19,49919,belief_active__kinematic__bottom_track_visible,belief_active,kinematic,bottom_track_visible,True,True,True,1.0,0.3813048835697865,0.4061133012560535,0.2332314950050198,1.3814684999961173,True,123.99999999999723,123.99999999999723,0,0,0,0,0.0,0.2949632542591983,2.4983085942939125,0,220,289caafe1ee074229dbb1ec3e0f2522bb06cb8932dc683f2a38eda18e0af7b19,3065dc57491db36bf00e9096ac9a84d1e4dfa11339093179cc0eb002efed92e0,0.3713805270467989,0.3857544287240075
20,49920,belief_active__kinematic__bottom_track_visible,belief_active,kinematic,bottom_track_visible,True,True,True,1.0,0.2385942768019128,0.18464237866665423,0.42461792804707077,1.7843315409991192,True,93.99999999999893,93.99999999999893,0,0,0,0,0.0,0.34907951534451576,0.09496174364762257,0,220,fb4b905ae49b654ab27ea429c3fb5d85bede69a580831b04cc500f32ac1a2b48,0c9f92833dc5acf72ce7d87bd0de2ac9372a1689bcdf52f370d90ef4681eb8c0,0.21391026341154348,0.20390444363076468
21,49921,belief_active__kinematic__bottom_track_visible,belief_active,kinematic,bottom_track_visible,True,True,True,1.0,0.4344119908225979,0.38300836052074416,0.254389927211327,1.557670334004797,True,93.99999999999893,93.99999999999893,0,0,0,0,0.0,0.295856713606748,0.6395412057422496,0,220,5bf7a6647fc7cfd1c748039098510269cd27f368c769063b3b12266a6771ac10,88700bc5bd0b5e80470a93550b4ff960262ef1773350f5a67eba01d7557bbe3b,0.5564328199531318,0.628684973350887
22,49922,belief_active__kinematic__bottom_track_visible,belief_active,kinematic,bottom_track_visible,True,True,True,1.0,1.6285376063570423,1.738308523662792,0.3673411292118191,1.2401680830007535,True,93.99999999999893,93.99999999999893,0,0,0,0,0.0,0.34291220385690335,2.2187044314716124,0,220,e6f25bd64fa736805934db124f544dc6ff2fd7bf12e494a491effebf54914209,d8e3e8bcfd7de841b624843c4a7387c9f91c58d23906b76a78675bfde256c67a,1.6086477636739027,1.7119762075611045
23,49923,belief_active__kinematic__bottom_track_visible,belief_active,kinematic,bottom_track_visible,True,True,True,1.0,0.455270852538259,0.5164730643175399,0.2852832846534366,1.170741582995106,True,93.99999999999893,93.99999999999893,0,0,0,0,0.0,0.30264300781417003,1.5369654417972278,0,220,04149b73bdafb7d68b31435a44f190a449f9d49ff427b0f6fb5c3afaef8f8763,d7c65b2eec467287244eea36b47aaa3466a7a532f8215f6488bdb388bda74852,0.35009630394758195,0.39956187222522643
24,49924,belief_active__kinematic__bottom_track_visible,belief_active,kinematic,bottom_track_visible,True,True,True,1.0,0.09912524365357055,0.26113301473385964,0.32570395710476824,1.3629710829991382,True,123.99999999999723,123.99999999999723,0,0,0,0,0.0,0.3028942333733298,1.215795590506774,0,220,8e3ce06c2503fff8b4e787ff5bab8a01ea133ac95fb930f4787c92310fec24fa,dc679f5ff9127fe7d6a73f5e56ed906062b6eb29248e0b9d9f04320284a2b29d,0.09355689634531908,0.16501225555207127
25,49925,belief_active__kinematic__bottom_track_visible,belief_active,kinematic,bottom_track_visible,True,True,True,1.0,0.8592435457550754,0.9788177468238441,0.3936172987715022,1.050475041003665,True,93.99999999999893,93.99999999999893,0,0,0,0,0.0,0.30270777925545134,0.2736686857093069,0,220,7352dd813bff63aca339c91708bd0bae2397007b7662677b0bfa49e677571ad9,c22bd1799111822189221cd6440dcca451c23d33a654a2d09a47e5354e93a3ca,0.8330924521978731,0.9059544259313388
26,49926,belief_active__kinematic__bottom_track_visible,belief_active,kinematic,bottom_track_visible,False,False,False,0.0,0.4945105544107086,1435.0139408613406,0.22336344573338857,2.5009474990001763,False,,,0,0,0,0,0.0,0.26695747300868145,1.600632124208558,0,220,d4aa2713f22a1b82ccfd89cfa859607c9c1e28a4da580c2914c416e690e19c4e,03695912143e35f53fcdd67de75ef953bddbc8691e489c025c6128f0c2ec9501,0.541402653681342,1235.2297587096507
27,49927,belief_active__kinematic__bottom_track_visible,belief_active,kinematic,bottom_track_visible,True,True,True,1.0,0.5506197837975938,0.5614931540201445,0.2281986134409965,1.2188949590054108,True,93.99999999999893,93.99999999999893,0,0,0,0,0.0,0.30598265812664976,0.6491311321795805,0,220,e8a140ba1fdb009da536c1f06a0b02ae2c0ac6fca35b9fd271636d562384098d,ce23f1c62e6c89badf8cca58be7e8f1568ca14aafe83cc816a7fa6c3e82f4c0b,0.5567501743325863,0.5288329713897313
28,49928,belief_active__kinematic__bottom_track_visible,belief_active,kinematic,bottom_track_visible,True,True,True,1.0,0.16719384062052087,0.10832097182297898,0.42704579565509715,1.3010278330039,True,123.99999999999723,123.99999999999723,0,0,0,0,0.0,0.30494944341159513,0.1901653810230216,0,220,62888d956483eac035c8c731c71db650602b814c683205d0bc92e9b30802e115,bc9970f05b90984138eb29b76da450d57eb867607b64a2d1e485174abe7bfb1f,0.12076018051892279,0.2425630663007961
29,49929,belief_active__kinematic__bottom_track_visible,belief_active,kinematic,bottom_track_visible,True,True,True,1.0,0.23348791332466293,0.3005599563029351,0.3894054892581351,1.198238292003225,True,93.99999999999893,93.99999999999893,0,0,0,0,0.0,0.3088212512039839,0.36489686309294533,0,220,cd4393ae9f3ae238ffc11f23d88130b6177d3f943e76e9b23e48f316263eb7fc,c9014975dad70e2cbb0621d0d0c30accd970b62e1cd0d3f31a9e1e7475180b61,0.20740829009577091,0.21716691478746225
30,49930,belief_active__kinematic__bottom_track_visible,belief_active,kinematic,bottom_track_visible,True,True,True,1.0,0.29873079458822605,0.3454227009389219,0.3470476905689318,1.2429108750002342,True,123.99999999999723,123.99999999999723,0,0,0,0,0.0,0.34479680341569785,1.7832766278521601,0,220,05a7e109fe9fff1e1a1ac0906f3a920180e076e8c8c551fa3ea36a090a3e5a2e,1b102216093ae2b76f8a54fd258935e0ded99a9ee2b73b6ebaddd28e06c89996,0.3340603418267188,0.2936122297705093
31,49931,belief_active__kinematic__bottom_track_visible,belief_active,kinematic,bottom_track_visible,True,True,True,1.0,1.1034760087255675,1.2282254102865662,0.31482681685067326,1.1523029999952996,True,93.99999999999893,93.99999999999893,0,0,0,0,0.0,0.2965278019009699,2.1715120991847363,0,220,58d5a76ca2311950cc6cb7fb2c5cf98fe235f0162a0f700894b1a5a2a15c425e,4946ddd8f16dadf988f24557bedff92266d4048c701a6086a364cc8694f86a5a,1.0139164594471337,1.0029448229596083
32,49932,belief_active__kinematic__bottom_track_visible,belief_active,kinematic,bottom_track_visible,True,True,True,1.0,0.8373618815904665,0.836692505965976,0.20909705357466746,1.1363048330022139,True,93.99999999999893,93.99999999999893,0,0,0,0,0.0,0.30750573171474044,2.410862586183754,0,220,03a600d903049220df713016b97d44f68fe4370e7a0d46794ad675862e6a9550,0330c82e1a9c7eeb948fd18a0464c66bf90025422b4b4bafb0564eaf5210ec23,0.7474324582635653,0.9857696956382314
33,49933,belief_active__kinematic__bottom_track_visible,belief_active,kinematic,bottom_track_visible,True,True,True,1.0,0.7285888306279379,0.525939041739702,0.17016334422608437,1.3095077500038315,True,64.00000000000064,64.00000000000064,0,0,0,0,0.0,0.31213077684180845,2.4339820059388084,0,220,929ed4b5daab5e1fef8b47d9103ad83f3f02852eb5b8eafc4b94e5c731d9502d,92c2da3dc623706f5404767d84c2d74cf36e9d6e3f04de18f79b79c9a1ec90f5,0.6284287150665687,0.6294702228941849
34,49934,belief_active__kinematic__bottom_track_visible,belief_active,kinematic,bottom_track_visible,True,True,True,1.0,0.33232543363313294,0.3270794573510492,0.3375285502512348,1.1573926669952925,True,123.99999999999723,123.99999999999723,0,0,0,0,0.0,0.3637522239749227,1.569541582376862,0,220,dc7207f776075453523d7da174187ca39c9c1c6709ac2edb6c78445ab66e739a,a3cc59b8ce9c18fe636ae2e19c0ba3161dac8476207781937503489ca437dbf2,0.3186132039816821,0.7229722184565456
35,49935,belief_active__kinematic__bottom_track_visible,belief_active,kinematic,bottom_track_visible,True,True,True,1.0,0.31467339884411777,0.3295733067340162,0.29106063818807304,1.250902749998204,True,123.99999999999723,123.99999999999723,0,0,0,0,0.0,0.29931234176987426,1.3640150682183487,0,220,6715f1b0584e1e6031c599d2db634f1df0e56450bb1976c639582bc82926cfdd,c75cfaa31948c87cb56aca7a412177107dd2018c26f2ef230ff287f947eb9478,0.3264370518484509,0.373993311980186
36,49936,belief_active__kinematic__bottom_track_visible,belief_active,kinematic,bottom_track_visible,True,True,True,0.92,0.27302704325248,0.35763171370338953,0.5273671940623221,1.6386966249992838,True,123.99999999999723,123.99999999999723,0,0,0,0,0.0,0.33282217266801273,1.1615221139330971,0,220,87d7c5b09dad5c57dc0038543a833a26911ec9737aff66fa0f06c9567c54bed6,96a9244e537beca1f551ac862856ab007ba0d56460793e357b6212ba7d5be1c3,0.30105673056824517,2.2670591814865775
37,49937,belief_active__kinematic__bottom_track_visible,belief_active,kinematic,bottom_track_visible,True,True,True,1.0,0.5097963631431117,0.7266137906871706,0.4511729080159069,1.6471517910031253,True,123.99999999999723,123.99999999999723,0,0,0,0,0.0,0.35828625260228303,1.9719039336208075,0,220,11acf08d6e35f5a81fc87c414812113fcd3ffa23f5fcf90d84cb3e5777cd88ae,c6bf86bcc8d137efce595aee559e4344294f1a2819b21d556cb7b206bcc21b85,0.4993817542275147,0.6127791235704289
38,49938,belief_active__kinematic__bottom_track_visible,belief_active,kinematic,bottom_track_visible,True,True,True,1.0,0.30453733508919034,0.26223869588547233,0.35549172169537413,1.747900792004657,True,123.99999999999723,123.99999999999723,0,0,0,0,0.0,0.3499483834560392,1.4111962313229929,0,220,a322b04fa568f1348ca44c92c0e3f68a3ff8d25ee0f1ade04f729075319116ff,f0c6828eb40887a7039fd640aad3bb0cb0c2e9a9d35cef796fdd8a92d730bc4f,0.26253659858447653,0.2635846328055494
39,49939,belief_active__kinematic__bottom_track_visible,belief_active,kinematic,bottom_track_visible,True,True,True,1.0,2.749266062564345,2.730353734242023,0.22509553935783144,1.2426327079956536,True,64.00000000000064,64.00000000000064,0,0,0,0,0.0,0.29824244813521517,2.0577192751148226,0,220,2b4a20bdec0acd0249d3e523fbe5c34b9f229f1e2fec55daf2d4bc4161eb324e,87246b91efde3489f596a71a6bdd3fd00ed906fef0e6b05a924f96fe22f951b1,2.733717160787179,2.6680124069176196
40,49940,belief_active__kinematic__bottom_track_visible,belief_active,kinematic,bottom_track_visible,True,True,True,1.0,1.2076414230835242,1.2626419642697961,0.2655637640875361,1.3389652499972726,True,93.99999999999893,93.99999999999893,0,0,0,0,0.0,0.3078399397857126,1.3458837739060616,0,220,acd58a3c0d900aa734f4a370f318d56def97ffbed5ad9298ac5caea535d801a5,f7eac2ce5a924b2b9b297116e46804b4f98dab4f50bda1293fdd479b3abdd211,1.252290613215794,1.3494914392130832
41,49941,belief_active__kinematic__bottom_track_visible,belief_active,kinematic,bottom_track_visible,True,True,True,1.0,0.15422559996860263,0.24528516955898674,0.5035344899866215,1.2716010840013041,True,123.99999999999723,123.99999999999723,0,0,0,0,0.0,0.25617265731954325,0.1032425566096323,0,220,f2049e6942141da0e4797c69ac39e851379331838f9398f9f458eb1d217b952a,9089bbe479e644e437d651d4317f8641fcbda1ac5eeb5d3bc999b4c2a3b4ccf8,0.13556186573684897,0.21823404673519317
42,49942,belief_active__kinematic__bottom_track_visible,belief_active,kinematic,bottom_track_visible,True,False,True,0.74,0.6485014215613629,0.7171709918987516,0.4325118470062269,1.3321065829950385,True,123.99999999999723,123.99999999999723,0,0,0,0,0.0,0.31416263808279854,2.0180533423980447,0,220,87ceed3576069b0c7376a4a43debcba02fceb6144c876404368769821653a4aa,18b9e181a6fd1aee9ca1013f3cf0c9284f538a70238af65329376e64ac1fc444,0.6971447454031023,6.37575426061032
43,49943,belief_active__kinematic__bottom_track_visible,belief_active,kinematic,bottom_track_visible,True,True,True,1.0,1.4599066560065952,1.3726996407729182,0.2480061958352653,1.1990843329986092,True,64.00000000000064,64.00000000000064,0,0,0,0,0.0,0.28230112426047443,1.2228378430198785,0,220,7e43d4f546176f21c8dce84f5dad5cfd77ae9767444759d10d1fb28d5ded4c3f,6d3cad2718077740eac4ec0e2b243cfa83cf2b8cbe2805360cc9f6865d2c9333,1.416450238754651,1.4567761158250905
44,49944,belief_active__kinematic__bottom_track_visible,belief_active,kinematic,bottom_track_visible,True,True,True,1.0,0.24239506209366382,0.3119963982172268,0.2594854346803536,1.3876969999982975,True,93.99999999999893,93.99999999999893,0,0,0,0,0.0,0.2849234037908607,2.1886629972760936,0,220,ce47d6034b7f702e875100a63039adfc9f3f2ed0ac8f6bbf4a302ff6ba8d4b68,453259891c62c689a540aff1ecd4e6f494392514ce7256d421ccc2def8f3e43e,0.21638678657120194,0.30637540380672956
45,49945,belief_active__kinematic__bottom_track_visible,belief_active,kinematic,bottom_track_visible,True,True,True,1.0,0.39116466687629065,0.381894802629334,0.505091471869617,1.1307505419972586,True,123.99999999999723,123.99999999999723,0,0,0,0,0.0,0.3033474376221483,1.3280308316519234,0,220,5408fdf0fd421aad63cb2c2b622a3a82cc6fd377024b808642e3e796e76c8b92,c8fd0c65fa1109e77715ce4b59fabc4fde3df9cec53a27974650aef6f7221450,0.35737201064467056,0.34134754292913433
46,49946,belief_active__kinematic__bottom_track_visible,belief_active,kinematic,bottom_track_visible,True,True,True,1.0,0.3688827525791304,0.21130224189126467,0.40005937124431834,1.17241937500512,True,123.99999999999723,123.99999999999723,0,0,0,0,0.0,0.27184782479775954,1.192718475473767,0,220,756fbe5e0c16da80bc61c4863458301e2e45d3663f74ebab10b060202bc23426,eb851573b56185232ed67b6b2463457d6433b7e75bdfcf7cecdf182346ec992c,0.2830694329795031,0.36255882852963056
47,49947,belief_active__kinematic__bottom_track_visible,belief_active,kinematic,bottom_track_visible,True,True,True,1.0,0.833209797185488,0.923789016263462,0.18795645092796565,1.0767743329997757,True,123.99999999999723,123.99999999999723,0,0,0,0,0.0,0.2786342233002043,1.9609846405093587,0,220,0bfa78176b894b6eb87ee14a62267d228b938665cd26f5a8f1251102a5d3fb79,2df9e67af1878dbc7fc755b4658f3024bd0bb6712bc7fba68fa29d04c8543779,0.7917560209508054,0.9033834000219345
48,49948,belief_active__kinematic__bottom_track_visible,belief_active,kinematic,bottom_track_visible,True,True,True,1.0,0.7633900404181219,0.6775351793860895,0.2596325444784508,1.063365292000526,True,64.00000000000064,64.00000000000064,0,0,0,0,0.0,0.25803716033872126,2.0378051482869055,0,220,c88e5c67958ed3ce2b41217936d85568754da82b43aa77e68f4b20302d0ee44b,e937ce564580708dde9e1fb3f603b58e15f3148946e6d47431aa6037b6970c2f,0.7437258305819793,0.7235613886674631
49,49949,belief_active__kinematic__bottom_track_visible,belief_active,kinematic,bottom_track_visible,True,True,True,1.0,0.38578353751010164,0.40313403964324357,0.4241122744088112,1.6102439169990248,True,123.99999999999723,123.99999999999723,0,0,0,0,0.0,0.3452007501161801,1.1423304255854798,0,220,f46fa321d0a79dca9a7f095dc28c948ea9fbc16ddbd25d96672b923c58e6eb27,f250424cb5ef9bdd62141cda0f77775edeb55f80c21fdb0a21057bb37bae64ef,0.36594561878010773,0.41053926159809023
50,49950,belief_active__kinematic__bottom_track_visible,belief_active,kinematic,bottom_track_visible,True,True,True,1.0,1.2051193358307377,1.085356257422694,0.22529215672455155,1.2016507500011357,True,93.99999999999893,93.99999999999893,0,0,0,0,0.0,0.28759131532721216,1.9172099672685952,0,220,01baf36a4a9fa1d1cce4523fecb7294d05e494586e01ed8a87fb6cd01b5e935a,4100574058f5163aeda9737c4ec17099e1a5280441e8351c0ffedf2c1cf13ff2,1.1465338249574857,1.1784568277073983
51,49951,belief_active__kinematic__bottom_track_visible,belief_active,kinematic,bottom_track_visible,True,True,True,1.0,0.6151670365766838,0.5723693412554007,0.27186565015931724,1.1789217080004164,True,93.99999999999893,93.99999999999893,0,0,0,0,0.0,0.3131925867044546,1.3722470716685102,0,220,bf60ba534788eef36c35ad9d9cc602b5af533a538279040b6c39db9f865f9d87,83b297bae467b92b145f63f2d2d2c82b9f3cf832760d497dab115680e9b8bb9a,0.5662435195906982,0.5483241064877719
52,49952,belief_active__kinematic__bottom_track_visible,belief_active,kinematic,bottom_track_visible,True,True,True,1.0,0.5623250420580288,0.35763986690722815,0.2730666488324741,1.0687306249965332,True,64.00000000000064,64.00000000000064,0,0,0,0,0.0,0.2687690499301418,1.7087666844196492,0,220,ed253c00506bdd87481b48b556dcd4893913d6991474d0f1bc80b8d8fd153ee3,dc2c4f4463218aff6d88a75468d79310293c2be392df1b549ea1362b215e1c05,0.6660742971085711,0.6138412250292503
53,49953,belief_active__kinematic__bottom_track_visible,belief_active,kinematic,bottom_track_visible,True,True,True,1.0,0.5186516457052119,0.4261620810489305,0.3128624864739268,1.1187007499975152,True,93.99999999999893,93.99999999999893,0,0,0,0,0.0,0.3037536749052908,0.9612597373394888,0,220,54b1b94e5ff2c327b5eacc1e77d7555fdcc5f64e04d3d30d612e7fabb3bcedd7,20d4d1779e5c37350c151823365b483d5890d0fb8587151a2527580ea9aaf97a,0.5464176070287461,0.5596651177730926
54,49954,belief_active__kinematic__bottom_track_visible,belief_active,kinematic,bottom_track_visible,True,True,True,1.0,0.5679325048357158,0.4699176020663368,0.3022838159715834,1.494306291002431,True,123.99999999999723,123.99999999999723,0,0,0,0,0.0,0.3540594770604432,2.2488900291034977,0,220,3a4ede0b46c4bbb7ad04e0e7de130835828c663a04742bbd2b71723791830ded,d16806f1831d8f307d7ab8ee3e8c48157cedd2463dca6a117262a07b7eec0c08,0.4842412136681947,0.5134113765503612
55,49955,belief_active__kinematic__bottom_track_visible,belief_active,kinematic,bottom_track_visible,True,True,True,1.0,0.7230565617823017,0.7904939355565499,0.39476544821244147,1.0512469160021283,True,93.99999999999893,93.99999999999893,0,0,0,0,0.0,0.31213718059056944,0.348807518510671,0,220,518296bde63b7a74f902834dd2adc7d26e25eb973c95c459c0a6348eb8103670,16ff54a4be07c1bff85e3a9bbe6fac24cdb20ca1adf9e16c53ac77ad5bcc450e,0.7256776971759414,0.7476159012521392
56,49956,belief_active__kinematic__bottom_track_visible,belief_active,kinematic,bottom_track_visible,True,True,True,1.0,0.37073811273352547,0.4086195758346144,0.2872527176826545,1.1122606669960078,True,93.99999999999893,93.99999999999893,0,0,0,0,0.0,0.30111463250852266,2.1649704050386736,0,220,12775fd8dcd77ba32ff36d2f1c45af84341a02c9775773f983d0d28866d56587,c7a758f3a6682b6c512496c289de63a0b5fec2c0b72d067f234896cdcb2410ae,0.2881193797354666,0.46492358689509855
57,49957,belief_active__kinematic__bottom_track_visible,belief_active,kinematic,bottom_track_visible,True,True,True,1.0,0.6571738346996658,0.5644519994955606,0.24950669999051375,1.2023965409971424,True,93.99999999999893,93.99999999999893,0,0,0,0,0.0,0.31921423980863817,1.4707287428620566,0,220,86c3a939063b6929fec660c903b56179108a9042e9daa0de34070e92b6f1fed9,0dec86089e67415c60f336e20268a08ae008bcebd68cda3dff20711b98ea8884,0.6821659854923234,0.6392077190835771
58,49958,belief_active__kinematic__bottom_track_visible,belief_active,kinematic,bottom_track_visible,True,True,True,1.0,1.3439955616394008,1.121041883780194,0.22814957670180908,1.0856957500000135,True,64.00000000000064,64.00000000000064,0,0,0,0,0.0,0.27248587746054004,2.2903261366626504,0,220,86b6c88cdc0a48c542e30e281ea9604d2e1ebc93b5e36f018780fe5f973e4491,2f4a8c1053074ad415cdc6d408ebf0e701cb65d4f79a4bb46c55fb3b3ea3f3dd,1.2978786089165408,1.1006300791449204
59,49959,belief_active__kinematic__bottom_track_visible,belief_active,kinematic,bottom_track_visible,True,True,True,1.0,0.22812200923264966,0.18139990534434847,0.23275382709569667,1.1845675410004333,True,93.99999999999893,93.99999999999893,0,0,0,0,0.0,0.33190247354400065,1.3899829525367353,0,220,e1bd0cc93d22b9c5c8287abb52e46e2620758310ad1df761b869a14c036eb58c,07a809b143b5652f94984bb0c54d0128ebbda00769085ea763367e0c8ebb468c,0.25118931821762813,0.27236372328691855
60,49960,belief_active__kinematic__bottom_track_visible,belief_active,kinematic,bottom_track_visible,True,True,True,1.0,0.7427445811472833,0.6774918619583026,0.25375249516910714,1.2332877080043545,True,123.99999999999723,123.99999999999723,0,0,0,0,0.0,0.2866089297056393,1.6232764587223036,0,220,d18bc748804938e07e4dcf8014bee0a5d4313c1c03943ae742303aed72208036,e12ca1c76bd8cc74ef2c8bd772d04365090d025745d5a7aef03cdc4c9f008db5,0.7872669702188559,0.745945016876503
61,49961,belief_active__kinematic__bottom_track_visible,belief_active,kinematic,bottom_track_visible,True,True,True,1.0,0.5715912469083563,0.6485747129195503,0.2847945971110351,1.157774375002191,True,123.99999999999723,123.99999999999723,0,0,0,0,0.0,0.31389974725422437,1.143073314649428,0,220,ceba92a3b877fd5f92d6035b51b097f4f2363db4996b31f9421b190fac43e195,37fdad0f2243afe1b86f3547ef94ba690b82bc47dec8ede831216fb1c5ea7e83,0.5522079629333991,0.5910358245166158
62,49962,belief_active__kinematic__bottom_track_visible,belief_active,kinematic,bottom_track_visible,True,True,True,1.0,0.45566747023494414,0.3883300532214615,0.3523860425440909,1.105697125000006,True,93.99999999999893,93.99999999999893,0,0,0,0,0.0,0.3046233492018627,1.810342886541182,0,220,fe1da9c12b99828d9f87c9f3afd157a94eed2413c271d21baecf29dafbfafc0f,dc3bbc85346c3080b20c134dffee7accad8e5db56a5c1261fbf8eabffe1e2849,0.5024215835730534,0.5127900394043202
63,49963,belief_active__kinematic__bottom_track_visible,belief_active,kinematic,bottom_track_visible,True,True,True,1.0,0.6052374777351753,0.7385973765345286,0.4512303552612187,1.134941374999471,True,93.99999999999893,93.99999999999893,0,0,0,0,0.0,0.31538075349135536,0.8251179733495779,0,220,6da58f46ea569b7d43b7fdc298d13b37ab72c2c4cef5229b98f965d253c523e2,18d00207f6001c96b230fb553dce29322b5f20b06e265cd86165730580967f4d,0.6243947910698662,0.7148137776984548
64,49964,belief_active__kinematic__bottom_track_visible,belief_active,kinematic,bottom_track_visible,True,True,True,1.0,0.38382163992482443,0.3655857879194705,0.48068416917134527,1.1675638329979847,True,123.99999999999723,123.99999999999723,0,0,0,0,0.0,0.3328314896072158,1.1659498725968855,0,220,67bd2eb21eb561e0863c16d1f7c234ff91eeb16e1dee50edf3fd9d749f5d3699,7ccf1bcf40084506a67b61b3ece54cbe81b5c11c0c3a4b76c26b40f13bb713c4,0.3794710392095594,0.3758739560925885
65,49965,belief_active__kinematic__bottom_track_visible,belief_active,kinematic,bottom_track_visible,True,True,True,1.0,0.7253390640292121,0.7149088399993145,0.3304885354159905,1.0783064589995774,True,93.99999999999893,93.99999999999893,0,0,0,0,0.0,0.27365191501745345,1.1835328310280913,0,220,2a2beba076a5ea0920b508b6a78df53dd8cfd819d6d58fe7c63602ce4aff6900,2fd794417b190621d41c2a996866194c086eb09d51135fb592c0773edcb9bc0f,0.7137023182445836,0.7904942096207271
66,49966,belief_active__kinematic__bottom_track_visible,belief_active,kinematic,bottom_track_visible,True,True,True,1.0,0.5384414132192984,0.45558562065997255,0.2132795496822806,1.481510250006977,True,93.99999999999893,93.99999999999893,0,0,0,0,0.0,0.3107023825031244,1.9383224625105695,0,220,c9f5995a1e8a09a15bfa441aaab759f0319ad84b2cd7346ff238dfebc36902a1,79516b7dfd88b1ee0f65c05e9335efd95afe1a92a7602661111b09596ab264bf,0.49377790444741093,0.491574653346402
67,49967,belief_active__kinematic__bottom_track_visible,belief_active,kinematic,bottom_track_visible,True,True,True,1.0,0.953195320888439,1.1495853263555396,0.1832066120894827,1.1253401249996386,True,64.00000000000064,64.00000000000064,0,0,0,0,0.0,0.3078947920410871,0.8054946587219911,0,220,ef39de65c37d33e142f00262c8903cea28da513947fb24a746b704c86ed76019,c031e4eeab1f22e5c3da407e3834e2da94a3356c1bb720d13a54a5b6b9049bc3,0.8751719240144739,0.899616073064985
68,49968,belief_active__kinematic__bottom_track_visible,belief_active,kinematic,bottom_track_visible,True,True,True,1.0,0.711759273646352,0.6711825965195249,0.2539127725859482,1.1988906250044238,True,64.00000000000064,64.00000000000064,0,0,0,0,0.0,0.34596540837061573,1.6149462500937328,0,220,0a820f69b7b2f5da8a5abd093f9feb9f6e1a28aedeef01e45edae109ee484006,c310530552a70a373c24bce61685c0e02fc9ef1608c41ebf86370a57a0c194ac,0.7453836140664428,0.8156536477723946
69,49969,belief_active__kinematic__bottom_track_visible,belief_active,kinematic,bottom_track_visible,True,True,True,1.0,0.48878411839180097,0.5315935381268031,0.45131042034652713,1.2826369579997845,True,93.99999999999893,93.99999999999893,0,0,0,0,0.0,0.2919704846735426,0.442902009965176,0,220,2e80e0cab40504f9a750027ff0bc1cbe7b5b57367b93e5f7633533aaff6c8c11,012085c08b3523299f749dbb4b1291a81ef0104163be2676e67c2a8f1e17c6c7,0.5472972689377879,0.5439264732997205
70,49970,belief_active__kinematic__bottom_track_visible,belief_active,kinematic,bottom_track_visible,True,True,True,1.0,0.11927986231769566,0.14793368144896396,0.2880855697079232,1.3356229160053772,True,93.99999999999893,93.99999999999893,0,0,0,0,0.0,0.34585672031793446,1.49160572072641,0,220,27f5bcb2814056976e42441b2aa88018e3355141587e0e48a7904f903ab3cfe0,90ec2676b3be89c8100133997fc8d14a3f806f3bc256cc7fc38451606b1f8ef9,0.0894412936206369,0.16474204768390385
71,49971,belief_active__kinematic__bottom_track_visible,belief_active,kinematic,bottom_track_visible,True,True,True,1.0,0.4352990084570061,0.48792876067384655,0.2883007306811982,1.4748427079975954,True,123.99999999999723,123.99999999999723,0,0,0,0,0.0,0.3169631762472497,1.1957760616920154,0,220,d0cb23c627da2d20bc6499ebbb867cc1643bdd7e1fe4770153b5847cc7be5d64,48ff458df8c0d784e9dbf77fc768bf476d073a092bd878cf79454012dcf9c259,0.43623672212181674,0.5453798903613929
72,49972,belief_active__kinematic__bottom_track_visible,belief_active,kinematic,bottom_track_visible,True,True,True,1.0,0.7525842852448629,0.6618263959688193,0.2741186918538147,1.2432750419975491,True,64.00000000000064,64.00000000000064,0,0,0,0,0.0,0.3216893008104814,0.34371425159162766,0,220,b0dd1f772eab80a519542d31f0c52b386ecf62c30cce3e78959cba6e15d1b43b,6d7094f5956eec844f17825eb38118a2e36a92fef02141e0e712da71e1f41c9f,0.7254054570139528,0.773773056171744
73,49973,belief_active__kinematic__bottom_track_visible,belief_active,kinematic,bottom_track_visible,True,True,True,1.0,0.8538384806545971,0.6861793828061444,0.1630155869027456,1.9777192080000532,True,93.99999999999893,93.99999999999893,0,0,0,0,0.0,0.30752560931313655,1.6874513081570561,0,220,bac20e5f94fd63708815455859c99923dde8ed96a97e59cb7cbe03bf2a180dba,53cb4e3080e067e350de1cf329b0bacbf6d9a1dd4ab2f29380adaf602fdcfed0,0.8752024604449056,0.9095565113271299
74,49974,belief_active__kinematic__bottom_track_visible,belief_active,kinematic,bottom_track_visible,True,True,True,1.0,0.28901375958808556,0.3075233077484497,0.3538024212017731,1.7976740829981281,True,93.99999999999893,93.99999999999893,0,0,0,0,0.0,0.31895695753068215,0.4612514238829022,0,220,06047bdcb70893fe40faa342c8b7d57d4f5dbef2ccfd9249d4fbe27a2f9f98bb,12ff0e079ce42c78d9d60178e65e7ce83c3e2a02cfdab9d8b6aa65696f1a5fca,0.20151362526634592,0.19024398692975186
75,49975,belief_active__kinematic__bottom_track_visible,belief_active,kinematic,bottom_track_visible,True,True,True,1.0,0.5396672896090756,0.719775614554381,0.2435177868768646,1.4187367080012336,True,123.99999999999723,123.99999999999723,0,0,0,0,0.0,0.2959881389418576,1.9004318471274735,0,220,ca0e949b4e537d88b8e7524c0223bde52624a147c2046d8e1620e887aa88ec9a,a1202b5f1fd8c676688754dbe507b240813742312bb56d31a47f8449f6d82245,0.596517002626966,0.641033514604987
76,49976,belief_active__kinematic__bottom_track_visible,belief_active,kinematic,bottom_track_visible,True,True,True,1.0,0.16987599853496954,0.3196347280656198,0.2855097890804771,1.5949189590028254,True,64.00000000000064,64.00000000000064,0,0,0,0,0.0,0.2903730847083036,1.1965961534467264,0,220,074800316deaafb9dffe168686a56eeab8f123a214785fdae0d51be9d83ab926,ac34eb8b6512a038f92046e904963e583787cf67e6be0c3f9cb760212ffea7ec,0.24132869563384707,0.3602732332900189
77,49977,belief_active__kinematic__bottom_track_visible,belief_active,kinematic,bottom_track_visible,True,True,True,1.0,1.313628825662529,1.301661005019439,0.2613188129071144,1.1836909169942373,True,64.00000000000064,64.00000000000064,0,0,0,0,0.0,0.2664115848484569,1.0071881179795068,0,220,6dddf9a5c1d359534f4b00794fc97df90e54d0ad7e8af86b9b251e61a472f390,9d522c945a548d608e4234916b60d8ba40a84509edd2e14948c64824836bc840,1.2859450776580443,1.2803636656455877
78,49978,belief_active__kinematic__bottom_track_visible,belief_active,kinematic,bottom_track_visible,True,True,True,1.0,0.8183610210164359,0.8494133595487758,0.4792691742821191,1.1560204999987036,True,123.99999999999723,123.99999999999723,0,0,0,0,0.0,0.24696977280029292,0.9779938145016275,0,220,c959246ee356bbf44c5e5841d4a62b749905d6a94d756b9541a1154d73ea82b6,aac14801023cea99aae03cd6193b3a28f947700cf62ff9f152eb65c852d56cf3,0.8564417510977401,0.8404013816061021
79,49979,belief_active__kinematic__bottom_track_visible,belief_active,kinematic,bottom_track_visible,True,True,True,1.0,1.1200799456854624,1.0920675201596084,0.2048772155042947,1.333161750000727,True,123.99999999999723,123.99999999999723,0,0,0,0,0.0,0.26960101283163845,2.0124570471665595,0,220,b58e28364fb0b50e969eba900fbee95629bd1c7a85d50db1d4df402e9cdc108e,da0a2bb7e931ecaa2c4f340c4bc40e666f7f1e594b187edf19cba64c4422cb91,1.2231695575503907,1.206436874735325
80,49980,belief_active__kinematic__bottom_track_visible,belief_active,kinematic,bottom_track_visible,True,True,True,1.0,0.6300585404793988,0.6912256102504772,0.3171746740905029,1.3971981659997255,True,93.99999999999893,93.99999999999893,0,0,0,0,0.0,0.3128905772885096,0.5254184130602633,0,220,2f173c4ff21bd16b53a70851cfce757eb5a526c77932486bd057e7ceffe573d9,9b0ac35476c95296d629fbb9988fc92c99dc36538d2c40d4baa4c37863bd1e7e,0.5507059872348138,0.5895491220429276
81,49981,belief_active__kinematic__bottom_track_visible,belief_active,kinematic,bottom_track_visible,True,True,True,1.0,0.5192547444833181,0.5588920960566363,0.4758066946842103,1.1994714159955038,True,93.99999999999893,93.99999999999893,0,0,0,0,0.0,0.28915883439149836,0.3893156624674663,0,220,0b4b0c31e44713ee5f18d9ee27453a7e51f2045cb5a863a2d60255538bd1b899,331c762bcae541b10befcbb69ae79fa70e4cf4b64bf9d6ab9caad863f68c9062,0.5175651661898866,0.5722144389353974
82,49982,belief_active__kinematic__bottom_track_visible,belief_active,kinematic,bottom_track_visible,True,True,True,1.0,2.1265906166618445,2.1982810828624726,0.24690916181378877,1.193964625002991,True,93.99999999999893,93.99999999999893,0,0,0,0,0.0,0.2851060440932636,2.0286166166651993,0,220,0e1fe86cea394af39478d9474ceebb335274243c07a55cb299b5c20b31866b79,375424c5456c684485327e865d7cca406ba8923c1de472b0e7b8b42d7173b622,2.1801864060821337,2.4999726858799702
83,49983,belief_active__kinematic__bottom_track_visible,belief_active,kinematic,bottom_track_visible,True,True,True,1.0,0.33463493014382945,0.34003187059866213,0.3271420137670932,1.3049694170040311,True,123.99999999999723,123.99999999999723,0,0,0,0,0.0,0.29215165256105435,1.5940357525122975,0,220,a795d4ef220f910444dc7526f70a194aa207df99abb076cb63fce8610501a727,1d165d5528a7b93333515cfec57423088529d19d4cfc1f08db51f90f81cfbf9e,0.3306885664534477,0.4180494375355794
84,49984,belief_active__kinematic__bottom_track_visible,belief_active,kinematic,bottom_track_visible,True,True,True,1.0,1.0397268874086334,0.9291089903657793,0.31283256483236366,1.266578834001848,True,93.99999999999893,93.99999999999893,0,0,0,0,0.0,0.2509165059547852,2.064296422079486,0,220,a7f5261fb2fa2a1f4b14af19eeaa427f0fad532a1574aca7968283597cfedc34,2f6e75d22acd306cdc17d9ecb15070b7fc6deeea5ccd73c3a9634eaf99894892,1.04399917980249,1.064975549019005
85,49985,belief_active__kinematic__bottom_track_visible,belief_active,kinematic,bottom_track_visible,True,True,True,1.0,1.4175133289318425,1.1114872957873183,0.25203912205564794,1.4547807919952902,True,93.99999999999893,93.99999999999893,0,0,0,0,0.0,0.30969358380405615,2.1105218223478834,0,220,06d305c7e76a3ced1ff430d7f4d11ba6bffcfee17f33c2ed83bea867416cb857,479bac9b8fff6572c3357221b17b106cd74c39d7d72369efbe43c716e6d1df71,1.4173826825292708,1.3165884697428836
86,49986,belief_active__kinematic__bottom_track_visible,belief_active,kinematic,bottom_track_visible,True,True,True,1.0,0.6708338111299893,0.979175397973519,0.1573580649760708,1.5360132080022595,True,64.00000000000064,64.00000000000064,0,0,0,0,0.0,0.309043545151826,2.2135289382534284,0,220,bb78dc5408270599cfc6a8f0dd98ba9375a3c72553504d9ee6d1d829acafd4e5,1d555d703780f7c483662cb5677cc0633836bb799fada1314bcab83c001c6418,0.6326868867805304,0.7392406597511443
87,49987,belief_active__kinematic__bottom_track_visible,belief_active,kinematic,bottom_track_visible,True,True,True,1.0,0.37966062567017433,0.44257175149305317,0.21411002055076223,1.208623708000232,True,93.99999999999893,93.99999999999893,0,0,0,0,0.0,0.31394296256052506,0.6592735663879105,0,220,8b8080c55da07ae24f8fbed0574b95de85bd266372bf06f9598b4df70fb6f39b,40051810b36539b9859d837897337680d74a0b7ed185f05bd979b6d8784a9093,0.341560430682436,0.40659554788938557
88,49988,belief_active__kinematic__bottom_track_visible,belief_active,kinematic,bottom_track_visible,True,True,True,1.0,0.4894982806520349,0.3548221968378539,0.17749426212636726,1.482767250003235,True,93.99999999999893,93.99999999999893,0,0,0,0,0.0,0.29922422210385463,2.3004321014242715,0,220,e53fdb45877d2969dbebee3e3a814068d873496a57bafac6e6336cdc59275bef,83db95797fce225dbba341e14ce36fba8b1bc6ef108e2f391c3d79b0ccf180b8,0.44433366273209196,0.5559374894281666
89,49989,belief_active__kinematic__bottom_track_visible,belief_active,kinematic,bottom_track_visible,True,True,True,1.0,0.6269347868431255,0.5434993942151212,0.2734266019786981,1.311745333005092,True,123.99999999999723,123.99999999999723,0,0,0,0,0.0,0.29668876253395327,1.9714728981071237,0,220,61ca8045d1a7ec996b8f2f489720c1dae9fef980f2ef3653c3ef81cc096f79b0,ca47e1b92e7693fc29b62b35aaef2eca67a4b2b4ed4625dbc54df16cbe3fd671,0.6197817111500339,0.613655797409638
90,49990,belief_active__kinematic__bottom_track_visible,belief_active,kinematic,bottom_track_visible,True,True,True,1.0,0.33506840496579016,0.38035701246659065,0.32886690074480773,1.6375460000053863,True,93.99999999999893,93.99999999999893,0,0,0,0,0.0,0.3379958001392185,0.5099777586367041,0,220,7e1057ebd3acba10d97b0db82d6b53f087aa313d3a221695a5fc0daf5b2a2b7c,691fa912e3981af90909c0751fea561ad409c69bfeec573715506d0cd45e0023,0.3309247233305223,0.36224107202292594
91,49991,belief_active__kinematic__bottom_track_visible,belief_active,kinematic,bottom_track_visible,True,True,True,1.0,0.5756412003491289,0.7268136708060802,0.3151755091091267,1.3226818749972153,True,93.99999999999893,93.99999999999893,0,0,0,0,0.0,0.31078121486857146,0.7106245742778238,0,220,d102498265830d92ac0ad8f81cdc5883892660121c99f497f0d2befe8917aa3a,e5dc620bda33d8f409cb15980fa5d4e7a446e4729762f921628ab54a6641344c,0.5477646035252086,0.5522116508387866
92,49992,belief_active__kinematic__bottom_track_visible,belief_active,kinematic,bottom_track_visible,True,True,True,1.0,0.32126668096092126,0.4554477633055819,0.2592250160797029,1.3659001659980277,True,93.99999999999893,93.99999999999893,0,0,0,0,0.0,0.33149970927534056,1.9411976524593884,0,220,b6175d3559c1b33f463e5d738dc27a6790c097f74051f20840db7c94ccca2466,a896c227357e4260988883c4cb3bd4115e3974d3d2caa8ebd6cf032e0bb6ccc2,0.3724951416015494,0.4198453144075365
93,49993,belief_active__kinematic__bottom_track_visible,belief_active,kinematic,bottom_track_visible,True,True,True,1.0,2.0012219793012456,1.9871398162651255,0.17252904745655412,1.5715757919970201,True,64.00000000000064,64.00000000000064,0,0,0,0,0.0,0.2397312987446093,2.4808183145923044,0,220,2626c17254a82e213345610ad720102d6620351da04aad30e3562039ee9a0588,8589ef304f10295a1ca7f3785852188a639c9c370c80721bd334e6fe8c2c6548,2.011508578658267,1.9132046433408372
94,49994,belief_active__kinematic__bottom_track_visible,belief_active,kinematic,bottom_track_visible,True,True,True,1.0,0.4425871848845125,0.502471399043486,0.3353605433921895,1.420212166995043,True,64.00000000000064,64.00000000000064,0,0,0,0,0.0,0.3384988143088857,0.22427138913005507,0,220,14107af621bc00431d2b9204a614ef4005e8045ed5ddcbe3722f1bc80b4eaaeb,7fa6f7275ae4d7ad7b02fb87650847c51505efb9bc71573e1e9de507df3eb5d2,0.36075735487369615,0.3612715874626341
95,49995,belief_active__kinematic__bottom_track_visible,belief_active,kinematic,bottom_track_visible,True,True,True,1.0,0.35814744728587705,0.35021219929408415,0.3690486422266316,1.7009478749969276,True,123.99999999999723,123.99999999999723,0,0,0,0,0.0,0.33436359346965383,0.211395282576558,0,220,a1295c9f6bab99d69bd97aad158762359246070184b55e49151a3791af477744,1e36e7044a870b2e6066c279f19c22d8c58a70757263378cabdcbd179de9d784,0.2833489841042457,0.3332451746452892
96,49996,belief_active__kinematic__bottom_track_visible,belief_active,kinematic,bottom_track_visible,True,True,True,1.0,0.4589727090605082,0.5649433775129186,0.16932094452869245,1.4464707500010263,True,93.99999999999893,93.99999999999893,0,0,0,0,0.0,0.28634377384331255,2.465428623716087,0,220,18bec64a85dfb01fd9650467deb492b3a38e992f94b21441c07c3456161f5700,38e55be9ba7b97ef99f81b51345824d1885c8d2ecfe965e8748cc2b13346a8b3,0.528779573572525,0.5859523278042447
97,49997,belief_active__kinematic__bottom_track_visible,belief_active,kinematic,bottom_track_visible,True,True,True,1.0,0.8498526318664092,0.667821541030016,0.28375440508078303,1.129244458003086,True,93.99999999999893,93.99999999999893,0,0,0,0,0.0,0.2910312055895855,1.6256268495840624,0,220,80da7ceafa2c03a41427e572b3a1a23e3bf64fe3f33f835250326b1a0ea6e807,08d0bf780217c646b37e9b1173825031afc3b590b33b9ce3dbf076927af80b77,0.7909538121355172,0.7086090384183774
98,49998,belief_active__kinematic__bottom_track_visible,belief_active,kinematic,bottom_track_visible,True,True,True,1.0,0.47769566269389774,0.6135561607815093,0.28893644743918684,1.2241958750018966,True,93.99999999999893,93.99999999999893,0,0,0,0,0.0,0.34306077505225363,1.6907711564123007,0,220,b1ebf43be340222010fd2d9eb905ecdc9aeb2778c8c397394bb8dc53986163f0,ae09e813276a25d45b04fea66f30439a6508d2016c95bb329934d0997e8e33cb,0.451488354977206,0.510228623134966
99,49999,belief_active__kinematic__bottom_track_visible,belief_active,kinematic,bottom_track_visible,True,True,True,1.0,1.0252793982955053,0.9881591015497616,0.25143627142370734,1.1617963749959017,True,93.99999999999893,93.99999999999893,0,0,0,0,0.0,0.2956991355993228,1.3017347793518284,0,220,5fc869a3c83199f7a5e7cb699e222990013eb45933f32697e558f672c4c26f00,2414d8ea6588b09e1344e5428549617d20335d3460efbb80a7c8c58d746bad21,1.0153662778276917,1.0876038805604527
0,49900,belief_active__kinematic__no_current,belief_active,kinematic,no_current,True,True,True,1.0,0.522413687597044,0.36921869226480136,0.2829546392941529,0.8410682920002728,True,93.99999999999893,93.99999999999893,0,0,0,0,0.0,0.0,1.4523767057806403,0,220,a538c6b08353a45e0ec00d4c0ccf887a3494e3c90565c4b2d186f0fbd83e5b8f,0f81ce8d128b1292ed661509760218159f5d0ac243dd1abc4981e26a2ee7e3f6,0.49649173759637494,0.44116752198105424
1,49901,belief_active__kinematic__no_current,belief_active,kinematic,no_current,True,True,True,1.0,1.2642838909677452,1.2368713029863312,0.20390015453903126,1.1173509159998503,True,183.99999999999383,183.99999999999383,0,0,0,0,0.0,0.0,2.2828823282128363,0,220,570b43b41587121a48750cefa282f1756c747cf9527fd813811cdb945a8308aa,42cdd51345edf1db7a2b073b630791612ee3910b03f84d2f1575f8c023840c28,1.3223834358220696,1.2530621203411514
2,49902,belief_active__kinematic__no_current,belief_active,kinematic,no_current,True,True,True,1.0,0.6088195910725287,0.6280845309087941,0.27515669236877927,1.1307047919981414,True,93.99999999999893,93.99999999999893,0,0,0,0,0.0,0.0,1.6041739275679137,0,220,62eac2bab5f284cdd59b1000ece62536b01eab018bf152f8b6ae2f254a29da1a,5a660f9d42eb056a77b3eb050dbb847e5abc0e3b3c47063ea0f0a3ce853fd275,0.5917896816927546,0.6785688239942629
3,49903,belief_active__kinematic__no_current,belief_active,kinematic,no_current,True,True,True,1.0,0.5585657362682083,0.7664238772436807,0.26582566127997614,1.4809280420013238,True,123.99999999999723,123.99999999999723,0,0,0,0,0.0,0.0,1.0534410586580778,0,220,0b939d7d89c3fd6abaaf4499f046d081edfa0c3a54d38a85b18ef72600caa4d6,a0c4a4b65352eaca93626f5cee9cc76729b0ea3a9f275961422baf6ebd856d37,0.5122488944146478,0.667532596197789
4,49904,belief_active__kinematic__no_current,belief_active,kinematic,no_current,True,True,True,1.0,0.22069283931198266,0.22405357819057306,0.3048020196597763,0.7091663329993025,True,93.99999999999893,93.99999999999893,0,0,0,0,0.0,0.0,1.2156086914094857,0,220,b7c083eb2e816af0babeb0f222eb51e0b3593af0530a90ffbcabde656ed11a65,2924ff3f6459a12548a430cddd88712e939d04d78b0878ffd45a0976f8c05848,0.2040941551154799,0.21047829244713448
5,49905,belief_active__kinematic__no_current,belief_active,kinematic,no_current,True,True,True,1.0,0.6941480668746594,0.6836839972326348,0.2402838124223518,0.7482615840053768,True,93.99999999999893,93.99999999999893,0,0,0,0,0.0,0.0,1.5755375398944702,0,220,6315cc6cbfcd74405d4bb9b102e8d119bdfede05eab2529a4208c75e13073be2,0e1dfd0e26bd4c00f6793d907dbcce04737c9b5972eed77d1079027705c6ab3b,0.8104239260346624,0.939755531481954
6,49906,belief_active__kinematic__no_current,belief_active,kinematic,no_current,True,True,True,1.0,0.23674835701141286,0.2251389134957918,0.2646197913840659,1.0486086670061923,True,93.99999999999893,93.99999999999893,0,0,0,0,0.0,0.0,1.741010921815418,0,220,374fd54a88f3b9e6e18ae704459843a41355fef5c2e23e6d4a24e240bf9843d3,39415e91edb3501aa4cb53c4324c08feb0e3d4127fa18bd3a63c23af84c44ad6,0.23619169373278356,0.26534245447545063
7,49907,belief_active__kinematic__no_current,belief_active,kinematic,no_current,True,True,True,1.0,0.7900331782181282,0.8128229292383572,0.23589785249018566,0.8149322079989361,True,93.99999999999893,93.99999999999893,0,0,0,0,0.0,0.0,1.7111155986786075,0,220,a7553b66848419915a49a0a750658ca4e03cc9b22e171863823c2f0be736cf09,203d807d0f9d247c0a241f57aec130e22e60f2041f513058bff0883f0b736cd9,0.7099299472312656,0.7234380256369453
8,49908,belief_active__kinematic__no_current,belief_active,kinematic,no_current,True,True,True,1.0,1.1575019292969373,1.3015339678772928,0.26902138417869276,0.8361945420037955,True,93.99999999999893,93.99999999999893,0,0,0,0,0.0,0.0,2.270071050466787,0,220,7464e9bc5a4bbde3db79c217440efb93bf7cda14a31cf511f875f300e6c907f4,c8bb64aa686ae5ffc277576f31f3fb7cf2049e981d4f565327b678652935cdfb,1.17614463543964,1.1731425693905957
9,49909,belief_active__kinematic__no_current,belief_active,kinematic,no_current,True,True,True,1.0,0.28288262539591413,0.5033817670934618,0.161095867614097,1.388412917003734,True,64.00000000000064,64.00000000000064,0,0,0,0,0.0,0.0,2.41347018153571,0,220,25dad34453508903aa8a42b98250bdb7c8f6ccfdd883597fd942f1b245db2aad,b78083fd31701e84083eee5f1e3fd61459f146670f13f33c3ef62d3b787e23c4,0.2742852379691383,0.2835873242502236
10,49910,belief_active__kinematic__no_current,belief_active,kinematic,no_current,True,True,True,1.0,0.1648176143074969,0.2978753984113446,0.21012089168390227,1.5298492919973796,True,93.99999999999893,93.99999999999893,0,0,0,0,0.0,0.0,1.032225732272516,0,220,586f9305ddf7e84d298c70c9ec09e247b6c500ba0b7273e1dea6cdd63189a5e2,502a7437d91020245d2f3236dd953ea02ddfccad8cb0871e2d0f6b510b3abca3,0.2193165732121729,0.27780763798790103
11,49911,belief_active__kinematic__no_current,belief_active,kinematic,no_current,True,True,True,1.0,0.15254328085730198,0.06668329885974679,0.30082285720847546,1.0760518340030103,True,123.99999999999723,123.99999999999723,0,0,0,0,0.0,0.0,1.493294287472979,0,220,c6a6c89e9039892900cd038b581c135a1f5df8c9ccc78c1e8ffbc02003d48709,a8c5e1880f48fe087134dffdbd7f24252da8f0bd599fa88db09ac7f0934d1ee2,0.1334813612641864,0.18564381352809242
12,49912,belief_active__kinematic__no_current,belief_active,kinematic,no_current,True,True,True,1.0,1.202798514648571,1.2502866146642766,0.2318159727493612,1.0312762079993263,True,93.99999999999893,93.99999999999893,0,0,0,0,0.0,0.0,1.7989218174854882,0,220,9bfa02258ed34dbbed13c2169dbf92f341e5ef0bdb781147e2c7516715fe06be,c356fc1a25d090fc14074348f4a7991b75617238938ec5900cf92c1f3c7b5844,1.1341256950780476,1.1380824053452159
13,49913,belief_active__kinematic__no_current,belief_active,kinematic,no_current,True,True,True,1.0,0.712006061162285,0.8820558320032247,0.34996859866472724,1.1671665419999044,True,64.00000000000064,64.00000000000064,0,0,0,0,0.0,0.0,0.6000000000000183,0,220,98ace53747e6cee5da383c96db4a9deebc16566181619554706fc36f1ee0628c,75ef1f15762e81fa6b01113347b555c0504e3ffa779bc5ea98e226a397c21dc8,0.7323992366239632,0.725266236325489
14,49914,belief_active__kinematic__no_current,belief_active,kinematic,no_current,True,True,True,1.0,1.3024555337329724,1.3528922918111728,0.2714479391793716,0.9104946250008652,True,93.99999999999893,93.99999999999893,0,0,0,0,0.0,0.0,1.608693084271333,0,220,38dfda33db48a868d715a5ce46c0b4ff128ef80673de0c0594dfe169b5809fe0,b4f87516d94e8d49417e92d095bfa4588b97c6c2f9109430536cce75690cecdf,1.294075449502529,1.3071975648754768
15,49915,belief_active__kinematic__no_current,belief_active,kinematic,no_current,True,True,True,1.0,0.4757063283731169,0.5234253657629304,0.3737361820311259,1.1521042500025942,True,123.99999999999723,123.99999999999723,0,0,0,0,0.0,0.0,0.23347422461958245,0,220,2bf78a58a4ad4c136f6b4c9f515cdf1c7d907b476cf13601d121c2d34fb733fa,3dd2606dd629a32892d4efeae981530160273eb36415693980fe1598c1445e4b,0.4621247556517447,0.5361725503345253
16,49916,belief_active__kinematic__no_current,belief_active,kinematic,no_current,True,True,True,1.0,0.27956782192757756,0.35162928827054885,0.3498337777665575,0.928140333002375,True,123.99999999999723,123.99999999999723,0,0,0,0,0.0,0.0,1.2831356883049194,0,220,36b747e1334075c7315d653d40aa737f338ce273447338f9d0fe3bb3b731f7bb,62971a093b05b1b469aea4009576bfdbc66bfb82db50ce1278d60ad8434deaff,0.26646729246216827,0.39722638720880427
17,49917,belief_active__kinematic__no_current,belief_active,kinematic,no_current,True,True,True,1.0,0.6679866207797002,0.777188358188012,0.2558020538847922,0.9202133750004577,True,93.99999999999893,93.99999999999893,0,0,0,0,0.0,0.0,1.9338035369526763,0,220,217415a7ec19262b5490d6b98a3ae9b0a6f31c2683037d87879984257e5f56e2,b501affd3e98da268ebbb634a087c236e749c7f9270a34428e15c73b2f309b8c,0.739640993663707,0.8016294283315085
18,49918,belief_active__kinematic__no_current,belief_active,kinematic,no_current,True,True,True,1.0,0.4756493681733574,0.3935712970914355,0.21120017317697382,1.1380987079974147,True,93.99999999999893,93.99999999999893,0,0,0,0,0.0,0.0,1.7224675983190687,0,220,8426f813797d028bcc8a577898e206c895014555887d16b589546035bcf3c769,c27e387da8c5a5d3029dc73325e5d6c597d693c47d749c4a1fcf2dfa1595314b,0.46636572890745037,0.3508260329422399
19,49919,belief_active__kinematic__no_current,belief_active,kinematic,no_current,False,False,False,0.0,0.8460643297980658,97.26213075571698,0.2961611993066287,1.4486586669954704,True,183.99999999999383,183.99999999999383,0,0,0,0,0.0,0.0,2.501566096293057,0,220,289caafe1ee074229dbb1ec3e0f2522bb06cb8932dc683f2a38eda18e0af7b19,3065dc57491db36bf00e9096ac9a84d1e4dfa11339093179cc0eb002efed92e0,1.5231885202948667,177.96948233813907
20,49920,belief_active__kinematic__no_current,belief_active,kinematic,no_current,True,True,True,1.0,0.07478073227838561,0.20251974165291578,0.39752503901992775,2.0285476250064676,True,93.99999999999893,93.99999999999893,0,0,0,0,0.0,0.0,0.19999999999999998,0,220,fb4b905ae49b654ab27ea429c3fb5d85bede69a580831b04cc500f32ac1a2b48,0c9f92833dc5acf72ce7d87bd0de2ac9372a1689bcdf52f370d90ef4681eb8c0,0.12106620337090684,0.18990593763595967
21,49921,belief_active__kinematic__no_current,belief_active,kinematic,no_current,True,True,True,1.0,0.663114855292665,0.7005008008708054,0.21715726730238308,1.3389775410032598,True,93.99999999999893,93.99999999999893,0,0,0,0,0.0,0.0,2.167891095411838,0,220,5bf7a6647fc7cfd1c748039098510269cd27f368c769063b3b12266a6771ac10,88700bc5bd0b5e80470a93550b4ff960262ef1773350f5a67eba01d7557bbe3b,0.704954741508771,0.7629935216148805
22,49922,belief_active__kinematic__no_current,belief_active,kinematic,no_current,True,True,True,1.0,0.6227377156865426,0.3776540868683502,0.23132243029815389,1.1504697920026956,True,93.99999999999893,93.99999999999893,0,0,0,0,0.0,0.0,0.5944810567423886,0,220,e6f25bd64fa736805934db124f544dc6ff2fd7bf12e494a491effebf54914209,d8e3e8bcfd7de841b624843c4a7387c9f91c58d23906b76a78675bfde256c67a,0.558222419867043,0.449583657855139
23,49923,belief_active__kinematic__no_current,belief_active,kinematic,no_current,True,True,True,1.0,0.6446862873057337,0.6892562810718177,0.22726969118116833,1.0355442089930875,True,93.99999999999893,93.99999999999893,0,0,0,0,0.0,0.0,1.7210973067580848,0,220,04149b73bdafb7d68b31435a44f190a449f9d49ff427b0f6fb5c3afaef8f8763,d7c65b2eec467287244eea36b47aaa3466a7a532f8215f6488bdb388bda74852,0.5367204266532748,0.5650213606938032
24,49924,belief_active__kinematic__no_current,belief_active,kinematic,no_current,True,True,True,1.0,0.8224449719107724,0.7467683718646843,0.26664553133944496,1.0365820419974625,True,93.99999999999893,93.99999999999893,0,0,0,0,0.0,0.0,1.2299363478771874,0,220,8e3ce06c2503fff8b4e787ff5bab8a01ea133ac95fb930f4787c92310fec24fa,dc679f5ff9127fe7d6a73f5e56ed906062b6eb29248e0b9d9f04320284a2b29d,0.8389834108483712,0.8438583079123707
25,49925,belief_active__kinematic__no_current,belief_active,kinematic,no_current,True,True,True,1.0,0.8966510663064624,0.8217631995745337,0.24807409175798095,1.056850625005609,True,93.99999999999893,93.99999999999893,0,0,0,0,0.0,0.0,1.0747492658747224,0,220,7352dd813bff63aca339c91708bd0bae2397007b7662677b0bfa49e677571ad9,c22bd1799111822189221cd6440dcca451c23d33a654a2d09a47e5354e93a3ca,0.9216438729702366,0.9093519330820894
26,49926,belief_active__kinematic__no_current,belief_active,kinematic,no_current,False,False,False,0.0,0.6856317616732724,1239.4289548827599,0.23554754730293936,1.9326126250016387,False,,,0,0,0,0,0.0,0.0,1.544973295833823,0,220,d4aa2713f22a1b82ccfd89cfa859607c9c1e28a4da580c2914c416e690e19c4e,03695912143e35f53fcdd67de75ef953bddbc8691e489c025c6128f0c2ec9501,0.7169451161317112,1035.6551572503329
27,49927,belief_active__kinematic__no_current,belief_active,kinematic,no_current,True,True,True,1.0,0.5035035821621432,0.4817135826642703,0.24079716712745308,1.178022249994683,True,93.99999999999893,93.99999999999893,0,0,0,0,0.0,0.0,0.38888537760360165,0,220,e8a140ba1fdb009da536c1f06a0b02ae2c0ac6fca35b9fd271636d562384098d,ce23f1c62e6c89badf8cca58be7e8f1568ca14aafe83cc816a7fa6c3e82f4c0b,0.5111075883859456,0.4700884877459322
28,49928,belief_active__kinematic__no_current,belief_active,kinematic,no_current,True,True,True,1.0,0.22937298735024572,0.27087748206810225,0.40498892303431727,1.3166743330002646,True,123.99999999999723,123.99999999999723,0,0,0,0,0.0,0.0,0.19999999999999998,0,220,62888d956483eac035c8c731c71db650602b814c683205d0bc92e9b30802e115,bc9970f05b90984138eb29b76da450d57eb867607b64a2d1e485174abe7bfb1f,0.19902766811558742,0.21347255542352164
29,49929,belief_active__kinematic__no_current,belief_active,kinematic,no_current,True,True,True,1.0,0.7575496928177805,0.8286786660564864,0.2505450468870187,1.0936717500007944,True,93.99999999999893,93.99999999999893,0,0,0,0,0.0,0.0,1.26656313388343,0,220,cd4393ae9f3ae238ffc11f23d88130b6177d3f943e76e9b23e48f316263eb7fc,c9014975dad70e2cbb0621d0d0c30accd970b62e1cd0d3f31a9e1e7475180b61,0.7382062476655303,0.7865638520708697
30,49930,belief_active__kinematic__no_current,belief_active,kinematic,no_current,True,True,True,1.0,0.5047998971826215,0.5278774827777517,0.3074527884552372,1.2995782079960918,True,123.99999999999723,123.99999999999723,0,0,0,0,0.0,0.0,1.6591746255755568,0,220,05a7e109fe9fff1e1a1ac0906f3a920180e076e8c8c551fa3ea36a090a3e5a2e,1b102216093ae2b76f8a54fd258935e0ded99a9ee2b73b6ebaddd28e06c89996,0.5357587119069345,0.45797153123902634
31,49931,belief_active__kinematic__no_current,belief_active,kinematic,no_current,True,True,True,1.0,0.8581515827227548,1.0200978871682471,0.2458319108115264,1.1062089589977404,True,93.99999999999893,93.99999999999893,0,0,0,0,0.0,0.0,2.1536588624345687,0,220,58d5a76ca2311950cc6cb7fb2c5cf98fe235f0162a0f700894b1a5a2a15c425e,4946ddd8f16dadf988f24557bedff92266d4048c701a6086a364cc8694f86a5a,0.7896000216250237,0.7981429033457428
32,49932,belief_active__kinematic__no_current,belief_active,kinematic,no_current,True,True,True,1.0,0.809725539867346,0.8040832518522916,0.22166722090226443,1.1042788330014446,True,93.99999999999893,93.99999999999893,0,0,0,0,0.0,0.0,2.4203158757009278,0,220,03a600d903049220df713016b97d44f68fe4370e7a0d46794ad675862e6a9550,0330c82e1a9c7eeb948fd18a0464c66bf90025422b4b4bafb0564eaf5210ec23,0.7132008424955327,0.9712243801792334
33,49933,belief_active__kinematic__no_current,belief_active,kinematic,no_current,True,True,True,1.0,0.7853444555138899,0.5831272252682715,0.10945387481919731,1.0756726670006174,True,64.00000000000064,64.00000000000064,0,0,0,0,0.0,0.0,2.4477491109824383,0,220,929ed4b5daab5e1fef8b47d9103ad83f3f02852eb5b8eafc4b94e5c731d9502d,92c2da3dc623706f5404767d84c2d74cf36e9d6e3f04de18f79b79c9a1ec90f5,0.6921665548710204,0.6990506094436055
34,49934,belief_active__kinematic__no_current,belief_active,kinematic,no_current,True,True,True,1.0,0.45539252827020693,0.5187213240825427,0.216375155263913,1.1463300840041484,True,123.99999999999723,123.99999999999723,0,0,0,0,0.0,0.0,1.5888235750539201,0,220,dc7207f776075453523d7da174187ca39c9c1c6709ac2edb6c78445ab66e739a,a3cc59b8ce9c18fe636ae2e19c0ba3161dac8476207781937503489ca437dbf2,0.6308028017098667,0.6193672787862764
35,49935,belief_active__kinematic__no_current,belief_active,kinematic,no_current,True,True,True,1.0,0.45043445643813224,0.43610252586508136,0.32283059002499365,1.401026917003037,True,93.99999999999893,93.99999999999893,0,0,0,0,0.0,0.0,2.148666139567513,0,220,6715f1b0584e1e6031c599d2db634f1df0e56450bb1976c639582bc82926cfdd,c75cfaa31948c87cb56aca7a412177107dd2018c26f2ef230ff287f947eb9478,0.4650311970610497,0.4998164608092906
36,49936,belief_active__kinematic__no_current,belief_active,kinematic,no_current,True,True,True,1.0,0.3415009602180143,0.41888510127312356,0.2926650865564288,1.2915950000024168,True,123.99999999999723,123.99999999999723,0,0,0,0,0.0,0.0,1.5638906141129794,0,220,87d7c5b09dad5c57dc0038543a833a26911ec9737aff66fa0f06c9567c54bed6,96a9244e537beca1f551ac862856ab007ba0d56460793e357b6212ba7d5be1c3,0.36559185347104306,0.6564034353000763
37,49937,belief_active__kinematic__no_current,belief_active,kinematic,no_current,True,True,True,1.0,0.3384282875184297,0.5372027455158735,0.2561453237217645,1.4038360420017852,True,123.99999999999723,123.99999999999723,0,0,0,0,0.0,0.0,1.9574576181067376,0,220,11acf08d6e35f5a81fc87c414812113fcd3ffa23f5fcf90d84cb3e5777cd88ae,c6bf86bcc8d137efce595aee559e4344294f1a2819b21d556cb7b206bcc21b85,0.36944570213744293,0.4795444070462635
38,49938,belief_active__kinematic__no_current,belief_active,kinematic,no_current,True,True,True,1.0,0.4814597794394692,0.3938558665568898,0.23870232804549427,1.815235832997132,True,123.99999999999723,123.99999999999723,0,0,0,0,0.0,0.0,1.440754990586896,0,220,a322b04fa568f1348ca44c92c0e3f68a3ff8d25ee0f1ade04f729075319116ff,f0c6828eb40887a7039fd640aad3bb0cb0c2e9a9d35cef796fdd8a92d730bc4f,0.4624706203037543,0.4413181277430019
39,49939,belief_active__kinematic__no_current,belief_active,kinematic,no_current,True,True,True,1.0,3.086760317196954,3.0506683769848566,0.20439003490877378,1.159480958005588,True,68.00000000000041,68.00000000000041,0,0,0,0,0.0,0.0,2.2409934868512056,0,220,2b4a20bdec0acd0249d3e523fbe5c34b9f229f1e2fec55daf2d4bc4161eb324e,87246b91efde3489f596a71a6bdd3fd00ed906fef0e6b05a924f96fe22f951b1,3.077558238780119,3.0013153531515235
40,49940,belief_active__kinematic__no_current,belief_active,kinematic,no_current,True,True,True,1.0,1.325217810814212,1.3607522248316652,0.255714936888738,1.3891510000030394,True,93.99999999999893,93.99999999999893,0,0,0,0,0.0,0.0,1.410265844412117,0,220,acd58a3c0d900aa734f4a370f318d56def97ffbed5ad9298ac5caea535d801a5,f7eac2ce5a924b2b9b297116e46804b4f98dab4f50bda1293fdd479b3abdd211,1.3556817382999966,1.4201619374888161
41,49941,belief_active__kinematic__no_current,belief_active,kinematic,no_current,True,True,True,1.0,0.4982617063369377,0.5778952914064169,0.24686282882358496,1.4098861660022521,True,93.99999999999893,93.99999999999893,0,0,0,0,0.0,0.0,1.2560045825130073,0,220,f2049e6942141da0e4797c69ac39e851379331838f9398f9f458eb1d217b952a,9089bbe479e644e437d651d4317f8641fcbda1ac5eeb5d3bc999b4c2a3b4ccf8,0.46266446759742663,0.5202776141829879
42,49942,belief_active__kinematic__no_current,belief_active,kinematic,no_current,True,True,True,1.0,0.5562446425787687,0.6342539778767804,0.2631104885422145,1.4095916249934817,True,123.99999999999723,123.99999999999723,0,0,0,0,0.0,0.0,1.2115001298400019,0,220,87ceed3576069b0c7376a4a43debcba02fceb6144c876404368769821653a4aa,18b9e181a6fd1aee9ca1013f3cf0c9284f538a70238af65329376e64ac1fc444,0.5596316627010276,0.652774620345228
43,49943,belief_active__kinematic__no_current,belief_active,kinematic,no_current,True,True,True,1.0,1.2657516097086754,1.1369753560304865,0.24958028003582258,1.319617291999748,True,64.00000000000064,64.00000000000064,0,0,0,0,0.0,0.0,0.8759748268407058,0,220,7e43d4f546176f21c8dce84f5dad5cfd77ae9767444759d10d1fb28d5ded4c3f,6d3cad2718077740eac4ec0e2b243cfa83cf2b8cbe2805360cc9f6865d2c9333,1.2235361545968875,1.267480763375467
44,49944,belief_active__kinematic__no_current,belief_active,kinematic,no_current,True,True,True,1.0,0.3936268877072818,0.3222778392103606,0.26287207790869693,1.4897202499996638,True,123.99999999999723,123.99999999999723,0,0,0,0,0.0,0.0,1.3595842630602604,0,220,ce47d6034b7f702e875100a63039adfc9f3f2ed0ac8f6bbf4a302ff6ba8d4b68,453259891c62c689a540aff1ecd4e6f494392514ce7256d421ccc2def8f3e43e,0.3914785417223898,0.4758740390219781
45,49945,belief_active__kinematic__no_current,belief_active,kinematic,no_current,True,True,True,1.0,0.4272437951936593,0.3705715330323147,0.32912211538282743,1.2245005829972797,True,123.99999999999723,123.99999999999723,0,0,0,0,0.0,0.0,1.198658758401887,0,220,5408fdf0fd421aad63cb2c2b622a3a82cc6fd377024b808642e3e796e76c8b92,c8fd0c65fa1109e77715ce4b59fabc4fde3df9cec53a27974650aef6f7221450,0.40583924275617556,0.39093529890245454
46,49946,belief_active__kinematic__no_current,belief_active,kinematic,no_current,True,True,True,1.0,0.7306961868461034,0.5599105260856031,0.28980076283184053,1.2544729169967468,True,123.99999999999723,123.99999999999723,0,0,0,0,0.0,0.0,1.363918111939011,0,220,756fbe5e0c16da80bc61c4863458301e2e45d3663f74ebab10b060202bc23426,eb851573b56185232ed67b6b2463457d6433b7e75bdfcf7cecdf182346ec992c,0.6346693026742932,0.7264321453255491
47,49947,belief_active__kinematic__no_current,belief_active,kinematic,no_current,True,True,True,1.0,0.8736734695473866,0.9190742227541294,0.18277517256511058,1.0727579589947709,True,121.99999999999734,121.99999999999734,0,0,0,0,0.0,0.0,1.9890398836762602,0,220,0bfa78176b894b6eb87ee14a62267d228b938665cd26f5a8f1251102a5d3fb79,2df9e67af1878dbc7fc755b4658f3024bd0bb6712bc7fba68fa29d04c8543779,0.8303993969714876,0.9091990833388607
48,49948,belief_active__kinematic__no_current,belief_active,kinematic,no_current,True,True,True,1.0,0.8186294123242106,0.7157597869296859,0.22037504827000934,1.0833244579989696,True,64.00000000000064,64.00000000000064,0,0,0,0,0.0,0.0,2.1591209888458485,0,220,c88e5c67958ed3ce2b41217936d85568754da82b43aa77e68f4b20302d0ee44b,e937ce564580708dde9e1fb3f603b58e15f3148946e6d47431aa6037b6970c2f,0.7852693899892854,0.7760703758921516
49,49949,belief_active__kinematic__no_current,belief_active,kinematic,no_current,True,True,True,1.0,0.24303496215546375,0.31068532224058676,0.3179687143025477,1.3788697920026607,True,93.99999999999893,93.99999999999893,0,0,0,0,0.0,0.0,0.19999999999999998,0,220,f46fa321d0a79dca9a7f095dc28c948ea9fbc16ddbd25d96672b923c58e6eb27,f250424cb5ef9bdd62141cda0f77775edeb55f80c21fdb0a21057bb37bae64ef,0.24942324643731667,0.3405625030313469
50,49950,belief_active__kinematic__no_current,belief_active,kinematic,no_current,True,True,True,1.0,0.7912331627413416,0.7235494538324457,0.22773260351266109,1.1967483340049512,True,93.99999999999893,93.99999999999893,0,0,0,0,0.0,0.0,1.9709859980847069,0,220,01baf36a4a9fa1d1cce4523fecb7294d05e494586e01ed8a87fb6cd01b5e935a,4100574058f5163aeda9737c4ec17099e1a5280441e8351c0ffedf2c1cf13ff2,0.7564761477364083,0.777055443439266
51,49951,belief_active__kinematic__no_current,belief_active,kinematic,no_current,True,True,True,1.0,0.703139058102792,0.5495758921624269,0.30613119396487964,1.4007812079944415,True,93.99999999999893,93.99999999999893,0,0,0,0,0.0,0.0,0.3627709709108067,0,220,bf60ba534788eef36c35ad9d9cc602b5af533a538279040b6c39db9f865f9d87,83b297bae467b92b145f63f2d2d2c82b9f3cf832760d497dab115680e9b8bb9a,0.6819113808583778,0.6744222929419695
52,49952,belief_active__kinematic__no_current,belief_active,kinematic,no_current,True,True,True,1.0,0.2292217831376912,0.33775616031115724,0.238459123164683,1.1010522500000661,True,64.00000000000064,64.00000000000064,0,0,0,0,0.0,0.0,1.7144802202802192,0,220,ed253c00506bdd87481b48b556dcd4893913d6991474d0f1bc80b8d8fd153ee3,dc2c4f4463218aff6d88a75468d79310293c2be392df1b549ea1362b215e1c05,0.30323273073193985,0.3287353800236832
53,49953,belief_active__kinematic__no_current,belief_active,kinematic,no_current,True,True,True,1.0,1.0630257091643178,1.129852085659054,0.2614256099691731,1.1687116660032189,True,93.99999999999893,93.99999999999893,0,0,0,0,0.0,0.0,1.5908082014427107,0,220,54b1b94e5ff2c327b5eacc1e77d7555fdcc5f64e04d3d30d612e7fabb3bcedd7,20d4d1779e5c37350c151823365b483d5890d0fb8587151a2527580ea9aaf97a,1.0681968421465382,1.1981542992526015
54,49954,belief_active__kinematic__no_current,belief_active,kinematic,no_current,True,True,True,1.0,0.4052303965660343,0.4023709454434619,0.30368904035579825,1.4907014579948736,True,123.99999999999723,123.99999999999723,0,0,0,0,0.0,0.0,2.443341178087756,0,220,3a4ede0b46c4bbb7ad04e0e7de130835828c663a04742bbd2b71723791830ded,d16806f1831d8f307d7ab8ee3e8c48157cedd2463dca6a117262a07b7eec0c08,0.3485048445636293,0.4344812553889304
55,49955,belief_active__kinematic__no_current,belief_active,kinematic,no_current,True,True,True,1.0,0.7434724856070435,0.7981803374566223,0.30931317500870664,1.0946441250052885,True,93.99999999999893,93.99999999999893,0,0,0,0,0.0,0.0,0.22989078611137337,0,220,518296bde63b7a74f902834dd2adc7d26e25eb973c95c459c0a6348eb8103670,16ff54a4be07c1bff85e3a9bbe6fac24cdb20ca1adf9e16c53ac77ad5bcc450e,0.7395163134025775,0.7927934244195244
56,49956,belief_active__kinematic__no_current,belief_active,kinematic,no_current,True,True,True,1.0,0.4503536497202577,0.45011244272065565,0.24917436599634354,1.0965865000034682,True,64.00000000000064,64.00000000000064,0,0,0,0,0.0,0.0,2.0382951632838706,0,220,12775fd8dcd77ba32ff36d2f1c45af84341a02c9775773f983d0d28866d56587,c7a758f3a6682b6c512496c289de63a0b5fec2c0b72d067f234896cdcb2410ae,0.37522607747861153,0.5727645802181494
57,49957,belief_active__kinematic__no_current,belief_active,kinematic,no_current,True,True,True,1.0,0.6333173687177478,0.5350925724068725,0.26126616687756377,1.1372057080006925,True,93.99999999999893,93.99999999999893,0,0,0,0,0.0,0.0,1.547857112810016,0,220,86c3a939063b6929fec660c903b56179108a9042e9daa0de34070e92b6f1fed9,0dec86089e67415c60f336e20268a08ae008bcebd68cda3dff20711b98ea8884,0.6530852053443317,0.6186369336205114
58,49958,belief_active__kinematic__no_current,belief_active,kinematic,no_current,True,True,True,1.0,1.2473304514098946,0.9715486954345826,0.2677663473475918,1.061971375005669,True,93.99999999999893,93.99999999999893,0,0,0,0,0.0,0.0,2.156346055951846,0,220,86b6c88cdc0a48c542e30e281ea9604d2e1ebc93b5e36f018780fe5f973e4491,2f4a8c1053074ad415cdc6d408ebf0e701cb65d4f79a4bb46c55fb3b3ea3f3dd,1.1769403786674582,0.9814836138819346
59,49959,belief_active__kinematic__no_current,belief_active,kinematic,no_current,True,True,True,1.0,0.37928668568274915,0.1751312375755249,0.2861921227912863,1.187805292000121,True,93.99999999999893,93.99999999999893,0,0,0,0,0.0,0.0,0.9493290784889306,0,220,e1bd0cc93d22b9c5c8287abb52e46e2620758310ad1df761b869a14c036eb58c,07a809b143b5652f94984bb0c54d0128ebbda00769085ea763367e0c8ebb468c,0.4153054821840223,0.39645087590385814
60,49960,belief_active__kinematic__no_current,belief_active,kinematic,no_current,True,True,True,1.0,0.7270179345555997,0.6565419059924884,0.2337328963937646,1.0997870419960236,True,93.99999999999893,93.99999999999893,0,0,0,0,0.0,0.0,1.6217268509679543,0,220,d18bc748804938e07e4dcf8014bee0a5d4313c1c03943ae742303aed72208036,e12ca1c76bd8cc74ef2c8bd772d04365090d025745d5a7aef03cdc4c9f008db5,0.6751000127567243,0.6900541457865995
61,49961,belief_active__kinematic__no_current,belief_active,kinematic,no_current,True,True,True,1.0,0.2945011068643646,0.3963514189277351,0.3265580494212715,1.2395125410039327,True,123.99999999999723,123.99999999999723,0,0,0,0,0.0,0.0,1.1564208474143238,0,220,ceba92a3b877fd5f92d6035b51b097f4f2363db4996b31f9421b190fac43e195,37fdad0f2243afe1b86f3547ef94ba690b82bc47dec8ede831216fb1c5ea7e83,0.2698299740793553,0.3188562289233897
62,49962,belief_active__kinematic__no_current,belief_active,kinematic,no_current,True,True,True,1.0,0.5714317758955115,0.6133053053948662,0.25479977862143643,1.1157362919984735,True,93.99999999999893,93.99999999999893,0,0,0,0,0.0,0.0,1.798177427081338,0,220,fe1da9c12b99828d9f87c9f3afd157a94eed2413c271d21baecf29dafbfafc0f,dc3bbc85346c3080b20c134dffee7accad8e5db56a5c1261fbf8eabffe1e2849,0.6100274954756335,0.6129293054530965
63,49963,belief_active__kinematic__no_current,belief_active,kinematic,no_current,True,True,True,1.0,0.8445350597203726,0.9742019014894131,0.2887447858711797,1.2181689999997616,True,93.99999999999893,93.99999999999893,0,0,0,0,0.0,0.0,0.4193103261292176,0,220,6da58f46ea569b7d43b7fdc298d13b37ab72c2c4cef5229b98f965d253c523e2,18d00207f6001c96b230fb553dce29322b5f20b06e265cd86165730580967f4d,0.8476564800446377,0.8720956926979067
64,49964,belief_active__kinematic__no_current,belief_active,kinematic,no_current,True,True,True,1.0,0.3616166533966961,0.41359795712909253,0.35306676962125944,1.1475512920005713,True,123.99999999999723,123.99999999999723,0,0,0,0,0.0,0.0,1.2165329266339686,0,220,67bd2eb21eb561e0863c16d1f7c234ff91eeb16e1dee50edf3fd9d749f5d3699,7ccf1bcf40084506a67b61b3ece54cbe81b5c11c0c3a4b76c26b40f13bb713c4,0.33979123760779645,0.3917057959344696
65,49965,belief_active__kinematic__no_current,belief_active,kinematic,no_current,True,True,True,1.0,0.3964484831957162,0.4390094045894729,0.22360270305096006,1.073702374997083,True,93.99999999999893,93.99999999999893,0,0,0,0,0.0,0.0,1.391730297729383,0,220,2a2beba076a5ea0920b508b6a78df53dd8cfd819d6d58fe7c63602ce4aff6900,2fd794417b190621d41c2a996866194c086eb09d51135fb592c0773edcb9bc0f,0.36977027015979563,0.4605917187046697
66,49966,belief_active__kinematic__no_current,belief_active,kinematic,no_current,True,True,True,1.0,0.2187040073490591,0.2345066279820156,0.18511807313632467,1.2461442080020788,True,93.99999999999893,93.99999999999893,0,0,0,0,0.0,0.0,1.7174661195837109,0,220,c9f5995a1e8a09a15bfa441aaab759f0319ad84b2cd7346ff238dfebc36902a1,79516b7dfd88b1ee0f65c05e9335efd95afe1a92a7602661111b09596ab264bf,0.21611224795821213,0.26863650183828963
67,49967,belief_active__kinematic__no_current,belief_active,kinematic,no_current,True,True,True,1.0,0.9833703327095398,1.1923065702472149,0.22452049830943963,1.343945916996745,True,64.00000000000064,64.00000000000064,0,0,0,0,0.0,0.0,1.0346944868564778,0,220,ef39de65c37d33e142f00262c8903cea28da513947fb24a746b704c86ed76019,c031e4eeab1f22e5c3da407e3834e2da94a3356c1bb720d13a54a5b6b9049bc3,0.9050403323248137,0.9183709982057127
68,49968,belief_active__kinematic__no_current,belief_active,kinematic,no_current,True,True,True,1.0,0.7256132736560007,0.6615428076785469,0.23392592870383752,1.2721386659977725,True,64.00000000000064,64.00000000000064,0,0,0,0,0.0,0.0,1.6904623459624764,0,220,0a820f69b7b2f5da8a5abd093f9feb9f6e1a28aedeef01e45edae109ee484006,c310530552a70a373c24bce61685c0e02fc9ef1608c41ebf86370a57a0c194ac,0.7581185095411113,0.8494084072009561
69,49969,belief_active__kinematic__no_current,belief_active,kinematic,no_current,True,True,True,1.0,0.21771525917510767,0.3121975948346952,0.2506909135945918,1.2236081660012132,True,123.99999999999723,123.99999999999723,0,0,0,0,0.0,0.0,1.6309957071761274,0,220,2e80e0cab40504f9a750027ff0bc1cbe7b5b57367b93e5f7633533aaff6c8c11,012085c08b3523299f749dbb4b1291a81ef0104163be2676e67c2a8f1e17c6c7,0.20341573394269563,0.21204203579878755
70,49970,belief_active__kinematic__no_current,belief_active,kinematic,no_current,True,True,True,1.0,0.42048044369753734,0.4430732646125751,0.2894882781514278,1.145240374993591,True,93.99999999999893,93.99999999999893,0,0,0,0,0.0,0.0,1.4517921236258857,0,220,27f5bcb2814056976e42441b2aa88018e3355141587e0e48a7904f903ab3cfe0,90ec2676b3be89c8100133997fc8d14a3f806f3bc256cc7fc38451606b1f8ef9,0.37503951137477615,0.4433003878804343
71,49971,belief_active__kinematic__no_current,belief_active,kinematic,no_current,True,True,True,1.0,0.5840602024786062,0.6152276844039047,0.28173104212297606,1.3172417500027223,True,93.99999999999893,93.99999999999893,0,0,0,0,0.0,0.0,1.8528178383935832,0,220,d0cb23c627da2d20bc6499ebbb867cc1643bdd7e1fe4770153b5847cc7be5d64,48ff458df8c0d784e9dbf77fc768bf476d073a092bd878cf79454012dcf9c259,0.579509230295822,0.6299272696750329
72,49972,belief_active__kinematic__no_current,belief_active,kinematic,no_current,True,True,True,1.0,0.6774444645057786,0.6153923576316419,0.23135992422739837,1.1517562080043717,True,66.00000000000053,66.00000000000053,0,0,0,0,0.0,0.0,0.27126924470068814,0,220,b0dd1f772eab80a519542d31f0c52b386ecf62c30cce3e78959cba6e15d1b43b,6d7094f5956eec844f17825eb38118a2e36a92fef02141e0e712da71e1f41c9f,0.6392898385189221,0.6721698446223674
73,49973,belief_active__kinematic__no_current,belief_active,kinematic,no_current,True,True,True,1.0,0.8356290114259348,0.6751587951071326,0.1911574493894293,2.8301569999966887,True,93.99999999999893,93.99999999999893,0,0,0,0,0.0,0.0,1.8241786550730767,0,220,bac20e5f94fd63708815455859c99923dde8ed96a97e59cb7cbe03bf2a180dba,53cb4e3080e067e350de1cf329b0bacbf6d9a1dd4ab2f29380adaf602fdcfed0,0.8562275110877496,0.9103833750290911
74,49974,belief_active__kinematic__no_current,belief_active,kinematic,no_current,True,True,True,1.0,0.22241314199862716,0.19428686480760213,0.3091164580559622,1.61360091700044,True,93.99999999999893,93.99999999999893,0,0,0,0,0.0,0.0,0.3245820462703881,0,220,06047bdcb70893fe40faa342c8b7d57d4f5dbef2ccfd9249d4fbe27a2f9f98bb,12ff0e079ce42c78d9d60178e65e7ce83c3e2a02cfdab9d8b6aa65696f1a5fca,0.17080852060157425,0.17154845307586136
75,49975,belief_active__kinematic__no_current,belief_active,kinematic,no_current,True,True,True,1.0,0.2637829759806487,0.5347397766976197,0.2941769287464886,1.3492067090046476,True,93.99999999999893,93.99999999999893,0,0,0,0,0.0,0.0,1.7272865793667915,0,220,ca0e949b4e537d88b8e7524c0223bde52624a147c2046d8e1620e887aa88ec9a,a1202b5f1fd8c676688754dbe507b240813742312bb56d31a47f8449f6d82245,0.2822297396040907,0.34832975792435944
76,49976,belief_active__kinematic__no_current,belief_active,kinematic,no_current,True,True,True,1.0,0.2987023095329915,0.39705723665643256,0.2797033020728984,1.608948415996565,True,64.00000000000064,64.00000000000064,0,0,0,0,0.0,0.0,1.2105674915015863,0,220,074800316deaafb9dffe168686a56eeab8f123a214785fdae0d51be9d83ab926,ac34eb8b6512a038f92046e904963e583787cf67e6be0c3f9cb760212ffea7ec,0.36435402082666607,0.4786474863214593
77,49977,belief_active__kinematic__no_current,belief_active,kinematic,no_current,True,True,True,1.0,1.3229580612796559,1.33057092471322,0.24916697900346446,1.3813527090023854,True,64.00000000000064,64.00000000000064,0,0,0,0,0.0,0.0,1.0224711095914345,0,220,6dddf9a5c1d359534f4b00794fc97df90e54d0ad7e8af86b9b251e61a472f390,9d522c945a548d608e4234916b60d8ba40a84509edd2e14948c64824836bc840,1.296844229499363,1.320903730605436
78,49978,belief_active__kinematic__no_current,belief_active,kinematic,no_current,True,True,True,1.0,1.62776479835005,1.5976380305633253,0.3382348829492092,1.3901323750033043,True,123.99999999999723,123.99999999999723,0,0,0,0,0.0,0.0,1.0667625339552629,0,220,c959246ee356bbf44c5e5841d4a62b749905d6a94d756b9541a1154d73ea82b6,aac14801023cea99aae03cd6193b3a28f947700cf62ff9f152eb65c852d56cf3,1.6591156052412128,1.7091647838277242
79,49979,belief_active__kinematic__no_current,belief_active,kinematic,no_current,True,True,True,1.0,0.36311491325215406,0.44568268052359394,0.1624473301589239,1.28717591700115,True,123.99999999999723,123.99999999999723,0,0,0,0,0.0,0.0,2.0633799648831497,0,220,b58e28364fb0b50e969eba900fbee95629bd1c7a85d50db1d4df402e9cdc108e,da0a2bb7e931ecaa2c4f340c4bc40e666f7f1e594b187edf19cba64c4422cb91,0.417212156449097,0.4727840671061282
80,49980,belief_active__kinematic__no_current,belief_active,kinematic,no_current,True,True,True,1.0,0.36025856736913514,0.48328225491762344,0.25557368760846944,1.502387041997281,True,93.99999999999893,93.99999999999893,0,0,0,0,0.0,0.0,0.5852865159511755,0,220,2f173c4ff21bd16b53a70851cfce757eb5a526c77932486bd057e7ceffe573d9,9b0ac35476c95296d629fbb9988fc92c99dc36538d2c40d4baa4c37863bd1e7e,0.29744648249233224,0.3071087654734159
81,49981,belief_active__kinematic__no_current,belief_active,kinematic,no_current,True,True,True,1.0,0.4040853999253839,0.4192699815303564,0.3282017221431349,1.2118351669996628,True,123.99999999999723,123.99999999999723,0,0,0,0,0.0,0.0,1.605837986693093,0,220,0b4b0c31e44713ee5f18d9ee27453a7e51f2045cb5a863a2d60255538bd1b899,331c762bcae541b10befcbb69ae79fa70e4cf4b64bf9d6ab9caad863f68c9062,0.43587412699746764,0.47908533567579065
82,49982,belief_active__kinematic__no_current,belief_active,kinematic,no_current,True,False,True,0.68,3.112985436722783,3.3438577075438762,0.25056918660397454,1.2322974589988007,True,93.99999999999893,93.99999999999893,0,0,0,0,0.0,0.0,2.3447733410795952,0,220,0e1fe86cea394af39478d9474ceebb335274243c07a55cb299b5c20b31866b79,375424c5456c684485327e865d7cca406ba8923c1de472b0e7b8b42d7173b622,3.189517070540351,8.867933222001664
83,49983,belief_active__kinematic__no_current,belief_active,kinematic,no_current,True,True,True,1.0,0.2931413026329736,0.1432707780665703,0.40110366042342993,1.2710903749975841,True,123.99999999999723,123.99999999999723,0,0,0,0,0.0,0.0,0.2,0,220,a795d4ef220f910444dc7526f70a194aa207df99abb076cb63fce8610501a727,1d165d5528a7b93333515cfec57423088529d19d4cfc1f08db51f90f81cfbf9e,0.29846437845704704,0.2501800835344667
84,49984,belief_active__kinematic__no_current,belief_active,kinematic,no_current,True,True,True,1.0,0.3390442736093728,0.44748940075996196,0.23677707378296867,1.3812052909997874,True,93.99999999999893,93.99999999999893,0,0,0,0,0.0,0.0,0.5041224105400222,0,220,a7f5261fb2fa2a1f4b14af19eeaa427f0fad532a1574aca7968283597cfedc34,2f6e75d22acd306cdc17d9ecb15070b7fc6deeea5ccd73c3a9634eaf99894892,0.32347717578149593,0.3339501127892938
85,49985,belief_active__kinematic__no_current,belief_active,kinematic,no_current,True,True,True,1.0,1.2302090802427892,1.048064119872218,0.2249666798903576,1.3646097089949762,True,93.99999999999893,93.99999999999893,0,0,0,0,0.0,0.0,2.1413678144295765,0,220,06d305c7e76a3ced1ff430d7f4d11ba6bffcfee17f33c2ed83bea867416cb857,479bac9b8fff6572c3357221b17b106cd74c39d7d72369efbe43c716e6d1df71,1.2091272111602411,1.1560451674739884
86,49986,belief_active__kinematic__no_current,belief_active,kinematic,no_current,True,True,True,1.0,0.9983919005593045,0.9097717272252893,0.19571549900007207,1.3593870420008898,True,64.00000000000064,64.00000000000064,0,0,0,0,0.0,0.0,2.088783113481178,0,220,bb78dc5408270599cfc6a8f0dd98ba9375a3c72553504d9ee6d1d829acafd4e5,1d555d703780f7c483662cb5677cc0633836bb799fada1314bcab83c001c6418,0.9935372968671721,0.8385651779200636
87,49987,belief_active__kinematic__no_current,belief_active,kinematic,no_current,True,True,True,1.0,0.4036325209503553,0.48736829298950657,0.2514318269302767,1.5820857500002603,True,93.99999999999893,93.99999999999893,0,0,0,0,0.0,0.0,2.0780116818521845,0,220,8b8080c55da07ae24f8fbed0574b95de85bd266372bf06f9598b4df70fb6f39b,40051810b36539b9859d837897337680d74a0b7ed185f05bd979b6d8784a9093,0.36653479382037774,0.4036415677926181
88,49988,belief_active__kinematic__no_current,belief_active,kinematic,no_current,True,True,True,1.0,0.4659604300628894,0.34665058742033905,0.17923509946773664,1.3551027920038905,True,93.99999999999893,93.99999999999893,0,0,0,0,0.0,0.0,2.278147572967565,0,220,e53fdb45877d2969dbebee3e3a814068d873496a57bafac6e6336cdc59275bef,83db95797fce225dbba341e14ce36fba8b1bc6ef108e2f391c3d79b0ccf180b8,0.4287963714383175,0.5344963429849794
89,49989,belief_active__kinematic__no_current,belief_active,kinematic,no_current,True,True,True,1.0,1.5123785518727724,1.460566554510286,0.26874117379428186,1.2657683750003343,True,93.99999999999893,93.99999999999893,0,0,0,0,0.0,0.0,2.027029716734298,0,220,61ca8045d1a7ec996b8f2f489720c1dae9fef980f2ef3653c3ef81cc096f79b0,ca47e1b92e7693fc29b62b35aaef2eca67a4b2b4ed4625dbc54df16cbe3fd671,1.4016095344057067,1.3877153730250271
90,49990,belief_active__kinematic__no_current,belief_active,kinematic,no_current,True,True,True,1.0,0.4490855346403823,0.56485569406564,0.2704085084089035,1.5763519999964046,True,93.99999999999893,93.99999999999893,0,0,0,0,0.0,0.0,2.0936773366104418,0,220,7e1057ebd3acba10d97b0db82d6b53f087aa313d3a221695a5fc0daf5b2a2b7c,691fa912e3981af90909c0751fea561ad409c69bfeec573715506d0cd45e0023,0.48108737505255517,0.5179110070221632
91,49991,belief_active__kinematic__no_current,belief_active,kinematic,no_current,True,True,True,1.0,0.6104204746123589,0.750611443314954,0.25961626599715526,1.3322226249947562,True,93.99999999999893,93.99999999999893,0,0,0,0,0.0,0.0,0.7091822731308839,0,220,d102498265830d92ac0ad8f81cdc5883892660121c99f497f0d2befe8917aa3a,e5dc620bda33d8f409cb15980fa5d4e7a446e4729762f921628ab54a6641344c,0.6109243930499886,0.6083165249518746
92,49992,belief_active__kinematic__no_current,belief_active,kinematic,no_current,True,True,True,1.0,0.3241808857872751,0.4350853719086348,0.19729917995239576,1.4361261669982923,True,93.99999999999893,93.99999999999893,0,0,0,0,0.0,0.0,1.9893543167949734,0,220,b6175d3559c1b33f463e5d738dc27a6790c097f74051f20840db7c94ccca2466,a896c227357e4260988883c4cb3bd4115e3974d3d2caa8ebd6cf032e0bb6ccc2,0.380592871830374,0.41710842807921134
93,49993,belief_active__kinematic__no_current,belief_active,kinematic,no_current,True,True,True,1.0,1.9464140115498318,1.9544903540605267,0.19023254581657004,1.3233219169997028,True,64.00000000000064,64.00000000000064,0,0,0,0,0.0,0.0,2.246303797167212,0,220,2626c17254a82e213345610ad720102d6620351da04aad30e3562039ee9a0588,8589ef304f10295a1ca7f3785852188a639c9c370c80721bd334e6fe8c2c6548,1.955618551659376,1.8592142175412005
94,49994,belief_active__kinematic__no_current,belief_active,kinematic,no_current,True,True,True,1.0,0.4899859754876831,0.4834163938436261,0.347552536366027,1.5039754999961588,True,64.00000000000064,64.00000000000064,0,0,0,0,0.0,0.0,0.2,0,220,14107af621bc00431d2b9204a614ef4005e8045ed5ddcbe3722f1bc80b4eaaeb,7fa6f7275ae4d7ad7b02fb87650847c51505efb9bc71573e1e9de507df3eb5d2,0.4096894451353752,0.3638938570289191
95,49995,belief_active__kinematic__no_current,belief_active,kinematic,no_current,True,True,True,1.0,0.356011362223547,0.2749467599639408,0.3663599119278964,1.4973742090005544,True,93.99999999999893,93.99999999999893,0,0,0,0,0.0,0.0,0.19999999999999998,0,220,a1295c9f6bab99d69bd97aad158762359246070184b55e49151a3791af477744,1e36e7044a870b2e6066c279f19c22d8c58a70757263378cabdcbd179de9d784,0.29120658383389236,0.30289506443290753
96,49996,belief_active__kinematic__no_current,belief_active,kinematic,no_current,True,True,True,1.0,0.721158459663553,0.7438661966217173,0.1737129920905657,1.2402689590016962,True,93.99999999999893,93.99999999999893,0,0,0,0,0.0,0.0,2.416175598377412,0,220,18bec64a85dfb01fd9650467deb492b3a38e992f94b21441c07c3456161f5700,38e55be9ba7b97ef99f81b51345824d1885c8d2ecfe965e8748cc2b13346a8b3,0.8303787720307758,0.882763366703795
97,49997,belief_active__kinematic__no_current,belief_active,kinematic,no_current,True,True,True,1.0,0.6178217930432016,0.865533164906094,0.22783519277697842,1.158116708000307,True,93.99999999999893,93.99999999999893,0,0,0,0,0.0,0.0,1.8318143011049164,0,220,80da7ceafa2c03a41427e572b3a1a23e3bf64fe3f33f835250326b1a0ea6e807,08d0bf780217c646b37e9b1173825031afc3b590b33b9ce3dbf076927af80b77,0.6127066410785936,0.7246349287294458
98,49998,belief_active__kinematic__no_current,belief_active,kinematic,no_current,True,True,True,1.0,0.21925687020195928,0.21668846910773773,0.26998691540924996,1.259330000000773,True,93.99999999999893,93.99999999999893,0,0,0,0,0.0,0.0,1.7199823785573456,0,220,b1ebf43be340222010fd2d9eb905ecdc9aeb2778c8c397394bb8dc53986163f0,ae09e813276a25d45b04fea66f30439a6508d2016c95bb329934d0997e8e33cb,0.22106902797816258,0.2983993582198298
99,49999,belief_active__kinematic__no_current,belief_active,kinematic,no_current,True,True,True,1.0,1.16055090728779,1.1160690816590952,0.24792694827165707,1.1347855830026674,True,93.99999999999893,93.99999999999893,0,0,0,0,0.0,0.0,1.291968233771895,0,220,5fc869a3c83199f7a5e7cb699e222990013eb45933f32697e558f672c4c26f00,2414d8ea6588b09e1344e5428549617d20335d3460efbb80a7c8c58d746bad21,1.144616958715976,1.1739261631481497
0,49900,belief_active__low_order_dynamic__bottom_track_visible,belief_active,low_order_dynamic,bottom_track_visible,False,False,False,0.34,0.5132349586443973,9.679884486003187,2.1330197405860383,1.1440479170050821,True,93.99999999999893,93.99999999999893,0,0,0,0,0.47455674829663713,0.3130731020969782,0.3454844537275003,0,220,a538c6b08353a45e0ec00d4c0ccf887a3494e3c90565c4b2d186f0fbd83e5b8f,0f81ce8d128b1292ed661509760218159f5d0ac243dd1abc4981e26a2ee7e3f6,0.5246453453786252,8.680095294103998
1,49901,belief_active__low_order_dynamic__bottom_track_visible,belief_active,low_order_dynamic,bottom_track_visible,False,False,False,0.0,0.5784373252767506,17.693586044225285,2.1781947909417374,1.1254367910005385,True,123.99999999999723,123.99999999999723,0,0,0,0,0.5088734606459977,0.3144792945130945,0.4041043005389033,0,220,570b43b41587121a48750cefa282f1756c747cf9527fd813811cdb945a8308aa,42cdd51345edf1db7a2b073b630791612ee3910b03f84d2f1575f8c023840c28,0.712451991053692,59.75026956503251
2,49902,belief_active__low_order_dynamic__bottom_track_visible,belief_active,low_order_dynamic,bottom_track_visible,True,False,False,0.26,0.7191667744007395,7.779262245814604,2.273267121521441,1.0795389999984764,True,93.99999999999893,93.99999999999893,0,0,0,0,0.5026361088597386,0.327066359524566,0.5140857450927231,0,220,62eac2bab5f284cdd59b1000ece62536b01eab018bf152f8b6ae2f254a29da1a,5a660f9d42eb056a77b3eb050dbb847e5abc0e3b3c47063ea0f0a3ce853fd275,0.7749018250950342,9.922608995361728
3,49903,belief_active__low_order_dynamic__bottom_track_visible,belief_active,low_order_dynamic,bottom_track_visible,False,False,False,0.06,0.37171395248381045,9.250199897300101,2.232744726723605,1.1976685420013382,True,93.99999999999893,93.99999999999893,0,0,0,0,0.48570209500155226,0.3252630114423866,1.454759386159117,0,220,0b939d7d89c3fd6abaaf4499f046d081edfa0c3a54d38a85b18ef72600caa4d6,a0c4a4b65352eaca93626f5cee9cc76729b0ea3a9f275961422baf6ebd856d37,0.44791868971221577,12.153407089768603
4,49904,belief_active__low_order_dynamic__bottom_track_visible,belief_active,low_order_dynamic,bottom_track_visible,False,False,False,0.46,0.26356699685531404,9.893810436521013,2.3917053880849712,0.7490046250022715,True,72.00000000000018,72.00000000000018,0,0,0,0,0.5309175060859307,0.31145076475622,0.39498587314718175,0,220,b7c083eb2e816af0babeb0f222eb51e0b3593af0530a90ffbcabde656ed11a65,2924ff3f6459a12548a430cddd88712e939d04d78b0878ffd45a0976f8c05848,0.3046695652254126,8.307465095792741
5,49905,belief_active__low_order_dynamic__bottom_track_visible,belief_active,low_order_dynamic,bottom_track_visible,False,False,False,0.04,0.3707080207642902,11.879843364560086,2.2465651600527723,0.9654007920034928,True,64.00000000000064,64.00000000000064,0,0,0,0,0.49667142489799093,0.2781479416639085,1.4297681870080206,0,220,6315cc6cbfcd74405d4bb9b102e8d119bdfede05eab2529a4208c75e13073be2,0e1dfd0e26bd4c00f6793d907dbcce04737c9b5972eed77d1079027705c6ab3b,0.42366435353043974,11.700726889861416
6,49906,belief_active__low_order_dynamic__bottom_track_visible,belief_active,low_order_dynamic,bottom_track_visible,False,False,False,0.22,0.2759305867340341,16.415509282734174,2.268804524808799,0.9346705419957289,True,64.00000000000064,64.00000000000064,0,0,0,0,0.49336535043606616,0.33292596122643564,0.23559872102939644,0,220,374fd54a88f3b9e6e18ae704459843a41355fef5c2e23e6d4a24e240bf9843d3,39415e91edb3501aa4cb53c4324c08feb0e3d4127fa18bd3a63c23af84c44ad6,0.255751794696841,10.391932729220077
7,49907,belief_active__low_order_dynamic__bottom_track_visible,belief_active,low_order_dynamic,bottom_track_visible,False,False,False,0.48,0.5638830936017517,10.660905600418765,1.9664286228128587,0.817696457997954,True,123.99999999999723,123.99999999999723,0,0,0,0,0.47440478483135823,0.3586402366102114,1.1070586857469313,0,220,a7553b66848419915a49a0a750658ca4e03cc9b22e171863823c2f0be736cf09,203d807d0f9d247c0a241f57aec130e22e60f2041f513058bff0883f0b736cd9,0.5383818160708347,7.645050565104857
8,49908,belief_active__low_order_dynamic__bottom_track_visible,belief_active,low_order_dynamic,bottom_track_visible,False,False,False,0.06,0.08985861676391027,18.09578236429346,2.075021908004037,0.7919296249965555,True,123.99999999999723,123.99999999999723,0,0,0,0,0.4662713553731727,0.31867296248201044,1.5218276578734329,0,220,7464e9bc5a4bbde3db79c217440efb93bf7cda14a31cf511f875f300e6c907f4,c8bb64aa686ae5ffc277576f31f3fb7cf2049e981d4f565327b678652935cdfb,0.2313344455062976,11.93881241812753
9,49909,belief_active__low_order_dynamic__bottom_track_visible,belief_active,low_order_dynamic,bottom_track_visible,False,False,False,0.06,0.7356611074102933,12.361386773586279,2.2157809378405564,1.475991665996844,True,64.00000000000064,64.00000000000064,0,0,0,0,0.49091429628253996,0.31215467428974836,1.9058829361324885,0,220,25dad34453508903aa8a42b98250bdb7c8f6ccfdd883597fd942f1b245db2aad,b78083fd31701e84083eee5f1e3fd61459f146670f13f33c3ef62d3b787e23c4,0.8020895604234235,11.912733236832771
10,49910,belief_active__low_order_dynamic__bottom_track_visible,belief_active,low_order_dynamic,bottom_track_visible,True,False,False,0.32,0.46543306967140646,4.571804632809507,2.1405049370359155,1.4995205839950358,True,123.99999999999723,123.99999999999723,0,0,0,0,0.47971803216075,0.2725657119381854,1.1146351420848362,0,220,586f9305ddf7e84d298c70c9ec09e247b6c500ba0b7273e1dea6cdd63189a5e2,502a7437d91020245d2f3236dd953ea02ddfccad8cb0871e2d0f6b510b3abca3,0.44768555460235915,8.945024234430512
11,49911,belief_active__low_order_dynamic__bottom_track_visible,belief_active,low_order_dynamic,bottom_track_visible,False,False,False,0.1,0.23840342222716757,13.33023257820613,2.0759583842082767,1.1288680420038872,True,123.99999999999723,123.99999999999723,0,0,0,0,0.4793563924697128,0.3029587789965314,0.9217674360892099,0,220,c6a6c89e9039892900cd038b581c135a1f5df8c9ccc78c1e8ffbc02003d48709,a8c5e1880f48fe087134dffdbd7f24252da8f0bd599fa88db09ac7f0934d1ee2,0.25748110246855366,10.8144292106294
12,49912,belief_active__low_order_dynamic__bottom_track_visible,belief_active,low_order_dynamic,bottom_track_visible,True,False,False,0.24,0.6091739660202893,3.8967875877755933,2.125537345222613,0.9838315419983701,True,123.99999999999723,123.99999999999723,0,0,0,0,0.4848606162134862,0.3326334815231205,0.2574074164180661,0,220,9bfa02258ed34dbbed13c2169dbf92f341e5ef0bdb781147e2c7516715fe06be,c356fc1a25d090fc14074348f4a7991b75617238938ec5900cf92c1f3c7b5844,0.6096681864355429,11.809769156502831
13,49913,belief_active__low_order_dynamic__bottom_track_visible,belief_active,low_order_dynamic,bottom_track_visible,False,False,False,0.38,0.4905783821605813,9.16649982508284,2.4093348003893604,0.9835195829946315,True,64.00000000000064,64.00000000000064,0,0,0,0,0.5040811843181395,0.30469396091348216,0.6903534071707493,0,220,98ace53747e6cee5da383c96db4a9deebc16566181619554706fc36f1ee0628c,75ef1f15762e81fa6b01113347b555c0504e3ffa779bc5ea98e226a397c21dc8,0.4810749000239229,8.68804601898748
14,49914,belief_active__low_order_dynamic__bottom_track_visible,belief_active,low_order_dynamic,bottom_track_visible,True,False,False,0.16,0.34966085261435237,5.145047183504387,2.086510246955529,0.936024583003018,True,123.99999999999723,123.99999999999723,0,0,0,0,0.4757903095904959,0.3698547370675317,0.9702973460030185,0,220,38dfda33db48a868d715a5ce46c0b4ff128ef80673de0c0594dfe169b5809fe0,b4f87516d94e8d49417e92d095bfa4588b97c6c2f9109430536cce75690cecdf,0.406784083216032,10.69001889502244
15,49915,belief_active__low_order_dynamic__bottom_track_visible,belief_active,low_order_dynamic,bottom_track_visible,True,True,False,0.82,0.5667311475506897,4.155521311543383,2.072782545774338,0.9219757079990814,True,183.99999999999383,183.99999999999383,0,0,0,0,0.45906302096782675,0.2755963758337919,0.14564075381122293,0,220,2bf78a58a4ad4c136f6b4c9f515cdf1c7d907b476cf13601d121c2d34fb733fa,3dd2606dd629a32892d4efeae981530160273eb36415693980fe1598c1445e4b,0.6626776982752196,5.989569822225364
16,49916,belief_active__low_order_dynamic__bottom_track_visible,belief_active,low_order_dynamic,bottom_track_visible,False,False,False,0.14,0.4045591466000401,8.906513511251099,2.2248498162988497,0.9074124999970081,True,93.99999999999893,93.99999999999893,0,0,0,0,0.4754557522700744,0.2587757064142171,0.6954389994422527,0,220,36b747e1334075c7315d653d40aa737f338ce273447338f9d0fe3bb3b731f7bb,62971a093b05b1b469aea4009576bfdbc66bfb82db50ce1278d60ad8434deaff,0.4157128495377187,10.006287158714295
17,49917,belief_active__low_order_dynamic__bottom_track_visible,belief_active,low_order_dynamic,bottom_track_visible,False,False,False,0.06,0.4000288401477807,12.262850949010396,2.429506835269473,0.9479317500008619,True,64.00000000000064,64.00000000000064,0,0,0,0,0.5041913574547882,0.30137509881385716,0.13804413629890736,0,220,217415a7ec19262b5490d6b98a3ae9b0a6f31c2683037d87879984257e5f56e2,b501affd3e98da268ebbb634a087c236e749c7f9270a34428e15c73b2f309b8c,0.4399455036506232,12.128716833057709
18,49918,belief_active__low_order_dynamic__bottom_track_visible,belief_active,low_order_dynamic,bottom_track_visible,False,False,False,0.26,0.32554624225695505,11.51769736425432,2.2548763926633733,1.0670780410000589,True,93.99999999999893,93.99999999999893,0,0,0,0,0.4818082647494045,0.28904196184629655,0.16551651977285484,0,220,8426f813797d028bcc8a577898e206c895014555887d16b589546035bcf3c769,c27e387da8c5a5d3029dc73325e5d6c597d693c47d749c4a1fcf2dfa1595314b,0.3245314622868742,9.654728494551485
19,49919,belief_active__low_order_dynamic__bottom_track_visible,belief_active,low_order_dynamic,bottom_track_visible,False,False,False,0.0,0.3775315342534433,25.15814919088308,1.7191363023114419,1.1971079590002773,True,183.99999999999383,183.99999999999383,0,0,0,0,0.4339411613401995,0.2949632542591983,1.8123794784746878,0,220,289caafe1ee074229dbb1ec3e0f2522bb06cb8932dc683f2a38eda18e0af7b19,3065dc57491db36bf00e9096ac9a84d1e4dfa11339093179cc0eb002efed92e0,0.6280532417028832,79.28581661124983
20,49920,belief_active__low_order_dynamic__bottom_track_visible,belief_active,low_order_dynamic,bottom_track_visible,False,False,False,0.46,0.3572153700031504,9.872017201642377,2.3007712144640977,1.2748673750029411,True,64.00000000000064,64.00000000000064,0,0,0,0,0.49383122494408077,0.34907951534451576,0.30774903095445627,0,220,fb4b905ae49b654ab27ea429c3fb5d85bede69a580831b04cc500f32ac1a2b48,0c9f92833dc5acf72ce7d87bd0de2ac9372a1689bcdf52f370d90ef4681eb8c0,0.360598075883979,8.034603316821592
21,49921,belief_active__low_order_dynamic__bottom_track_visible,belief_active,low_order_dynamic,bottom_track_visible,False,False,False,0.02,0.33206161766242126,17.884136863400588,2.418407618380112,1.5482161670006462,True,64.00000000000064,64.00000000000064,0,0,0,0,0.5105036662557981,0.295856713606748,1.2759826132358878,0,220,5bf7a6647fc7cfd1c748039098510269cd27f368c769063b3b12266a6771ac10,88700bc5bd0b5e80470a93550b4ff960262ef1773350f5a67eba01d7557bbe3b,0.3844340538500052,11.886264712298546
22,49922,belief_active__low_order_dynamic__bottom_track_visible,belief_active,low_order_dynamic,bottom_track_visible,False,False,False,0.56,0.8724177858045915,11.27275121546455,2.1554415675520753,1.1190631659992505,True,93.99999999999893,93.99999999999893,0,0,0,0,0.4488997979078592,0.34291220385690335,0.5268411745345457,0,220,e6f25bd64fa736805934db124f544dc6ff2fd7bf12e494a491effebf54914209,d8e3e8bcfd7de841b624843c4a7387c9f91c58d23906b76a78675bfde256c67a,0.881709027338097,7.710067646122253
23,49923,belief_active__low_order_dynamic__bottom_track_visible,belief_active,low_order_dynamic,bottom_track_visible,False,False,False,0.14,0.9032798858298714,10.064004555865791,2.3528187939326846,1.1289669999969192,True,64.00000000000064,64.00000000000064,0,0,0,0,0.5116992742332068,0.30264300781417003,0.7792758386232909,0,220,04149b73bdafb7d68b31435a44f190a449f9d49ff427b0f6fb5c3afaef8f8763,d7c65b2eec467287244eea36b47aaa3466a7a532f8215f6488bdb388bda74852,0.800154662954466,10.504597248632107
24,49924,belief_active__low_order_dynamic__bottom_track_visible,belief_active,low_order_dynamic,bottom_track_visible,False,False,False,0.32,0.440204832435783,9.937293715601996,2.316706233419324,1.059672250004951,True,93.99999999999893,93.99999999999893,0,0,0,0,0.5033864917703087,0.3028942333733298,0.4282282411032273,0,220,8e3ce06c2503fff8b4e787ff5bab8a01ea133ac95fb930f4787c92310fec24fa,dc679f5ff9127fe7d6a73f5e56ed906062b6eb29248e0b9d9f04320284a2b29d,0.4659865618656254,9.032873741991938
25,49925,belief_active__low_order_dynamic__bottom_track_visible,belief_active,low_order_dynamic,bottom_track_visible,False,False,False,0.62,0.7672806343129162,8.978622696808229,2.2434347133103554,1.0553683749967604,True,93.99999999999893,93.99999999999893,0,0,0,0,0.4515186265163221,0.30270777925545134,0.22881477554549612,0,220,7352dd813bff63aca339c91708bd0bae2397007b7662677b0bfa49e677571ad9,c22bd1799111822189221cd6440dcca451c23d33a654a2d09a47e5354e93a3ca,0.7599952847174083,7.247711564280184
26,49926,belief_active__low_order_dynamic__bottom_track_visible,belief_active,low_order_dynamic,bottom_track_visible,True,False,False,0.64,0.30865115162748724,7.325496691481721,2.09287822830402,1.053022415995656,True,123.99999999999723,123.99999999999723,0,0,0,0,0.4757242688249869,0.26695747300868145,0.6934281455030088,0,220,d4aa2713f22a1b82ccfd89cfa859607c9c1e28a4da580c2914c416e690e19c4e,03695912143e35f53fcdd67de75ef953bddbc8691e489c025c6128f0c2ec9501,0.36361623073955046,7.092415377817423
27,49927,belief_active__low_order_dynamic__bottom_track_visible,belief_active,low_order_dynamic,bottom_track_visible,True,False,False,0.34,0.44988011296329605,6.155398631125056,2.2368026346393206,1.2043764170011855,True,93.99999999999893,93.99999999999893,0,0,0,0,0.46302629590890854,0.30598265812664976,0.33136337631138896,0,220,e8a140ba1fdb009da536c1f06a0b02ae2c0ac6fca35b9fd271636d562384098d,ce23f1c62e6c89badf8cca58be7e8f1568ca14aafe83cc816a7fa6c3e82f4c0b,0.382546493513974,9.131002383888076
28,49928,belief_active__low_order_dynamic__bottom_track_visible,belief_active,low_order_dynamic,bottom_track_visible,True,False,False,0.48,0.09376014018363796,7.771048579210825,2.3397352604117496,1.2062817920013913,True,93.99999999999893,93.99999999999893,0,0,0,0,0.4673648244529624,0.30494944341159513,0.46892009351744873,0,220,62888d956483eac035c8c731c71db650602b814c683205d0bc92e9b30802e115,bc9970f05b90984138eb29b76da450d57eb867607b64a2d1e485174abe7bfb1f,0.13728455782660587,9.106189497721363
29,49929,belief_active__low_order_dynamic__bottom_track_visible,belief_active,low_order_dynamic,bottom_track_visible,True,False,True,0.76,0.4443981060844074,5.608324329024164,2.144215053777559,1.1130811249968247,True,93.99999999999893,93.99999999999893,0,0,0,0,0.4564120082821876,0.3088212512039839,0.11225879706445262,0,220,cd4393ae9f3ae238ffc11f23d88130b6177d3f943e76e9b23e48f316263eb7fc,c9014975dad70e2cbb0621d0d0c30accd970b62e1cd0d3f31a9e1e7475180b61,0.5038220763165242,6.249294936834372
30,49930,belief_active__low_order_dynamic__bottom_track_visible,belief_active,low_order_dynamic,bottom_track_visible,True,False,False,0.66,0.4768013904553046,5.284053639010253,1.8901450345315016,1.0930433749963413,True,123.99999999999723,123.99999999999723,0,0,0,0,0.4310378022140863,0.34479680341569785,1.0637354800335825,0,220,05a7e109fe9fff1e1a1ac0906f3a920180e076e8c8c551fa3ea36a090a3e5a2e,1b102216093ae2b76f8a54fd258935e0ded99a9ee2b73b6ebaddd28e06c89996,0.4591729331209386,6.7414990894489435
31,49931,belief_active__low_order_dynamic__bottom_track_visible,belief_active,low_order_dynamic,bottom_track_visible,False,False,False,0.08,0.7845918570746356,12.124668009333195,2.122359779539955,1.4895673749997513,True,123.99999999999723,123.99999999999723,0,0,0,0,0.46635924450842275,0.2965278019009699,1.5214032703216536,0,220,58d5a76ca2311950cc6cb7fb2c5cf98fe235f0162a0f700894b1a5a2a15c425e,4946ddd8f16dadf988f24557bedff92266d4048c701a6086a364cc8694f86a5a,0.8329023955480064,12.303352269580644
32,49932,belief_active__low_order_dynamic__bottom_track_visible,belief_active,low_order_dynamic,bottom_track_visible,False,False,False,0.0,0.8278650862240378,12.97418352645271,2.016111910403511,1.0825414999999339,True,123.99999999999723,123.99999999999723,0,0,0,0,0.48399710130132706,0.30750573171474044,0.8222882530680432,0,220,03a600d903049220df713016b97d44f68fe4370e7a0d46794ad675862e6a9550,0330c82e1a9c7eeb948fd18a0464c66bf90025422b4b4bafb0564eaf5210ec23,0.8288683386648874,22.736676650704222
33,49933,belief_active__low_order_dynamic__bottom_track_visible,belief_active,low_order_dynamic,bottom_track_visible,False,False,False,0.1,0.5319796565307876,11.63773126318573,2.204929558423935,1.2245808750012657,True,64.00000000000064,64.00000000000064,0,0,0,0,0.48041840703674304,0.31213077684180845,2.0683866760287795,0,220,929ed4b5daab5e1fef8b47d9103ad83f3f02852eb5b8eafc4b94e5c731d9502d,92c2da3dc623706f5404767d84c2d74cf36e9d6e3f04de18f79b79c9a1ec90f5,0.6282399731727335,11.56287984231872
34,49934,belief_active__low_order_dynamic__bottom_track_visible,belief_active,low_order_dynamic,bottom_track_visible,False,False,False,0.22,0.42693358759686534,11.54243506104267,2.265178995959413,1.2282179169997107,True,123.99999999999723,123.99999999999723,0,0,0,0,0.5076256610996471,0.3637522239749227,0.9411125274102543,0,220,dc7207f776075453523d7da174187ca39c9c1c6709ac2edb6c78445ab66e739a,a3cc59b8ce9c18fe636ae2e19c0ba3161dac8476207781937503489ca437dbf2,0.3931501933559806,9.678679776161113
35,49935,belief_active__low_order_dynamic__bottom_track_visible,belief_active,low_order_dynamic,bottom_track_visible,False,False,False,0.08,0.33819287239311946,11.956693268062704,2.348952040727696,1.1668815829980304,True,93.99999999999893,93.99999999999893,0,0,0,0,0.5193941987122644,0.29931234176987426,1.4576441049940443,0,220,6715f1b0584e1e6031c599d2db634f1df0e56450bb1976c639582bc82926cfdd,c75cfaa31948c87cb56aca7a412177107dd2018c26f2ef230ff287f947eb9478,0.34460551034924636,12.172782468574859
36,49936,belief_active__low_order_dynamic__bottom_track_visible,belief_active,low_order_dynamic,bottom_track_visible,True,False,False,0.3,0.9750144352361295,4.421063575245031,2.311873279602633,1.1589577909981017,True,93.99999999999893,93.99999999999893,0,0,0,0,0.5018235193779079,0.33282217266801273,0.7899916634596681,0,220,87d7c5b09dad5c57dc0038543a833a26911ec9737aff66fa0f06c9567c54bed6,96a9244e537beca1f551ac862856ab007ba0d56460793e357b6212ba7d5be1c3,0.9944856777709609,9.829810465766185
37,49937,belief_active__low_order_dynamic__bottom_track_visible,belief_active,low_order_dynamic,bottom_track_visible,True,False,False,0.22,0.7296907309018807,7.800271412460986,2.2278718088453986,1.2135245419995044,True,93.99999999999893,93.99999999999893,0,0,0,0,0.4833113763179713,0.35828625260228303,1.2309159863923642,0,220,11acf08d6e35f5a81fc87c414812113fcd3ffa23f5fcf90d84cb3e5777cd88ae,c6bf86bcc8d137efce595aee559e4344294f1a2819b21d556cb7b206bcc21b85,0.5650570084305498,9.869592227069967
38,49938,belief_active__low_order_dynamic__bottom_track_visible,belief_active,low_order_dynamic,bottom_track_visible,False,False,False,0.18,0.22172204668752524,11.181985451736933,2.402850530652734,1.3215822499987553,True,93.99999999999893,93.99999999999893,0,0,0,0,0.5169050875884901,0.3499483834560392,0.7782366964628337,0,220,a322b04fa568f1348ca44c92c0e3f68a3ff8d25ee0f1ade04f729075319116ff,f0c6828eb40887a7039fd640aad3bb0cb0c2e9a9d35cef796fdd8a92d730bc4f,0.19523175424846018,9.614583733383506
39,49939,belief_active__low_order_dynamic__bottom_track_visible,belief_active,low_order_dynamic,bottom_track_visible,False,False,False,0.0,1.6249685756250438,13.167273726120635,1.9119903774617988,1.166358249996847,True,123.99999999999723,123.99999999999723,0,0,0,0,0.46724417099274607,0.29824244813521517,1.6238934788811759,0,220,2b4a20bdec0acd0249d3e523fbe5c34b9f229f1e2fec55daf2d4bc4161eb324e,87246b91efde3489f596a71a6bdd3fd00ed906fef0e6b05a924f96fe22f951b1,1.522204207497978,48.0142099504618
40,49940,belief_active__low_order_dynamic__bottom_track_visible,belief_active,low_order_dynamic,bottom_track_visible,False,False,False,0.32,0.31067503192737955,10.450145100409472,2.2366416451507307,1.2191842079992057,True,93.99999999999893,93.99999999999893,0,0,0,0,0.4780002604623683,0.3078399397857126,0.5600715449981319,0,220,acd58a3c0d900aa734f4a370f318d56def97ffbed5ad9298ac5caea535d801a5,f7eac2ce5a924b2b9b297116e46804b4f98dab4f50bda1293fdd479b3abdd211,0.3995799469415807,9.933014255490834
41,49941,belief_active__low_order_dynamic__bottom_track_visible,belief_active,low_order_dynamic,bottom_track_visible,True,False,True,0.78,0.4849646596073458,4.660175364579261,2.019648802986444,1.1559569999953965,True,123.99999999999723,123.99999999999723,0,0,0,0,0.4339920674911403,0.25617265731954325,0.33009739662258736,0,220,f2049e6942141da0e4797c69ac39e851379331838f9398f9f458eb1d217b952a,9089bbe479e644e437d651d4317f8641fcbda1ac5eeb5d3bc999b4c2a3b4ccf8,0.4513688061407873,6.331286127731048
42,49942,belief_active__low_order_dynamic__bottom_track_visible,belief_active,low_order_dynamic,bottom_track_visible,False,False,False,0.0,0.49717815656617037,68.62729024518858,1.991089246529421,1.400424583000131,True,123.99999999999723,123.99999999999723,0,0,0,0,0.4642780626300606,0.31416263808279854,1.7262133957682855,0,220,87ceed3576069b0c7376a4a43debcba02fceb6144c876404368769821653a4aa,18b9e181a6fd1aee9ca1013f3cf0c9284f538a70238af65329376e64ac1fc444,0.5605524107192761,119.62619217934747
43,49943,belief_active__low_order_dynamic__bottom_track_visible,belief_active,low_order_dynamic,bottom_track_visible,False,False,False,0.18,0.17910479142070776,10.56949981114603,2.307119044248677,1.3816343329963274,True,64.00000000000064,64.00000000000064,0,0,0,0,0.509397028565723,0.28230112426047443,0.7197918673191337,0,220,7e43d4f546176f21c8dce84f5dad5cfd77ae9767444759d10d1fb28d5ded4c3f,6d3cad2718077740eac4ec0e2b243cfa83cf2b8cbe2805360cc9f6865d2c9333,0.2632573792197352,10.328393004183088
44,49944,belief_active__low_order_dynamic__bottom_track_visible,belief_active,low_order_dynamic,bottom_track_visible,False,False,False,0.08,0.5821719054984835,9.379342519201696,2.080954691424573,1.0887676249985816,True,123.99999999999723,123.99999999999723,0,0,0,0,0.46986027672585207,0.2849234037908607,1.522664711659065,0,220,ce47d6034b7f702e875100a63039adfc9f3f2ed0ac8f6bbf4a302ff6ba8d4b68,453259891c62c689a540aff1ecd4e6f494392514ce7256d421ccc2def8f3e43e,0.5970197632061494,11.590169630597098
45,49945,belief_active__low_order_dynamic__bottom_track_visible,belief_active,low_order_dynamic,bottom_track_visible,True,False,False,0.46,0.47762992902770685,5.124865339448654,2.236119551452309,1.4657024999978603,True,93.99999999999893,93.99999999999893,0,0,0,0,0.46656196401033695,0.3033474376221483,0.3076649321972754,0,220,5408fdf0fd421aad63cb2c2b622a3a82cc6fd377024b808642e3e796e76c8b92,c8fd0c65fa1109e77715ce4b59fabc4fde3df9cec53a27974650aef6f7221450,0.5031585436127028,8.57002523365545
46,49946,belief_active__low_order_dynamic__bottom_track_visible,belief_active,low_order_dynamic,bottom_track_visible,False,False,False,0.06,0.5465848612077648,9.192739540249597,2.018328058509557,1.1419162919992232,True,123.99999999999723,123.99999999999723,0,0,0,0,0.4617345923937905,0.27184782479775954,1.1763854472815025,0,220,756fbe5e0c16da80bc61c4863458301e2e45d3663f74ebab10b060202bc23426,eb851573b56185232ed67b6b2463457d6433b7e75bdfcf7cecdf182346ec992c,0.45696380494062305,10.72727320799434
47,49947,belief_active__low_order_dynamic__bottom_track_visible,belief_active,low_order_dynamic,bottom_track_visible,True,False,False,0.16,0.6459975450424119,5.261921017575173,1.899394781217306,1.0186750829961966,True,183.99999999999383,183.99999999999383,0,0,0,0,0.46436464907963865,0.2786342233002043,0.4760235302031227,0,220,0bfa78176b894b6eb87ee14a62267d228b938665cd26f5a8f1251102a5d3fb79,2df9e67af1878dbc7fc755b4658f3024bd0bb6712bc7fba68fa29d04c8543779,0.6469298499596108,18.48162747551852
48,49948,belief_active__low_order_dynamic__bottom_track_visible,belief_active,low_order_dynamic,bottom_track_visible,False,False,False,0.34,0.7571093958778188,9.613568783951704,2.130079690107285,1.1675726250032312,True,93.99999999999893,93.99999999999893,0,0,0,0,0.46094519330507855,0.25803716033872126,1.3887197264718945,0,220,c88e5c67958ed3ce2b41217936d85568754da82b43aa77e68f4b20302d0ee44b,e937ce564580708dde9e1fb3f603b58e15f3148946e6d47431aa6037b6970c2f,0.7531033679294183,8.718974105533894
49,49949,belief_active__low_order_dynamic__bottom_track_visible,belief_active,low_order_dynamic,bottom_track_visible,False,False,False,0.38,0.855700326793915,9.716302289306595,2.3003541631167534,1.622499708995747,True,93.99999999999893,93.99999999999893,0,0,0,0,0.4992944846292935,0.3452007501161801,0.5570139939892448,0,220,f46fa321d0a79dca9a7f095dc28c948ea9fbc16ddbd25d96672b923c58e6eb27,f250424cb5ef9bdd62141cda0f77775edeb55f80c21fdb0a21057bb37bae64ef,0.8212653099554243,8.846401302186099
50,49950,belief_active__low_order_dynamic__bottom_track_visible,belief_active,low_order_dynamic,bottom_track_visible,True,False,False,0.42,0.7420839033405272,7.790918992689022,2.3088878700776303,1.2320729169950937,True,93.99999999999893,93.99999999999893,0,0,0,0,0.49406613299684765,0.28759131532721216,1.0223137372379596,0,220,01baf36a4a9fa1d1cce4523fecb7294d05e494586e01ed8a87fb6cd01b5e935a,4100574058f5163aeda9737c4ec17099e1a5280441e8351c0ffedf2c1cf13ff2,0.8599288964996364,9.309713557189738
51,49951,belief_active__low_order_dynamic__bottom_track_visible,belief_active,low_order_dynamic,bottom_track_visible,False,False,False,0.08,0.5480660778490731,14.687210307132663,2.100431790473174,1.215922291004972,True,123.99999999999723,123.99999999999723,0,0,0,0,0.47369255268525345,0.3131925867044546,1.0766718932007884,0,220,bf60ba534788eef36c35ad9d9cc602b5af533a538279040b6c39db9f865f9d87,83b297bae467b92b145f63f2d2d2c82b9f3cf832760d497dab115680e9b8bb9a,0.523140042373576,10.524790810934551
52,49952,belief_active__low_order_dynamic__bottom_track_visible,belief_active,low_order_dynamic,bottom_track_visible,False,False,False,0.12,0.5442851891863427,10.965062658631368,2.341950530189785,1.0282769589975942,True,64.00000000000064,64.00000000000064,0,0,0,0,0.496842052492523,0.2687690499301418,0.9229656200345056,0,220,ed253c00506bdd87481b48b556dcd4893913d6991474d0f1bc80b8d8fd153ee3,dc2c4f4463218aff6d88a75468d79310293c2be392df1b549ea1362b215e1c05,0.39421667275849037,10.429878177987373
53,49953,belief_active__low_order_dynamic__bottom_track_visible,belief_active,low_order_dynamic,bottom_track_visible,False,False,False,0.42,0.3705146248902227,8.865284260617809,2.2356411895094306,1.2757193750003353,True,93.99999999999893,93.99999999999893,0,0,0,0,0.4871846238201611,0.3037536749052908,0.26336661310759585,0,220,54b1b94e5ff2c327b5eacc1e77d7555fdcc5f64e04d3d30d612e7fabb3bcedd7,20d4d1779e5c37350c151823365b483d5890d0fb8587151a2527580ea9aaf97a,0.40904725021291094,8.43179072674978
54,49954,belief_active__low_order_dynamic__bottom_track_visible,belief_active,low_order_dynamic,bottom_track_visible,True,False,False,0.36,0.7870058861999407,5.811450183283358,2.064968875960129,1.1381662500061793,True,123.99999999999723,123.99999999999723,0,0,0,0,0.44765773991280505,0.3540594770604432,0.6817430479984277,0,220,3a4ede0b46c4bbb7ad04e0e7de130835828c663a04742bbd2b71723791830ded,d16806f1831d8f307d7ab8ee3e8c48157cedd2463dca6a117262a07b7eec0c08,0.794804044329882,8.844233345678932
55,49955,belief_active__low_order_dynamic__bottom_track_visible,belief_active,low_order_dynamic,bottom_track_visible,False,False,False,0.62,0.40123212920100465,11.353600263517304,2.1626762616007107,1.0807048749993555,True,93.99999999999893,93.99999999999893,0,0,0,0,0.46361578999229525,0.31213718059056944,0.8989256648937901,0,220,518296bde63b7a74f902834dd2adc7d26e25eb973c95c459c0a6348eb8103670,16ff54a4be07c1bff85e3a9bbe6fac24cdb20ca1adf9e16c53ac77ad5bcc450e,0.5010569505050642,7.353174995825537
56,49956,belief_active__low_order_dynamic__bottom_track_visible,belief_active,low_order_dynamic,bottom_track_visible,False,False,False,0.06,0.5350278577456916,10.341944920927581,2.3726837323060685,1.0737966249944293,True,64.00000000000064,64.00000000000064,0,0,0,0,0.5173542321620002,0.30111463250852266,0.5892322246584367,0,220,12775fd8dcd77ba32ff36d2f1c45af84341a02c9775773f983d0d28866d56587,c7a758f3a6682b6c512496c289de63a0b5fec2c0b72d067f234896cdcb2410ae,0.42845165812025443,11.229274201105422
57,49957,belief_active__low_order_dynamic__bottom_track_visible,belief_active,low_order_dynamic,bottom_track_visible,True,False,False,0.74,0.5536366245120551,5.9904604350294575,2.2501014609758365,1.091533791004622,True,93.99999999999893,93.99999999999893,0,0,0,0,0.46544786508801006,0.31921423980863817,0.15043499687669223,0,220,86c3a939063b6929fec660c903b56179108a9042e9daa0de34070e92b6f1fed9,0dec86089e67415c60f336e20268a08ae008bcebd68cda3dff20711b98ea8884,0.5420467660426208,7.048958714432056
58,49958,belief_active__low_order_dynamic__bottom_track_visible,belief_active,low_order_dynamic,bottom_track_visible,True,False,False,0.02,0.1337800777649674,7.195725269388462,2.25520703085697,1.1762632919999305,True,68.00000000000041,68.00000000000041,0,0,0,0,0.5027783942943708,0.27248587746054004,1.8367004579914579,0,220,86b6c88cdc0a48c542e30e281ea9604d2e1ebc93b5e36f018780fe5f973e4491,2f4a8c1053074ad415cdc6d408ebf0e701cb65d4f79a4bb46c55fb3b3ea3f3dd,0.1756952762296345,12.23899414894152
59,49959,belief_active__low_order_dynamic__bottom_track_visible,belief_active,low_order_dynamic,bottom_track_visible,False,False,False,0.06,0.39604687162489943,11.870656272382396,1.8085437119557328,1.18550529100321,True,183.99999999999383,183.99999999999383,0,0,0,0,0.46476437021230566,0.33190247354400065,0.4481921024662296,0,220,e1bd0cc93d22b9c5c8287abb52e46e2620758310ad1df761b869a14c036eb58c,07a809b143b5652f94984bb0c54d0128ebbda00769085ea763367e0c8ebb468c,0.3044510647650868,40.12547010080777
60,49960,belief_active__low_order_dynamic__bottom_track_visible,belief_active,low_order_dynamic,bottom_track_visible,True,False,False,0.6,0.2932006359978717,5.73554334956762,2.1140312776117636,1.0567215829942143,True,123.99999999999723,123.99999999999723,0,0,0,0,0.4946183997130472,0.2866089297056393,0.7482333783425724,0,220,d18bc748804938e07e4dcf8014bee0a5d4313c1c03943ae742303aed72208036,e12ca1c76bd8cc74ef2c8bd772d04365090d025745d5a7aef03cdc4c9f008db5,0.3838149941161913,8.450094748631557
61,49961,belief_active__low_order_dynamic__bottom_track_visible,belief_active,low_order_dynamic,bottom_track_visible,False,False,False,0.32,0.43314070216194517,8.885955137025606,1.7772447579678552,1.239257875000476,True,183.99999999999383,183.99999999999383,0,0,0,0,0.46649872900312045,0.31389974725422437,0.5528101909642861,0,220,ceba92a3b877fd5f92d6035b51b097f4f2363db4996b31f9421b190fac43e195,37fdad0f2243afe1b86f3547ef94ba690b82bc47dec8ede831216fb1c5ea7e83,0.42569263213585584,20.482725006779447
62,49962,belief_active__low_order_dynamic__bottom_track_visible,belief_active,low_order_dynamic,bottom_track_visible,False,False,False,0.32,0.32560999330470686,11.849593401682363,2.2857051146380005,1.1981464169948595,True,64.00000000000064,64.00000000000064,0,0,0,0,0.4615532039783875,0.3046233492018627,0.12388283205086215,0,220,fe1da9c12b99828d9f87c9f3afd157a94eed2413c271d21baecf29dafbfafc0f,dc3bbc85346c3080b20c134dffee7accad8e5db56a5c1261fbf8eabffe1e2849,0.3482851654789454,9.537474636115412
63,49963,belief_active__low_order_dynamic__bottom_track_visible,belief_active,low_order_dynamic,bottom_track_visible,False,False,False,0.38,0.4870729163286404,8.097933315041923,2.1803223840350032,1.1757527500012657,True,123.99999999999723,123.99999999999723,0,0,0,0,0.4902771205707686,0.31538075349135536,0.14927763448097317,0,220,6da58f46ea569b7d43b7fdc298d13b37ab72c2c4cef5229b98f965d253c523e2,18d00207f6001c96b230fb553dce29322b5f20b06e265cd86165730580967f4d,0.5930134286894673,9.536010701182718
64,49964,belief_active__low_order_dynamic__bottom_track_visible,belief_active,low_order_dynamic,bottom_track_visible,False,False,False,0.66,0.17305036619633155,8.091977419586147,2.2049227053011644,1.2565434999996796,True,93.99999999999893,93.99999999999893,0,0,0,0,0.4512289459469261,0.3328314896072158,0.15368685981897667,0,220,67bd2eb21eb561e0863c16d1f7c234ff91eeb16e1dee50edf3fd9d749f5d3699,7ccf1bcf40084506a67b61b3ece54cbe81b5c11c0c3a4b76c26b40f13bb713c4,0.152030265149446,7.038530914927752
65,49965,belief_active__low_order_dynamic__bottom_track_visible,belief_active,low_order_dynamic,bottom_track_visible,True,False,False,0.42,0.183391253101624,3.238618129134272,2.2402836153094134,1.0399675000007846,True,123.99999999999723,123.99999999999723,0,0,0,0,0.5122572979663609,0.27365191501745345,0.8995812999581919,0,220,2a2beba076a5ea0920b508b6a78df53dd8cfd819d6d58fe7c63602ce4aff6900,2fd794417b190621d41c2a996866194c086eb09d51135fb592c0773edcb9bc0f,0.14081300296517746,8.316273534718057
66,49966,belief_active__low_order_dynamic__bottom_track_visible,belief_active,low_order_dynamic,bottom_track_visible,False,False,False,0.24,0.18216925563775035,8.989803761529815,2.1020117507923324,0.9466740840070997,True,123.99999999999723,123.99999999999723,0,0,0,0,0.495508569683507,0.3107023825031244,0.6451443577231073,0,220,c9f5995a1e8a09a15bfa441aaab759f0319ad84b2cd7346ff238dfebc36902a1,79516b7dfd88b1ee0f65c05e9335efd95afe1a92a7602661111b09596ab264bf,0.2374983859440038,9.913130702634383
67,49967,belief_active__low_order_dynamic__bottom_track_visible,belief_active,low_order_dynamic,bottom_track_visible,False,False,False,0.08,0.3323120713979427,13.374665323289294,2.261909461907336,1.175082082998415,True,64.00000000000064,64.00000000000064,0,0,0,0,0.4927294740772549,0.3078947920410871,0.6819815458119373,0,220,ef39de65c37d33e142f00262c8903cea28da513947fb24a746b704c86ed76019,c031e4eeab1f22e5c3da407e3834e2da94a3356c1bb720d13a54a5b6b9049bc3,0.28897876369131414,11.72430582223376
68,49968,belief_active__low_order_dynamic__bottom_track_visible,belief_active,low_order_dynamic,bottom_track_visible,True,False,False,0.7,0.2517967468903477,5.617035265767806,2.110139362516389,1.321218625002075,True,64.00000000000064,64.00000000000064,0,0,0,0,0.4504394270408498,0.34596540837061573,0.5605753610603279,0,220,0a820f69b7b2f5da8a5abd093f9feb9f6e1a28aedeef01e45edae109ee484006,c310530552a70a373c24bce61685c0e02fc9ef1608c41ebf86370a57a0c194ac,0.266046294720458,7.021620523778202
69,49969,belief_active__low_order_dynamic__bottom_track_visible,belief_active,low_order_dynamic,bottom_track_visible,False,False,False,0.78,0.31678447333762916,10.2717104905109,2.1700073923621375,1.332942875000299,True,93.99999999999893,93.99999999999893,0,0,0,0,0.43927892366577315,0.2919704846735426,0.20262258891619092,0,220,2e80e0cab40504f9a750027ff0bc1cbe7b5b57367b93e5f7633533aaff6c8c11,012085c08b3523299f749dbb4b1291a81ef0104163be2676e67c2a8f1e17c6c7,0.33309509300144363,6.609312911298767
70,49970,belief_active__low_order_dynamic__bottom_track_visible,belief_active,low_order_dynamic,bottom_track_visible,True,False,False,0.28,0.09191796933368437,3.981745858912894,2.352443036155207,1.410266834005597,True,64.00000000000064,64.00000000000064,0,0,0,0,0.49817855120187327,0.34585672031793446,0.39142602918632946,0,220,27f5bcb2814056976e42441b2aa88018e3355141587e0e48a7904f903ab3cfe0,90ec2676b3be89c8100133997fc8d14a3f806f3bc256cc7fc38451606b1f8ef9,0.14113267702508234,9.721147092933917
71,49971,belief_active__low_order_dynamic__bottom_track_visible,belief_active,low_order_dynamic,bottom_track_visible,False,False,False,0.2,0.2955747209381774,12.171297817204632,2.0651830335438213,1.4966249580029398,True,123.99999999999723,123.99999999999723,0,0,0,0,0.47298184261993614,0.3169631762472497,0.613018063020304,0,220,d0cb23c627da2d20bc6499ebbb867cc1643bdd7e1fe4770153b5847cc7be5d64,48ff458df8c0d784e9dbf77fc768bf476d073a092bd878cf79454012dcf9c259,0.3253617648316683,10.369230191404283
72,49972,belief_active__low_order_dynamic__bottom_track_visible,belief_active,low_order_dynamic,bottom_track_visible,False,False,False,0.16,0.42414359156352505,11.466731907065357,2.3712148850260024,1.6960443330026465,True,66.00000000000053,66.00000000000053,0,0,0,0,0.4995221169050785,0.3216893008104814,1.1205520503422515,0,220,b0dd1f772eab80a519542d31f0c52b386ecf62c30cce3e78959cba6e15d1b43b,6d7094f5956eec844f17825eb38118a2e36a92fef02141e0e712da71e1f41c9f,0.4695297592435829,10.393378177961187
73,49973,belief_active__low_order_dynamic__bottom_track_visible,belief_active,low_order_dynamic,bottom_track_visible,False,False,False,0.2,0.38955503500907623,8.764987755214534,2.227339634611092,1.5791234170028474,True,93.99999999999893,93.99999999999893,0,0,0,0,0.496052945720343,0.30752560931313655,1.659103094767131,0,220,bac20e5f94fd63708815455859c99923dde8ed96a97e59cb7cbe03bf2a180dba,53cb4e3080e067e350de1cf329b0bacbf6d9a1dd4ab2f29380adaf602fdcfed0,0.4702452109190757,9.691374079778448
74,49974,belief_active__low_order_dynamic__bottom_track_visible,belief_active,low_order_dynamic,bottom_track_visible,True,False,False,0.22,0.34505916558844896,3.4671614994342663,2.2326456512710604,1.424346791995049,True,123.99999999999723,123.99999999999723,0,0,0,0,0.47462142081427167,0.31895695753068215,1.162422333181512,0,220,06047bdcb70893fe40faa342c8b7d57d4f5dbef2ccfd9249d4fbe27a2f9f98bb,12ff0e079ce42c78d9d60178e65e7ce83c3e2a02cfdab9d8b6aa65696f1a5fca,0.21820787018410065,10.494337506294462
75,49975,belief_active__low_order_dynamic__bottom_track_visible,belief_active,low_order_dynamic,bottom_track_visible,False,False,False,0.66,0.19236226717203064,8.303444971554017,2.198995122423031,1.4693416250011069,True,64.00000000000064,64.00000000000064,0,0,0,0,0.4596104092788377,0.2959881389418576,0.8038477012455526,0,220,ca0e949b4e537d88b8e7524c0223bde52624a147c2046d8e1620e887aa88ec9a,a1202b5f1fd8c676688754dbe507b240813742312bb56d31a47f8449f6d82245,0.1912385550757965,7.362468770146672
76,49976,belief_active__low_order_dynamic__bottom_track_visible,belief_active,low_order_dynamic,bottom_track_visible,True,False,False,0.6,0.7491440538129803,6.247713929400133,2.222571317976413,1.4674187089985935,True,64.00000000000064,64.00000000000064,0,0,0,0,0.4890949436390631,0.2903730847083036,1.0602399375970468,0,220,074800316deaafb9dffe168686a56eeab8f123a214785fdae0d51be9d83ab926,ac34eb8b6512a038f92046e904963e583787cf67e6be0c3f9cb760212ffea7ec,0.7165507133993103,7.694335232145955
77,49977,belief_active__low_order_dynamic__bottom_track_visible,belief_active,low_order_dynamic,bottom_track_visible,True,False,False,0.48,0.6658255836606122,5.1019712591715525,2.431642750741038,1.4820224580034846,True,64.00000000000064,64.00000000000064,0,0,0,0,0.5352832503022633,0.2664115848484569,0.26940083396963943,0,220,6dddf9a5c1d359534f4b00794fc97df90e54d0ad7e8af86b9b251e61a472f390,9d522c945a548d608e4234916b60d8ba40a84509edd2e14948c64824836bc840,0.6534004518423495,8.146294379453945
78,49978,belief_active__low_order_dynamic__bottom_track_visible,belief_active,low_order_dynamic,bottom_track_visible,True,False,False,0.64,1.6141861699172144,4.864074526479939,2.3480017763656362,1.292299542001274,True,123.99999999999723,123.99999999999723,0,0,0,0,0.5160367186071275,0.24696977280029292,0.20296566983642728,0,220,c959246ee356bbf44c5e5841d4a62b749905d6a94d756b9541a1154d73ea82b6,aac14801023cea99aae03cd6193b3a28f947700cf62ff9f152eb65c852d56cf3,1.7278221842566748,7.12632743429139
79,49979,belief_active__low_order_dynamic__bottom_track_visible,belief_active,low_order_dynamic,bottom_track_visible,False,False,False,0.0,1.500643977780786,257.670065701063,1.5039851121594612,1.207847124998807,True,243.99999999999042,243.99999999999042,0,0,0,0,0.42673123644456423,0.26960101283163845,1.2012349976396388,0,220,b58e28364fb0b50e969eba900fbee95629bd1c7a85d50db1d4df402e9cdc108e,da0a2bb7e931ecaa2c4f340c4bc40e666f7f1e594b187edf19cba64c4422cb91,1.8743746336804301,342.82928057156147
80,49980,belief_active__low_order_dynamic__bottom_track_visible,belief_active,low_order_dynamic,bottom_track_visible,False,False,False,0.28,0.5873313777586531,9.03501020237422,2.257099158724519,1.4049383329984266,True,93.99999999999893,93.99999999999893,0,0,0,0,0.4901557229326505,0.3128905772885096,1.1534521998823029,0,220,2f173c4ff21bd16b53a70851cfce757eb5a526c77932486bd057e7ceffe573d9,9b0ac35476c95296d629fbb9988fc92c99dc36538d2c40d4baa4c37863bd1e7e,0.5146186656707118,9.9043908335249
81,49981,belief_active__low_order_dynamic__bottom_track_visible,belief_active,low_order_dynamic,bottom_track_visible,True,False,False,0.38,0.541910958091388,6.310803723387728,2.349030295239714,1.2934131250003702,True,123.99999999999723,123.99999999999723,0,0,0,0,0.5167815492326584,0.28915883439149836,0.24988115130062893,0,220,0b4b0c31e44713ee5f18d9ee27453a7e51f2045cb5a863a2d60255538bd1b899,331c762bcae541b10befcbb69ae79fa70e4cf4b64bf9d6ab9caad863f68c9062,0.5756340248422753,9.29222201456643
82,49982,belief_active__low_order_dynamic__bottom_track_visible,belief_active,low_order_dynamic,bottom_track_visible,False,False,False,0.0,0.9520674411529799,15.258278155824996,1.7708890161873156,1.2180616250043386,True,93.99999999999893,93.99999999999893,0,0,0,0,0.4580495764634954,0.2851060440932636,1.7014243471144588,0,220,0e1fe86cea394af39478d9474ceebb335274243c07a55cb299b5c20b31866b79,375424c5456c684485327e865d7cca406ba8923c1de472b0e7b8b42d7173b622,1.4375424693426202,53.138944331514246
83,49983,belief_active__low_order_dynamic__bottom_track_visible,belief_active,low_order_dynamic,bottom_track_visible,False,False,False,0.3,0.30222124951648727,9.572861598010531,2.2574999032084184,1.3451632500000414,True,64.00000000000064,64.00000000000064,0,0,0,0,0.5003000816214712,0.29215165256105435,0.07480923532393269,0,220,a795d4ef220f910444dc7526f70a194aa207df99abb076cb63fce8610501a727,1d165d5528a7b93333515cfec57423088529d19d4cfc1f08db51f90f81cfbf9e,0.291705416264464,9.763874727297964
84,49984,belief_active__low_order_dynamic__bottom_track_visible,belief_active,low_order_dynamic,bottom_track_visible,False,False,False,0.36,0.4358194272073641,8.790125047199925,2.1572605621089678,1.1900945419984055,True,93.99999999999893,93.99999999999893,0,0,0,0,0.4664052968852438,0.2509165059547852,0.9492846189696111,0,220,a7f5261fb2fa2a1f4b14af19eeaa427f0fad532a1574aca7968283597cfedc34,2f6e75d22acd306cdc17d9ecb15070b7fc6deeea5ccd73c3a9634eaf99894892,0.4205604128603388,8.743473395613886
85,49985,belief_active__low_order_dynamic__bottom_track_visible,belief_active,low_order_dynamic,bottom_track_visible,False,False,False,0.32,0.6031273647637017,10.291685095991237,2.1454870280475005,1.4136178749977262,True,93.99999999999893,93.99999999999893,0,0,0,0,0.4566012970279894,0.30969358380405615,1.6063507275382158,0,220,06d305c7e76a3ced1ff430d7f4d11ba6bffcfee17f33c2ed83bea867416cb857,479bac9b8fff6572c3357221b17b106cd74c39d7d72369efbe43c716e6d1df71,0.6666932392099016,9.0133884446995
86,49986,belief_active__low_order_dynamic__bottom_track_visible,belief_active,low_order_dynamic,bottom_track_visible,False,False,False,0.06,0.45108833065895465,11.2654796558741,2.21207564469535,1.3816934170026798,True,64.00000000000064,64.00000000000064,0,0,0,0,0.4950946977573194,0.309043545151826,1.5422705158484207,0,220,bb78dc5408270599cfc6a8f0dd98ba9375a3c72553504d9ee6d1d829acafd4e5,1d555d703780f7c483662cb5677cc0633836bb799fada1314bcab83c001c6418,0.4858842035047872,12.309419644206068
87,49987,belief_active__low_order_dynamic__bottom_track_visible,belief_active,low_order_dynamic,bottom_track_visible,False,False,False,0.44,0.6860166443305027,10.108486672736394,2.2232936766685527,1.3975210829958087,True,93.99999999999893,93.99999999999893,0,0,0,0,0.45765375995968294,0.31394296256052506,0.47463967853176936,0,220,8b8080c55da07ae24f8fbed0574b95de85bd266372bf06f9598b4df70fb6f39b,40051810b36539b9859d837897337680d74a0b7ed185f05bd979b6d8784a9093,0.6480798055577179,8.88927721184847
88,49988,belief_active__low_order_dynamic__bottom_track_visible,belief_active,low_order_dynamic,bottom_track_visible,True,False,False,0.2,0.25572693552638903,5.124935195900362,2.21707583813594,1.2453044170033536,True,93.99999999999893,93.99999999999893,0,0,0,0,0.47256523381228616,0.29922422210385463,1.2540186655588423,0,220,e53fdb45877d2969dbebee3e3a814068d873496a57bafac6e6336cdc59275bef,83db95797fce225dbba341e14ce36fba8b1bc6ef108e2f391c3d79b0ccf180b8,0.31856460169693457,9.658429422970883
89,49989,belief_active__low_order_dynamic__bottom_track_visible,belief_active,low_order_dynamic,bottom_track_visible,False,False,False,0.3,0.1282247524626553,8.29665860238963,2.2162410605281493,1.5372104999987641,True,93.99999999999893,93.99999999999893,0,0,0,0,0.5047210382422174,0.29668876253395327,0.41033134589603837,0,220,61ca8045d1a7ec996b8f2f489720c1dae9fef980f2ef3653c3ef81cc096f79b0,ca47e1b92e7693fc29b62b35aaef2eca67a4b2b4ed4625dbc54df16cbe3fd671,0.18250520461753209,9.54145810285985
90,49990,belief_active__low_order_dynamic__bottom_track_visible,belief_active,low_order_dynamic,bottom_track_visible,False,False,False,0.46,0.28194701105281256,9.683481708246912,2.190306819822146,1.3838637500011828,True,93.99999999999893,93.99999999999893,0,0,0,0,0.4406791602370018,0.3379958001392185,0.3389286367824373,0,220,7e1057ebd3acba10d97b0db82d6b53f087aa313d3a221695a5fc0daf5b2a2b7c,691fa912e3981af90909c0751fea561ad409c69bfeec573715506d0cd45e0023,0.28012009394689463,8.126309894085317
91,49991,belief_active__low_order_dynamic__bottom_track_visible,belief_active,low_order_dynamic,bottom_track_visible,True,True,True,0.84,0.3815358329283588,5.370790109329036,2.1338848610955026,1.4903087909988244,True,93.99999999999893,93.99999999999893,0,0,0,0,0.45786431626901175,0.31078121486857146,0.8048705518508904,0,220,d102498265830d92ac0ad8f81cdc5883892660121c99f497f0d2befe8917aa3a,e5dc620bda33d8f409cb15980fa5d4e7a446e4729762f921628ab54a6641344c,0.3377386229626106,6.044907046024552
92,49992,belief_active__low_order_dynamic__bottom_track_visible,belief_active,low_order_dynamic,bottom_track_visible,False,False,False,0.06,0.3317235621526845,8.957617580895805,2.209642149847751,1.3501447080052458,True,93.99999999999893,93.99999999999893,0,0,0,0,0.5152768479168779,0.33149970927534056,0.32513770012453574,0,220,b6175d3559c1b33f463e5d738dc27a6790c097f74051f20840db7c94ccca2466,a896c227357e4260988883c4cb3bd4115e3974d3d2caa8ebd6cf032e0bb6ccc2,0.40263729913669716,12.265293903732916
93,49993,belief_active__low_order_dynamic__bottom_track_visible,belief_active,low_order_dynamic,bottom_track_visible,True,False,False,0.06,0.28303932357993733,6.835444142867765,2.019654789281956,1.6043949999948381,True,93.99999999999893,93.99999999999893,0,0,0,0,0.4663136488123275,0.2397312987446093,1.2619516340872399,0,220,2626c17254a82e213345610ad720102d6620351da04aad30e3562039ee9a0588,8589ef304f10295a1ca7f3785852188a639c9c370c80721bd334e6fe8c2c6548,0.4045783300875052,13.166066847319176
94,49994,belief_active__low_order_dynamic__bottom_track_visible,belief_active,low_order_dynamic,bottom_track_visible,False,False,False,0.38,0.4614723476895445,9.460810962492879,2.287342348212009,1.388976417001686,True,64.00000000000064,64.00000000000064,0,0,0,0,0.49808250756696154,0.3384988143088857,0.16585494599327036,0,220,14107af621bc00431d2b9204a614ef4005e8045ed5ddcbe3722f1bc80b4eaaeb,7fa6f7275ae4d7ad7b02fb87650847c51505efb9bc71573e1e9de507df3eb5d2,0.4144169918160046,9.047197327965693
95,49995,belief_active__low_order_dynamic__bottom_track_visible,belief_active,low_order_dynamic,bottom_track_visible,True,False,True,0.74,0.4362439819833146,6.768539689471963,2.0507913334870254,1.2934562500013271,True,123.99999999999723,123.99999999999723,0,0,0,0,0.44421099728563224,0.33436359346965383,0.3665648237550159,0,220,a1295c9f6bab99d69bd97aad158762359246070184b55e49151a3791af477744,1e36e7044a870b2e6066c279f19c22d8c58a70757263378cabdcbd179de9d784,0.4469928006333931,6.6428523489594555
96,49996,belief_active__low_order_dynamic__bottom_track_visible,belief_active,low_order_dynamic,bottom_track_visible,False,False,False,0.08,0.5967575898400076,8.369951494020237,1.9153986261287925,1.143157209000492,True,123.99999999999723,123.99999999999723,0,0,0,0,0.48937754597958044,0.28634377384331255,1.8812262357013998,0,220,18bec64a85dfb01fd9650467deb492b3a38e992f94b21441c07c3456161f5700,38e55be9ba7b97ef99f81b51345824d1885c8d2ecfe965e8748cc2b13346a8b3,0.5452221528464765,11.417733025566518
97,49997,belief_active__low_order_dynamic__bottom_track_visible,belief_active,low_order_dynamic,bottom_track_visible,True,False,False,0.52,0.20428878113614088,6.382232563541152,1.9539025092225542,1.1738648750033462,True,93.99999999999893,93.99999999999893,0,0,0,0,0.43256628831798966,0.2910312055895855,0.19311309046657443,0,220,80da7ceafa2c03a41427e572b3a1a23e3bf64fe3f33f835250326b1a0ea6e807,08d0bf780217c646b37e9b1173825031afc3b590b33b9ce3dbf076927af80b77,0.1562258231916527,7.938375009498292
98,49998,belief_active__low_order_dynamic__bottom_track_visible,belief_active,low_order_dynamic,bottom_track_visible,False,False,False,0.14,0.26084547606519726,14.657028687730978,2.3238467106587675,1.2115112079991377,True,93.99999999999893,93.99999999999893,0,0,0,0,0.49484716755685026,0.34306077505225363,1.0461091578031876,0,220,b1ebf43be340222010fd2d9eb905ecdc9aeb2778c8c397394bb8dc53986163f0,ae09e813276a25d45b04fea66f30439a6508d2016c95bb329934d0997e8e33cb,0.28376278866321036,10.574876217950061
99,49999,belief_active__low_order_dynamic__bottom_track_visible,belief_active,low_order_dynamic,bottom_track_visible,True,True,True,1.0,0.8119064281839878,5.307527365372386,1.939487001265105,1.1303665000014007,True,123.99999999999723,123.99999999999723,0,0,0,0,0.44296674446089734,0.2956991355993228,0.32493107081772077,0,220,5fc869a3c83199f7a5e7cb699e222990013eb45933f32697e558f672c4c26f00,2414d8ea6588b09e1344e5428549617d20335d3460efbb80a7c8c58d746bad21,0.7478847866761267,4.736328922421708
0,49900,belief_active__low_order_dynamic__no_current,belief_active,low_order_dynamic,no_current,False,False,False,0.08,0.3495239220898459,13.080186197910878,2.1580405475827846,1.0193072080001002,True,93.99999999999893,93.99999999999893,0,0,0,0,0.4760107141483951,0.0,0.6371683875235009,0,220,a538c6b08353a45e0ec00d4c0ccf887a3494e3c90565c4b2d186f0fbd83e5b8f,0f81ce8d128b1292ed661509760218159f5d0ac243dd1abc4981e26a2ee7e3f6,0.35488141207384943,10.845250191555238
1,49901,belief_active__low_order_dynamic__no_current,belief_active,low_order_dynamic,no_current,True,False,False,0.02,0.4529701931719006,5.754011967155324,2.1477193514927038,1.1610763749995385,True,123.99999999999723,123.99999999999723,0,0,0,0,0.49901918056560574,0.0,0.2,0,220,570b43b41587121a48750cefa282f1756c747cf9527fd813811cdb945a8308aa,42cdd51345edf1db7a2b073b630791612ee3910b03f84d2f1575f8c023840c28,0.5240722955023895,31.739206997709104
2,49902,belief_active__low_order_dynamic__no_current,belief_active,low_order_dynamic,no_current,False,False,False,0.44,0.8842926413246182,10.332252514732174,2.285204613550519,1.109039875002054,True,93.99999999999893,93.99999999999893,0,0,0,0,0.4921850772688136,0.0,0.2,0,220,62eac2bab5f284cdd59b1000ece62536b01eab018bf152f8b6ae2f254a29da1a,5a660f9d42eb056a77b3eb050dbb847e5abc0e3b3c47063ea0f0a3ce853fd275,0.9153389534799468,7.892703608151312
3,49903,belief_active__low_order_dynamic__no_current,belief_active,low_order_dynamic,no_current,False,False,False,0.16,0.35326927561086113,12.659669358013971,2.1687497710180206,1.1370005419958034,True,93.99999999999893,93.99999999999893,0,0,0,0,0.4716757341301036,0.0,1.075707405635784,0,220,0b939d7d89c3fd6abaaf4499f046d081edfa0c3a54d38a85b18ef72600caa4d6,a0c4a4b65352eaca93626f5cee9cc76729b0ea3a9f275961422baf6ebd856d37,0.38564450733083233,10.003805920219975
4,49904,belief_active__low_order_dynamic__no_current,belief_active,low_order_dynamic,no_current,True,False,False,0.6,0.3043217223256702,7.716201343590846,2.316425752272469,0.7419095410004957,True,64.00000000000064,64.00000000000064,0,0,0,0,0.48359525424288446,0.0,0.19999999999999998,0,220,b7c083eb2e816af0babeb0f222eb51e0b3593af0530a90ffbcabde656ed11a65,2924ff3f6459a12548a430cddd88712e939d04d78b0878ffd45a0976f8c05848,0.3324115732377971,6.96379711754439
5,49905,belief_active__low_order_dynamic__no_current,belief_active,low_order_dynamic,no_current,True,False,False,0.2,0.16497059139363143,7.770851708148475,2.2546100397413595,1.034355208001216,True,93.99999999999893,93.99999999999893,0,0,0,0,0.4834308671568461,0.0,1.090308420264292,0,220,6315cc6cbfcd74405d4bb9b102e8d119bdfede05eab2529a4208c75e13073be2,0e1dfd0e26bd4c00f6793d907dbcce04737c9b5972eed77d1079027705c6ab3b,0.21300539313487502,10.006542181004885
6,49906,belief_active__low_order_dynamic__no_current,belief_active,low_order_dynamic,no_current,False,False,False,0.4,0.4085700540244608,9.7474434625433,2.1365416581379395,0.9149347909988137,True,64.00000000000064,64.00000000000064,0,0,0,0,0.46799929431078585,0.0,0.6068595182814515,0,220,374fd54a88f3b9e6e18ae704459843a41355fef5c2e23e6d4a24e240bf9843d3,39415e91edb3501aa4cb53c4324c08feb0e3d4127fa18bd3a63c23af84c44ad6,0.38810493036414434,8.227248618617603
7,49907,belief_active__low_order_dynamic__no_current,belief_active,low_order_dynamic,no_current,False,False,False,0.1,0.6183947584106688,13.180016776864763,2.2293479607939677,0.7913902920045075,True,93.99999999999893,93.99999999999893,0,0,0,0,0.4821864209671434,0.0,1.4088158045360497,0,220,a7553b66848419915a49a0a750658ca4e03cc9b22e171863823c2f0be736cf09,203d807d0f9d247c0a241f57aec130e22e60f2041f513058bff0883f0b736cd9,0.6032400896411733,10.14527878246409
8,49908,belief_active__low_order_dynamic__no_current,belief_active,low_order_dynamic,no_current,False,False,False,0.08,1.0703467209298076,12.054045527787498,2.0667483376462563,0.7920395000037388,True,123.99999999999723,123.99999999999723,0,0,0,0,0.45317188870726643,0.0,1.5522260944001691,0,220,7464e9bc5a4bbde3db79c217440efb93bf7cda14a31cf511f875f300e6c907f4,c8bb64aa686ae5ffc277576f31f3fb7cf2049e981d4f565327b678652935cdfb,1.0709119902355193,10.349647268661693
9,49909,belief_active__low_order_dynamic__no_current,belief_active,low_order_dynamic,no_current,False,False,False,0.06,0.39824605241821226,10.53947987924936,2.282260833255067,1.4523318749997998,True,64.00000000000064,64.00000000000064,0,0,0,0,0.502816296752226,0.0,2.013470181535709,0,220,25dad34453508903aa8a42b98250bdb7c8f6ccfdd883597fd942f1b245db2aad,b78083fd31701e84083eee5f1e3fd61459f146670f13f33c3ef62d3b787e23c4,0.39611072728312746,11.669091420711522
10,49910,belief_active__low_order_dynamic__no_current,belief_active,low_order_dynamic,no_current,True,False,False,0.36,0.39097510679068587,7.550109360850641,2.096340335604389,1.3171047080031713,True,123.99999999999723,123.99999999999723,0,0,0,0,0.4803937818622045,0.0,1.0633766023694142,0,220,586f9305ddf7e84d298c70c9ec09e247b6c500ba0b7273e1dea6cdd63189a5e2,502a7437d91020245d2f3236dd953ea02ddfccad8cb0871e2d0f6b510b3abca3,0.4956026777894626,8.38581455048579
11,49911,belief_active__low_order_dynamic__no_current,belief_active,low_order_dynamic,no_current,False,False,False,0.34,0.07967724506557788,10.543214145301366,2.0200945366199003,1.05290170799708,True,123.99999999999723,123.99999999999723,0,0,0,0,0.4689121286629793,0.0,1.2730091019687737,0,220,c6a6c89e9039892900cd038b581c135a1f5df8c9ccc78c1e8ffbc02003d48709,a8c5e1880f48fe087134dffdbd7f24252da8f0bd599fa88db09ac7f0934d1ee2,0.12847435333315496,8.691202590851043
12,49912,belief_active__low_order_dynamic__no_current,belief_active,low_order_dynamic,no_current,True,False,False,0.24,0.8474546822422252,7.266854007622314,2.0736586665201227,0.9830519579991233,True,93.99999999999893,93.99999999999893,0,0,0,0,0.48693547706681795,0.0,1.0440005787040432,0,220,9bfa02258ed34dbbed13c2169dbf92f341e5ef0bdb781147e2c7516715fe06be,c356fc1a25d090fc14074348f4a7991b75617238938ec5900cf92c1f3c7b5844,0.7499063453764353,14.660509848262167
13,49913,belief_active__low_order_dynamic__no_current,belief_active,low_order_dynamic,no_current,False,False,False,0.54,0.344369471757187,8.96700603351279,2.364077601621682,1.1008450419976725,True,64.00000000000064,64.00000000000064,0,0,0,0,0.4933087655594162,0.0,0.3866622008488536,0,220,98ace53747e6cee5da383c96db4a9deebc16566181619554706fc36f1ee0628c,75ef1f15762e81fa6b01113347b555c0504e3ffa779bc5ea98e226a397c21dc8,0.36066971112809976,7.463582339794402
14,49914,belief_active__low_order_dynamic__no_current,belief_active,low_order_dynamic,no_current,True,False,False,0.44,0.22526296752944622,4.588614021394912,2.111255145907769,1.0101254170003813,True,123.99999999999723,123.99999999999723,0,0,0,0,0.46168477781900996,0.0,0.9310139779983887,0,220,38dfda33db48a868d715a5ce46c0b4ff128ef80673de0c0594dfe169b5809fe0,b4f87516d94e8d49417e92d095bfa4588b97c6c2f9109430536cce75690cecdf,0.08799592577619744,7.91104303189381
15,49915,belief_active__low_order_dynamic__no_current,belief_active,low_order_dynamic,no_current,False,False,False,0.66,0.5996557061660895,9.514700940274135,2.297402492823803,0.9548672500022803,True,93.99999999999893,93.99999999999893,0,0,0,0,0.49986964849174076,0.0,0.2,0,220,2bf78a58a4ad4c136f6b4c9f515cdf1c7d907b476cf13601d121c2d34fb733fa,3dd2606dd629a32892d4efeae981530160273eb36415693980fe1598c1445e4b,0.6943740006584652,6.694726168781026
16,49916,belief_active__low_order_dynamic__no_current,belief_active,low_order_dynamic,no_current,False,False,False,0.2,0.39786455203001425,9.384086892151142,2.0827764273564333,0.8814400420014863,True,123.99999999999723,123.99999999999723,0,0,0,0,0.4737982037754124,0.0,1.1839176905294393,0,220,36b747e1334075c7315d653d40aa737f338ce273447338f9d0fe3bb3b731f7bb,62971a093b05b1b469aea4009576bfdbc66bfb82db50ce1278d60ad8434deaff,0.4182889989238489,9.506999971155551
17,49917,belief_active__low_order_dynamic__no_current,belief_active,low_order_dynamic,no_current,False,False,False,0.08,0.32782302296870447,12.219636231608971,2.3484415519349375,0.9581327499981853,True,64.00000000000064,64.00000000000064,0,0,0,0,0.47939404070703084,0.0,0.2,0,220,217415a7ec19262b5490d6b98a3ae9b0a6f31c2683037d87879984257e5f56e2,b501affd3e98da268ebbb634a087c236e749c7f9270a34428e15c73b2f309b8c,0.41779171425025174,10.141967049063528
18,49918,belief_active__low_order_dynamic__no_current,belief_active,low_order_dynamic,no_current,False,False,False,0.18,0.06158261760982395,10.269597780324872,2.0573138679430265,1.1238080839975737,True,123.99999999999723,123.99999999999723,0,0,0,0,0.4667612894713639,0.0,1.2655864840573747,0,220,8426f813797d028bcc8a577898e206c895014555887d16b589546035bcf3c769,c27e387da8c5a5d3029dc73325e5d6c597d693c47d749c4a1fcf2dfa1595314b,0.07511526673592064,9.782819589816286
19,49919,belief_active__low_order_dynamic__no_current,belief_active,low_order_dynamic,no_current,False,False,False,0.0,0.23803427873959151,12.109760761926633,1.9380712733732517,1.3918060419964604,True,123.99999999999723,123.99999999999723,0,0,0,0,0.4658761112946127,0.0,1.8083907035435578,0,220,289caafe1ee074229dbb1ec3e0f2522bb06cb8932dc683f2a38eda18e0af7b19,3065dc57491db36bf00e9096ac9a84d1e4dfa11339093179cc0eb002efed92e0,0.14852299543277106,16.587069627299886
20,49920,belief_active__low_order_dynamic__no_current,belief_active,low_order_dynamic,no_current,True,False,False,0.52,0.31199611292253704,6.156358200440359,2.2626902675805898,1.2732086250034627,True,64.00000000000064,64.00000000000064,0,0,0,0,0.49889989834458287,0.0,0.19999999999999998,0,220,fb4b905ae49b654ab27ea429c3fb5d85bede69a580831b04cc500f32ac1a2b48,0c9f92833dc5acf72ce7d87bd0de2ac9372a1689bcdf52f370d90ef4681eb8c0,0.28373587142465767,7.521302378751054
21,49921,belief_active__low_order_dynamic__no_current,belief_active,low_order_dynamic,no_current,False,False,False,0.2,0.18604774139356178,12.4239386601362,2.371870829888205,1.4621484160015825,True,64.00000000000064,64.00000000000064,0,0,0,0,0.49525346715786844,0.0,1.3019425601793537,0,220,5bf7a6647fc7cfd1c748039098510269cd27f368c769063b3b12266a6771ac10,88700bc5bd0b5e80470a93550b4ff960262ef1773350f5a67eba01d7557bbe3b,0.2927676130721576,10.154391998657104
22,49922,belief_active__low_order_dynamic__no_current,belief_active,low_order_dynamic,no_current,False,False,False,0.28,1.0348151904377716,9.47118317499754,2.1952113539939986,1.1232731249983772,True,93.99999999999893,93.99999999999893,0,0,0,0,0.47197081697140686,0.0,0.27946963400895575,0,220,e6f25bd64fa736805934db124f544dc6ff2fd7bf12e494a491effebf54914209,d8e3e8bcfd7de841b624843c4a7387c9f91c58d23906b76a78675bfde256c67a,0.9366724262179702,9.314700885894117
23,49923,belief_active__low_order_dynamic__no_current,belief_active,low_order_dynamic,no_current,True,False,False,0.42,0.7291468398673376,7.468325621547653,2.183949994913224,1.0220259159978013,True,64.00000000000064,64.00000000000064,0,0,0,0,0.49140164831205885,0.0,0.19999999999999998,0,220,04149b73bdafb7d68b31435a44f190a449f9d49ff427b0f6fb5c3afaef8f8763,d7c65b2eec467287244eea36b47aaa3466a7a532f8215f6488bdb388bda74852,0.619411094519843,8.40857217068438
24,49924,belief_active__low_order_dynamic__no_current,belief_active,low_order_dynamic,no_current,False,False,False,0.68,0.7595512680803992,8.330181764342468,2.162552443138584,1.2531320000052801,True,123.99999999999723,123.99999999999723,0,0,0,0,0.47333722228138575,0.0,0.5074804153994144,0,220,8e3ce06c2503fff8b4e787ff5bab8a01ea133ac95fb930f4787c92310fec24fa,dc679f5ff9127fe7d6a73f5e56ed906062b6eb29248e0b9d9f04320284a2b29d,0.7276953883875553,6.725118755679887
25,49925,belief_active__low_order_dynamic__no_current,belief_active,low_order_dynamic,no_current,True,False,False,0.42,0.8025607005039262,7.8202554986414965,2.2369181164801115,1.0453371670009801,True,93.99999999999893,93.99999999999893,0,0,0,0,0.4766594778583837,0.0,0.2,0,220,7352dd813bff63aca339c91708bd0bae2397007b7662677b0bfa49e677571ad9,c22bd1799111822189221cd6440dcca451c23d33a654a2d09a47e5354e93a3ca,0.7163812756094654,8.36265280349454
26,49926,belief_active__low_order_dynamic__no_current,belief_active,low_order_dynamic,no_current,False,False,False,0.0,0.878969599269236,2119.6595144544644,0.34260182001990047,2.497567792001064,False,,,0,0,0,0,0.24414394955487767,0.0,0.9343098005020543,0,220,d4aa2713f22a1b82ccfd89cfa859607c9c1e28a4da580c2914c416e690e19c4e,03695912143e35f53fcdd67de75ef953bddbc8691e489c025c6128f0c2ec9501,0.89188410111322,1796.872181400501
27,49927,belief_active__low_order_dynamic__no_current,belief_active,low_order_dynamic,no_current,False,False,False,0.22,0.4313697124021014,11.446135820134595,2.220732213132269,1.113159958003962,True,93.99999999999893,93.99999999999893,0,0,0,0,0.4726277287171301,0.0,0.31449619254809663,0,220,e8a140ba1fdb009da536c1f06a0b02ae2c0ac6fca35b9fd271636d562384098d,ce23f1c62e6c89badf8cca58be7e8f1568ca14aafe83cc816a7fa6c3e82f4c0b,0.3531034761224616,9.259986590713755
28,49928,belief_active__low_order_dynamic__no_current,belief_active,low_order_dynamic,no_current,True,False,False,0.08,0.2212709086528471,3.9416509222652927,1.5674048296174738,1.1260015419975389,True,183.99999999999383,183.99999999999383,0,0,0,0,0.37834233691795427,0.0,0.42004014871637935,0,220,62888d956483eac035c8c731c71db650602b814c683205d0bc92e9b30802e115,bc9970f05b90984138eb29b76da450d57eb867607b64a2d1e485174abe7bfb1f,0.19800595646975216,51.551197351892625
29,49929,belief_active__low_order_dynamic__no_current,belief_active,low_order_dynamic,no_current,False,False,False,0.64,0.313892844845629,8.10273069961834,2.0025757912557833,1.2106862090004142,True,123.99999999999723,123.99999999999723,0,0,0,0,0.44382197401106954,0.0,0.4719774983176421,0,220,cd4393ae9f3ae238ffc11f23d88130b6177d3f943e76e9b23e48f316263eb7fc,c9014975dad70e2cbb0621d0d0c30accd970b62e1cd0d3f31a9e1e7475180b61,0.26029569117590967,7.270524264946898
30,49930,belief_active__low_order_dynamic__no_current,belief_active,low_order_dynamic,no_current,True,False,False,0.1,0.6323215583505825,5.700660453389674,1.7248385702640359,1.2277403750049416,True,123.99999999999723,123.99999999999723,0,0,0,0,0.4252670420692311,0.0,1.2569832038749529,0,220,05a7e109fe9fff1e1a1ac0906f3a920180e076e8c8c551fa3ea36a090a3e5a2e,1b102216093ae2b76f8a54fd258935e0ded99a9ee2b73b6ebaddd28e06c89996,0.6403794728686237,25.19738327064549
31,49931,belief_active__low_order_dynamic__no_current,belief_active,low_order_dynamic,no_current,False,False,False,0.22,0.3001904146683186,10.883099085708908,2.1693866988726778,1.2382830000060494,True,123.99999999999723,123.99999999999723,0,0,0,0,0.46626455724046034,0.0,1.435486897964275,0,220,58d5a76ca2311950cc6cb7fb2c5cf98fe235f0162a0f700894b1a5a2a15c425e,4946ddd8f16dadf988f24557bedff92266d4048c701a6086a364cc8694f86a5a,0.25611863971966553,9.681472943214553
32,49932,belief_active__low_order_dynamic__no_current,belief_active,low_order_dynamic,no_current,False,False,False,0.0,0.7530275418903319,11.137009055356952,2.0931237621710492,1.1249404580012197,True,123.99999999999723,123.99999999999723,0,0,0,0,0.46396094367422763,0.0,0.2,0,220,03a600d903049220df713016b97d44f68fe4370e7a0d46794ad675862e6a9550,0330c82e1a9c7eeb948fd18a0464c66bf90025422b4b4bafb0564eaf5210ec23,1.102017126014366,37.38104235345993
33,49933,belief_active__low_order_dynamic__no_current,belief_active,low_order_dynamic,no_current,False,False,False,0.08,0.4563826590805847,10.532843522889166,2.2674932133420445,1.4092125409952132,True,64.00000000000064,64.00000000000064,0,0,0,0,0.47765572711125903,0.0,1.8438560540917974,0,220,929ed4b5daab5e1fef8b47d9103ad83f3f02852eb5b8eafc4b94e5c731d9502d,92c2da3dc623706f5404767d84c2d74cf36e9d6e3f04de18f79b79c9a1ec90f5,0.47701793219984223,11.713878167798084
34,49934,belief_active__low_order_dynamic__no_current,belief_active,low_order_dynamic,no_current,True,False,False,0.46,0.39598329078781114,6.4031487060557595,2.1330964984851875,1.274155792001693,True,123.99999999999723,123.99999999999723,0,0,0,0,0.4907213642589291,0.0,0.9475278198462381,0,220,dc7207f776075453523d7da174187ca39c9c1c6709ac2edb6c78445ab66e739a,a3cc59b8ce9c18fe636ae2e19c0ba3161dac8476207781937503489ca437dbf2,0.5597085107859132,8.033629566673783
35,49935,belief_active__low_order_dynamic__no_current,belief_active,low_order_dynamic,no_current,False,False,False,0.18,0.33049289571700735,11.161375742525689,2.329437822708252,1.1190695409968612,True,93.99999999999893,93.99999999999893,0,0,0,0,0.504141703352913,0.0,0.8776684497168414,0,220,6715f1b0584e1e6031c599d2db634f1df0e56450bb1976c639582bc82926cfdd,c75cfaa31948c87cb56aca7a412177107dd2018c26f2ef230ff287f947eb9478,0.34272249238544594,10.234614009920248
36,49936,belief_active__low_order_dynamic__no_current,belief_active,low_order_dynamic,no_current,True,False,False,0.46,0.37193925125036503,7.851909112374047,2.1988964152819324,1.3803817500011064,True,93.99999999999893,93.99999999999893,0,0,0,0,0.4826702775015977,0.0,0.656784147072124,0,220,87d7c5b09dad5c57dc0038543a833a26911ec9737aff66fa0f06c9567c54bed6,96a9244e537beca1f551ac862856ab007ba0d56460793e357b6212ba7d5be1c3,0.37794013393162373,7.518342613870142
37,49937,belief_active__low_order_dynamic__no_current,belief_active,low_order_dynamic,no_current,True,False,False,0.26,0.8561555279028025,4.787827131373935,2.1379808700493372,1.1849396670004353,True,93.99999999999893,93.99999999999893,0,0,0,0,0.48790289577814433,0.0,1.279471087351046,0,220,11acf08d6e35f5a81fc87c414812113fcd3ffa23f5fcf90d84cb3e5777cd88ae,c6bf86bcc8d137efce595aee559e4344294f1a2819b21d556cb7b206bcc21b85,0.6974164087537358,9.32599980416901
38,49938,belief_active__low_order_dynamic__no_current,belief_active,low_order_dynamic,no_current,True,False,False,0.5,0.2216632037049993,7.454782690470594,2.3316994078009903,1.2617262909989222,True,93.99999999999893,93.99999999999893,0,0,0,0,0.49535285416061015,0.0,0.8053515896136444,0,220,a322b04fa568f1348ca44c92c0e3f68a3ff8d25ee0f1ade04f729075319116ff,f0c6828eb40887a7039fd640aad3bb0cb0c2e9a9d35cef796fdd8a92d730bc4f,0.2088427375114749,7.339453093892547
39,49939,belief_active__low_order_dynamic__no_current,belief_active,low_order_dynamic,no_current,True,False,False,0.2,1.2911219843852795,7.874854434824829,2.094379810473555,1.1283145420020446,True,93.99999999999893,93.99999999999893,0,0,0,0,0.47458804028207713,0.0,1.5626201699398694,0,220,2b4a20bdec0acd0249d3e523fbe5c34b9f229f1e2fec55daf2d4bc4161eb324e,87246b91efde3489f596a71a6bdd3fd00ed906fef0e6b05a924f96fe22f951b1,1.413471557005309,10.994722298264278
40,49940,belief_active__low_order_dynamic__no_current,belief_active,low_order_dynamic,no_current,False,False,False,0.56,0.28439694234946233,9.499146803088355,2.132390514085041,1.1587209999997867,True,93.99999999999893,93.99999999999893,0,0,0,0,0.4646327604894702,0.0,0.7598457362145125,0,220,acd58a3c0d900aa734f4a370f318d56def97ffbed5ad9298ac5caea535d801a5,f7eac2ce5a924b2b9b297116e46804b4f98dab4f50bda1293fdd479b3abdd211,0.32084089330012605,7.43589200989789
41,49941,belief_active__low_order_dynamic__no_current,belief_active,low_order_dynamic,no_current,True,False,False,0.56,0.8687730194240649,6.929551944680771,2.2423124850827607,1.4096296669958974,True,93.99999999999893,93.99999999999893,0,0,0,0,0.48879234771763347,0.0,0.2570937043949142,0,220,f2049e6942141da0e4797c69ac39e851379331838f9398f9f458eb1d217b952a,9089bbe479e644e437d651d4317f8641fcbda1ac5eeb5d3bc999b4c2a3b4ccf8,0.9823409468431463,7.3249880538010235
42,49942,belief_active__low_order_dynamic__no_current,belief_active,low_order_dynamic,no_current,False,False,False,0.24,0.6849355931834927,9.537327856863712,1.9452142596432875,1.4423984170061885,True,123.99999999999723,123.99999999999723,0,0,0,0,0.45382005319600044,0.0,1.2996609822253493,0,220,87ceed3576069b0c7376a4a43debcba02fceb6144c876404368769821653a4aa,18b9e181a6fd1aee9ca1013f3cf0c9284f538a70238af65329376e64ac1fc444,0.7109625836148544,9.19532493359499
43,49943,belief_active__low_order_dynamic__no_current,belief_active,low_order_dynamic,no_current,False,False,False,0.28,0.46101464254957325,9.269739024288628,2.2118917643891653,1.257446000003256,True,93.99999999999893,93.99999999999893,0,0,0,0,0.47731763771504937,0.0,0.2,0,220,7e43d4f546176f21c8dce84f5dad5cfd77ae9767444759d10d1fb28d5ded4c3f,6d3cad2718077740eac4ec0e2b243cfa83cf2b8cbe2805360cc9f6865d2c9333,0.40792736071766306,9.067360199059872
44,49944,belief_active__low_order_dynamic__no_current,belief_active,low_order_dynamic,no_current,False,False,False,0.1,0.1871879287670049,9.562498490761067,2.024588521675643,1.1894809169971268,True,123.99999999999723,123.99999999999723,0,0,0,0,0.446101192634705,0.0,0.6590732887709654,0,220,ce47d6034b7f702e875100a63039adfc9f3f2ed0ac8f6bbf4a302ff6ba8d4b68,453259891c62c689a540aff1ecd4e6f494392514ce7256d421ccc2def8f3e43e,0.19493280531949345,10.32099880348528
45,49945,belief_active__low_order_dynamic__no_current,belief_active,low_order_dynamic,no_current,True,False,False,0.64,0.3873825668661366,7.0912544936380435,2.1387940821505955,1.15038099999947,True,93.99999999999893,93.99999999999893,0,0,0,0,0.45461251060267854,0.0,0.39672119524816446,0,220,5408fdf0fd421aad63cb2c2b622a3a82cc6fd377024b808642e3e796e76c8b92,c8fd0c65fa1109e77715ce4b59fabc4fde3df9cec53a27974650aef6f7221450,0.4053503209237598,6.935950890902044
46,49946,belief_active__low_order_dynamic__no_current,belief_active,low_order_dynamic,no_current,False,False,False,0.38,0.29302890483982075,9.622400210395876,2.064015849948969,1.1446371670026565,True,123.99999999999723,123.99999999999723,0,0,0,0,0.4796208680325982,0.0,1.0875569199299555,0,220,756fbe5e0c16da80bc61c4863458301e2e45d3663f74ebab10b060202bc23426,eb851573b56185232ed67b6b2463457d6433b7e75bdfcf7cecdf182346ec992c,0.22787407591438988,8.57049667588043
47,49947,belief_active__low_order_dynamic__no_current,belief_active,low_order_dynamic,no_current,False,False,False,0.08,0.9405806237514595,12.843065154855228,2.15946173828369,1.0504846249968978,True,123.99999999999723,123.99999999999723,0,0,0,0,0.48368662399848844,0.0,0.2,0,220,0bfa78176b894b6eb87ee14a62267d228b938665cd26f5a8f1251102a5d3fb79,2df9e67af1878dbc7fc755b4658f3024bd0bb6712bc7fba68fa29d04c8543779,1.099891478093205,13.166246541769727
48,49948,belief_active__low_order_dynamic__no_current,belief_active,low_order_dynamic,no_current,False,False,False,0.2,0.6919695051668233,12.445310481778332,2.2827886121187824,1.327313541994954,True,64.00000000000064,64.00000000000064,0,0,0,0,0.47544613741776975,0.0,1.5859331875430016,0,220,c88e5c67958ed3ce2b41217936d85568754da82b43aa77e68f4b20302d0ee44b,e937ce564580708dde9e1fb3f603b58e15f3148946e6d47431aa6037b6970c2f,0.7256128402178329,10.00003577031774
49,49949,belief_active__low_order_dynamic__no_current,belief_active,low_order_dynamic,no_current,True,False,False,0.56,0.4114003097095851,6.483919735094972,2.1835834623253105,1.6672138750000158,True,93.99999999999893,93.99999999999893,0,0,0,0,0.49136025004714234,0.0,0.2,0,220,f46fa321d0a79dca9a7f095dc28c948ea9fbc16ddbd25d96672b923c58e6eb27,f250424cb5ef9bdd62141cda0f77775edeb55f80c21fdb0a21057bb37bae64ef,0.3923419848361513,6.840804308727867
50,49950,belief_active__low_order_dynamic__no_current,belief_active,low_order_dynamic,no_current,False,False,False,0.32,0.23756266184713448,11.042103533342301,2.302694237024416,1.4719779579972965,True,93.99999999999893,93.99999999999893,0,0,0,0,0.5049551679302633,0.0,1.3215124191036407,0,220,01baf36a4a9fa1d1cce4523fecb7294d05e494586e01ed8a87fb6cd01b5e935a,4100574058f5163aeda9737c4ec17099e1a5280441e8351c0ffedf2c1cf13ff2,0.44917980210092856,9.004170771896437
51,49951,belief_active__low_order_dynamic__no_current,belief_active,low_order_dynamic,no_current,True,False,False,0.46,0.45546250181217296,4.499341766062003,2.028129342360701,1.1446816249954281,True,123.99999999999723,123.99999999999723,0,0,0,0,0.45639387561274164,0.0,1.0207791505693937,0,220,bf60ba534788eef36c35ad9d9cc602b5af533a538279040b6c39db9f865f9d87,83b297bae467b92b145f63f2d2d2c82b9f3cf832760d497dab115680e9b8bb9a,0.3650834905402236,8.082415076625578
52,49952,belief_active__low_order_dynamic__no_current,belief_active,low_order_dynamic,no_current,False,False,False,0.26,0.3484080189035723,10.772921615255305,2.3082389845945204,1.0273095829979866,True,64.00000000000064,64.00000000000064,0,0,0,0,0.4918568969237794,0.0,0.6309543346922053,0,220,ed253c00506bdd87481b48b556dcd4893913d6991474d0f1bc80b8d8fd153ee3,dc2c4f4463218aff6d88a75468d79310293c2be392df1b549ea1362b215e1c05,0.24333028680546925,9.308844640981494
53,49953,belief_active__low_order_dynamic__no_current,belief_active,low_order_dynamic,no_current,False,False,False,0.08,0.32387402352283406,10.119137482429995,2.2736747489468327,1.1200699580003857,True,93.99999999999893,93.99999999999893,0,0,0,0,0.49252440903525735,0.0,1.0195916707034098,0,220,54b1b94e5ff2c327b5eacc1e77d7555fdcc5f64e04d3d30d612e7fabb3bcedd7,20d4d1779e5c37350c151823365b483d5890d0fb8587151a2527580ea9aaf97a,0.30492488615164265,10.393718816195213
54,49954,belief_active__low_order_dynamic__no_current,belief_active,low_order_dynamic,no_current,False,False,False,0.04,0.7026880627495736,12.633061894585914,2.075827743011984,1.0277676249970682,True,123.99999999999723,123.99999999999723,0,0,0,0,0.4624247584800695,0.0,0.9392879856283696,0,220,3a4ede0b46c4bbb7ad04e0e7de130835828c663a04742bbd2b71723791830ded,d16806f1831d8f307d7ab8ee3e8c48157cedd2463dca6a117262a07b7eec0c08,0.6656768307790801,11.641374702268246
55,49955,belief_active__low_order_dynamic__no_current,belief_active,low_order_dynamic,no_current,False,False,False,0.42,0.27622473156475397,10.731134183512308,2.215729720857707,1.043963584001176,True,93.99999999999893,93.99999999999893,0,0,0,0,0.47098431194984924,0.0,1.1243140003237129,0,220,518296bde63b7a74f902834dd2adc7d26e25eb973c95c459c0a6348eb8103670,16ff54a4be07c1bff85e3a9bbe6fac24cdb20ca1adf9e16c53ac77ad5bcc450e,0.26109765810368285,8.517838372048715
56,49956,belief_active__low_order_dynamic__no_current,belief_active,low_order_dynamic,no_current,False,False,False,0.1,0.544702492767123,8.900521000381458,2.339137172559517,1.1038164159981534,True,64.00000000000064,64.00000000000064,0,0,0,0,0.500494930908924,0.0,0.19999999999999998,0,220,12775fd8dcd77ba32ff36d2f1c45af84341a02c9775773f983d0d28866d56587,c7a758f3a6682b6c512496c289de63a0b5fec2c0b72d067f234896cdcb2410ae,0.45964981188321374,10.404407616042663
57,49957,belief_active__low_order_dynamic__no_current,belief_active,low_order_dynamic,no_current,False,False,False,0.56,0.905324339302809,10.534877682663081,2.147977768525307,1.1855910839949502,True,93.99999999999893,93.99999999999893,0,0,0,0,0.4499120971605542,0.0,0.2589757907003911,0,220,86c3a939063b6929fec660c903b56179108a9042e9daa0de34070e92b6f1fed9,0dec86089e67415c60f336e20268a08ae008bcebd68cda3dff20711b98ea8884,0.9227200393156668,7.5182683589456545
58,49958,belief_active__low_order_dynamic__no_current,belief_active,low_order_dynamic,no_current,True,False,False,0.08,0.17900105712845435,7.541193424757713,2.200585375532946,1.2608302080043359,True,93.99999999999893,93.99999999999893,0,0,0,0,0.4838827766505972,0.0,0.6106159783131382,0,220,86b6c88cdc0a48c542e30e281ea9604d2e1ebc93b5e36f018780fe5f973e4491,2f4a8c1053074ad415cdc6d408ebf0e701cb65d4f79a4bb46c55fb3b3ea3f3dd,0.25977859742538434,11.349647672906974
59,49959,belief_active__low_order_dynamic__no_current,belief_active,low_order_dynamic,no_current,True,False,False,0.26,0.2907423272894597,7.094093747277555,2.1869559828993856,1.230193125004007,True,123.99999999999723,123.99999999999723,0,0,0,0,0.48601497843825575,0.0,0.19999999999999998,0,220,e1bd0cc93d22b9c5c8287abb52e46e2620758310ad1df761b869a14c036eb58c,07a809b143b5652f94984bb0c54d0128ebbda00769085ea763367e0c8ebb468c,0.2491338837573355,9.65386636015389
60,49960,belief_active__low_order_dynamic__no_current,belief_active,low_order_dynamic,no_current,False,False,False,0.38,0.8242886145770145,8.169892022980624,2.1322701561047293,1.086862166004721,True,123.99999999999723,123.99999999999723,0,0,0,0,0.4845576812686136,0.0,0.9816647517515804,0,220,d18bc748804938e07e4dcf8014bee0a5d4313c1c03943ae742303aed72208036,e12ca1c76bd8cc74ef2c8bd772d04365090d025745d5a7aef03cdc4c9f008db5,0.9274282932526586,8.285843996718345
61,49961,belief_active__low_order_dynamic__no_current,belief_active,low_order_dynamic,no_current,True,False,False,0.76,0.33120036246025,5.34843483351664,2.274783761203249,1.1083272920004674,True,123.99999999999723,123.99999999999723,0,0,0,0,0.5091371802740317,0.0,0.2,0,220,ceba92a3b877fd5f92d6035b51b097f4f2363db4996b31f9421b190fac43e195,37fdad0f2243afe1b86f3547ef94ba690b82bc47dec8ede831216fb1c5ea7e83,0.29781384664802085,6.696732585681443
62,49962,belief_active__low_order_dynamic__no_current,belief_active,low_order_dynamic,no_current,True,False,False,0.38,0.40743629771439865,7.487455142619866,2.146094444916372,1.146398417004093,True,64.00000000000064,64.00000000000064,0,0,0,0,0.47203164239478995,0.0,0.2,0,220,fe1da9c12b99828d9f87c9f3afd157a94eed2413c271d21baecf29dafbfafc0f,dc3bbc85346c3080b20c134dffee7accad8e5db56a5c1261fbf8eabffe1e2849,0.4066191908468332,8.296940505428468
63,49963,belief_active__low_order_dynamic__no_current,belief_active,low_order_dynamic,no_current,True,False,False,0.54,0.7661503506359725,5.130540481102939,1.7141936319622124,1.0922647499974119,True,183.99999999999383,183.99999999999383,0,0,0,0,0.4336315596826497,0.0,0.19999999999999998,0,220,6da58f46ea569b7d43b7fdc298d13b37ab72c2c4cef5229b98f965d253c523e2,18d00207f6001c96b230fb553dce29322b5f20b06e265cd86165730580967f4d,0.8691763255258773,11.67871702216489
64,49964,belief_active__low_order_dynamic__no_current,belief_active,low_order_dynamic,no_current,False,False,False,0.5,0.43314348262369695,9.19047790961237,2.226926980056457,1.1231216250016587,True,93.99999999999893,93.99999999999893,0,0,0,0,0.4729918895667829,0.0,0.19999999999999998,0,220,67bd2eb21eb561e0863c16d1f7c234ff91eeb16e1dee50edf3fd9d749f5d3699,7ccf1bcf40084506a67b61b3ece54cbe81b5c11c0c3a4b76c26b40f13bb713c4,0.47847596835828327,7.716234688604089
65,49965,belief_active__low_order_dynamic__no_current,belief_active,low_order_dynamic,no_current,True,False,False,0.46,0.5050940275949591,6.648791722135146,2.240132446785111,1.0541710409961524,True,93.99999999999893,93.99999999999893,0,0,0,0,0.4873341905211461,0.0,0.9916572958559381,0,220,2a2beba076a5ea0920b508b6a78df53dd8cfd819d6d58fe7c63602ce4aff6900,2fd794417b190621d41c2a996866194c086eb09d51135fb592c0773edcb9bc0f,0.5115417351159138,7.986161333991621
66,49966,belief_active__low_order_dynamic__no_current,belief_active,low_order_dynamic,no_current,False,False,False,0.06,0.3307418890820197,10.092124476592108,2.1091943670673734,1.3976246250022086,True,123.99999999999723,123.99999999999723,0,0,0,0,0.48039622730102416,0.0,0.2,0,220,c9f5995a1e8a09a15bfa441aaab759f0319ad84b2cd7346ff238dfebc36902a1,79516b7dfd88b1ee0f65c05e9335efd95afe1a92a7602661111b09596ab264bf,0.32988839912774687,26.17775800104998
67,49967,belief_active__low_order_dynamic__no_current,belief_active,low_order_dynamic,no_current,True,False,False,0.16,0.4876868030905155,7.937002392879848,2.216956746919701,1.137493791000452,True,93.99999999999893,93.99999999999893,0,0,0,0,0.4757068031851847,0.0,1.3170808038384938,0,220,ef39de65c37d33e142f00262c8903cea28da513947fb24a746b704c86ed76019,c031e4eeab1f22e5c3da407e3834e2da94a3356c1bb720d13a54a5b6b9049bc3,0.4635072918470318,9.784299809040668
68,49968,belief_active__low_order_dynamic__no_current,belief_active,low_order_dynamic,no_current,False,False,False,0.32,0.28378258797268424,10.753790963503267,2.198064691975993,1.2721958749971236,True,93.99999999999893,93.99999999999893,0,0,0,0,0.47614079540796855,0.0,0.8710705527963104,0,220,0a820f69b7b2f5da8a5abd093f9feb9f6e1a28aedeef01e45edae109ee484006,c310530552a70a373c24bce61685c0e02fc9ef1608c41ebf86370a57a0c194ac,0.4380983450914443,9.084662639938404
69,49969,belief_active__low_order_dynamic__no_current,belief_active,low_order_dynamic,no_current,True,False,False,0.52,0.37062071091827575,2.867960569682479,1.9895603623272533,1.2355240000033518,True,123.99999999999723,123.99999999999723,0,0,0,0,0.4531882622389932,0.0,1.0237545993924064,0,220,2e80e0cab40504f9a750027ff0bc1cbe7b5b57367b93e5f7633533aaff6c8c11,012085c08b3523299f749dbb4b1291a81ef0104163be2676e67c2a8f1e17c6c7,0.4488553242317964,7.611620787508196
70,49970,belief_active__low_order_dynamic__no_current,belief_active,low_order_dynamic,no_current,True,False,False,0.6,0.30557625375965936,6.234293238032186,2.1059812921987615,1.3831137090019183,True,93.99999999999893,93.99999999999893,0,0,0,0,0.451520954400775,0.0,0.340297428470033,0,220,27f5bcb2814056976e42441b2aa88018e3355141587e0e48a7904f903ab3cfe0,90ec2676b3be89c8100133997fc8d14a3f806f3bc256cc7fc38451606b1f8ef9,0.24688889062423172,7.112237072773745
71,49971,belief_active__low_order_dynamic__no_current,belief_active,low_order_dynamic,no_current,False,False,False,0.3,0.35066798993963255,9.893269773887809,2.2463192867584336,1.4111174160061637,True,93.99999999999893,93.99999999999893,0,0,0,0,0.47285651390481503,0.0,1.2605240475875605,0,220,d0cb23c627da2d20bc6499ebbb867cc1643bdd7e1fe4770153b5847cc7be5d64,48ff458df8c0d784e9dbf77fc768bf476d073a092bd878cf79454012dcf9c259,0.3270903951175641,8.928853678997246
72,49972,belief_active__low_order_dynamic__no_current,belief_active,low_order_dynamic,no_current,False,False,False,0.32,0.5434939760593479,11.490655531262357,2.314951833494028,1.1920739590059384,True,64.00000000000064,64.00000000000064,0,0,0,0,0.4887627071153574,0.0,1.1315285310092698,0,220,b0dd1f772eab80a519542d31f0c52b386ecf62c30cce3e78959cba6e15d1b43b,6d7094f5956eec844f17825eb38118a2e36a92fef02141e0e712da71e1f41c9f,0.49045420399863515,8.763052588678573
73,49973,belief_active__low_order_dynamic__no_current,belief_active,low_order_dynamic,no_current,False,False,False,0.16,0.4451455381482065,13.373605552497963,2.2948002147890985,1.7488103750001756,True,93.99999999999893,93.99999999999893,0,0,0,0,0.5045634096167952,0.0,1.7206411935097234,0,220,bac20e5f94fd63708815455859c99923dde8ed96a97e59cb7cbe03bf2a180dba,53cb4e3080e067e350de1cf329b0bacbf6d9a1dd4ab2f29380adaf602fdcfed0,0.49595238160655564,10.243508999276143
74,49974,belief_active__low_order_dynamic__no_current,belief_active,low_order_dynamic,no_current,True,False,False,0.34,0.32797306039500285,6.834464482395472,2.0735632457640882,1.2367584169987822,True,123.99999999999723,123.99999999999723,0,0,0,0,0.4499305525654249,0.0,0.9020937581473243,0,220,06047bdcb70893fe40faa342c8b7d57d4f5dbef2ccfd9249d4fbe27a2f9f98bb,12ff0e079ce42c78d9d60178e65e7ce83c3e2a02cfdab9d8b6aa65696f1a5fca,0.22883937520598374,9.114082209255674
75,49975,belief_active__low_order_dynamic__no_current,belief_active,low_order_dynamic,no_current,False,False,False,0.3,0.15220064209901354,10.60018757099694,2.269343092649535,1.3032517500032554,True,64.00000000000064,64.00000000000064,0,0,0,0,0.4835038246010409,0.0,0.8999267231009557,0,220,ca0e949b4e537d88b8e7524c0223bde52624a147c2046d8e1620e887aa88ec9a,a1202b5f1fd8c676688754dbe507b240813742312bb56d31a47f8449f6d82245,0.23418745546832764,8.936178585100485
76,49976,belief_active__low_order_dynamic__no_current,belief_active,low_order_dynamic,no_current,False,False,False,0.32,0.6275340657312624,10.677007286002988,2.2457475597705545,1.435812583004008,True,93.99999999999893,93.99999999999893,0,0,0,0,0.4909139162629196,0.0,0.2,0,220,074800316deaafb9dffe168686a56eeab8f123a214785fdae0d51be9d83ab926,ac34eb8b6512a038f92046e904963e583787cf67e6be0c3f9cb760212ffea7ec,0.5836819946446947,8.983064122426962
77,49977,belief_active__low_order_dynamic__no_current,belief_active,low_order_dynamic,no_current,False,True,False,0.88,0.35830832324385087,8.028779745811873,2.263953498082836,1.2042283330010832,True,64.00000000000064,64.00000000000064,0,0,0,0,0.4963005554332936,0.0,0.2,0,220,6dddf9a5c1d359534f4b00794fc97df90e54d0ad7e8af86b9b251e61a472f390,9d522c945a548d608e4234916b60d8ba40a84509edd2e14948c64824836bc840,0.33508903495587283,6.2738053353336465
78,49978,belief_active__low_order_dynamic__no_current,belief_active,low_order_dynamic,no_current,True,True,True,0.88,0.8161876448023496,7.883279357631526,2.0332428551278467,1.213514416005637,True,123.99999999999723,123.99999999999723,0,0,0,0,0.46136453254491305,0.0,0.20821008846669184,0,220,c959246ee356bbf44c5e5841d4a62b749905d6a94d756b9541a1154d73ea82b6,aac14801023cea99aae03cd6193b3a28f947700cf62ff9f152eb65c852d56cf3,0.9844907909763636,6.0827638767893415
79,49979,belief_active__low_order_dynamic__no_current,belief_active,low_order_dynamic,no_current,False,False,False,0.0,1.350078577852408,215.97934353007776,1.6260415462668056,1.2278659579969826,True,243.99999999999042,243.99999999999042,0,0,0,0,0.43797170199717345,0.0,1.4763819499969717,0,220,b58e28364fb0b50e969eba900fbee95629bd1c7a85d50db1d4df402e9cdc108e,da0a2bb7e931ecaa2c4f340c4bc40e666f7f1e594b187edf19cba64c4422cb91,1.563362814372802,286.842314252104
80,49980,belief_active__low_order_dynamic__no_current,belief_active,low_order_dynamic,no_current,False,False,False,0.3,0.38113565673699396,10.49966945246783,2.286910278688484,1.4631040419990313,True,93.99999999999893,93.99999999999893,0,0,0,0,0.5078234508103651,0.0,1.2261152940584126,0,220,2f173c4ff21bd16b53a70851cfce757eb5a526c77932486bd057e7ceffe573d9,9b0ac35476c95296d629fbb9988fc92c99dc36538d2c40d4baa4c37863bd1e7e,0.3214213099425235,9.191194957178839
81,49981,belief_active__low_order_dynamic__no_current,belief_active,low_order_dynamic,no_current,True,False,False,0.54,0.221379562296588,6.543510036955947,2.0737258107694783,1.2068884580003214,True,123.99999999999723,123.99999999999723,0,0,0,0,0.469242543202447,0.0,0.9839305713114871,0,220,0b4b0c31e44713ee5f18d9ee27453a7e51f2045cb5a863a2d60255538bd1b899,331c762bcae541b10befcbb69ae79fa70e4cf4b64bf9d6ab9caad863f68c9062,0.20304334300305604,7.564712450678208
82,49982,belief_active__low_order_dynamic__no_current,belief_active,low_order_dynamic,no_current,False,False,False,0.0,1.4263727730013094,16.029386663813295,1.9779859916308118,1.2015282079955796,True,93.99999999999893,93.99999999999893,0,0,0,0,0.466966729844305,0.0,1.965983092521672,0,220,0e1fe86cea394af39478d9474ceebb335274243c07a55cb299b5c20b31866b79,375424c5456c684485327e865d7cca406ba8923c1de472b0e7b8b42d7173b622,1.4252851278798948,38.93533649859174
83,49983,belief_active__low_order_dynamic__no_current,belief_active,low_order_dynamic,no_current,False,False,False,0.44,0.2091490423490097,10.829971456381836,2.2641234523478833,1.4034815420018276,True,64.00000000000064,64.00000000000064,0,0,0,0,0.49015456658424084,0.0,0.2,0,220,a795d4ef220f910444dc7526f70a194aa207df99abb076cb63fce8610501a727,1d165d5528a7b93333515cfec57423088529d19d4cfc1f08db51f90f81cfbf9e,0.19543117480600472,8.287513818997885
84,49984,belief_active__low_order_dynamic__no_current,belief_active,low_order_dynamic,no_current,False,False,False,0.18,0.46747054301313684,8.662103865978562,2.1241651892828224,1.1028443329996662,True,93.99999999999893,93.99999999999893,0,0,0,0,0.4771376051778677,0.0,1.128228665107289,0,220,a7f5261fb2fa2a1f4b14af19eeaa427f0fad532a1574aca7968283597cfedc34,2f6e75d22acd306cdc17d9ecb15070b7fc6deeea5ccd73c3a9634eaf99894892,0.439470165121017,9.604067526708047
85,49985,belief_active__low_order_dynamic__no_current,belief_active,low_order_dynamic,no_current,True,False,False,0.1,0.2214776390133506,5.424647025213085,2.2216791079585687,1.5513374169968301,True,93.99999999999893,93.99999999999893,0,0,0,0,0.47800388830658336,0.0,1.7413678144295759,0,220,06d305c7e76a3ced1ff430d7f4d11ba6bffcfee17f33c2ed83bea867416cb857,479bac9b8fff6572c3357221b17b106cd74c39d7d72369efbe43c716e6d1df71,0.1946035980129288,11.455801842291965
86,49986,belief_active__low_order_dynamic__no_current,belief_active,low_order_dynamic,no_current,False,False,False,0.18,0.5737824070962354,8.363973505832444,2.2174015351186798,1.2043373749984312,True,64.00000000000064,64.00000000000064,0,0,0,0,0.4945703895059452,0.0,1.1018453176715348,0,220,bb78dc5408270599cfc6a8f0dd98ba9375a3c72553504d9ee6d1d829acafd4e5,1d555d703780f7c483662cb5677cc0633836bb799fada1314bcab83c001c6418,0.5956569466727055,10.172540700017901
87,49987,belief_active__low_order_dynamic__no_current,belief_active,low_order_dynamic,no_current,False,False,False,0.22,0.47791598149885794,12.441902460075832,2.0310926722480342,1.226389791998372,True,123.99999999999723,123.99999999999723,0,0,0,0,0.4571991419467862,0.0,0.9192546158790856,0,220,8b8080c55da07ae24f8fbed0574b95de85bd266372bf06f9598b4df70fb6f39b,40051810b36539b9859d837897337680d74a0b7ed185f05bd979b6d8784a9093,0.47994520598523466,9.623972607146086
88,49988,belief_active__low_order_dynamic__no_current,belief_active,low_order_dynamic,no_current,False,False,False,0.16,0.1668655546094413,11.229790555732286,2.280086914869681,1.4355876669942518,True,93.99999999999893,93.99999999999893,0,0,0,0,0.48166109422747005,0.0,0.8274549664062562,0,220,e53fdb45877d2969dbebee3e3a814068d873496a57bafac6e6336cdc59275bef,83db95797fce225dbba341e14ce36fba8b1bc6ef108e2f391c3d79b0ccf180b8,0.23472916050982234,10.244720955861258
89,49989,belief_active__low_order_dynamic__no_current,belief_active,low_order_dynamic,no_current,False,False,False,0.3,0.26668302152973633,11.351885113142178,2.212820233137888,1.2497342499991646,True,93.99999999999893,93.99999999999893,0,0,0,0,0.479036175013817,0.0,1.3926851953965642,0,220,61ca8045d1a7ec996b8f2f489720c1dae9fef980f2ef3653c3ef81cc096f79b0,ca47e1b92e7693fc29b62b35aaef2eca67a4b2b4ed4625dbc54df16cbe3fd671,0.2405153749940138,9.501730126206674
90,49990,belief_active__low_order_dynamic__no_current,belief_active,low_order_dynamic,no_current,True,False,False,0.18,1.0059353751005498,7.956565977243435,2.0141853215224996,1.333370874999673,True,123.99999999999723,123.99999999999723,0,0,0,0,0.4683013847670439,0.0,0.8155187784262051,0,220,7e1057ebd3acba10d97b0db82d6b53f087aa313d3a221695a5fc0daf5b2a2b7c,691fa912e3981af90909c0751fea561ad409c69bfeec573715506d0cd45e0023,1.0818901714210734,10.950603507169365
91,49991,belief_active__low_order_dynamic__no_current,belief_active,low_order_dynamic,no_current,False,False,False,0.44,0.40280049592509043,9.974812659991782,2.280436377767282,1.1641484170031617,True,93.99999999999893,93.99999999999893,0,0,0,0,0.4889474106158517,0.0,0.867088766422485,0,220,d102498265830d92ac0ad8f81cdc5883892660121c99f497f0d2befe8917aa3a,e5dc620bda33d8f409cb15980fa5d4e7a446e4729762f921628ab54a6641344c,0.4028593575390535,8.202418496185874
92,49992,belief_active__low_order_dynamic__no_current,belief_active,low_order_dynamic,no_current,False,False,False,0.3,0.5991387359758595,10.468161022462223,2.227766725710387,1.3442452079980285,True,93.99999999999893,93.99999999999893,0,0,0,0,0.4915434297224591,0.0,0.19999999999999998,0,220,b6175d3559c1b33f463e5d738dc27a6790c097f74051f20840db7c94ccca2466,a896c227357e4260988883c4cb3bd4115e3974d3d2caa8ebd6cf032e0bb6ccc2,0.6423588373102426,9.231884087726483
93,49993,belief_active__low_order_dynamic__no_current,belief_active,low_order_dynamic,no_current,False,False,False,0.04,0.21733953623390548,8.284544015271695,2.1989975510949917,1.35331737499655,True,93.99999999999893,93.99999999999893,0,0,0,0,0.47020347830492343,0.0,1.5076607724116833,0,220,2626c17254a82e213345610ad720102d6620351da04aad30e3562039ee9a0588,8589ef304f10295a1ca7f3785852188a639c9c370c80721bd334e6fe8c2c6548,0.16463763060183317,11.385019170730672
94,49994,belief_active__low_order_dynamic__no_current,belief_active,low_order_dynamic,no_current,True,False,False,0.66,0.49804116645532204,7.073384410875285,2.258976874555557,1.563348166004289,True,64.00000000000064,64.00000000000064,0,0,0,0,0.4925130291216949,0.0,0.19999999999999998,0,220,14107af621bc00431d2b9204a614ef4005e8045ed5ddcbe3722f1bc80b4eaaeb,7fa6f7275ae4d7ad7b02fb87650847c51505efb9bc71573e1e9de507df3eb5d2,0.45626017682398967,6.946324633578686
95,49995,belief_active__low_order_dynamic__no_current,belief_active,low_order_dynamic,no_current,False,False,False,0.68,0.2827787541700544,8.279387034845351,2.2440380522654397,1.4638052500013146,True,123.99999999999723,123.99999999999723,0,0,0,0,0.47938698963486764,0.0,0.6166814559574383,0,220,a1295c9f6bab99d69bd97aad158762359246070184b55e49151a3791af477744,1e36e7044a870b2e6066c279f19c22d8c58a70757263378cabdcbd179de9d784,0.43106710740426885,6.75726075695562
96,49996,belief_active__low_order_dynamic__no_current,belief_active,low_order_dynamic,no_current,False,False,False,0.04,0.7082480264056071,12.193886130347558,1.8504151928558186,1.1609295000016573,True,123.99999999999723,123.99999999999723,0,0,0,0,0.46716997897025603,0.0,2.0161755983774112,0,220,18bec64a85dfb01fd9650467deb492b3a38e992f94b21441c07c3456161f5700,38e55be9ba7b97ef99f81b51345824d1885c8d2ecfe965e8748cc2b13346a8b3,0.733187799520848,12.361276961314296
97,49997,belief_active__low_order_dynamic__no_current,belief_active,low_order_dynamic,no_current,False,False,False,0.24,0.5112777343783,11.399156771451993,2.175054601383815,1.094366416997218,True,93.99999999999893,93.99999999999893,0,0,0,0,0.47477616772774406,0.0,0.211374599411826,0,220,80da7ceafa2c03a41427e572b3a1a23e3bf64fe3f33f835250326b1a0ea6e807,08d0bf780217c646b37e9b1173825031afc3b590b33b9ce3dbf076927af80b77,0.46792264945574336,9.358417451986362
98,49998,belief_active__low_order_dynamic__no_current,belief_active,low_order_dynamic,no_current,False,False,False,0.18,0.6205564105372301,11.439545829403377,2.1097480355512723,1.1835893340030452,True,123.99999999999723,123.99999999999723,0,0,0,0,0.48343724304034646,0.0,1.37948620898327,0,220,b1ebf43be340222010fd2d9eb905ecdc9aeb2778c8c397394bb8dc53986163f0,ae09e813276a25d45b04fea66f30439a6508d2016c95bb329934d0997e8e33cb,0.6560932835017893,9.33659840047666
99,49999,belief_active__low_order_dynamic__no_current,belief_active,low_order_dynamic,no_current,True,False,False,0.54,0.7112624840245841,6.688371621727118,2.1880774291227607,1.0995015829976182,True,123.99999999999723,123.99999999999723,0,0,0,0,0.5104478626919271,0.0,0.48694042803149185,0,220,5fc869a3c83199f7a5e7cb699e222990013eb45933f32697e558f672c4c26f00,2414d8ea6588b09e1344e5428549617d20335d3460efbb80a7c8c58d746bad21,0.8276501700447124,7.36989973610884
0,49900,fixed_s_turn__kinematic__bottom_track_visible,fixed_s_turn,kinematic,bottom_track_visible,True,True,True,0.9,0.4675690141592891,0.6502114073197532,0.17812969687539665,0.6486840840007062,True,183.99999999999383,183.99999999999383,0,0,0,0,0.0,0.3130731020969782,1.463488811605366,0,220,a538c6b08353a45e0ec00d4c0ccf887a3494e3c90565c4b2d186f0fbd83e5b8f,0f81ce8d128b1292ed661509760218159f5d0ac243dd1abc4981e26a2ee7e3f6,0.5060749858964724,2.4238080801836053
1,49901,fixed_s_turn__kinematic__bottom_track_visible,fixed_s_turn,kinematic,bottom_track_visible,False,False,False,0.0,3.8308981478690076,340.5296628750005,0.1973025557336759,1.6655563749955036,False,,,0,0,0,0,0.0,0.3144792945130945,2.0447099353638767,0,220,570b43b41587121a48750cefa282f1756c747cf9527fd813811cdb945a8308aa,42cdd51345edf1db7a2b073b630791612ee3910b03f84d2f1575f8c023840c28,7.043020574894913,331.149464158269
2,49902,fixed_s_turn__kinematic__bottom_track_visible,fixed_s_turn,kinematic,bottom_track_visible,True,True,True,1.0,0.47531659665322706,0.5694958063628454,0.12397334658614458,1.1002591669966932,True,93.99999999999893,93.99999999999893,0,0,0,0,0.0,0.327066359524566,1.5166519126429079,0,220,62eac2bab5f284cdd59b1000ece62536b01eab018bf152f8b6ae2f254a29da1a,5a660f9d42eb056a77b3eb050dbb847e5abc0e3b3c47063ea0f0a3ce853fd275,0.42415738237570116,0.5143554691446536
3,49903,fixed_s_turn__kinematic__bottom_track_visible,fixed_s_turn,kinematic,bottom_track_visible,False,False,False,0.0,3.185274662956888,395.6832654324995,0.19029891384042702,1.1230945830029668,False,,,0,0,0,0,0.0,0.3252630114423866,1.8903551759336625,0,220,0b939d7d89c3fd6abaaf4499f046d081edfa0c3a54d38a85b18ef72600caa4d6,a0c4a4b65352eaca93626f5cee9cc76729b0ea3a9f275961422baf6ebd856d37,2.7480129931000197,387.1765664594416
4,49904,fixed_s_turn__kinematic__bottom_track_visible,fixed_s_turn,kinematic,bottom_track_visible,True,True,True,1.0,0.15931150244775086,0.19226322386741806,0.29549457900293513,0.8570555409969529,True,64.00000000000064,64.00000000000064,0,0,0,0,0.0,0.31145076475622,0.3350636614042966,0,220,b7c083eb2e816af0babeb0f222eb51e0b3593af0530a90ffbcabde656ed11a65,2924ff3f6459a12548a430cddd88712e939d04d78b0878ffd45a0976f8c05848,0.13489308834686173,0.21681554068035652
5,49905,fixed_s_turn__kinematic__bottom_track_visible,fixed_s_turn,kinematic,bottom_track_visible,True,False,True,0.72,0.2606508817188962,0.38398879893103316,0.12448763513758337,0.7287424589958391,True,183.99999999999383,183.99999999999383,0,0,0,0,0.0,0.2781479416639085,1.3415589563805947,0,220,6315cc6cbfcd74405d4bb9b102e8d119bdfede05eab2529a4208c75e13073be2,0e1dfd0e26bd4c00f6793d907dbcce04737c9b5972eed77d1079027705c6ab3b,0.30559387910783326,6.873772522405322
6,49906,fixed_s_turn__kinematic__bottom_track_visible,fixed_s_turn,kinematic,bottom_track_visible,True,False,True,0.32,0.24225437522532378,1.2568978181335158,0.4405896587033422,0.8085448329948122,True,243.99999999999042,243.99999999999042,0,0,0,0,0.0,0.33292596122643564,0.04864648497852222,1,220,374fd54a88f3b9e6e18ae704459843a41355fef5c2e23e6d4a24e240bf9843d3,39415e91edb3501aa4cb53c4324c08feb0e3d4127fa18bd3a63c23af84c44ad6,0.2760696891050705,36.62096224539297
7,49907,fixed_s_turn__kinematic__bottom_track_visible,fixed_s_turn,kinematic,bottom_track_visible,False,False,False,0.0,1.9732357484556309,63.268969090875466,0.32643988935842755,0.8507855409989133,True,183.99999999999383,183.99999999999383,0,0,0,0,0.0,0.3586402366102114,0.6519400406200452,0,220,a7553b66848419915a49a0a750658ca4e03cc9b22e171863823c2f0be736cf09,203d807d0f9d247c0a241f57aec130e22e60f2041f513058bff0883f0b736cd9,1.792420637866226,131.48191735497588
8,49908,fixed_s_turn__kinematic__bottom_track_visible,fixed_s_turn,kinematic,bottom_track_visible,False,False,False,0.0,0.5753406148115756,28.310929859145297,0.17199592175696957,0.7346629579988075,True,304.0000000000006,304.0000000000006,0,0,0,0,0.0,0.31867296248201044,2.0466637601842628,0,220,7464e9bc5a4bbde3db79c217440efb93bf7cda14a31cf511f875f300e6c907f4,c8bb64aa686ae5ffc277576f31f3fb7cf2049e981d4f565327b678652935cdfb,0.6101469962355404,122.25978684924695
9,49909,fixed_s_turn__kinematic__bottom_track_visible,fixed_s_turn,kinematic,bottom_track_visible,True,True,True,1.0,0.5633914661233,0.38955145750236414,0.11537029003814116,1.2140874169999734,True,183.99999999999383,183.99999999999383,0,0,0,0,0.0,0.31215467428974836,2.2407477991690725,0,220,25dad34453508903aa8a42b98250bdb7c8f6ccfdd883597fd942f1b245db2aad,b78083fd31701e84083eee5f1e3fd61459f146670f13f33c3ef62d3b787e23c4,0.5935387760273424,0.6890665681056519
10,49910,fixed_s_turn__kinematic__bottom_track_visible,fixed_s_turn,kinematic,bottom_track_visible,False,False,False,0.0,2.9431125365168307,354.92414445001515,0.2535914729453688,1.4790252079983475,False,,,0,0,0,0,0.0,0.2725657119381854,1.4756128217165252,0,220,586f9305ddf7e84d298c70c9ec09e247b6c500ba0b7273e1dea6cdd63189a5e2,502a7437d91020245d2f3236dd953ea02ddfccad8cb0871e2d0f6b510b3abca3,1.6171260943133827,362.3291550385023
11,49911,fixed_s_turn__kinematic__bottom_track_visible,fixed_s_turn,kinematic,bottom_track_visible,False,False,False,0.0,0.5929998501094262,191.28983959823697,0.17637828454764692,1.4250512079961482,True,304.0000000000006,304.0000000000006,0,0,0,0,0.0,0.3029587789965314,0.34328875178777013,0,220,c6a6c89e9039892900cd038b581c135a1f5df8c9ccc78c1e8ffbc02003d48709,a8c5e1880f48fe087134dffdbd7f24252da8f0bd599fa88db09ac7f0934d1ee2,0.7133732564718628,272.1849031755224
12,49912,fixed_s_turn__kinematic__bottom_track_visible,fixed_s_turn,kinematic,bottom_track_visible,False,False,False,0.0,1.4834242689656365,261.9979447699388,0.3470384751992361,1.167809375001525,False,,,0,0,0,0,0.0,0.3326334815231205,1.5672549239363704,0,220,9bfa02258ed34dbbed13c2169dbf92f341e5ef0bdb781147e2c7516715fe06be,c356fc1a25d090fc14074348f4a7991b75617238938ec5900cf92c1f3c7b5844,1.6000566917067771,265.9087078525421
13,49913,fixed_s_turn__kinematic__bottom_track_visible,fixed_s_turn,kinematic,bottom_track_visible,True,True,True,1.0,0.3102340589704512,0.4763692748348646,0.1215871525370816,1.1502681249985471,True,64.00000000000064,64.00000000000064,0,0,0,0,0.0,0.30469396091348216,1.0953472308279546,0,220,98ace53747e6cee5da383c96db4a9deebc16566181619554706fc36f1ee0628c,75ef1f15762e81fa6b01113347b555c0504e3ffa779bc5ea98e226a397c21dc8,0.3515418342246425,0.3566782316319779
14,49914,fixed_s_turn__kinematic__bottom_track_visible,fixed_s_turn,kinematic,bottom_track_visible,False,False,False,0.0,2.1998700478197213,313.24350813253363,0.2763689727021956,0.9367408749967581,False,,,0,0,0,0,0.0,0.3698547370675317,1.3676465936475242,0,220,38dfda33db48a868d715a5ce46c0b4ff128ef80673de0c0594dfe169b5809fe0,b4f87516d94e8d49417e92d095bfa4588b97c6c2f9109430536cce75690cecdf,1.9375114416067867,303.2748593558352
15,49915,fixed_s_turn__kinematic__bottom_track_visible,fixed_s_turn,kinematic,bottom_track_visible,False,False,False,0.0,1.2790754925390069,247.06129586105723,0.5125053886358161,0.897543457998836,False,,,0,0,0,0,0.0,0.2755963758337919,1.1156433408400384,0,220,2bf78a58a4ad4c136f6b4c9f515cdf1c7d907b476cf13601d121c2d34fb733fa,3dd2606dd629a32892d4efeae981530160273eb36415693980fe1598c1445e4b,2.46783293949508,240.4382996600632
16,49916,fixed_s_turn__kinematic__bottom_track_visible,fixed_s_turn,kinematic,bottom_track_visible,False,False,False,0.0,0.644933074835222,28.28958648277313,0.20000764876394037,0.9508467499981634,True,243.99999999999042,243.99999999999042,0,0,0,0,0.0,0.2587757064142171,0.4862528290639068,0,220,36b747e1334075c7315d653d40aa737f338ce273447338f9d0fe3bb3b731f7bb,62971a093b05b1b469aea4009576bfdbc66bfb82db50ce1278d60ad8434deaff,0.7539617902629392,107.21423687898815
17,49917,fixed_s_turn__kinematic__bottom_track_visible,fixed_s_turn,kinematic,bottom_track_visible,True,True,True,1.0,0.31809296803073206,0.42029992917133535,0.1125040951977411,0.8895940410002368,True,93.99999999999893,93.99999999999893,0,0,0,0,0.0,0.30137509881385716,0.6447028941076134,0,220,217415a7ec19262b5490d6b98a3ae9b0a6f31c2683037d87879984257e5f56e2,b501affd3e98da268ebbb634a087c236e749c7f9270a34428e15c73b2f309b8c,0.39325894184117866,0.47957554241279365
18,49918,fixed_s_turn__kinematic__bottom_track_visible,fixed_s_turn,kinematic,bottom_track_visible,False,False,False,0.0,1.481639406321678,87.35859767502615,0.20372060888321364,0.9539456659986172,True,304.0000000000006,304.0000000000006,0,0,0,0,0.0,0.28904196184629655,1.286901647736896,0,220,8426f813797d028bcc8a577898e206c895014555887d16b589546035bcf3c769,c27e387da8c5a5d3029dc73325e5d6c597d693c47d749c4a1fcf2dfa1595314b,1.7235112482380324,165.98207660000497
19,49919,fixed_s_turn__kinematic__bottom_track_visible,fixed_s_turn,kinematic,bottom_track_visible,False,False,False,0.0,2.887795907717341,255.9116510704252,0.19307788749919244,1.843855416002043,False,,,0,0,0,0,0.0,0.2949632542591983,2.2958095984310716,0,220,289caafe1ee074229dbb1ec3e0f2522bb06cb8932dc683f2a38eda18e0af7b19,3065dc57491db36bf00e9096ac9a84d1e4dfa11339093179cc0eb002efed92e0,2.767431463470714,260.0466455574817
20,49920,fixed_s_turn__kinematic__bottom_track_visible,fixed_s_turn,kinematic,bottom_track_visible,False,False,False,0.0,0.3483978988431462,321.9333153174926,0.32004468512339873,1.2487086660039495,False,,,0,0,0,0,0.0,0.34907951534451576,1.224740392378813,0,220,fb4b905ae49b654ab27ea429c3fb5d85bede69a580831b04cc500f32ac1a2b48,0c9f92833dc5acf72ce7d87bd0de2ac9372a1689bcdf52f370d90ef4681eb8c0,0.9689802773147429,319.19947672045737
21,49921,fixed_s_turn__kinematic__bottom_track_visible,fixed_s_turn,kinematic,bottom_track_visible,True,True,True,1.0,0.6412381804343699,0.6793244745768163,0.11264155261564768,1.2828815000029863,True,64.00000000000064,64.00000000000064,0,0,0,0,0.0,0.295856713606748,2.1163451104223174,0,220,5bf7a6647fc7cfd1c748039098510269cd27f368c769063b3b12266a6771ac10,88700bc5bd0b5e80470a93550b4ff960262ef1773350f5a67eba01d7557bbe3b,0.687612736510827,0.8024277780369644
22,49922,fixed_s_turn__kinematic__bottom_track_visible,fixed_s_turn,kinematic,bottom_track_visible,True,False,True,0.78,0.9118281777728386,0.9380933028536028,0.19790131225761587,1.571885082994413,True,183.99999999999383,183.99999999999383,0,0,0,0,0.0,0.34291220385690335,1.3328652660971898,0,220,e6f25bd64fa736805934db124f544dc6ff2fd7bf12e494a491effebf54914209,d8e3e8bcfd7de841b624843c4a7387c9f91c58d23906b76a78675bfde256c67a,0.8638208268434269,5.236267107838238
23,49923,fixed_s_turn__kinematic__bottom_track_visible,fixed_s_turn,kinematic,bottom_track_visible,True,False,False,0.24,0.7082494164033244,2.294078175510194,0.24769551078273924,1.0738806249937625,True,183.99999999999383,183.99999999999383,0,0,0,0,0.0,0.30264300781417003,0.1676700412956245,0,220,04149b73bdafb7d68b31435a44f190a449f9d49ff427b0f6fb5c3afaef8f8763,d7c65b2eec467287244eea36b47aaa3466a7a532f8215f6488bdb388bda74852,0.6424547917890097,44.310457690536204
24,49924,fixed_s_turn__kinematic__bottom_track_visible,fixed_s_turn,kinematic,bottom_track_visible,False,False,False,0.0,2.4596707999201475,261.5665010456082,0.41365314066454945,1.1803534580030828,False,,,0,0,0,0,0.0,0.3028942333733298,0.9722988486734169,0,220,8e3ce06c2503fff8b4e787ff5bab8a01ea133ac95fb930f4787c92310fec24fa,dc679f5ff9127fe7d6a73f5e56ed906062b6eb29248e0b9d9f04320284a2b29d,2.7344841705190994,265.7475225638842
25,49925,fixed_s_turn__kinematic__bottom_track_visible,fixed_s_turn,kinematic,bottom_track_visible,False,False,False,0.0,0.3170080419224861,45.93983764544967,0.30973485692720937,1.019089667002845,True,304.0000000000006,304.0000000000006,0,0,0,0,0.0,0.30270777925545134,1.4869297999560285,0,220,7352dd813bff63aca339c91708bd0bae2397007b7662677b0bfa49e677571ad9,c22bd1799111822189221cd6440dcca451c23d33a654a2d09a47e5354e93a3ca,0.3054878158433494,126.82256476736887
26,49926,fixed_s_turn__kinematic__bottom_track_visible,fixed_s_turn,kinematic,bottom_track_visible,False,False,False,0.0,0.7462516972020644,466.4697129385613,0.3688947554679107,2.526122499999474,False,,,0,0,0,0,0.0,0.26695747300868145,1.2702574826459903,0,220,d4aa2713f22a1b82ccfd89cfa859607c9c1e28a4da580c2914c416e690e19c4e,03695912143e35f53fcdd67de75ef953bddbc8691e489c025c6128f0c2ec9501,0.44171198005700935,461.86349527264656
27,49927,fixed_s_turn__kinematic__bottom_track_visible,fixed_s_turn,kinematic,bottom_track_visible,False,False,False,0.0,0.35554130712091403,198.262960976239,0.26112930024866476,1.0434775419998914,True,364.00000000001427,364.00000000001427,0,0,0,0,0.0,0.30598265812664976,1.7033998818404117,0,220,e8a140ba1fdb009da536c1f06a0b02ae2c0ac6fca35b9fd271636d562384098d,ce23f1c62e6c89badf8cca58be7e8f1568ca14aafe83cc816a7fa6c3e82f4c0b,1.7439006413807892,315.3158941473444
28,49928,fixed_s_turn__kinematic__bottom_track_visible,fixed_s_turn,kinematic,bottom_track_visible,True,True,True,1.0,0.9468082835471051,1.0476515668536313,0.2794549662126421,1.1547151670019957,True,243.99999999999042,243.99999999999042,0,0,0,0,0.0,0.30494944341159513,1.2327572566502074,0,220,62888d956483eac035c8c731c71db650602b814c683205d0bc92e9b30802e115,bc9970f05b90984138eb29b76da450d57eb867607b64a2d1e485174abe7bfb1f,0.9298266322615173,0.933290899925896
29,49929,fixed_s_turn__kinematic__bottom_track_visible,fixed_s_turn,kinematic,bottom_track_visible,True,True,True,1.0,0.8243028011473247,0.936560892457062,0.27484673152184014,1.136300541998935,True,123.99999999999723,123.99999999999723,0,0,0,0,0.0,0.3088212512039839,1.1308821464745151,0,220,cd4393ae9f3ae238ffc11f23d88130b6177d3f943e76e9b23e48f316263eb7fc,c9014975dad70e2cbb0621d0d0c30accd970b62e1cd0d3f31a9e1e7475180b61,0.8095586928286228,0.8468971648957904
30,49930,fixed_s_turn__kinematic__bottom_track_visible,fixed_s_turn,kinematic,bottom_track_visible,True,True,True,1.0,0.6346811465869391,0.6658916549014305,0.2283070501052567,1.0863706250020186,True,183.99999999999383,183.99999999999383,0,0,0,0,0.0,0.34479680341569785,1.6084504574860723,0,220,05a7e109fe9fff1e1a1ac0906f3a920180e076e8c8c551fa3ea36a090a3e5a2e,1b102216093ae2b76f8a54fd258935e0ded99a9ee2b73b6ebaddd28e06c89996,0.6927872347681361,0.6402575665649718
31,49931,fixed_s_turn__kinematic__bottom_track_visible,fixed_s_turn,kinematic,bottom_track_visible,False,False,False,0.0,0.6175698293231152,262.43577132831496,0.18902158755588458,1.1239213330045459,True,364.00000000001427,364.00000000001427,0,0,0,0,0.0,0.2965278019009699,1.2875882341468199,0,220,58d5a76ca2311950cc6cb7fb2c5cf98fe235f0162a0f700894b1a5a2a15c425e,4946ddd8f16dadf988f24557bedff92266d4048c701a6086a364cc8694f86a5a,0.9669775445498422,350.372468766346
32,49932,fixed_s_turn__kinematic__bottom_track_visible,fixed_s_turn,kinematic,bottom_track_visible,False,False,False,0.0,1.925691874695988,238.1035419081001,0.1831445644157918,1.2357899580019875,False,,,0,0,0,0,0.0,0.30750573171474044,2.183369224931524,0,220,03a600d903049220df713016b97d44f68fe4370e7a0d46794ad675862e6a9550,0330c82e1a9c7eeb948fd18a0464c66bf90025422b4b4bafb0564eaf5210ec23,4.220880570714609,227.19272658710358
33,49933,fixed_s_turn__kinematic__bottom_track_visible,fixed_s_turn,kinematic,bottom_track_visible,True,True,True,1.0,0.8018384429384694,0.6203610586558015,0.12016372783873032,1.2020256250034436,True,64.00000000000064,64.00000000000064,0,0,0,0,0.0,0.31213077684180845,2.3427295355157227,0,220,929ed4b5daab5e1fef8b47d9103ad83f3f02852eb5b8eafc4b94e5c731d9502d,92c2da3dc623706f5404767d84c2d74cf36e9d6e3f04de18f79b79c9a1ec90f5,0.6861754140865577,0.7014565142786726
34,49934,fixed_s_turn__kinematic__bottom_track_visible,fixed_s_turn,kinematic,bottom_track_visible,False,False,False,0.0,0.6729122849565398,262.1425008957025,0.2579375180093142,1.0920021249985439,False,,,0,0,0,0,0.0,0.3637522239749227,1.2992829718819736,0,220,dc7207f776075453523d7da174187ca39c9c1c6709ac2edb6c78445ab66e739a,a3cc59b8ce9c18fe636ae2e19c0ba3161dac8476207781937503489ca437dbf2,0.8335535851813018,272.6813570382872
35,49935,fixed_s_turn__kinematic__bottom_track_visible,fixed_s_turn,kinematic,bottom_track_visible,False,False,False,0.0,0.6325553096734392,208.21214158732917,0.1942344486344024,1.373873333002848,True,364.00000000001427,364.00000000001427,0,0,0,0,0.0,0.29931234176987426,2.047337109391083,0,220,6715f1b0584e1e6031c599d2db634f1df0e56450bb1976c639582bc82926cfdd,c75cfaa31948c87cb56aca7a412177107dd2018c26f2ef230ff287f947eb9478,0.7457738667039385,325.5965465345152
36,49936,fixed_s_turn__kinematic__bottom_track_visible,fixed_s_turn,kinematic,bottom_track_visible,True,True,True,1.0,0.7400904343251915,0.6316654259488476,0.1631786795137916,1.1926628749934025,True,123.99999999999723,123.99999999999723,0,0,0,0,0.0,0.33282217266801273,1.4652742805827386,0,220,87d7c5b09dad5c57dc0038543a833a26911ec9737aff66fa0f06c9567c54bed6,96a9244e537beca1f551ac862856ab007ba0d56460793e357b6212ba7d5be1c3,0.7504587256090471,0.7483727826576964
37,49937,fixed_s_turn__kinematic__bottom_track_visible,fixed_s_turn,kinematic,bottom_track_visible,False,False,False,0.0,1.2561186750860047,79.06892269270524,0.17878903585612466,1.217407500000263,True,243.99999999999042,243.99999999999042,0,0,0,0,0.0,0.35828625260228303,1.2032774501606838,0,220,11acf08d6e35f5a81fc87c414812113fcd3ffa23f5fcf90d84cb3e5777cd88ae,c6bf86bcc8d137efce595aee559e4344294f1a2819b21d556cb7b206bcc21b85,1.6634952307351127,141.14852347576075
38,49938,fixed_s_turn__kinematic__bottom_track_visible,fixed_s_turn,kinematic,bottom_track_visible,True,False,True,0.66,0.3672340832343631,0.2620562136938749,0.2503579004435534,1.2565578329958953,True,304.0000000000006,304.0000000000006,0,0,0,0,0.0,0.3499483834560392,1.244641609370806,0,220,a322b04fa568f1348ca44c92c0e3f68a3ff8d25ee0f1ade04f729075319116ff,f0c6828eb40887a7039fd640aad3bb0cb0c2e9a9d35cef796fdd8a92d730bc4f,0.3370350460066669,11.235215757645365
39,49939,fixed_s_turn__kinematic__bottom_track_visible,fixed_s_turn,kinematic,bottom_track_visible,False,False,False,0.0,4.816051734525606,87.85718507896618,0.16009091007944454,1.1307087089953711,True,243.99999999999042,243.99999999999042,1,18,17,0,0.0,0.29824244813521517,1.9990174597502752,0,220,2b4a20bdec0acd0249d3e523fbe5c34b9f229f1e2fec55daf2d4bc4161eb324e,87246b91efde3489f596a71a6bdd3fd00ed906fef0e6b05a924f96fe22f951b1,4.808262261379002,146.80841643133945
40,49940,fixed_s_turn__kinematic__bottom_track_visible,fixed_s_turn,kinematic,bottom_track_visible,False,False,False,0.0,0.21088431905684596,228.8741919969427,0.36820922603792455,1.1390808340001968,False,,,0,0,0,0,0.0,0.3078399397857126,1.0409422753536692,0,220,acd58a3c0d900aa734f4a370f318d56def97ffbed5ad9298ac5caea535d801a5,f7eac2ce5a924b2b9b297116e46804b4f98dab4f50bda1293fdd479b3abdd211,0.5490682939633029,233.8952650476036
41,49941,fixed_s_turn__kinematic__bottom_track_visible,fixed_s_turn,kinematic,bottom_track_visible,False,False,False,0.0,1.403927390877315,175.6750488820373,0.498670721604446,1.419250540995563,True,424.0000000000279,424.0000000000279,0,0,0,0,0.0,0.25617265731954325,1.125972985123884,0,220,f2049e6942141da0e4797c69ac39e851379331838f9398f9f458eb1d217b952a,9089bbe479e644e437d651d4317f8641fcbda1ac5eeb5d3bc999b4c2a3b4ccf8,2.2161332525158213,197.63458411633638
42,49942,fixed_s_turn__kinematic__bottom_track_visible,fixed_s_turn,kinematic,bottom_track_visible,True,True,True,0.84,1.2122363816615231,1.3301797838879024,0.16010810250976373,1.1598555000018678,True,183.99999999999383,183.99999999999383,0,0,0,0,0.0,0.31416263808279854,1.2181351447454039,0,220,87ceed3576069b0c7376a4a43debcba02fceb6144c876404368769821653a4aa,18b9e181a6fd1aee9ca1013f3cf0c9284f538a70238af65329376e64ac1fc444,1.2450551007883475,4.315162530697607
43,49943,fixed_s_turn__kinematic__bottom_track_visible,fixed_s_turn,kinematic,bottom_track_visible,False,False,False,0.0,0.3533178837313076,108.74218283441824,0.24129219551364942,1.140810707998753,True,364.00000000001427,364.00000000001427,0,0,0,0,0.0,0.28230112426047443,1.717264651961939,0,220,7e43d4f546176f21c8dce84f5dad5cfd77ae9767444759d10d1fb28d5ded4c3f,6d3cad2718077740eac4ec0e2b243cfa83cf2b8cbe2805360cc9f6865d2c9333,0.728011698057447,225.49906061582703
44,49944,fixed_s_turn__kinematic__bottom_track_visible,fixed_s_turn,kinematic,bottom_track_visible,False,False,False,0.0,0.5989255965268256,233.25303020597863,0.2027709210071118,1.1298469169996679,True,364.00000000001427,364.00000000001427,0,0,0,0,0.0,0.2849234037908607,1.5530566458338584,0,220,ce47d6034b7f702e875100a63039adfc9f3f2ed0ac8f6bbf4a302ff6ba8d4b68,453259891c62c689a540aff1ecd4e6f494392514ce7256d421ccc2def8f3e43e,0.799679398553123,326.29015188727675
45,49945,fixed_s_turn__kinematic__bottom_track_visible,fixed_s_turn,kinematic,bottom_track_visible,False,False,False,0.0,0.42506984189542907,99.33274110929713,0.4385994595116029,1.2123466250050114,True,304.0000000000006,304.0000000000006,0,0,0,0,0.0,0.3033474376221483,0.2045700991914439,0,220,5408fdf0fd421aad63cb2c2b622a3a82cc6fd377024b808642e3e796e76c8b92,c8fd0c65fa1109e77715ce4b59fabc4fde3df9cec53a27974650aef6f7221450,0.5499157515785622,181.30108890018278
46,49946,fixed_s_turn__kinematic__bottom_track_visible,fixed_s_turn,kinematic,bottom_track_visible,True,True,True,1.0,0.9969702975854943,0.8077248642319986,0.18384957387713577,1.211393333003798,True,183.99999999999383,183.99999999999383,0,0,0,0,0.0,0.27184782479775954,1.6230725007674125,0,220,756fbe5e0c16da80bc61c4863458301e2e45d3663f74ebab10b060202bc23426,eb851573b56185232ed67b6b2463457d6433b7e75bdfcf7cecdf182346ec992c,0.9011365953747168,1.0652811368251909
47,49947,fixed_s_turn__kinematic__bottom_track_visible,fixed_s_turn,kinematic,bottom_track_visible,False,False,False,0.0,0.7848620030722698,273.49792564846916,0.2886028044245396,1.063300916001026,False,,,0,0,0,0,0.0,0.2786342233002043,1.7468782819991675,0,220,0bfa78176b894b6eb87ee14a62267d228b938665cd26f5a8f1251102a5d3fb79,2df9e67af1878dbc7fc755b4658f3024bd0bb6712bc7fba68fa29d04c8543779,0.8419040304191294,266.48537140305217
48,49948,fixed_s_turn__kinematic__bottom_track_visible,fixed_s_turn,kinematic,bottom_track_visible,False,False,False,0.0,0.7305249907996602,286.11904359401166,0.2510880703820471,1.1967188750058995,False,,,0,0,0,0,0.0,0.25803716033872126,2.0378051482869055,0,220,c88e5c67958ed3ce2b41217936d85568754da82b43aa77e68f4b20302d0ee44b,e937ce564580708dde9e1fb3f603b58e15f3148946e6d47431aa6037b6970c2f,1.162699073803158,289.70326852372216
49,49949,fixed_s_turn__kinematic__bottom_track_visible,fixed_s_turn,kinematic,bottom_track_visible,True,False,True,0.72,0.7563007983172504,0.6983572781079734,0.3550976517505486,1.1754267920041457,True,243.99999999999042,243.99999999999042,0,0,0,0,0.0,0.3452007501161801,1.1787054160198136,0,220,f46fa321d0a79dca9a7f095dc28c948ea9fbc16ddbd25d96672b923c58e6eb27,f250424cb5ef9bdd62141cda0f77775edeb55f80c21fdb0a21057bb37bae64ef,0.6978679368576405,6.75679627131854
50,49950,fixed_s_turn__kinematic__bottom_track_visible,fixed_s_turn,kinematic,bottom_track_visible,False,False,False,0.0,1.5047725627706832,139.10453301621274,0.25278977496031696,1.4250764999960666,False,,,0,0,0,0,0.0,0.28759131532721216,1.6867835767877863,0,220,01baf36a4a9fa1d1cce4523fecb7294d05e494586e01ed8a87fb6cd01b5e935a,4100574058f5163aeda9737c4ec17099e1a5280441e8351c0ffedf2c1cf13ff2,2.9534292335480994,143.6811421149355
51,49951,fixed_s_turn__kinematic__bottom_track_visible,fixed_s_turn,kinematic,bottom_track_visible,False,False,False,0.0,0.189971927475937,59.99807601227842,0.4778420053280215,1.1448750420022407,True,243.99999999999042,243.99999999999042,0,0,0,0,0.0,0.3131925867044546,0.1256672738293536,0,220,bf60ba534788eef36c35ad9d9cc602b5af533a538279040b6c39db9f865f9d87,83b297bae467b92b145f63f2d2d2c82b9f3cf832760d497dab115680e9b8bb9a,0.2176302042571524,138.38801849342534
52,49952,fixed_s_turn__kinematic__bottom_track_visible,fixed_s_turn,kinematic,bottom_track_visible,True,True,True,1.0,0.3569171419188139,0.4180606507877584,0.16869407168208359,1.1661829169970588,True,183.99999999999383,183.99999999999383,0,0,0,0,0.0,0.2687690499301418,1.283715409180231,0,220,ed253c00506bdd87481b48b556dcd4893913d6991474d0f1bc80b8d8fd153ee3,dc2c4f4463218aff6d88a75468d79310293c2be392df1b549ea1362b215e1c05,0.4139630546280819,0.4645073883189957
53,49953,fixed_s_turn__kinematic__bottom_track_visible,fixed_s_turn,kinematic,bottom_track_visible,False,False,False,0.0,8.365466086380493,349.98550493632797,0.2468897333336358,1.0270532499998808,False,,,0,0,0,0,0.0,0.3037536749052908,1.9530949206792882,0,220,54b1b94e5ff2c327b5eacc1e77d7555fdcc5f64e04d3d30d612e7fabb3bcedd7,20d4d1779e5c37350c151823365b483d5890d0fb8587151a2527580ea9aaf97a,5.634864104779862,339.4575611170829
54,49954,fixed_s_turn__kinematic__bottom_track_visible,fixed_s_turn,kinematic,bottom_track_visible,False,False,False,0.0,0.2681728722594248,116.58477303576656,0.2408645091859195,1.4829252080016886,True,364.00000000001427,364.00000000001427,0,0,0,0,0.0,0.3540594770604432,1.940197603179799,0,220,3a4ede0b46c4bbb7ad04e0e7de130835828c663a04742bbd2b71723791830ded,d16806f1831d8f307d7ab8ee3e8c48157cedd2463dca6a117262a07b7eec0c08,0.46019805009888637,212.89781009229432
55,49955,fixed_s_turn__kinematic__bottom_track_visible,fixed_s_turn,kinematic,bottom_track_visible,False,False,False,0.0,3.915870033437953,247.67666486021315,0.3368721860705703,1.1703962909959955,False,,,0,0,0,0,0.0,0.31213718059056944,1.4482863717528618,0,220,518296bde63b7a74f902834dd2adc7d26e25eb973c95c459c0a6348eb8103670,16ff54a4be07c1bff85e3a9bbe6fac24cdb20ca1adf9e16c53ac77ad5bcc450e,3.7923119125487403,247.46704180970326
56,49956,fixed_s_turn__kinematic__bottom_track_visible,fixed_s_turn,kinematic,bottom_track_visible,True,True,True,1.0,0.6858537002729267,0.6264864379542654,0.15353372076276567,1.0914765839988831,True,183.99999999999383,183.99999999999383,0,0,0,0,0.0,0.30111463250852266,2.1145640639732535,0,220,12775fd8dcd77ba32ff36d2f1c45af84341a02c9775773f983d0d28866d56587,c7a758f3a6682b6c512496c289de63a0b5fec2c0b72d067f234896cdcb2410ae,0.5923166561252435,0.8302610803733339
57,49957,fixed_s_turn__kinematic__bottom_track_visible,fixed_s_turn,kinematic,bottom_track_visible,False,False,False,0.0,0.4384676162017251,231.57872982687593,0.4732357093647132,1.0642255830025533,True,424.0000000000279,424.0000000000279,0,0,0,0,0.0,0.31921423980863817,1.1461721647008007,0,220,86c3a939063b6929fec660c903b56179108a9042e9daa0de34070e92b6f1fed9,0dec86089e67415c60f336e20268a08ae008bcebd68cda3dff20711b98ea8884,0.9274424628529551,243.9639329006586
58,49958,fixed_s_turn__kinematic__bottom_track_visible,fixed_s_turn,kinematic,bottom_track_visible,False,False,False,0.0,1.1589334057011362,272.0712329484988,0.2072948964788921,1.1067679999978282,False,,,0,0,0,0,0.0,0.27248587746054004,2.262992359391294,0,220,86b6c88cdc0a48c542e30e281ea9604d2e1ebc93b5e36f018780fe5f973e4491,2f4a8c1053074ad415cdc6d408ebf0e701cb65d4f79a4bb46c55fb3b3ea3f3dd,1.0895620270045427,276.8865856303002
59,49959,fixed_s_turn__kinematic__bottom_track_visible,fixed_s_turn,kinematic,bottom_track_visible,False,False,False,0.0,2.066988610226033,296.74688634406147,0.2470751984026828,1.1628491250012303,True,424.0000000000279,424.0000000000279,0,0,0,0,0.0,0.33190247354400065,1.7071768350825698,0,220,e1bd0cc93d22b9c5c8287abb52e46e2620758310ad1df761b869a14c036eb58c,07a809b143b5652f94984bb0c54d0128ebbda00769085ea763367e0c8ebb468c,1.4651420695004527,328.19600421512854
60,49960,fixed_s_turn__kinematic__bottom_track_visible,fixed_s_turn,kinematic,bottom_track_visible,False,False,False,0.0,6.266946337157605,197.20315311235788,0.3174039584341811,1.0736902089993237,False,,,0,0,0,0,0.0,0.2866089297056393,1.2823370105177456,0,220,d18bc748804938e07e4dcf8014bee0a5d4313c1c03943ae742303aed72208036,e12ca1c76bd8cc74ef2c8bd772d04365090d025745d5a7aef03cdc4c9f008db5,6.368923890516367,208.23285445475386
61,49961,fixed_s_turn__kinematic__bottom_track_visible,fixed_s_turn,kinematic,bottom_track_visible,False,False,False,0.0,1.3224320758506205,341.41231815204617,0.41389897225501227,1.0963313749962253,False,,,0,0,0,0,0.0,0.31389974725422437,0.8524476864717419,0,220,ceba92a3b877fd5f92d6035b51b097f4f2363db4996b31f9421b190fac43e195,37fdad0f2243afe1b86f3547ef94ba690b82bc47dec8ede831216fb1c5ea7e83,0.9761434476830441,341.2600270244504
62,49962,fixed_s_turn__kinematic__bottom_track_visible,fixed_s_turn,kinematic,bottom_track_visible,True,True,True,1.0,0.7934195602405071,0.9585381708306151,0.39999831924054946,1.3055055000004359,True,123.99999999999723,123.99999999999723,0,0,0,0,0.0,0.3046233492018627,0.06602100824099158,0,220,fe1da9c12b99828d9f87c9f3afd157a94eed2413c271d21baecf29dafbfafc0f,dc3bbc85346c3080b20c134dffee7accad8e5db56a5c1261fbf8eabffe1e2849,0.7166052615803017,0.9624675672690899
63,49963,fixed_s_turn__kinematic__bottom_track_visible,fixed_s_turn,kinematic,bottom_track_visible,False,False,False,0.0,1.9019506975874978,366.3672242216889,0.5911507385721826,1.1647785840032157,False,,,0,0,0,0,0.0,0.31538075349135536,0.821603513695286,0,220,6da58f46ea569b7d43b7fdc298d13b37ab72c2c4cef5229b98f965d253c523e2,18d00207f6001c96b230fb553dce29322b5f20b06e265cd86165730580967f4d,2.053660339079489,367.64920921034167
64,49964,fixed_s_turn__kinematic__bottom_track_visible,fixed_s_turn,kinematic,bottom_track_visible,False,False,False,0.0,0.8479690282938622,187.49607248745676,0.6634617723161665,1.0999113750003744,True,304.0000000000006,304.0000000000006,0,0,0,0,0.0,0.3328314896072158,1.0818385601131333,0,220,67bd2eb21eb561e0863c16d1f7c234ff91eeb16e1dee50edf3fd9d749f5d3699,7ccf1bcf40084506a67b61b3ece54cbe81b5c11c0c3a4b76c26b40f13bb713c4,0.8978676043766736,248.02584646057073
65,49965,fixed_s_turn__kinematic__bottom_track_visible,fixed_s_turn,kinematic,bottom_track_visible,True,True,True,1.0,0.8265656802976916,0.7923478432908686,0.22115505779187927,1.145548874999804,True,243.99999999999042,243.99999999999042,0,0,0,0,0.0,0.27365191501745345,1.3651751568150603,0,220,2a2beba076a5ea0920b508b6a78df53dd8cfd819d6d58fe7c63602ce4aff6900,2fd794417b190621d41c2a996866194c086eb09d51135fb592c0773edcb9bc0f,0.8381110435397303,0.8290967284455937
66,49966,fixed_s_turn__kinematic__bottom_track_visible,fixed_s_turn,kinematic,bottom_track_visible,False,False,False,0.0,0.4628027137979437,32.47737835804585,0.19084543735841164,1.0391079999972135,True,304.0000000000006,304.0000000000006,0,0,0,0,0.0,0.3107023825031244,1.760695843083866,0,220,c9f5995a1e8a09a15bfa441aaab759f0319ad84b2cd7346ff238dfebc36902a1,79516b7dfd88b1ee0f65c05e9335efd95afe1a92a7602661111b09596ab264bf,0.4726901493867861,122.67044622976893
67,49967,fixed_s_turn__kinematic__bottom_track_visible,fixed_s_turn,kinematic,bottom_track_visible,True,True,True,1.0,0.395491011793913,0.3844388007502628,0.14474058375320023,1.7172910419976688,True,183.99999999999383,183.99999999999383,0,0,0,0,0.0,0.3078947920410871,2.054448304178703,0,220,ef39de65c37d33e142f00262c8903cea28da513947fb24a746b704c86ed76019,c031e4eeab1f22e5c3da407e3834e2da94a3356c1bb720d13a54a5b6b9049bc3,0.4448116915128429,0.4659839859072696
68,49968,fixed_s_turn__kinematic__bottom_track_visible,fixed_s_turn,kinematic,bottom_track_visible,True,False,False,0.02,0.3377353433778342,7.187462793786293,0.32526879279163967,1.1260928330011666,True,243.99999999999042,243.99999999999042,0,0,0,0,0.0,0.34596540837061573,1.2114520111391984,0,220,0a820f69b7b2f5da8a5abd093f9feb9f6e1a28aedeef01e45edae109ee484006,c310530552a70a373c24bce61685c0e02fc9ef1608c41ebf86370a57a0c194ac,0.4664227186793336,59.97045247955781
69,49969,fixed_s_turn__kinematic__bottom_track_visible,fixed_s_turn,kinematic,bottom_track_visible,False,False,False,0.0,0.24451483776489452,214.60984077181737,0.32804233486958767,1.2017085420011426,True,304.0000000000006,304.0000000000006,0,0,0,0,0.0,0.2919704846735426,0.1847437619196096,0,220,2e80e0cab40504f9a750027ff0bc1cbe7b5b57367b93e5f7633533aaff6c8c11,012085c08b3523299f749dbb4b1291a81ef0104163be2676e67c2a8f1e17c6c7,0.1878166187633325,291.2116349543355
70,49970,fixed_s_turn__kinematic__bottom_track_visible,fixed_s_turn,kinematic,bottom_track_visible,True,True,True,1.0,0.08657535264023626,0.1064229815759095,0.3483781559641358,1.453274290994159,True,183.99999999999383,183.99999999999383,0,0,0,0,0.0,0.34585672031793446,0.29193147567082284,0,220,27f5bcb2814056976e42441b2aa88018e3355141587e0e48a7904f903ab3cfe0,90ec2676b3be89c8100133997fc8d14a3f806f3bc256cc7fc38451606b1f8ef9,0.1922923381106903,0.17310698138973815
71,49971,fixed_s_turn__kinematic__bottom_track_visible,fixed_s_turn,kinematic,bottom_track_visible,False,False,False,0.0,0.8172628556963992,351.12490464581,0.2526104001548315,1.2302010420025908,False,,,0,0,0,0,0.0,0.3169631762472497,1.5927633937153862,0,220,d0cb23c627da2d20bc6499ebbb867cc1643bdd7e1fe4770153b5847cc7be5d64,48ff458df8c0d784e9dbf77fc768bf476d073a092bd878cf79454012dcf9c259,1.3436103500059695,348.3461440672079
72,49972,fixed_s_turn__kinematic__bottom_track_visible,fixed_s_turn,kinematic,bottom_track_visible,True,True,True,1.0,0.8153364900058957,0.8608863847774516,0.13023337812092908,1.501329083002929,True,64.00000000000064,64.00000000000064,0,0,0,0,0.0,0.3216893008104814,1.2886654847976593,0,220,b0dd1f772eab80a519542d31f0c52b386ecf62c30cce3e78959cba6e15d1b43b,6d7094f5956eec844f17825eb38118a2e36a92fef02141e0e712da71e1f41c9f,0.8061864748368529,0.8857424312097482
73,49973,fixed_s_turn__kinematic__bottom_track_visible,fixed_s_turn,kinematic,bottom_track_visible,True,True,True,1.0,1.152850688017505,0.97036467238321,0.15286708419274705,1.8378062919946387,True,183.99999999999383,183.99999999999383,0,0,0,0,0.0,0.30752560931313655,2.2569488297391596,0,220,bac20e5f94fd63708815455859c99923dde8ed96a97e59cb7cbe03bf2a180dba,53cb4e3080e067e350de1cf329b0bacbf6d9a1dd4ab2f29380adaf602fdcfed0,1.1765812166415057,1.2413355962569887
74,49974,fixed_s_turn__kinematic__bottom_track_visible,fixed_s_turn,kinematic,bottom_track_visible,False,False,False,0.0,0.47032087023930935,379.80761718356973,0.2840064114437899,1.6163987500040093,True,424.0000000000279,424.0000000000279,0,0,0,0,0.0,0.31895695753068215,1.603679056430417,0,220,06047bdcb70893fe40faa342c8b7d57d4f5dbef2ccfd9249d4fbe27a2f9f98bb,12ff0e079ce42c78d9d60178e65e7ce83c3e2a02cfdab9d8b6aa65696f1a5fca,0.8299364460509245,407.52462376644087
75,49975,fixed_s_turn__kinematic__bottom_track_visible,fixed_s_turn,kinematic,bottom_track_visible,True,True,True,1.0,1.0275075497667823,1.261225243000635,0.22592163796405862,1.2990922499957378,True,243.99999999999042,243.99999999999042,0,0,0,0,0.0,0.2959881389418576,1.638316474986152,0,220,ca0e949b4e537d88b8e7524c0223bde52624a147c2046d8e1620e887aa88ec9a,a1202b5f1fd8c676688754dbe507b240813742312bb56d31a47f8449f6d82245,1.1662709205798827,1.4031527679335465
76,49976,fixed_s_turn__kinematic__bottom_track_visible,fixed_s_turn,kinematic,bottom_track_visible,False,False,False,0.0,0.6397230685913929,64.42475171091382,0.2839672879651259,1.4386504579961183,True,304.0000000000006,304.0000000000006,0,0,0,0,0.0,0.2903730847083036,1.6107497378646687,0,220,074800316deaafb9dffe168686a56eeab8f123a214785fdae0d51be9d83ab926,ac34eb8b6512a038f92046e904963e583787cf67e6be0c3f9cb760212ffea7ec,1.5254271959432006,123.46921357762548
77,49977,fixed_s_turn__kinematic__bottom_track_visible,fixed_s_turn,kinematic,bottom_track_visible,True,True,True,0.86,0.5950232826526671,0.5955572791549325,0.3703125915147493,1.248293124997872,True,243.99999999999042,243.99999999999042,0,0,0,0,0.0,0.2664115848484569,0.8045386016935655,0,220,6dddf9a5c1d359534f4b00794fc97df90e54d0ad7e8af86b9b251e61a472f390,9d522c945a548d608e4234916b60d8ba40a84509edd2e14948c64824836bc840,0.6498638590329493,3.3655154836484655
78,49978,fixed_s_turn__kinematic__bottom_track_visible,fixed_s_turn,kinematic,bottom_track_visible,False,False,False,0.0,6.001849583157277,320.0734111744231,0.5582076740703128,1.213557374998345,False,,,0,0,0,0,0.0,0.24696977280029292,0.7313481620428047,0,220,c959246ee356bbf44c5e5841d4a62b749905d6a94d756b9541a1154d73ea82b6,aac14801023cea99aae03cd6193b3a28f947700cf62ff9f152eb65c852d56cf3,5.484171585992508,328.0338224004825
79,49979,fixed_s_turn__kinematic__bottom_track_visible,fixed_s_turn,kinematic,bottom_track_visible,False,False,False,0.0,1.1669649314782842,67.74513530617986,0.26488297550108647,1.1507215419987915,True,364.00000000001427,364.00000000001427,0,0,0,0,0.0,0.26960101283163845,1.9044895414803757,0,220,b58e28364fb0b50e969eba900fbee95629bd1c7a85d50db1d4df402e9cdc108e,da0a2bb7e931ecaa2c4f340c4bc40e666f7f1e594b187edf19cba64c4422cb91,1.1607750319614771,185.44630407691412
80,49980,fixed_s_turn__kinematic__bottom_track_visible,fixed_s_turn,kinematic,bottom_track_visible,False,False,False,0.0,0.6515738017326985,132.51361217444298,0.230007064114512,1.2209112089985865,True,364.00000000001427,364.00000000001427,0,0,0,0,0.0,0.3128905772885096,1.6883666367241679,0,220,2f173c4ff21bd16b53a70851cfce757eb5a526c77932486bd057e7ceffe573d9,9b0ac35476c95296d629fbb9988fc92c99dc36538d2c40d4baa4c37863bd1e7e,1.742136411431184,231.36736348044164
81,49981,fixed_s_turn__kinematic__bottom_track_visible,fixed_s_turn,kinematic,bottom_track_visible,False,False,False,0.0,1.1407255225986355,38.525633749196544,0.24954736640221084,1.3483369590030634,True,304.0000000000006,304.0000000000006,0,0,0,0,0.0,0.28915883439149836,1.39973656018215,0,220,0b4b0c31e44713ee5f18d9ee27453a7e51f2045cb5a863a2d60255538bd1b899,331c762bcae541b10befcbb69ae79fa70e4cf4b64bf9d6ab9caad863f68c9062,1.3640888063966512,130.73133087045784
82,49982,fixed_s_turn__kinematic__bottom_track_visible,fixed_s_turn,kinematic,bottom_track_visible,False,False,False,0.0,1.8160388544138768,217.77579724467734,0.15986145749674993,1.198936666994996,False,,,0,0,0,0,0.0,0.2851060440932636,2.0286166166651993,0,220,0e1fe86cea394af39478d9474ceebb335274243c07a55cb299b5c20b31866b79,375424c5456c684485327e865d7cca406ba8923c1de472b0e7b8b42d7173b622,3.1536472281934937,220.29805442609913
83,49983,fixed_s_turn__kinematic__bottom_track_visible,fixed_s_turn,kinematic,bottom_track_visible,True,False,True,0.74,0.5996138657460074,0.7968604410298544,0.4573952825583704,1.2185501669955556,True,183.99999999999383,183.99999999999383,0,0,0,0,0.0,0.29215165256105435,0.12026116410398677,0,220,a795d4ef220f910444dc7526f70a194aa207df99abb076cb63fce8610501a727,1d165d5528a7b93333515cfec57423088529d19d4cfc1f08db51f90f81cfbf9e,0.5821204398717228,6.689708951115936
84,49984,fixed_s_turn__kinematic__bottom_track_visible,fixed_s_turn,kinematic,bottom_track_visible,False,False,False,0.0,0.6980857983278925,22.8514966191084,0.24071544437629785,1.1556059580034344,True,304.0000000000006,304.0000000000006,0,0,0,0,0.0,0.2509165059547852,1.6209461457610315,0,220,a7f5261fb2fa2a1f4b14af19eeaa427f0fad532a1574aca7968283597cfedc34,2f6e75d22acd306cdc17d9ecb15070b7fc6deeea5ccd73c3a9634eaf99894892,1.0800760192417573,87.3206588136781
85,49985,fixed_s_turn__kinematic__bottom_track_visible,fixed_s_turn,kinematic,bottom_track_visible,False,False,False,0.0,0.4480948630951968,187.49531351609104,0.23192193062391095,1.3102182500006165,False,,,0,0,0,0,0.0,0.30969358380405615,2.1105218223478834,0,220,06d305c7e76a3ced1ff430d7f4d11ba6bffcfee17f33c2ed83bea867416cb857,479bac9b8fff6572c3357221b17b106cd74c39d7d72369efbe43c716e6d1df71,0.84520740895718,183.20714582464095
86,49986,fixed_s_turn__kinematic__bottom_track_visible,fixed_s_turn,kinematic,bottom_track_visible,True,True,True,1.0,0.48567732276291187,0.721842399579374,0.1296346125883163,1.2605240409975522,True,183.99999999999383,183.99999999999383,0,0,0,0,0.0,0.309043545151826,2.166143218011655,0,220,bb78dc5408270599cfc6a8f0dd98ba9375a3c72553504d9ee6d1d829acafd4e5,1d555d703780f7c483662cb5677cc0633836bb799fada1314bcab83c001c6418,0.4649507585418638,0.7161841118952065
87,49987,fixed_s_turn__kinematic__bottom_track_visible,fixed_s_turn,kinematic,bottom_track_visible,True,True,True,1.0,0.18398152367107312,0.253583510861844,0.153739438481162,1.3312438330031,True,123.99999999999723,123.99999999999723,0,0,0,0,0.0,0.31394296256052506,1.721820039673162,0,220,8b8080c55da07ae24f8fbed0574b95de85bd266372bf06f9598b4df70fb6f39b,40051810b36539b9859d837897337680d74a0b7ed185f05bd979b6d8784a9093,0.15440958822740722,0.2698670906456636
88,49988,fixed_s_turn__kinematic__bottom_track_visible,fixed_s_turn,kinematic,bottom_track_visible,True,False,True,0.52,0.40842487202099365,0.3855883879608202,0.1708912705672131,1.342759291997936,True,243.99999999999042,243.99999999999042,0,0,0,0,0.0,0.29922422210385463,0.6972935328500228,0,220,e53fdb45877d2969dbebee3e3a814068d873496a57bafac6e6336cdc59275bef,83db95797fce225dbba341e14ce36fba8b1bc6ef108e2f391c3d79b0ccf180b8,0.45062604177758436,17.99192846109967
89,49989,fixed_s_turn__kinematic__bottom_track_visible,fixed_s_turn,kinematic,bottom_track_visible,False,False,False,0.0,0.4118104480787787,18.276058530187193,0.22199708588128808,1.3107765000022482,True,304.0000000000006,304.0000000000006,0,0,0,0,0.0,0.29668876253395327,1.7945814506170132,0,220,61ca8045d1a7ec996b8f2f489720c1dae9fef980f2ef3653c3ef81cc096f79b0,ca47e1b92e7693fc29b62b35aaef2eca67a4b2b4ed4625dbc54df16cbe3fd671,0.9001481865897223,107.41940640293065
90,49990,fixed_s_turn__kinematic__bottom_track_visible,fixed_s_turn,kinematic,bottom_track_visible,False,False,False,0.0,0.7139733363501078,175.8169809691006,0.27470427096469774,1.5395808329994907,True,364.00000000001427,364.00000000001427,0,0,0,0,0.0,0.3379958001392185,1.7282938218223514,0,220,7e1057ebd3acba10d97b0db82d6b53f087aa313d3a221695a5fc0daf5b2a2b7c,691fa912e3981af90909c0751fea561ad409c69bfeec573715506d0cd45e0023,1.0536576619462406,284.44741756424946
91,49991,fixed_s_turn__kinematic__bottom_track_visible,fixed_s_turn,kinematic,bottom_track_visible,False,False,False,0.0,2.0923239416673693,348.20698467996317,0.3892847594985293,1.4427708750008605,False,,,0,0,0,0,0.0,0.31078121486857146,1.4298876708580999,0,220,d102498265830d92ac0ad8f81cdc5883892660121c99f497f0d2befe8917aa3a,e5dc620bda33d8f409cb15980fa5d4e7a446e4729762f921628ab54a6641344c,1.5385372053240836,342.00885120877837
92,49992,fixed_s_turn__kinematic__bottom_track_visible,fixed_s_turn,kinematic,bottom_track_visible,True,True,True,1.0,0.46243403472247235,0.5081204773724034,0.150045701489066,1.2943079579999903,True,183.99999999999383,183.99999999999383,0,0,0,0,0.0,0.33149970927534056,1.7891064523976548,0,220,b6175d3559c1b33f463e5d738dc27a6790c097f74051f20840db7c94ccca2466,a896c227357e4260988883c4cb3bd4115e3974d3d2caa8ebd6cf032e0bb6ccc2,0.5244006184016727,0.7902773138504567
93,49993,fixed_s_turn__kinematic__bottom_track_visible,fixed_s_turn,kinematic,bottom_track_visible,False,False,False,0.0,3.138787589102752,191.92869873156528,0.18014195101981417,1.4355742920015473,False,,,0,0,0,0,0.0,0.2397312987446093,2.329196306248846,0,220,2626c17254a82e213345610ad720102d6620351da04aad30e3562039ee9a0588,8589ef304f10295a1ca7f3785852188a639c9c370c80721bd334e6fe8c2c6548,3.2890968978287565,202.00674044645774
94,49994,fixed_s_turn__kinematic__bottom_track_visible,fixed_s_turn,kinematic,bottom_track_visible,True,True,True,1.0,0.09430553975088667,0.17994806232105037,0.24423853235880694,1.3274461250039167,True,123.99999999999723,123.99999999999723,0,0,0,0,0.0,0.3384988143088857,0.47563674206346596,0,220,14107af621bc00431d2b9204a614ef4005e8045ed5ddcbe3722f1bc80b4eaaeb,7fa6f7275ae4d7ad7b02fb87650847c51505efb9bc71573e1e9de507df3eb5d2,0.1040124258611376,0.16037703878492832
95,49995,fixed_s_turn__kinematic__bottom_track_visible,fixed_s_turn,kinematic,bottom_track_visible,False,False,False,0.0,2.1112768114690836,178.40284634543755,0.5779848624954064,1.2853524169986486,False,,,0,0,0,0,0.0,0.33436359346965383,1.0851430655095506,0,220,a1295c9f6bab99d69bd97aad158762359246070184b55e49151a3791af477744,1e36e7044a870b2e6066c279f19c22d8c58a70757263378cabdcbd179de9d784,1.6226825529247975,188.18362258397946
96,49996,fixed_s_turn__kinematic__bottom_track_visible,fixed_s_turn,kinematic,bottom_track_visible,False,False,False,0.0,1.958570340636829,8.18052755757311,0.2053454563530531,1.1374576250018436,True,304.0000000000006,304.0000000000006,0,0,0,0,0.0,0.28634377384331255,2.3333408752515266,0,220,18bec64a85dfb01fd9650467deb492b3a38e992f94b21441c07c3456161f5700,38e55be9ba7b97ef99f81b51345824d1885c8d2ecfe965e8748cc2b13346a8b3,1.7461395616039121,91.5434790438116
97,49997,fixed_s_turn__kinematic__bottom_track_visible,fixed_s_turn,kinematic,bottom_track_visible,False,False,False,0.0,1.076137813888775,48.6391180444392,0.26955604331961625,1.1633297079970362,True,243.99999999999042,243.99999999999042,0,0,0,0,0.0,0.2910312055895855,1.2765246989663597,0,220,80da7ceafa2c03a41427e572b3a1a23e3bf64fe3f33f835250326b1a0ea6e807,08d0bf780217c646b37e9b1173825031afc3b590b33b9ce3dbf076927af80b77,1.1530790434035811,112.03076948377203
98,49998,fixed_s_turn__kinematic__bottom_track_visible,fixed_s_turn,kinematic,bottom_track_visible,False,False,False,0.0,0.7248693570000417,45.055521465240034,0.22786496655104518,1.18268687499949,True,304.0000000000006,304.0000000000006,0,0,0,0,0.0,0.34306077505225363,0.6539893992767883,0,220,b1ebf43be340222010fd2d9eb905ecdc9aeb2778c8c397394bb8dc53986163f0,ae09e813276a25d45b04fea66f30439a6508d2016c95bb329934d0997e8e33cb,0.7490329132066565,145.5584140946948
99,49999,fixed_s_turn__kinematic__bottom_track_visible,fixed_s_turn,kinematic,bottom_track_visible,False,False,False,0.0,2.097246454151025,286.657284807519,0.6052568355819617,1.1645798750032554,False,,,0,0,0,0,0.0,0.2956991355993228,1.0979213307003577,0,220,5fc869a3c83199f7a5e7cb699e222990013eb45933f32697e558f672c4c26f00,2414d8ea6588b09e1344e5428549617d20335d3460efbb80a7c8c58d746bad21,1.908482584477177,293.5353284826865
0,49900,fixed_s_turn__kinematic__no_current,fixed_s_turn,kinematic,no_current,True,True,True,0.96,0.46518394245517447,0.6519286468679809,0.1446068047682882,0.566243665998627,True,183.99999999999383,183.99999999999383,0,0,0,0,0.0,0.0,1.493098477830619,0,220,a538c6b08353a45e0ec00d4c0ccf887a3494e3c90565c4b2d186f0fbd83e5b8f,0f81ce8d128b1292ed661509760218159f5d0ac243dd1abc4981e26a2ee7e3f6,0.4901843656297658,1.8951895465953832
1,49901,fixed_s_turn__kinematic__no_current,fixed_s_turn,kinematic,no_current,False,False,False,0.0,3.7282745271179607,337.36018227076784,0.20852267714590103,1.401388208993012,False,,,0,0,0,0,0.0,0.0,2.0462411858817426,0,220,570b43b41587121a48750cefa282f1756c747cf9527fd813811cdb945a8308aa,42cdd51345edf1db7a2b073b630791612ee3910b03f84d2f1575f8c023840c28,6.803624491698895,328.0850185714173
2,49902,fixed_s_turn__kinematic__no_current,fixed_s_turn,kinematic,no_current,True,True,True,1.0,0.47345248854191463,0.5416529623880922,0.12130142219228256,1.34070045799308,True,93.99999999999893,93.99999999999893,0,0,0,0,0.0,0.0,1.5659002749472266,0,220,62eac2bab5f284cdd59b1000ece62536b01eab018bf152f8b6ae2f254a29da1a,5a660f9d42eb056a77b3eb050dbb847e5abc0e3b3c47063ea0f0a3ce853fd275,0.4195513024063439,0.5273511062266141
3,49903,fixed_s_turn__kinematic__no_current,fixed_s_turn,kinematic,no_current,False,False,False,0.0,3.2936925156789116,397.1841203440764,0.2091955733276771,1.1099331250006799,False,,,0,0,0,0,0.0,0.0,1.9172301307422053,0,220,0b939d7d89c3fd6abaaf4499f046d081edfa0c3a54d38a85b18ef72600caa4d6,a0c4a4b65352eaca93626f5cee9cc76729b0ea3a9f275961422baf6ebd856d37,2.8690562948056417,388.5389102768298
4,49904,fixed_s_turn__kinematic__no_current,fixed_s_turn,kinematic,no_current,True,True,True,1.0,0.32994207917880103,0.3660445111413958,0.226790184409442,0.8663855420018081,True,64.00000000000064,64.00000000000064,0,0,0,0,0.0,0.0,0.19999999999999998,0,220,b7c083eb2e816af0babeb0f222eb51e0b3593af0530a90ffbcabde656ed11a65,2924ff3f6459a12548a430cddd88712e939d04d78b0878ffd45a0976f8c05848,0.32539576917127816,0.3719131986050426
5,49905,fixed_s_turn__kinematic__no_current,fixed_s_turn,kinematic,no_current,True,False,True,0.72,0.23867896784098824,0.40182047430233986,0.12842064004024778,0.7131903749977937,True,183.99999999999383,183.99999999999383,0,0,0,0,0.0,0.0,1.3387579190700514,0,220,6315cc6cbfcd74405d4bb9b102e8d119bdfede05eab2529a4208c75e13073be2,0e1dfd0e26bd4c00f6793d907dbcce04737c9b5972eed77d1079027705c6ab3b,0.28223923025894543,7.442171473219368
6,49906,fixed_s_turn__kinematic__no_current,fixed_s_turn,kinematic,no_current,True,False,False,0.24,0.20359173289233684,1.865627010442885,0.2929702660813976,0.8617772919969866,True,183.99999999999383,183.99999999999383,0,0,0,0,0.0,0.0,0.19999999999999998,0,220,374fd54a88f3b9e6e18ae704459843a41355fef5c2e23e6d4a24e240bf9843d3,39415e91edb3501aa4cb53c4324c08feb0e3d4127fa18bd3a63c23af84c44ad6,0.1757121932334438,45.99139750367326
7,49907,fixed_s_turn__kinematic__no_current,fixed_s_turn,kinematic,no_current,False,False,False,0.0,2.1801841656518004,25.745873569370282,0.15346484615822575,0.9512262500065845,True,183.99999999999383,183.99999999999383,0,0,0,0,0.0,0.0,0.48069725247314055,0,220,a7553b66848419915a49a0a750658ca4e03cc9b22e171863823c2f0be736cf09,203d807d0f9d247c0a241f57aec130e22e60f2041f513058bff0883f0b736cd9,2.0067479658300194,103.80794079780303
8,49908,fixed_s_turn__kinematic__no_current,fixed_s_turn,kinematic,no_current,False,False,False,0.0,0.5744828360609199,29.257677206497483,0.17980089158915993,0.832549624996318,True,304.0000000000006,304.0000000000006,0,0,0,0,0.0,0.0,2.0844817715583224,0,220,7464e9bc5a4bbde3db79c217440efb93bf7cda14a31cf511f875f300e6c907f4,c8bb64aa686ae5ffc277576f31f3fb7cf2049e981d4f565327b678652935cdfb,0.6176130620504852,124.39468676153975
9,49909,fixed_s_turn__kinematic__no_current,fixed_s_turn,kinematic,no_current,True,True,True,1.0,0.5689365944796628,0.4100798811915397,0.11536601671416413,1.012401542000589,True,183.99999999999383,183.99999999999383,0,0,0,0,0.0,0.0,2.41347018153571,0,220,25dad34453508903aa8a42b98250bdb7c8f6ccfdd883597fd942f1b245db2aad,b78083fd31701e84083eee5f1e3fd61459f146670f13f33c3ef62d3b787e23c4,0.5997266218283457,0.69998113818506
10,49910,fixed_s_turn__kinematic__no_current,fixed_s_turn,kinematic,no_current,False,False,False,0.0,2.999366775789752,356.40631908161265,0.2762304969617768,1.3722687499976018,False,,,0,0,0,0,0.0,0.0,1.4822784362629096,0,220,586f9305ddf7e84d298c70c9ec09e247b6c500ba0b7273e1dea6cdd63189a5e2,502a7437d91020245d2f3236dd953ea02ddfccad8cb0871e2d0f6b510b3abca3,1.5847457646445162,363.47951092412956
11,49911,fixed_s_turn__kinematic__no_current,fixed_s_turn,kinematic,no_current,False,False,False,0.0,0.6294882347509803,193.5534132963688,0.1893426417449518,1.4734522920043673,True,304.0000000000006,304.0000000000006,0,0,0,0,0.0,0.0,0.3456150129224774,0,220,c6a6c89e9039892900cd038b581c135a1f5df8c9ccc78c1e8ffbc02003d48709,a8c5e1880f48fe087134dffdbd7f24252da8f0bd599fa88db09ac7f0934d1ee2,0.7441970438446526,274.4244486917855
12,49912,fixed_s_turn__kinematic__no_current,fixed_s_turn,kinematic,no_current,False,False,False,0.0,1.2847442200157178,262.6717652599818,0.27496602296657513,1.150247458004742,False,,,0,0,0,0,0.0,0.0,1.5802449576698967,0,220,9bfa02258ed34dbbed13c2169dbf92f341e5ef0bdb781147e2c7516715fe06be,c356fc1a25d090fc14074348f4a7991b75617238938ec5900cf92c1f3c7b5844,1.3805522273423827,266.4795115480468
13,49913,fixed_s_turn__kinematic__no_current,fixed_s_turn,kinematic,no_current,True,True,True,1.0,0.28266725167693707,0.44533888299488145,0.13539485598917786,1.2137701669998933,True,64.00000000000064,64.00000000000064,0,0,0,0,0.0,0.0,1.0689085628641413,0,220,98ace53747e6cee5da383c96db4a9deebc16566181619554706fc36f1ee0628c,75ef1f15762e81fa6b01113347b555c0504e3ffa779bc5ea98e226a397c21dc8,0.3282847902366645,0.3418286099731472
14,49914,fixed_s_turn__kinematic__no_current,fixed_s_turn,kinematic,no_current,False,False,False,0.0,2.1738413508563927,315.6564955002925,0.3394759656282256,0.9463371250021737,False,,,0,0,0,0,0.0,0.0,1.3953221452996674,0,220,38dfda33db48a868d715a5ce46c0b4ff128ef80673de0c0594dfe169b5809fe0,b4f87516d94e8d49417e92d095bfa4588b97c6c2f9109430536cce75690cecdf,1.9404497603120265,305.6472488300604
15,49915,fixed_s_turn__kinematic__no_current,fixed_s_turn,kinematic,no_current,False,False,False,0.0,1.2473671068620038,249.26608336999095,0.40054645330556726,1.0654457089985954,False,,,0,0,0,0,0.0,0.0,1.1332936618111562,0,220,2bf78a58a4ad4c136f6b4c9f515cdf1c7d907b476cf13601d121c2d34fb733fa,3dd2606dd629a32892d4efeae981530160273eb36415693980fe1598c1445e4b,2.457335620279246,242.2102871582394
16,49916,fixed_s_turn__kinematic__no_current,fixed_s_turn,kinematic,no_current,False,False,False,0.0,0.6472547610565552,30.85308590078249,0.20039974765963087,0.9327229170012288,True,243.99999999999042,243.99999999999042,0,0,0,0,0.0,0.0,0.48379265847428665,0,220,36b747e1334075c7315d653d40aa737f338ce273447338f9d0fe3bb3b731f7bb,62971a093b05b1b469aea4009576bfdbc66bfb82db50ce1278d60ad8434deaff,0.7504361313566109,109.54132925985324
17,49917,fixed_s_turn__kinematic__no_current,fixed_s_turn,kinematic,no_current,True,True,True,1.0,0.3017256654397729,0.40622025524455946,0.11249711764838466,0.9887499579999712,True,93.99999999999893,93.99999999999893,0,0,0,0,0.0,0.0,0.6506546353225094,0,220,217415a7ec19262b5490d6b98a3ae9b0a6f31c2683037d87879984257e5f56e2,b501affd3e98da268ebbb634a087c236e749c7f9270a34428e15c73b2f309b8c,0.37907271182854174,0.4670977455535953
18,49918,fixed_s_turn__kinematic__no_current,fixed_s_turn,kinematic,no_current,False,False,False,0.0,1.4605604937106287,86.32220452568684,0.19220223987202587,1.2050498750031693,True,304.0000000000006,304.0000000000006,0,0,0,0,0.0,0.0,1.2959443531829906,0,220,8426f813797d028bcc8a577898e206c895014555887d16b589546035bcf3c769,c27e387da8c5a5d3029dc73325e5d6c597d693c47d749c4a1fcf2dfa1595314b,1.69303866560851,164.76409992179205
19,49919,fixed_s_turn__kinematic__no_current,fixed_s_turn,kinematic,no_current,False,False,False,0.0,2.948885208049761,257.0842989484355,0.1681603033693027,1.1326331669988576,False,,,0,0,0,0,0.0,0.0,2.2872163386924704,0,220,289caafe1ee074229dbb1ec3e0f2522bb06cb8932dc683f2a38eda18e0af7b19,3065dc57491db36bf00e9096ac9a84d1e4dfa11339093179cc0eb002efed92e0,2.75493895603927,261.10717586785785
20,49920,fixed_s_turn__kinematic__no_current,fixed_s_turn,kinematic,no_current,False,False,False,0.0,0.24776218274992018,324.0674246989063,0.35540729950189326,1.5535258750023786,False,,,0,0,0,0,0.0,0.0,1.2341838375118197,0,220,fb4b905ae49b654ab27ea429c3fb5d85bede69a580831b04cc500f32ac1a2b48,0c9f92833dc5acf72ce7d87bd0de2ac9372a1689bcdf52f370d90ef4681eb8c0,0.8688614304320916,321.26937230796875
21,49921,fixed_s_turn__kinematic__no_current,fixed_s_turn,kinematic,no_current,True,True,True,1.0,0.6478930575320369,0.6803869069257436,0.11282228920366345,1.3381588749980438,True,64.00000000000064,64.00000000000064,0,0,0,0,0.0,0.0,2.0915712190986224,0,220,5bf7a6647fc7cfd1c748039098510269cd27f368c769063b3b12266a6771ac10,88700bc5bd0b5e80470a93550b4ff960262ef1773350f5a67eba01d7557bbe3b,0.6905264468415396,0.8060973451055666
22,49922,fixed_s_turn__kinematic__no_current,fixed_s_turn,kinematic,no_current,True,True,True,0.84,0.8442812752883739,0.8080104204853831,0.14169512565676115,1.496510249999119,True,183.99999999999383,183.99999999999383,0,0,0,0,0.0,0.0,1.3515836539213857,0,220,e6f25bd64fa736805934db124f544dc6ff2fd7bf12e494a491effebf54914209,d8e3e8bcfd7de841b624843c4a7387c9f91c58d23906b76a78675bfde256c67a,0.7935788514572666,3.5297385813448057
23,49923,fixed_s_turn__kinematic__no_current,fixed_s_turn,kinematic,no_current,True,False,False,0.2,0.6683053531672186,2.683655459239788,0.18299588361781224,1.0680932079994818,True,183.99999999999383,183.99999999999383,0,0,0,0,0.0,0.0,0.2,0,220,04149b73bdafb7d68b31435a44f190a449f9d49ff427b0f6fb5c3afaef8f8763,d7c65b2eec467287244eea36b47aaa3466a7a532f8215f6488bdb388bda74852,0.6227206544366163,47.79564266352492
24,49924,fixed_s_turn__kinematic__no_current,fixed_s_turn,kinematic,no_current,False,False,False,0.0,2.907390298901799,304.8388244195576,0.49327328078184224,1.0599997080062167,False,,,0,0,0,0,0.0,0.0,0.9658212541356304,0,220,8e3ce06c2503fff8b4e787ff5bab8a01ea133ac95fb930f4787c92310fec24fa,dc679f5ff9127fe7d6a73f5e56ed906062b6eb29248e0b9d9f04320284a2b29d,2.8459560889007305,309.0093441817451
25,49925,fixed_s_turn__kinematic__no_current,fixed_s_turn,kinematic,no_current,False,False,False,0.0,0.3308784856602023,45.413682037705485,0.25113738110218914,1.0357354579973617,True,304.0000000000006,304.0000000000006,0,0,0,0,0.0,0.0,1.453761950305677,0,220,7352dd813bff63aca339c91708bd0bae2397007b7662677b0bfa49e677571ad9,c22bd1799111822189221cd6440dcca451c23d33a654a2d09a47e5354e93a3ca,0.31339441464920553,126.34035780069203
26,49926,fixed_s_turn__kinematic__no_current,fixed_s_turn,kinematic,no_current,False,False,False,0.0,0.7678207203370186,467.2766155558239,0.34403397140247494,2.5045958750051796,False,,,0,0,0,0,0.0,0.0,1.2891452583017908,0,220,d4aa2713f22a1b82ccfd89cfa859607c9c1e28a4da580c2914c416e690e19c4e,03695912143e35f53fcdd67de75ef953bddbc8691e489c025c6128f0c2ec9501,0.4575616084822294,462.8544748644343
27,49927,fixed_s_turn__kinematic__no_current,fixed_s_turn,kinematic,no_current,False,False,False,0.0,0.309864306493628,197.409571358592,0.23738774858942457,1.0199507080033072,True,364.00000000001427,364.00000000001427,0,0,0,0,0.0,0.0,1.747748399316836,0,220,e8a140ba1fdb009da536c1f06a0b02ae2c0ac6fca35b9fd271636d562384098d,ce23f1c62e6c89badf8cca58be7e8f1568ca14aafe83cc816a7fa6c3e82f4c0b,1.6898208059922357,314.8674523825132
28,49928,fixed_s_turn__kinematic__no_current,fixed_s_turn,kinematic,no_current,True,True,True,1.0,0.9530385713299475,0.9908791009752838,0.2518038118853998,1.1081710409998777,True,243.99999999999042,243.99999999999042,0,0,0,0,0.0,0.0,1.2851896314923654,0,220,62888d956483eac035c8c731c71db650602b814c683205d0bc92e9b30802e115,bc9970f05b90984138eb29b76da450d57eb867607b64a2d1e485174abe7bfb1f,0.9340626240058587,0.9475782858158831
29,49929,fixed_s_turn__kinematic__no_current,fixed_s_turn,kinematic,no_current,True,True,True,1.0,0.887211947828871,0.9525507647183471,0.2217363894220452,1.1072973329937668,True,123.99999999999723,123.99999999999723,0,0,0,0,0.0,0.0,1.193897123995377,0,220,cd4393ae9f3ae238ffc11f23d88130b6177d3f943e76e9b23e48f316263eb7fc,c9014975dad70e2cbb0621d0d0c30accd970b62e1cd0d3f31a9e1e7475180b61,0.8381361465012813,0.863191538537318
30,49930,fixed_s_turn__kinematic__no_current,fixed_s_turn,kinematic,no_current,True,True,True,1.0,0.640837334013137,0.6468005172501722,0.1957528342062987,1.0621747499972116,True,183.99999999999383,183.99999999999383,0,0,0,0,0.0,0.0,1.6069533993039973,0,220,05a7e109fe9fff1e1a1ac0906f3a920180e076e8c8c551fa3ea36a090a3e5a2e,1b102216093ae2b76f8a54fd258935e0ded99a9ee2b73b6ebaddd28e06c89996,0.699084082358451,0.6596384794687309
31,49931,fixed_s_turn__kinematic__no_current,fixed_s_turn,kinematic,no_current,False,False,False,0.0,0.6526057679460703,264.33613839971235,0.21072995439240796,1.002829124998243,True,364.00000000001427,364.00000000001427,0,0,0,0,0.0,0.0,1.2863962128635469,0,220,58d5a76ca2311950cc6cb7fb2c5cf98fe235f0162a0f700894b1a5a2a15c425e,4946ddd8f16dadf988f24557bedff92266d4048c701a6086a364cc8694f86a5a,1.0333607694896918,351.89753907754175
32,49932,fixed_s_turn__kinematic__no_current,fixed_s_turn,kinematic,no_current,False,False,False,0.0,1.806086444734109,238.98245401104884,0.2071825673154859,1.2168543329971726,False,,,0,0,0,0,0.0,0.0,2.205705624382278,0,220,03a600d903049220df713016b97d44f68fe4370e7a0d46794ad675862e6a9550,0330c82e1a9c7eeb948fd18a0464c66bf90025422b4b4bafb0564eaf5210ec23,4.18386363991358,227.99121811994587
33,49933,fixed_s_turn__kinematic__no_current,fixed_s_turn,kinematic,no_current,True,True,True,1.0,0.8001938057566698,0.6256739721186482,0.11890663040423191,1.0807403750004596,True,64.00000000000064,64.00000000000064,0,0,0,0,0.0,0.0,2.341110778782201,0,220,929ed4b5daab5e1fef8b47d9103ad83f3f02852eb5b8eafc4b94e5c731d9502d,92c2da3dc623706f5404767d84c2d74cf36e9d6e3f04de18f79b79c9a1ec90f5,0.6883659273544548,0.7025369440987126
34,49934,fixed_s_turn__kinematic__no_current,fixed_s_turn,kinematic,no_current,False,False,False,0.0,0.6755367488680623,260.7099090396902,0.3172633601476423,1.1602767919976031,False,,,0,0,0,0,0.0,0.0,1.3578002679558585,0,220,dc7207f776075453523d7da174187ca39c9c1c6709ac2edb6c78445ab66e739a,a3cc59b8ce9c18fe636ae2e19c0ba3161dac8476207781937503489ca437dbf2,0.8199631559388453,271.32014800547626
35,49935,fixed_s_turn__kinematic__no_current,fixed_s_turn,kinematic,no_current,False,False,False,0.0,0.658967931759848,210.83545878839212,0.21350461427329664,1.2044212089967914,True,364.00000000001427,364.00000000001427,0,0,0,0,0.0,0.0,2.0532038724667103,0,220,6715f1b0584e1e6031c599d2db634f1df0e56450bb1976c639582bc82926cfdd,c75cfaa31948c87cb56aca7a412177107dd2018c26f2ef230ff287f947eb9478,0.762440052591966,327.94395392367323
36,49936,fixed_s_turn__kinematic__no_current,fixed_s_turn,kinematic,no_current,True,True,True,1.0,0.7683900051729308,0.7055890428567508,0.1717380079789358,1.1894507499964675,True,123.99999999999723,123.99999999999723,0,0,0,0,0.0,0.0,1.3955739743394293,0,220,87d7c5b09dad5c57dc0038543a833a26911ec9737aff66fa0f06c9567c54bed6,96a9244e537beca1f551ac862856ab007ba0d56460793e357b6212ba7d5be1c3,0.7787688337876236,0.7892360341698941
37,49937,fixed_s_turn__kinematic__no_current,fixed_s_turn,kinematic,no_current,False,False,False,0.0,1.3301652410686398,80.82005263496438,0.16720980687454992,1.1946657499938738,True,243.99999999999042,243.99999999999042,0,0,0,0,0.0,0.0,1.2234072220219805,0,220,11acf08d6e35f5a81fc87c414812113fcd3ffa23f5fcf90d84cb3e5777cd88ae,c6bf86bcc8d137efce595aee559e4344294f1a2819b21d556cb7b206bcc21b85,1.721734840094584,142.77771981607967
38,49938,fixed_s_turn__kinematic__no_current,fixed_s_turn,kinematic,no_current,True,False,True,0.66,0.36050694175037157,0.23555301387209426,0.30306385422422016,1.2596399999965797,True,304.0000000000006,304.0000000000006,0,0,0,0,0.0,0.0,1.237567459866291,0,220,a322b04fa568f1348ca44c92c0e3f68a3ff8d25ee0f1ade04f729075319116ff,f0c6828eb40887a7039fd640aad3bb0cb0c2e9a9d35cef796fdd8a92d730bc4f,0.32999732277719707,11.137151854180876
39,49939,fixed_s_turn__kinematic__no_current,fixed_s_turn,kinematic,no_current,False,False,False,0.0,4.848531181002738,88.0808755887875,0.16183039875048474,1.2564001249993453,True,243.99999999999042,243.99999999999042,1,20,19,0,0.0,0.0,2.0364008814038033,0,220,2b4a20bdec0acd0249d3e523fbe5c34b9f229f1e2fec55daf2d4bc4161eb324e,87246b91efde3489f596a71a6bdd3fd00ed906fef0e6b05a924f96fe22f951b1,4.853177850466695,147.0343266901869
40,49940,fixed_s_turn__kinematic__no_current,fixed_s_turn,kinematic,no_current,False,False,False,0.0,0.23540934835767668,229.59854739373182,0.3913900591087874,1.3847359589999542,False,,,0,0,0,0,0.0,0.0,1.1758950874362488,0,220,acd58a3c0d900aa734f4a370f318d56def97ffbed5ad9298ac5caea535d801a5,f7eac2ce5a924b2b9b297116e46804b4f98dab4f50bda1293fdd479b3abdd211,0.5583890963448449,234.71049083944052
41,49941,fixed_s_turn__kinematic__no_current,fixed_s_turn,kinematic,no_current,False,False,False,0.0,1.3284826207280886,174.11519603921283,0.4291416945453929,1.2081954999957816,True,424.0000000000279,424.0000000000279,0,0,0,0,0.0,0.0,1.1160944569857576,0,220,f2049e6942141da0e4797c69ac39e851379331838f9398f9f458eb1d217b952a,9089bbe479e644e437d651d4317f8641fcbda1ac5eeb5d3bc999b4c2a3b4ccf8,2.128687275467038,196.48398319876932
42,49942,fixed_s_turn__kinematic__no_current,fixed_s_turn,kinematic,no_current,True,True,True,0.82,1.2078114438798393,1.3324624033491428,0.16163814105886906,1.099010249999992,True,183.99999999999383,183.99999999999383,0,0,0,0,0.0,0.0,1.2176071006154574,0,220,87ceed3576069b0c7376a4a43debcba02fceb6144c876404368769821653a4aa,18b9e181a6fd1aee9ca1013f3cf0c9284f538a70238af65329376e64ac1fc444,1.2412634704023977,4.514325124158755
43,49943,fixed_s_turn__kinematic__no_current,fixed_s_turn,kinematic,no_current,False,False,False,0.0,0.3541399655382687,113.00265709835513,0.2713950033929295,1.3464929170004325,True,364.00000000001427,364.00000000001427,0,0,0,0,0.0,0.0,1.7161645923845028,0,220,7e43d4f546176f21c8dce84f5dad5cfd77ae9767444759d10d1fb28d5ded4c3f,6d3cad2718077740eac4ec0e2b243cfa83cf2b8cbe2805360cc9f6865d2c9333,0.7343664452817746,229.1982140583423
44,49944,fixed_s_turn__kinematic__no_current,fixed_s_turn,kinematic,no_current,False,False,False,0.0,0.5905528940600733,235.3810829070239,0.2134276716542041,1.204820416001894,True,364.00000000001427,364.00000000001427,0,0,0,0,0.0,0.0,1.5275765557434942,0,220,ce47d6034b7f702e875100a63039adfc9f3f2ed0ac8f6bbf4a302ff6ba8d4b68,453259891c62c689a540aff1ecd4e6f494392514ce7256d421ccc2def8f3e43e,0.7698461281649184,328.00692924798597
45,49945,fixed_s_turn__kinematic__no_current,fixed_s_turn,kinematic,no_current,False,False,False,0.0,0.3816756074564617,100.07248693296192,0.34306134748572725,1.1488848750013858,True,304.0000000000006,304.0000000000006,0,0,0,0,0.0,0.0,0.22652681720838025,0,220,5408fdf0fd421aad63cb2c2b622a3a82cc6fd377024b808642e3e796e76c8b92,c8fd0c65fa1109e77715ce4b59fabc4fde3df9cec53a27974650aef6f7221450,0.5316326537110424,181.81260200670715
46,49946,fixed_s_turn__kinematic__no_current,fixed_s_turn,kinematic,no_current,True,True,True,1.0,0.9928375975243954,0.8373834915887186,0.19061096685068035,1.1763494580009137,True,183.99999999999383,183.99999999999383,0,0,0,0,0.0,0.0,1.6517060607020582,0,220,756fbe5e0c16da80bc61c4863458301e2e45d3663f74ebab10b060202bc23426,eb851573b56185232ed67b6b2463457d6433b7e75bdfcf7cecdf182346ec992c,0.8964838493234696,1.0573326468310424
47,49947,fixed_s_turn__kinematic__no_current,fixed_s_turn,kinematic,no_current,False,False,False,0.0,0.8702187950613518,276.5493079551595,0.25350486825329793,1.0658692500001052,False,,,0,0,0,0,0.0,0.0,1.7802391366169634,0,220,0bfa78176b894b6eb87ee14a62267d228b938665cd26f5a8f1251102a5d3fb79,2df9e67af1878dbc7fc755b4658f3024bd0bb6712bc7fba68fa29d04c8543779,0.9869394796971339,269.3433773069487
48,49948,fixed_s_turn__kinematic__no_current,fixed_s_turn,kinematic,no_current,False,False,False,0.0,0.7427458126163403,284.0415159581536,0.22353901623999833,1.1300299159993301,False,,,0,0,0,0,0.0,0.0,2.0799643530310203,0,220,c88e5c67958ed3ce2b41217936d85568754da82b43aa77e68f4b20302d0ee44b,e937ce564580708dde9e1fb3f603b58e15f3148946e6d47431aa6037b6970c2f,1.1102378565600322,287.70710399652916
49,49949,fixed_s_turn__kinematic__no_current,fixed_s_turn,kinematic,no_current,True,False,True,0.72,0.49736822884008747,0.3749246438151052,0.3539279841556118,1.146114333998412,True,243.99999999999042,243.99999999999042,0,0,0,0,0.0,0.0,1.1790422683854112,0,220,f46fa321d0a79dca9a7f095dc28c948ea9fbc16ddbd25d96672b923c58e6eb27,f250424cb5ef9bdd62141cda0f77775edeb55f80c21fdb0a21057bb37bae64ef,0.45147088233961613,6.291564612254483
50,49950,fixed_s_turn__kinematic__no_current,fixed_s_turn,kinematic,no_current,False,False,False,0.0,1.4835441431442142,137.26384901811014,0.24629944156769482,1.618921582994517,False,,,0,0,0,0,0.0,0.0,1.7486692051980042,0,220,01baf36a4a9fa1d1cce4523fecb7294d05e494586e01ed8a87fb6cd01b5e935a,4100574058f5163aeda9737c4ec17099e1a5280441e8351c0ffedf2c1cf13ff2,2.889873807719893,141.81167746148924
51,49951,fixed_s_turn__kinematic__no_current,fixed_s_turn,kinematic,no_current,False,False,False,0.0,0.1960421801384734,64.75900871695345,0.2334809866119011,1.2242598329976317,True,243.99999999999042,243.99999999999042,0,0,0,0,0.0,0.0,0.19999999999999998,0,220,bf60ba534788eef36c35ad9d9cc602b5af533a538279040b6c39db9f865f9d87,83b297bae467b92b145f63f2d2d2c82b9f3cf832760d497dab115680e9b8bb9a,0.23121899379351515,141.78501727702633
52,49952,fixed_s_turn__kinematic__no_current,fixed_s_turn,kinematic,no_current,True,True,True,1.0,0.3676751773800702,0.4435637355364607,0.1774798845891296,1.142584542001714,True,183.99999999999383,183.99999999999383,0,0,0,0,0.0,0.0,1.2532030626997857,0,220,ed253c00506bdd87481b48b556dcd4893913d6991474d0f1bc80b8d8fd153ee3,dc2c4f4463218aff6d88a75468d79310293c2be392df1b549ea1362b215e1c05,0.4233619856731234,0.4762934770145399
53,49953,fixed_s_turn__kinematic__no_current,fixed_s_turn,kinematic,no_current,False,False,False,0.0,8.161249555831564,350.0112841087898,0.21459507066548247,1.0661280829954194,False,,,0,0,0,0,0.0,0.0,1.9609189039573673,0,220,54b1b94e5ff2c327b5eacc1e77d7555fdcc5f64e04d3d30d612e7fabb3bcedd7,20d4d1779e5c37350c151823365b483d5890d0fb8587151a2527580ea9aaf97a,5.384794276354183,339.43106542981724
54,49954,fixed_s_turn__kinematic__no_current,fixed_s_turn,kinematic,no_current,False,False,False,0.0,0.2497557962815655,116.42836518650995,0.2112215027158317,1.5165237499968498,True,364.00000000001427,364.00000000001427,0,0,0,0,0.0,0.0,1.9445451868066819,0,220,3a4ede0b46c4bbb7ad04e0e7de130835828c663a04742bbd2b71723791830ded,d16806f1831d8f307d7ab8ee3e8c48157cedd2463dca6a117262a07b7eec0c08,0.41422923248225,211.28061249105195
55,49955,fixed_s_turn__kinematic__no_current,fixed_s_turn,kinematic,no_current,False,False,False,0.0,4.031054099380578,246.19974363619454,0.2815573143073819,0.997602208997705,False,,,0,0,0,0,0.0,0.0,1.5205815052480778,0,220,518296bde63b7a74f902834dd2adc7d26e25eb973c95c459c0a6348eb8103670,16ff54a4be07c1bff85e3a9bbe6fac24cdb20ca1adf9e16c53ac77ad5bcc450e,3.96420047955242,245.96592306798425
56,49956,fixed_s_turn__kinematic__no_current,fixed_s_turn,kinematic,no_current,True,True,True,1.0,0.6546430581237065,0.5886239535950347,0.16481451261145708,1.0630464579953696,True,183.99999999999383,183.99999999999383,0,0,0,0,0.0,0.0,2.12319215310255,0,220,12775fd8dcd77ba32ff36d2f1c45af84341a02c9775773f983d0d28866d56587,c7a758f3a6682b6c512496c289de63a0b5fec2c0b72d067f234896cdcb2410ae,0.5619171396502123,0.7891006133712767
57,49957,fixed_s_turn__kinematic__no_current,fixed_s_turn,kinematic,no_current,False,False,False,0.0,0.4973462098021133,228.76712272273267,0.4149715100576035,1.075512916999287,True,424.0000000000279,424.0000000000279,0,0,0,0,0.0,0.0,1.1933357801850022,0,220,86c3a939063b6929fec660c903b56179108a9042e9daa0de34070e92b6f1fed9,0dec86089e67415c60f336e20268a08ae008bcebd68cda3dff20711b98ea8884,0.8075847637201531,242.96451603233345
58,49958,fixed_s_turn__kinematic__no_current,fixed_s_turn,kinematic,no_current,False,False,False,0.0,1.4509493671852973,342.68159912226025,0.20934530790532363,1.0523908750037663,False,,,0,0,0,0,0.0,0.0,2.2180717096598217,0,220,86b6c88cdc0a48c542e30e281ea9604d2e1ebc93b5e36f018780fe5f973e4491,2f4a8c1053074ad415cdc6d408ebf0e701cb65d4f79a4bb46c55fb3b3ea3f3dd,2.201091157603464,347.8104910950588
59,49959,fixed_s_turn__kinematic__no_current,fixed_s_turn,kinematic,no_current,False,False,False,0.0,2.0965368675551397,299.34212748809085,0.26504365912973293,1.0953395840042504,True,424.0000000000279,424.0000000000279,0,0,0,0,0.0,0.0,1.7522693211216838,0,220,e1bd0cc93d22b9c5c8287abb52e46e2620758310ad1df761b869a14c036eb58c,07a809b143b5652f94984bb0c54d0128ebbda00769085ea763367e0c8ebb468c,1.4517387519915652,329.86390622943816
60,49960,fixed_s_turn__kinematic__no_current,fixed_s_turn,kinematic,no_current,False,False,False,0.0,6.298095450389568,198.03922139235996,0.31565133036993315,1.06615770800272,False,,,0,0,0,0,0.0,0.0,1.3713686203472883,0,220,d18bc748804938e07e4dcf8014bee0a5d4313c1c03943ae742303aed72208036,e12ca1c76bd8cc74ef2c8bd772d04365090d025745d5a7aef03cdc4c9f008db5,6.271781902245718,208.79344979215657
61,49961,fixed_s_turn__kinematic__no_current,fixed_s_turn,kinematic,no_current,False,False,False,0.0,1.281929114863086,344.50897571204956,0.5192289354747219,1.1234290419961326,False,,,0,0,0,0,0.0,0.0,0.85915514115646,0,220,ceba92a3b877fd5f92d6035b51b097f4f2363db4996b31f9421b190fac43e195,37fdad0f2243afe1b86f3547ef94ba690b82bc47dec8ede831216fb1c5ea7e83,0.9542324458197868,344.22541614714214
62,49962,fixed_s_turn__kinematic__no_current,fixed_s_turn,kinematic,no_current,True,True,True,1.0,0.8182890089378457,0.992426774550218,0.1639267526649949,1.1112307919975137,True,123.99999999999723,123.99999999999723,0,0,0,0,0.0,0.0,0.2,0,220,fe1da9c12b99828d9f87c9f3afd157a94eed2413c271d21baecf29dafbfafc0f,dc3bbc85346c3080b20c134dffee7accad8e5db56a5c1261fbf8eabffe1e2849,0.7385528135190481,0.9591968395100541
63,49963,fixed_s_turn__kinematic__no_current,fixed_s_turn,kinematic,no_current,False,False,False,0.0,1.4032864168484875,371.9552854892656,0.549176960796802,1.1248556669961545,False,,,0,0,0,0,0.0,0.0,0.8651951404343037,0,220,6da58f46ea569b7d43b7fdc298d13b37ab72c2c4cef5229b98f965d253c523e2,18d00207f6001c96b230fb553dce29322b5f20b06e265cd86165730580967f4d,1.5369138751159823,372.9929444293557
64,49964,fixed_s_turn__kinematic__no_current,fixed_s_turn,kinematic,no_current,False,False,False,0.0,0.8407559416752787,175.37566037256764,0.5540302531453477,1.18140216699976,True,304.0000000000006,304.0000000000006,0,0,0,0,0.0,0.0,1.1435592594903463,0,220,67bd2eb21eb561e0863c16d1f7c234ff91eeb16e1dee50edf3fd9d749f5d3699,7ccf1bcf40084506a67b61b3ece54cbe81b5c11c0c3a4b76c26b40f13bb713c4,0.9461697368827869,237.58857969509492
65,49965,fixed_s_turn__kinematic__no_current,fixed_s_turn,kinematic,no_current,True,True,True,1.0,0.7943235088206444,0.7853948000307684,0.23662593704649437,1.1212892080002348,True,243.99999999999042,243.99999999999042,0,0,0,0,0.0,0.0,1.439691786809069,0,220,2a2beba076a5ea0920b508b6a78df53dd8cfd819d6d58fe7c63602ce4aff6900,2fd794417b190621d41c2a996866194c086eb09d51135fb592c0773edcb9bc0f,0.80111305582408,0.7873158153430925
66,49966,fixed_s_turn__kinematic__no_current,fixed_s_turn,kinematic,no_current,False,False,False,0.0,0.4785459236928109,32.994508550756855,0.2019450966771525,1.036956416995963,True,304.0000000000006,304.0000000000006,0,0,0,0,0.0,0.0,1.7840865486307131,0,220,c9f5995a1e8a09a15bfa441aaab759f0319ad84b2cd7346ff238dfebc36902a1,79516b7dfd88b1ee0f65c05e9335efd95afe1a92a7602661111b09596ab264bf,0.4830356583303563,123.61652286320573
67,49967,fixed_s_turn__kinematic__no_current,fixed_s_turn,kinematic,no_current,True,True,True,1.0,0.40835556663917383,0.3650209533870515,0.14922418264545206,1.232134624995524,True,183.99999999999383,183.99999999999383,0,0,0,0,0.0,0.0,2.084601532894487,0,220,ef39de65c37d33e142f00262c8903cea28da513947fb24a746b704c86ed76019,c031e4eeab1f22e5c3da407e3834e2da94a3356c1bb720d13a54a5b6b9049bc3,0.4552472012435541,0.48895037592963503
68,49968,fixed_s_turn__kinematic__no_current,fixed_s_turn,kinematic,no_current,True,False,False,0.16,0.35135156289863845,2.9668499907534565,0.20422784956901294,1.1465349159989273,True,243.99999999999042,243.99999999999042,0,0,0,0,0.0,0.0,1.2265347914836155,0,220,0a820f69b7b2f5da8a5abd093f9feb9f6e1a28aedeef01e45edae109ee484006,c310530552a70a373c24bce61685c0e02fc9ef1608c41ebf86370a57a0c194ac,0.41200243158741806,44.6768565571657
69,49969,fixed_s_turn__kinematic__no_current,fixed_s_turn,kinematic,no_current,False,False,False,0.0,0.241458367573539,210.62732171768758,0.2638342835826349,1.3372279169998365,True,304.0000000000006,304.0000000000006,0,0,0,0,0.0,0.0,0.19999999999999998,0,220,2e80e0cab40504f9a750027ff0bc1cbe7b5b57367b93e5f7633533aaff6c8c11,012085c08b3523299f749dbb4b1291a81ef0104163be2676e67c2a8f1e17c6c7,0.1919270399204267,289.7363056732664
70,49970,fixed_s_turn__kinematic__no_current,fixed_s_turn,kinematic,no_current,True,True,True,1.0,0.15451283172026725,0.20483065283635288,0.3242133511937754,1.1667393750030897,True,183.99999999999383,183.99999999999383,0,0,0,0,0.0,0.0,0.20935487941920802,0,220,27f5bcb2814056976e42441b2aa88018e3355141587e0e48a7904f903ab3cfe0,90ec2676b3be89c8100133997fc8d14a3f806f3bc256cc7fc38451606b1f8ef9,0.25737871401024665,0.276490991251926
71,49971,fixed_s_turn__kinematic__no_current,fixed_s_turn,kinematic,no_current,False,False,False,0.0,0.8534838789434349,353.8168953044464,0.28132271358847527,1.335733749998326,False,,,0,0,0,0,0.0,0.0,1.6232082714666212,0,220,d0cb23c627da2d20bc6499ebbb867cc1643bdd7e1fe4770153b5847cc7be5d64,48ff458df8c0d784e9dbf77fc768bf476d073a092bd878cf79454012dcf9c259,1.3820623780554888,350.77647563522316
72,49972,fixed_s_turn__kinematic__no_current,fixed_s_turn,kinematic,no_current,True,True,True,1.0,0.8127478527135641,0.8296318970957471,0.13287960399313897,1.460407665996172,True,64.00000000000064,64.00000000000064,0,0,0,0,0.0,0.0,1.3144821540719382,0,220,b0dd1f772eab80a519542d31f0c52b386ecf62c30cce3e78959cba6e15d1b43b,6d7094f5956eec844f17825eb38118a2e36a92fef02141e0e712da71e1f41c9f,0.8003637426190657,0.8284365166214123
73,49973,fixed_s_turn__kinematic__no_current,fixed_s_turn,kinematic,no_current,True,True,True,1.0,1.152963801729301,0.972522142676499,0.1458978867796729,1.733010916999774,True,183.99999999999383,183.99999999999383,0,0,0,0,0.0,0.0,2.2329702642175424,0,220,bac20e5f94fd63708815455859c99923dde8ed96a97e59cb7cbe03bf2a180dba,53cb4e3080e067e350de1cf329b0bacbf6d9a1dd4ab2f29380adaf602fdcfed0,1.1754700397814914,1.2535245361615528
74,49974,fixed_s_turn__kinematic__no_current,fixed_s_turn,kinematic,no_current,False,False,False,0.0,0.5315617626891458,381.9966899666861,0.2903249754220948,1.5040038750012172,True,424.0000000000279,424.0000000000279,0,0,0,0,0.0,0.0,1.6962529008183185,0,220,06047bdcb70893fe40faa342c8b7d57d4f5dbef2ccfd9249d4fbe27a2f9f98bb,12ff0e079ce42c78d9d60178e65e7ce83c3e2a02cfdab9d8b6aa65696f1a5fca,0.8507665278959203,409.49057099736854
75,49975,fixed_s_turn__kinematic__no_current,fixed_s_turn,kinematic,no_current,True,True,True,1.0,1.002156239341043,1.2261381355076713,0.19074915587680819,1.357959375003702,True,243.99999999999042,243.99999999999042,0,0,0,0,0.0,0.0,1.6642057897202247,0,220,ca0e949b4e537d88b8e7524c0223bde52624a147c2046d8e1620e887aa88ec9a,a1202b5f1fd8c676688754dbe507b240813742312bb56d31a47f8449f6d82245,1.1385119102794234,1.3802498432094072
76,49976,fixed_s_turn__kinematic__no_current,fixed_s_turn,kinematic,no_current,False,False,False,0.0,0.6334789807627873,62.46377148248969,0.24150028856180958,1.4371962079967489,True,304.0000000000006,304.0000000000006,0,0,0,0,0.0,0.0,1.6485661980526591,0,220,074800316deaafb9dffe168686a56eeab8f123a214785fdae0d51be9d83ab926,ac34eb8b6512a038f92046e904963e583787cf67e6be0c3f9cb760212ffea7ec,1.52213531672469,121.6472498799323
77,49977,fixed_s_turn__kinematic__no_current,fixed_s_turn,kinematic,no_current,True,True,True,0.82,0.6576627999593482,0.6160673558270118,0.43512230637067134,1.4939880000019912,True,243.99999999999042,243.99999999999042,0,0,0,0,0.0,0.0,0.8120191064114046,0,220,6dddf9a5c1d359534f4b00794fc97df90e54d0ad7e8af86b9b251e61a472f390,9d522c945a548d608e4234916b60d8ba40a84509edd2e14948c64824836bc840,0.7119672679981305,3.9100364249831996
78,49978,fixed_s_turn__kinematic__no_current,fixed_s_turn,kinematic,no_current,False,False,False,0.0,6.1176456533756856,315.23898969695443,0.5747826780622421,1.2269152079970809,False,,,0,0,0,0,0.0,0.0,0.8013008558041997,0,220,c959246ee356bbf44c5e5841d4a62b749905d6a94d756b9541a1154d73ea82b6,aac14801023cea99aae03cd6193b3a28f947700cf62ff9f152eb65c852d56cf3,5.80999416661742,323.5362088336455
79,49979,fixed_s_turn__kinematic__no_current,fixed_s_turn,kinematic,no_current,False,False,False,0.0,1.173626099308957,68.18479567229554,0.2360036784673296,1.4869444590003695,True,364.00000000001427,364.00000000001427,0,0,0,0,0.0,0.0,1.8730522222805077,0,220,b58e28364fb0b50e969eba900fbee95629bd1c7a85d50db1d4df402e9cdc108e,da0a2bb7e931ecaa2c4f340c4bc40e666f7f1e594b187edf19cba64c4422cb91,1.1648826033913615,185.58285418398884
80,49980,fixed_s_turn__kinematic__no_current,fixed_s_turn,kinematic,no_current,False,False,False,0.0,0.6593654156407347,130.4824904291532,0.24402213746342838,1.3685459580010502,True,364.00000000001427,364.00000000001427,0,0,0,0,0.0,0.0,1.6816204212430768,0,220,2f173c4ff21bd16b53a70851cfce757eb5a526c77932486bd057e7ceffe573d9,9b0ac35476c95296d629fbb9988fc92c99dc36538d2c40d4baa4c37863bd1e7e,1.761102188755956,229.64828548817775
81,49981,fixed_s_turn__kinematic__no_current,fixed_s_turn,kinematic,no_current,False,False,False,0.0,1.1573133027942974,38.72076884593967,0.2619992555489344,1.3645594580011675,True,304.0000000000006,304.0000000000006,0,0,0,0,0.0,0.0,1.4101548106226962,0,220,0b4b0c31e44713ee5f18d9ee27453a7e51f2045cb5a863a2d60255538bd1b899,331c762bcae541b10befcbb69ae79fa70e4cf4b64bf9d6ab9caad863f68c9062,1.3567778109141302,130.80973112049503
82,49982,fixed_s_turn__kinematic__no_current,fixed_s_turn,kinematic,no_current,False,False,False,0.0,1.8011189429669867,217.5703965285704,0.1712132079308113,1.2294274579980993,False,,,0,0,0,0,0.0,0.0,2.3659830925216725,0,220,0e1fe86cea394af39478d9474ceebb335274243c07a55cb299b5c20b31866b79,375424c5456c684485327e865d7cca406ba8923c1de472b0e7b8b42d7173b622,3.102450737446862,220.09014469243348
83,49983,fixed_s_turn__kinematic__no_current,fixed_s_turn,kinematic,no_current,True,False,True,0.72,0.6190074570781411,0.8284193623793265,0.2945359061121714,1.2482501670019701,True,183.99999999999383,183.99999999999383,0,0,0,0,0.0,0.0,0.2,0,220,a795d4ef220f910444dc7526f70a194aa207df99abb076cb63fce8610501a727,1d165d5528a7b93333515cfec57423088529d19d4cfc1f08db51f90f81cfbf9e,0.600635163504586,7.028903823612578
84,49984,fixed_s_turn__kinematic__no_current,fixed_s_turn,kinematic,no_current,False,False,False,0.0,0.7436511964591809,20.32725790637785,0.20740922752113833,1.3024318340030732,True,304.0000000000006,304.0000000000006,0,0,0,0,0.0,0.0,1.7075611195922922,0,220,a7f5261fb2fa2a1f4b14af19eeaa427f0fad532a1574aca7968283597cfedc34,2f6e75d22acd306cdc17d9ecb15070b7fc6deeea5ccd73c3a9634eaf99894892,1.1331143827697907,85.41842146739965
85,49985,fixed_s_turn__kinematic__no_current,fixed_s_turn,kinematic,no_current,False,False,False,0.0,0.5431119051777624,187.35968327056688,0.20472059358295236,1.3579247500019846,False,,,0,0,0,0,0.0,0.0,2.1413678144295765,0,220,06d305c7e76a3ced1ff430d7f4d11ba6bffcfee17f33c2ed83bea867416cb857,479bac9b8fff6572c3357221b17b106cd74c39d7d72369efbe43c716e6d1df71,0.8909746478204599,182.9979812569352
86,49986,fixed_s_turn__kinematic__no_current,fixed_s_turn,kinematic,no_current,True,False,True,0.6,0.4505739010016566,0.4778430639451073,0.16233667226309526,1.2552226669940865,True,243.99999999999042,243.99999999999042,0,0,0,0,0.0,0.0,2.1286434328273924,0,220,bb78dc5408270599cfc6a8f0dd98ba9375a3c72553504d9ee6d1d829acafd4e5,1d555d703780f7c483662cb5677cc0633836bb799fada1314bcab83c001c6418,0.5205233926888914,11.912775995270263
87,49987,fixed_s_turn__kinematic__no_current,fixed_s_turn,kinematic,no_current,True,True,True,1.0,0.12219138774188619,0.2093249662262332,0.14108076625278643,1.227612249997037,True,123.99999999999723,123.99999999999723,0,0,0,0,0.0,0.0,1.7262531408716832,0,220,8b8080c55da07ae24f8fbed0574b95de85bd266372bf06f9598b4df70fb6f39b,40051810b36539b9859d837897337680d74a0b7ed185f05bd979b6d8784a9093,0.08918386059923611,0.21242695264829112
88,49988,fixed_s_turn__kinematic__no_current,fixed_s_turn,kinematic,no_current,True,False,True,0.54,0.4136334766075533,0.3442289909611962,0.16001459208918148,1.5978887919991394,True,243.99999999999042,243.99999999999042,0,0,0,0,0.0,0.0,0.6938439078063978,0,220,e53fdb45877d2969dbebee3e3a814068d873496a57bafac6e6336cdc59275bef,83db95797fce225dbba341e14ce36fba8b1bc6ef108e2f391c3d79b0ccf180b8,0.4626494608206173,17.514695911990785
89,49989,fixed_s_turn__kinematic__no_current,fixed_s_turn,kinematic,no_current,False,False,False,0.0,0.4053883966832801,19.869904155754725,0.20956991896852661,1.61705074999918,True,304.0000000000006,304.0000000000006,0,0,0,0,0.0,0.0,1.8437838142723475,0,220,61ca8045d1a7ec996b8f2f489720c1dae9fef980f2ef3653c3ef81cc096f79b0,ca47e1b92e7693fc29b62b35aaef2eca67a4b2b4ed4625dbc54df16cbe3fd671,0.8378026980494824,109.0598402086698
90,49990,fixed_s_turn__kinematic__no_current,fixed_s_turn,kinematic,no_current,False,False,False,0.0,0.6969763798478318,174.61800095351774,0.23204225633051545,1.3589162920034141,True,364.00000000001427,364.00000000001427,0,0,0,0,0.0,0.0,1.7481611070964105,0,220,7e1057ebd3acba10d97b0db82d6b53f087aa313d3a221695a5fc0daf5b2a2b7c,691fa912e3981af90909c0751fea561ad409c69bfeec573715506d0cd45e0023,1.0434581721005116,283.6285319659216
91,49991,fixed_s_turn__kinematic__no_current,fixed_s_turn,kinematic,no_current,False,False,False,0.0,2.06685664260379,345.7170922288181,0.30614086471618374,1.2678021249957965,False,,,0,0,0,0,0.0,0.0,1.4233093355957833,0,220,d102498265830d92ac0ad8f81cdc5883892660121c99f497f0d2befe8917aa3a,e5dc620bda33d8f409cb15980fa5d4e7a446e4729762f921628ab54a6641344c,1.507246301937945,339.6310259699274
92,49992,fixed_s_turn__kinematic__no_current,fixed_s_turn,kinematic,no_current,True,True,True,1.0,0.4385669499263899,0.4966015835528644,0.1661025030651905,1.3725757919964963,True,183.99999999999383,183.99999999999383,0,0,0,0,0.0,0.0,1.8308608916566882,0,220,b6175d3559c1b33f463e5d738dc27a6790c097f74051f20840db7c94ccca2466,a896c227357e4260988883c4cb3bd4115e3974d3d2caa8ebd6cf032e0bb6ccc2,0.5006483168295943,0.7571529287949883
93,49993,fixed_s_turn__kinematic__no_current,fixed_s_turn,kinematic,no_current,False,False,False,0.0,3.1675580837611386,190.6790083736052,0.19048675758306816,1.5850851669965778,False,,,0,0,0,0,0.0,0.0,2.246303797167212,0,220,2626c17254a82e213345610ad720102d6620351da04aad30e3562039ee9a0588,8589ef304f10295a1ca7f3785852188a639c9c370c80721bd334e6fe8c2c6548,3.328068491871834,200.73744694526
94,49994,fixed_s_turn__kinematic__no_current,fixed_s_turn,kinematic,no_current,True,True,True,1.0,0.5399583089383373,0.4594582910906644,0.294259559082389,1.3328987079949002,True,183.99999999999383,183.99999999999383,0,0,0,0,0.0,0.0,0.2574764173935426,0,220,14107af621bc00431d2b9204a614ef4005e8045ed5ddcbe3722f1bc80b4eaaeb,7fa6f7275ae4d7ad7b02fb87650847c51505efb9bc71573e1e9de507df3eb5d2,0.49067653309117837,0.4278192902479192
95,49995,fixed_s_turn__kinematic__no_current,fixed_s_turn,kinematic,no_current,False,False,False,0.0,1.6074914449457798,182.69185854005897,0.4536354809335412,1.3350987500016345,False,,,0,0,0,0,0.0,0.0,1.0883544356362533,0,220,a1295c9f6bab99d69bd97aad158762359246070184b55e49151a3791af477744,1e36e7044a870b2e6066c279f19c22d8c58a70757263378cabdcbd179de9d784,1.714287901764105,192.65358865565784
96,49996,fixed_s_turn__kinematic__no_current,fixed_s_turn,kinematic,no_current,False,False,False,0.0,1.8633084853283057,8.317019700191281,0.1964900835655162,1.2102534579971689,True,304.0000000000006,304.0000000000006,0,0,0,0,0.0,0.0,2.3735426010504037,0,220,18bec64a85dfb01fd9650467deb492b3a38e992f94b21441c07c3456161f5700,38e55be9ba7b97ef99f81b51345824d1885c8d2ecfe965e8748cc2b13346a8b3,1.626198296476246,91.47152984515117
97,49997,fixed_s_turn__kinematic__no_current,fixed_s_turn,kinematic,no_current,False,False,False,0.0,1.060347839047627,31.1873653684209,0.19045405905382182,1.1137548340047942,True,243.99999999999042,243.99999999999042,0,0,0,0,0.0,0.0,1.2800937581232938,0,220,80da7ceafa2c03a41427e572b3a1a23e3bf64fe3f33f835250326b1a0ea6e807,08d0bf780217c646b37e9b1173825031afc3b590b33b9ce3dbf076927af80b77,1.1868896630106418,98.71252054018677
98,49998,fixed_s_turn__kinematic__no_current,fixed_s_turn,kinematic,no_current,False,False,False,0.0,0.7351856988642955,47.78556186777477,0.23072161778655692,1.1749178329991992,True,304.0000000000006,304.0000000000006,0,0,0,0,0.0,0.0,0.679249093045065,0,220,b1ebf43be340222010fd2d9eb905ecdc9aeb2778c8c397394bb8dc53986163f0,ae09e813276a25d45b04fea66f30439a6508d2016c95bb329934d0997e8e33cb,0.7595096129999449,147.00773129117653
99,49999,fixed_s_turn__kinematic__no_current,fixed_s_turn,kinematic,no_current,False,False,False,0.0,1.9532416683173037,287.22478836581615,0.47242849800628334,1.1542198329989333,False,,,0,0,0,0,0.0,0.0,1.0646154979991738,0,220,5fc869a3c83199f7a5e7cb699e222990013eb45933f32697e558f672c4c26f00,2414d8ea6588b09e1344e5428549617d20335d3460efbb80a7c8c58d746bad21,1.8075450602682193,294.5913167694831
0,49900,fixed_s_turn__low_order_dynamic__bottom_track_visible,fixed_s_turn,low_order_dynamic,bottom_track_visible,False,False,False,0.14,0.40030425070238557,11.394004797400301,1.7591931733867217,0.7273550419995445,True,243.99999999999042,243.99999999999042,0,0,0,0,0.42947121237059704,0.3130731020969782,1.4374185285562777,0,220,a538c6b08353a45e0ec00d4c0ccf887a3494e3c90565c4b2d186f0fbd83e5b8f,0f81ce8d128b1292ed661509760218159f5d0ac243dd1abc4981e26a2ee7e3f6,0.3940067784721792,34.28805227014001
1,49901,fixed_s_turn__low_order_dynamic__bottom_track_visible,fixed_s_turn,low_order_dynamic,bottom_track_visible,False,False,False,0.0,6.082025696314962,385.32734971375487,1.9329135792932954,1.1787237500029732,False,,,0,0,0,0,0.47574610443299387,0.3144792945130945,1.5238986343227574,0,220,570b43b41587121a48750cefa282f1756c747cf9527fd813811cdb945a8308aa,42cdd51345edf1db7a2b073b630791612ee3910b03f84d2f1575f8c023840c28,4.446484223811118,370.2473037005225
2,49902,fixed_s_turn__low_order_dynamic__bottom_track_visible,fixed_s_turn,low_order_dynamic,bottom_track_visible,False,False,False,0.22,0.7424439517716023,13.265647288442791,2.2848987945307377,1.106661833000544,True,93.99999999999893,93.99999999999893,0,0,0,0,0.4902497453724518,0.327066359524566,0.6583476411819944,0,220,62eac2bab5f284cdd59b1000ece62536b01eab018bf152f8b6ae2f254a29da1a,5a660f9d42eb056a77b3eb050dbb847e5abc0e3b3c47063ea0f0a3ce853fd275,0.8136602064907292,10.243780229926324
3,49903,fixed_s_turn__low_order_dynamic__bottom_track_visible,fixed_s_turn,low_order_dynamic,bottom_track_visible,False,False,False,0.0,1.6615492732664976,270.10757950492876,1.9224071492041095,1.224651124997763,True,424.0000000000279,424.0000000000279,0,0,0,0,0.4820255659963698,0.3252630114423866,1.3838774452610236,0,220,0b939d7d89c3fd6abaaf4499f046d081edfa0c3a54d38a85b18ef72600caa4d6,a0c4a4b65352eaca93626f5cee9cc76729b0ea3a9f275961422baf6ebd856d37,1.612278525694879,297.64881795039014
4,49904,fixed_s_turn__low_order_dynamic__bottom_track_visible,fixed_s_turn,low_order_dynamic,bottom_track_visible,False,False,False,0.3,0.45093834016276346,10.594828611824514,2.098753530570154,0.8626053749976563,True,64.00000000000064,64.00000000000064,0,0,0,0,0.45684371316420663,0.31145076475622,0.12200361194686146,0,220,b7c083eb2e816af0babeb0f222eb51e0b3593af0530a90ffbcabde656ed11a65,2924ff3f6459a12548a430cddd88712e939d04d78b0878ffd45a0976f8c05848,0.43155605752684545,8.70231832042403
5,49905,fixed_s_turn__low_order_dynamic__bottom_track_visible,fixed_s_turn,low_order_dynamic,bottom_track_visible,False,False,False,0.02,0.9084274872227595,14.09670621911461,2.129876001294414,0.8042695000040112,True,123.99999999999723,123.99999999999723,0,0,0,0,0.49085340392143945,0.2781479416639085,0.6487591431973921,0,220,6315cc6cbfcd74405d4bb9b102e8d119bdfede05eab2529a4208c75e13073be2,0e1dfd0e26bd4c00f6793d907dbcce04737c9b5972eed77d1079027705c6ab3b,0.776105107049672,12.56819032785404
6,49906,fixed_s_turn__low_order_dynamic__bottom_track_visible,fixed_s_turn,low_order_dynamic,bottom_track_visible,True,False,False,0.24,0.2494767411138201,6.971574724049161,2.2457615181569492,1.1474267920057173,True,123.99999999999723,123.99999999999723,0,0,0,0,0.4984679336821467,0.33292596122643564,0.12174186128581815,0,220,374fd54a88f3b9e6e18ae704459843a41355fef5c2e23e6d4a24e240bf9843d3,39415e91edb3501aa4cb53c4324c08feb0e3d4127fa18bd3a63c23af84c44ad6,0.25240863100010685,9.287283678556882
7,49907,fixed_s_turn__low_order_dynamic__bottom_track_visible,fixed_s_turn,low_order_dynamic,bottom_track_visible,True,False,False,0.26,0.2931540781391504,6.997358038812982,1.8645911095790693,0.7678477090012166,True,123.99999999999723,123.99999999999723,0,0,0,0,0.39469783528621316,0.3586402366102114,0.4430759971536461,0,220,a7553b66848419915a49a0a750658ca4e03cc9b22e171863823c2f0be736cf09,203d807d0f9d247c0a241f57aec130e22e60f2041f513058bff0883f0b736cd9,0.38073877379828047,20.65296499427308
8,49908,fixed_s_turn__low_order_dynamic__bottom_track_visible,fixed_s_turn,low_order_dynamic,bottom_track_visible,False,False,False,0.04,0.8185899691629048,10.755427795820227,2.0087485078174763,0.8161511669968604,True,243.99999999999042,243.99999999999042,0,0,0,0,0.48366562393428125,0.31867296248201044,1.5218276578734329,0,220,7464e9bc5a4bbde3db79c217440efb93bf7cda14a31cf511f875f300e6c907f4,c8bb64aa686ae5ffc277576f31f3fb7cf2049e981d4f565327b678652935cdfb,0.7128747760859163,39.7849994969942
9,49909,fixed_s_turn__low_order_dynamic__bottom_track_visible,fixed_s_turn,low_order_dynamic,bottom_track_visible,False,False,False,0.0,0.2980482771357668,9.10891256000958,2.257217080148317,1.3662985420014593,True,64.00000000000064,64.00000000000064,0,0,0,0,0.495679168690442,0.31215467428974836,1.8981733163004735,0,220,25dad34453508903aa8a42b98250bdb7c8f6ccfdd883597fd942f1b245db2aad,b78083fd31701e84083eee5f1e3fd61459f146670f13f33c3ef62d3b787e23c4,0.32483730230894914,12.501600710255975
10,49910,fixed_s_turn__low_order_dynamic__bottom_track_visible,fixed_s_turn,low_order_dynamic,bottom_track_visible,False,False,False,0.0,0.3989036726742939,308.9931659451844,1.9197079495162428,1.3522271250039921,False,,,0,0,0,0,0.4561889271992821,0.2725657119381854,1.044493922831133,0,220,586f9305ddf7e84d298c70c9ec09e247b6c500ba0b7273e1dea6cdd63189a5e2,502a7437d91020245d2f3236dd953ea02ddfccad8cb0871e2d0f6b510b3abca3,0.660042595875354,321.7395717477778
11,49911,fixed_s_turn__low_order_dynamic__bottom_track_visible,fixed_s_turn,low_order_dynamic,bottom_track_visible,False,False,False,0.18,0.5683686640683805,12.60040749155936,2.1684736705156906,1.1716017500002636,True,183.99999999999383,183.99999999999383,0,0,0,0,0.5076707499573306,0.3029587789965314,0.07930648655105063,0,220,c6a6c89e9039892900cd038b581c135a1f5df8c9ccc78c1e8ffbc02003d48709,a8c5e1880f48fe087134dffdbd7f24252da8f0bd599fa88db09ac7f0934d1ee2,0.6238171920909813,21.04801523785916
12,49912,fixed_s_turn__low_order_dynamic__bottom_track_visible,fixed_s_turn,low_order_dynamic,bottom_track_visible,False,False,False,0.0,2.1589739891286017,259.06103643082145,1.7061056858487438,1.201170042004378,True,424.0000000000279,424.0000000000279,0,0,0,0,0.392109545911921,0.3326334815231205,0.9917059511174704,0,220,9bfa02258ed34dbbed13c2169dbf92f341e5ef0bdb781147e2c7516715fe06be,c356fc1a25d090fc14074348f4a7991b75617238938ec5900cf92c1f3c7b5844,1.201255324837135,283.93299337002134
13,49913,fixed_s_turn__low_order_dynamic__bottom_track_visible,fixed_s_turn,low_order_dynamic,bottom_track_visible,False,False,False,0.34,0.26964888971113693,8.3660780915471,2.374278315546588,1.0553844999958528,True,64.00000000000064,64.00000000000064,0,0,0,0,0.5121726787925731,0.30469396091348216,0.677715435149974,0,220,98ace53747e6cee5da383c96db4a9deebc16566181619554706fc36f1ee0628c,75ef1f15762e81fa6b01113347b555c0504e3ffa779bc5ea98e226a397c21dc8,0.17716004634866445,8.88746387318008
14,49914,fixed_s_turn__low_order_dynamic__bottom_track_visible,fixed_s_turn,low_order_dynamic,bottom_track_visible,False,False,False,0.0,0.10144902646761682,10.007693319175894,2.00113698085885,0.9472080839987029,True,304.0000000000006,304.0000000000006,0,0,0,0,0.48591472795176754,0.3698547370675317,0.7939563336398238,0,220,38dfda33db48a868d715a5ce46c0b4ff128ef80673de0c0594dfe169b5809fe0,b4f87516d94e8d49417e92d095bfa4588b97c6c2f9109430536cce75690cecdf,1.297636401763317,91.0054399847319
15,49915,fixed_s_turn__low_order_dynamic__bottom_track_visible,fixed_s_turn,low_order_dynamic,bottom_track_visible,False,False,False,0.0,1.192567034109064,271.84066212820915,1.896875500641089,0.9445323749969248,False,,,0,0,0,0,0.3960777769001434,0.2755963758337919,0.6589516646157373,0,220,2bf78a58a4ad4c136f6b4c9f515cdf1c7d907b476cf13601d121c2d34fb733fa,3dd2606dd629a32892d4efeae981530160273eb36415693980fe1598c1445e4b,1.41830862497881,256.2301606943097
16,49916,fixed_s_turn__low_order_dynamic__bottom_track_visible,fixed_s_turn,low_order_dynamic,bottom_track_visible,False,False,False,0.36,0.4869994799624521,9.057543805556197,2.0479449769266584,0.8483849169933819,True,183.99999999999383,183.99999999999383,0,0,0,0,0.46257729991909646,0.2587757064142171,0.30747761212325386,0,220,36b747e1334075c7315d653d40aa737f338ce273447338f9d0fe3bb3b731f7bb,62971a093b05b1b469aea4009576bfdbc66bfb82db50ce1278d60ad8434deaff,0.4723411336967168,9.84329089429303
17,49917,fixed_s_turn__low_order_dynamic__bottom_track_visible,fixed_s_turn,low_order_dynamic,bottom_track_visible,False,False,False,0.04,0.35919184581859254,11.51836620444078,2.2636207969663347,0.9033547500002896,True,64.00000000000064,64.00000000000064,0,0,0,0,0.5136592850696383,0.30137509881385716,0.1447554936181381,0,220,217415a7ec19262b5490d6b98a3ae9b0a6f31c2683037d87879984257e5f56e2,b501affd3e98da268ebbb634a087c236e749c7f9270a34428e15c73b2f309b8c,0.3824388782747863,12.526790330030838
18,49918,fixed_s_turn__low_order_dynamic__bottom_track_visible,fixed_s_turn,low_order_dynamic,bottom_track_visible,False,False,False,0.18,0.5923773954079946,13.171062130453475,1.8922000579063345,1.021139625001524,True,183.99999999999383,183.99999999999383,0,0,0,0,0.43796647548055057,0.28904196184629655,0.5467524029826288,0,220,8426f813797d028bcc8a577898e206c895014555887d16b589546035bcf3c769,c27e387da8c5a5d3029dc73325e5d6c597d693c47d749c4a1fcf2dfa1595314b,0.6653565423061956,10.602804209730202
19,49919,fixed_s_turn__low_order_dynamic__bottom_track_visible,fixed_s_turn,low_order_dynamic,bottom_track_visible,False,False,False,0.0,1.9596238682745464,302.22783351130147,1.5917204320379517,1.2285054590029176,False,,,0,0,0,0,0.39316041272063296,0.2949632542591983,1.6444745639024942,0,220,289caafe1ee074229dbb1ec3e0f2522bb06cb8932dc683f2a38eda18e0af7b19,3065dc57491db36bf00e9096ac9a84d1e4dfa11339093179cc0eb002efed92e0,2.3460326063261374,302.6459423736531
20,49920,fixed_s_turn__low_order_dynamic__bottom_track_visible,fixed_s_turn,low_order_dynamic,bottom_track_visible,False,False,False,0.06,0.1781286805534276,19.986609810116917,1.8852680040820615,1.3023869589960668,True,304.0000000000006,304.0000000000006,0,0,0,0,0.45541684068905364,0.34907951534451576,0.10085536284743535,0,220,fb4b905ae49b654ab27ea429c3fb5d85bede69a580831b04cc500f32ac1a2b48,0c9f92833dc5acf72ce7d87bd0de2ac9372a1689bcdf52f370d90ef4681eb8c0,0.42605729312193935,81.35260895288997
21,49921,fixed_s_turn__low_order_dynamic__bottom_track_visible,fixed_s_turn,low_order_dynamic,bottom_track_visible,False,False,False,0.16,0.40336186478975267,9.659508429196329,2.3497204190285026,1.22922995800036,True,64.00000000000064,64.00000000000064,0,0,0,0,0.5079450389129307,0.295856713606748,1.5978085100882802,0,220,5bf7a6647fc7cfd1c748039098510269cd27f368c769063b3b12266a6771ac10,88700bc5bd0b5e80470a93550b4ff960262ef1773350f5a67eba01d7557bbe3b,0.33874354378998495,10.920941534083004
22,49922,fixed_s_turn__low_order_dynamic__bottom_track_visible,fixed_s_turn,low_order_dynamic,bottom_track_visible,True,False,False,0.5,0.9123940937427567,7.29725767584636,1.9530484362162353,1.3978980419997242,True,123.99999999999723,123.99999999999723,0,0,0,0,0.4385115409677682,0.34291220385690335,0.6761693270362094,0,220,e6f25bd64fa736805934db124f544dc6ff2fd7bf12e494a491effebf54914209,d8e3e8bcfd7de841b624843c4a7387c9f91c58d23906b76a78675bfde256c67a,0.9692271776074761,7.607712492830732
23,49923,fixed_s_turn__low_order_dynamic__bottom_track_visible,fixed_s_turn,low_order_dynamic,bottom_track_visible,False,False,False,0.14,0.8105041030554283,11.53961819319757,2.1311054200487467,1.105108540999936,True,93.99999999999893,93.99999999999893,0,0,0,0,0.4885399642421812,0.30264300781417003,0.6399062394494296,0,220,04149b73bdafb7d68b31435a44f190a449f9d49ff427b0f6fb5c3afaef8f8763,d7c65b2eec467287244eea36b47aaa3466a7a532f8215f6488bdb388bda74852,0.7217317565543732,10.44420218684921
24,49924,fixed_s_turn__low_order_dynamic__bottom_track_visible,fixed_s_turn,low_order_dynamic,bottom_track_visible,False,False,False,0.0,0.8066946015207562,150.71350623600478,2.015330990396822,1.0625430000000051,True,364.00000000001427,364.00000000001427,0,0,0,0,0.46887461539341746,0.3028942333733298,0.683498577968736,0,220,8e3ce06c2503fff8b4e787ff5bab8a01ea133ac95fb930f4787c92310fec24fa,dc679f5ff9127fe7d6a73f5e56ed906062b6eb29248e0b9d9f04320284a2b29d,1.3447231789886391,220.5824230113501
25,49925,fixed_s_turn__low_order_dynamic__bottom_track_visible,fixed_s_turn,low_order_dynamic,bottom_track_visible,True,False,True,0.58,0.880345637012922,1.8060202243040233,1.9481942425803436,1.1623534170066705,True,183.99999999999383,183.99999999999383,0,0,0,0,0.43052847087820867,0.30270777925545134,0.7292956899752595,0,220,7352dd813bff63aca339c91708bd0bae2397007b7662677b0bfa49e677571ad9,c22bd1799111822189221cd6440dcca451c23d33a654a2d09a47e5354e93a3ca,0.8929988876990866,11.261155133342605
26,49926,fixed_s_turn__low_order_dynamic__bottom_track_visible,fixed_s_turn,low_order_dynamic,bottom_track_visible,False,False,False,0.0,0.8148393694252212,387.04400260008686,1.9312486239756135,2.590151666998281,False,,,0,0,0,0,0.4363820090981598,0.26695747300868145,0.9092142153126697,0,220,d4aa2713f22a1b82ccfd89cfa859607c9c1e28a4da580c2914c416e690e19c4e,03695912143e35f53fcdd67de75ef953bddbc8691e489c025c6128f0c2ec9501,0.6637440719001065,389.90403003744046
27,49927,fixed_s_turn__low_order_dynamic__bottom_track_visible,fixed_s_turn,low_order_dynamic,bottom_track_visible,True,False,False,0.1,1.0521927793695338,7.788834946946427,1.7581266197765029,1.0823121670036926,True,243.99999999999042,243.99999999999042,0,0,0,0,0.4353221237475276,0.30598265812664976,0.805845500660823,0,220,e8a140ba1fdb009da536c1f06a0b02ae2c0ac6fca35b9fd271636d562384098d,ce23f1c62e6c89badf8cca58be7e8f1568ca14aafe83cc816a7fa6c3e82f4c0b,1.211141111425292,38.8865182549731
28,49928,fixed_s_turn__low_order_dynamic__bottom_track_visible,fixed_s_turn,low_order_dynamic,bottom_track_visible,False,False,False,0.24,0.35225179439050885,8.598367131519947,1.9490095396234546,1.2431062500036205,True,304.0000000000006,304.0000000000006,0,0,0,0,0.45420595056159413,0.30494944341159513,0.6669813293015354,0,220,62888d956483eac035c8c731c71db650602b814c683205d0bc92e9b30802e115,bc9970f05b90984138eb29b76da450d57eb867607b64a2d1e485174abe7bfb1f,0.38484392558942665,23.186160396733413
29,49929,fixed_s_turn__low_order_dynamic__bottom_track_visible,fixed_s_turn,low_order_dynamic,bottom_track_visible,True,True,True,0.8,0.2651204837627488,5.010346563281848,2.133781051933147,1.175435707998986,True,93.99999999999893,93.99999999999893,0,0,0,0,0.4419311644503988,0.3088212512039839,0.1738482046327877,0,220,cd4393ae9f3ae238ffc11f23d88130b6177d3f943e76e9b23e48f316263eb7fc,c9014975dad70e2cbb0621d0d0c30accd970b62e1cd0d3f31a9e1e7475180b61,0.2616480230953702,6.309922305425385
30,49930,fixed_s_turn__low_order_dynamic__bottom_track_visible,fixed_s_turn,low_order_dynamic,bottom_track_visible,True,True,False,0.88,0.30507503184278195,7.941623256734945,2.0547853899117734,1.1673375419995864,True,183.99999999999383,183.99999999999383,0,0,0,0,0.4502232545240831,0.34479680341569785,0.9849379886957161,0,220,05a7e109fe9fff1e1a1ac0906f3a920180e076e8c8c551fa3ea36a090a3e5a2e,1b102216093ae2b76f8a54fd258935e0ded99a9ee2b73b6ebaddd28e06c89996,0.27959574890047123,6.2099618890321
31,49931,fixed_s_turn__low_order_dynamic__bottom_track_visible,fixed_s_turn,low_order_dynamic,bottom_track_visible,False,False,False,0.0,0.7995810994443076,24.965612052848197,1.9235565916029569,1.0713071249992936,True,243.99999999999042,243.99999999999042,0,0,0,0,0.4776298521117592,0.2965278019009699,0.5395205032971833,0,220,58d5a76ca2311950cc6cb7fb2c5cf98fe235f0162a0f700894b1a5a2a15c425e,4946ddd8f16dadf988f24557bedff92266d4048c701a6086a364cc8694f86a5a,0.6909508454644632,95.48267295924697
32,49932,fixed_s_turn__low_order_dynamic__bottom_track_visible,fixed_s_turn,low_order_dynamic,bottom_track_visible,False,False,False,0.0,0.603087632052411,22.91531440482734,1.983420868122228,1.0920146249991376,True,304.0000000000006,304.0000000000006,0,0,0,0,0.4888229897107704,0.30750573171474044,1.5713919146659452,0,220,03a600d903049220df713016b97d44f68fe4370e7a0d46794ad675862e6a9550,0330c82e1a9c7eeb948fd18a0464c66bf90025422b4b4bafb0564eaf5210ec23,2.44495887052587,96.55032305347864
33,49933,fixed_s_turn__low_order_dynamic__bottom_track_visible,fixed_s_turn,low_order_dynamic,bottom_track_visible,False,False,False,0.1,0.3490434781916737,12.854811360015264,2.263440332852692,1.1839644589999807,True,64.00000000000064,64.00000000000064,0,0,0,0,0.4784023581594414,0.31213077684180845,2.0223289940407154,0,220,929ed4b5daab5e1fef8b47d9103ad83f3f02852eb5b8eafc4b94e5c731d9502d,92c2da3dc623706f5404767d84c2d74cf36e9d6e3f04de18f79b79c9a1ec90f5,0.40863758028746444,11.632837403898659
34,49934,fixed_s_turn__low_order_dynamic__bottom_track_visible,fixed_s_turn,low_order_dynamic,bottom_track_visible,False,False,False,0.0,0.6924867883105393,332.7639627119379,2.004610829691201,1.1201386250031646,False,,,0,0,0,0,0.47178834892072746,0.3637522239749227,0.9411125274102543,0,220,dc7207f776075453523d7da174187ca39c9c1c6709ac2edb6c78445ab66e739a,a3cc59b8ce9c18fe636ae2e19c0ba3161dac8476207781937503489ca437dbf2,0.7198242149407966,335.69584718236734
35,49935,fixed_s_turn__low_order_dynamic__bottom_track_visible,fixed_s_turn,low_order_dynamic,bottom_track_visible,False,False,False,0.0,0.5134739340653238,12.409457304081574,2.1529439894832705,1.3492136249988107,True,243.99999999999042,243.99999999999042,0,0,0,0,0.5047242955515262,0.29931234176987426,1.3128358660454191,0,220,6715f1b0584e1e6031c599d2db634f1df0e56450bb1976c639582bc82926cfdd,c75cfaa31948c87cb56aca7a412177107dd2018c26f2ef230ff287f947eb9478,0.5671490968390204,68.2446659046051
36,49936,fixed_s_turn__low_order_dynamic__bottom_track_visible,fixed_s_turn,low_order_dynamic,bottom_track_visible,False,False,False,0.22,0.11103571508694798,12.881424257363422,2.2834734530986505,1.240591375004442,True,93.99999999999893,93.99999999999893,0,0,0,0,0.5002504096196139,0.33282217266801273,0.8457491781176678,0,220,87d7c5b09dad5c57dc0038543a833a26911ec9737aff66fa0f06c9567c54bed6,96a9244e537beca1f551ac862856ab007ba0d56460793e357b6212ba7d5be1c3,0.15655547026643796,9.68227621860595
37,49937,fixed_s_turn__low_order_dynamic__bottom_track_visible,fixed_s_turn,low_order_dynamic,bottom_track_visible,False,False,False,0.0,1.083539242600584,22.799898933550445,2.079242352296433,1.3465404579983442,True,183.99999999999383,183.99999999999383,0,0,0,0,0.4700662044905449,0.35828625260228303,0.39089736514882745,0,220,11acf08d6e35f5a81fc87c414812113fcd3ffa23f5fcf90d84cb3e5777cd88ae,c6bf86bcc8d137efce595aee559e4344294f1a2819b21d556cb7b206bcc21b85,1.2916595380702751,76.01608475996247
38,49938,fixed_s_turn__low_order_dynamic__bottom_track_visible,fixed_s_turn,low_order_dynamic,bottom_track_visible,False,False,False,0.0,0.31157327251155714,209.93258975023102,2.008697385267326,1.4490644999968936,False,,,0,0,0,0,0.4779566382932069,0.3499483834560392,0.7026435448828233,0,220,a322b04fa568f1348ca44c92c0e3f68a3ff8d25ee0f1ade04f729075319116ff,f0c6828eb40887a7039fd640aad3bb0cb0c2e9a9d35cef796fdd8a92d730bc4f,1.0916430420885284,210.54215428198108
39,49939,fixed_s_turn__low_order_dynamic__bottom_track_visible,fixed_s_turn,low_order_dynamic,bottom_track_visible,False,False,False,0.0,1.4639728165150854,32.51299301929588,2.0429628340465498,1.1509371669963002,True,183.99999999999383,183.99999999999383,0,0,0,0,0.49953618777483527,0.29824244813521517,1.6238934788811759,0,220,2b4a20bdec0acd0249d3e523fbe5c34b9f229f1e2fec55daf2d4bc4161eb324e,87246b91efde3489f596a71a6bdd3fd00ed906fef0e6b05a924f96fe22f951b1,1.1692694223629452,83.94205734843665
40,49940,fixed_s_turn__low_order_dynamic__bottom_track_visible,fixed_s_turn,low_order_dynamic,bottom_track_visible,False,False,False,0.0,0.39336344233464143,163.3849040069942,2.047399292034508,1.3276261669961968,True,364.00000000001427,364.00000000001427,0,0,0,0,0.46180281443336074,0.3078399397857126,0.6083158347146496,0,220,acd58a3c0d900aa734f4a370f318d56def97ffbed5ad9298ac5caea535d801a5,f7eac2ce5a924b2b9b297116e46804b4f98dab4f50bda1293fdd479b3abdd211,0.5457432644442023,213.3441638465583
41,49941,fixed_s_turn__low_order_dynamic__bottom_track_visible,fixed_s_turn,low_order_dynamic,bottom_track_visible,False,False,False,0.0,0.8577167824819922,8.596805103908672,1.9696676007379927,1.1164564579958096,True,304.0000000000006,304.0000000000006,0,0,0,0,0.43914224466608487,0.25617265731954325,0.7618505530182096,0,220,f2049e6942141da0e4797c69ac39e851379331838f9398f9f458eb1d217b952a,9089bbe479e644e437d651d4317f8641fcbda1ac5eeb5d3bc999b4c2a3b4ccf8,0.9019164988170162,62.373474723300916
42,49942,fixed_s_turn__low_order_dynamic__bottom_track_visible,fixed_s_turn,low_order_dynamic,bottom_track_visible,True,False,False,0.14,0.8997578938832206,7.660722971696965,2.1973329056493225,1.730700625004829,True,183.99999999999383,183.99999999999383,0,0,0,0,0.49023067921418156,0.31416263808279854,1.316739934370366,0,220,87ceed3576069b0c7376a4a43debcba02fceb6144c876404368769821653a4aa,18b9e181a6fd1aee9ca1013f3cf0c9284f538a70238af65329376e64ac1fc444,0.9984424870254083,11.777875720660585
43,49943,fixed_s_turn__low_order_dynamic__bottom_track_visible,fixed_s_turn,low_order_dynamic,bottom_track_visible,False,False,False,0.16,0.458199773543542,13.357473947056754,2.088341601119683,1.3287049159989692,True,183.99999999999383,183.99999999999383,0,0,0,0,0.4815082714898278,0.28230112426047443,1.220995990268809,0,220,7e43d4f546176f21c8dce84f5dad5cfd77ae9767444759d10d1fb28d5ded4c3f,6d3cad2718077740eac4ec0e2b243cfa83cf2b8cbe2805360cc9f6865d2c9333,0.40932404845938897,10.763066333538932
44,49944,fixed_s_turn__low_order_dynamic__bottom_track_visible,fixed_s_turn,low_order_dynamic,bottom_track_visible,False,False,False,0.06,0.4533598016358509,11.569203746620069,2.17186212471217,1.6137351659999695,True,243.99999999999042,243.99999999999042,0,0,0,0,0.4986975726172503,0.2849234037908607,0.20387147848905993,0,220,ce47d6034b7f702e875100a63039adfc9f3f2ed0ac8f6bbf4a302ff6ba8d4b68,453259891c62c689a540aff1ecd4e6f494392514ce7256d421ccc2def8f3e43e,0.4637403852636874,47.42904546712587
45,49945,fixed_s_turn__low_order_dynamic__bottom_track_visible,fixed_s_turn,low_order_dynamic,bottom_track_visible,False,False,False,0.0,0.15508732435523992,10.679564769783232,1.9897146464707764,1.1730846249993192,True,243.99999999999042,243.99999999999042,0,0,0,0,0.4412565845515807,0.3033474376221483,0.10453381986119274,0,220,5408fdf0fd421aad63cb2c2b622a3a82cc6fd377024b808642e3e796e76c8b92,c8fd0c65fa1109e77715ce4b59fabc4fde3df9cec53a27974650aef6f7221450,0.16823635487315258,78.77458982387684
46,49946,fixed_s_turn__low_order_dynamic__bottom_track_visible,fixed_s_turn,low_order_dynamic,bottom_track_visible,False,False,False,0.12,0.46464291430477567,9.370738391120224,2.0418802530303526,1.177776124997763,True,243.99999999999042,243.99999999999042,0,0,0,0,0.49022393417993165,0.27184782479775954,1.1762932661447216,0,220,756fbe5e0c16da80bc61c4863458301e2e45d3663f74ebab10b060202bc23426,eb851573b56185232ed67b6b2463457d6433b7e75bdfcf7cecdf182346ec992c,0.35942699295097463,12.89420495903396
47,49947,fixed_s_turn__low_order_dynamic__bottom_track_visible,fixed_s_turn,low_order_dynamic,bottom_track_visible,False,False,False,0.0,0.9793285863346243,279.2274313176658,1.7490530428548037,1.0537388750017271,True,424.0000000000279,424.0000000000279,0,0,0,0,0.41036005187003916,0.2786342233002043,1.2011406843495527,0,220,0bfa78176b894b6eb87ee14a62267d228b938665cd26f5a8f1251102a5d3fb79,2df9e67af1878dbc7fc755b4658f3024bd0bb6712bc7fba68fa29d04c8543779,1.2937311817192636,299.2297596260915
48,49948,fixed_s_turn__low_order_dynamic__bottom_track_visible,fixed_s_turn,low_order_dynamic,bottom_track_visible,False,False,False,0.0,0.8255892225282484,227.58053547831037,1.7085307777287229,1.0411749579943717,True,424.0000000000279,424.0000000000279,0,0,0,0,0.40656487388544416,0.25803716033872126,1.4336307699578332,0,220,c88e5c67958ed3ce2b41217936d85568754da82b43aa77e68f4b20302d0ee44b,e937ce564580708dde9e1fb3f603b58e15f3148946e6d47431aa6037b6970c2f,1.1959674868210848,254.045395982248
49,49949,fixed_s_turn__low_order_dynamic__bottom_track_visible,fixed_s_turn,low_order_dynamic,bottom_track_visible,False,False,False,0.34,0.86266442323568,12.216544829757346,2.0982492245695537,1.0736274579976453,True,183.99999999999383,183.99999999999383,0,0,0,0,0.4906483485917199,0.3452007501161801,0.4377871069007486,0,220,f46fa321d0a79dca9a7f095dc28c948ea9fbc16ddbd25d96672b923c58e6eb27,f250424cb5ef9bdd62141cda0f77775edeb55f80c21fdb0a21057bb37bae64ef,0.796708234097324,9.097062682457413
50,49950,fixed_s_turn__low_order_dynamic__bottom_track_visible,fixed_s_turn,low_order_dynamic,bottom_track_visible,False,False,False,0.0,1.6952781541102877,243.60329788130514,1.8391971278416392,1.1389356250001583,False,,,0,0,0,0,0.446864045813076,0.28759131532721216,1.0230671877719175,0,220,01baf36a4a9fa1d1cce4523fecb7294d05e494586e01ed8a87fb6cd01b5e935a,4100574058f5163aeda9737c4ec17099e1a5280441e8351c0ffedf2c1cf13ff2,1.4641445139556455,240.58016806609984
51,49951,fixed_s_turn__low_order_dynamic__bottom_track_visible,fixed_s_turn,low_order_dynamic,bottom_track_visible,False,False,False,0.32,0.3784103928989763,10.001978704866254,2.0586048277109965,1.1536200830014423,True,183.99999999999383,183.99999999999383,0,0,0,0,0.500840905399895,0.3131925867044546,0.0714442523332561,0,220,bf60ba534788eef36c35ad9d9cc602b5af533a538279040b6c39db9f865f9d87,83b297bae467b92b145f63f2d2d2c82b9f3cf832760d497dab115680e9b8bb9a,0.3485849868764373,12.875012629155828
52,49952,fixed_s_turn__low_order_dynamic__bottom_track_visible,fixed_s_turn,low_order_dynamic,bottom_track_visible,True,False,False,0.2,0.5429977386495546,5.957979503432208,2.308802861828005,1.1168370000013965,True,64.00000000000064,64.00000000000064,0,0,0,0,0.49811318824241557,0.2687690499301418,1.2764428189927643,0,220,ed253c00506bdd87481b48b556dcd4893913d6991474d0f1bc80b8d8fd153ee3,dc2c4f4463218aff6d88a75468d79310293c2be392df1b549ea1362b215e1c05,0.4607431350752505,10.699973690919643
53,49953,fixed_s_turn__low_order_dynamic__bottom_track_visible,fixed_s_turn,low_order_dynamic,bottom_track_visible,False,False,False,0.0,8.29973705731786,318.06002934597825,1.5840087765710658,1.1506010420052917,False,,,0,0,0,0,0.3903605593795652,0.3037536749052908,1.4141363580501227,0,220,54b1b94e5ff2c327b5eacc1e77d7555fdcc5f64e04d3d30d612e7fabb3bcedd7,20d4d1779e5c37350c151823365b483d5890d0fb8587151a2527580ea9aaf97a,5.632424454335689,308.96941446856334
54,49954,fixed_s_turn__low_order_dynamic__bottom_track_visible,fixed_s_turn,low_order_dynamic,bottom_track_visible,True,False,False,0.1,0.381140165166623,5.968092151382021,1.968298756384971,1.0494291249997332,True,243.99999999999042,243.99999999999042,0,0,0,0,0.44531774379577227,0.3540594770604432,1.5216545780099695,0,220,3a4ede0b46c4bbb7ad04e0e7de130835828c663a04742bbd2b71723791830ded,d16806f1831d8f307d7ab8ee3e8c48157cedd2463dca6a117262a07b7eec0c08,0.3999353803234886,42.09156394970137
55,49955,fixed_s_turn__low_order_dynamic__bottom_track_visible,fixed_s_turn,low_order_dynamic,bottom_track_visible,False,False,False,0.0,3.7728269311404654,252.79186732655984,1.76764168797756,1.0314835000026505,False,,,0,0,0,0,0.40537340951128403,0.31213718059056944,0.8972607453015348,0,220,518296bde63b7a74f902834dd2adc7d26e25eb973c95c459c0a6348eb8103670,16ff54a4be07c1bff85e3a9bbe6fac24cdb20ca1adf9e16c53ac77ad5bcc450e,3.360812047911898,255.15929488364014
56,49956,fixed_s_turn__low_order_dynamic__bottom_track_visible,fixed_s_turn,low_order_dynamic,bottom_track_visible,False,False,False,0.16,0.6552708481403253,9.714125832347293,2.342752189319805,1.0506934160002857,True,64.00000000000064,64.00000000000064,0,0,0,0,0.505449735910626,0.30111463250852266,1.4799927784414524,0,220,12775fd8dcd77ba32ff36d2f1c45af84341a02c9775773f983d0d28866d56587,c7a758f3a6682b6c512496c289de63a0b5fec2c0b72d067f234896cdcb2410ae,0.5701909629008789,11.019946296301619
57,49957,fixed_s_turn__low_order_dynamic__bottom_track_visible,fixed_s_turn,low_order_dynamic,bottom_track_visible,False,False,False,0.0,0.6761330550326525,69.62604178098418,1.9347643272287292,1.0932514169981005,True,304.0000000000006,304.0000000000006,0,0,0,0,0.41978109836307714,0.31921423980863817,0.6554311439203263,0,220,86c3a939063b6929fec660c903b56179108a9042e9daa0de34070e92b6f1fed9,0dec86089e67415c60f336e20268a08ae008bcebd68cda3dff20711b98ea8884,0.7855857958813489,122.71763417483068
58,49958,fixed_s_turn__low_order_dynamic__bottom_track_visible,fixed_s_turn,low_order_dynamic,bottom_track_visible,False,False,False,0.0,3.239049909413079,371.01659470793595,2.047135068079898,1.059201750002103,True,424.0000000000279,424.0000000000279,0,0,0,0,0.48815018013424577,0.27248587746054004,1.6617734945931197,0,220,86b6c88cdc0a48c542e30e281ea9604d2e1ebc93b5e36f018780fe5f973e4491,2f4a8c1053074ad415cdc6d408ebf0e701cb65d4f79a4bb46c55fb3b3ea3f3dd,2.4761879355073844,381.235876949708
59,49959,fixed_s_turn__low_order_dynamic__bottom_track_visible,fixed_s_turn,low_order_dynamic,bottom_track_visible,False,False,False,0.0,0.36173222961722107,8.826576915177045,1.992409950597834,1.368233124994731,True,243.99999999999042,243.99999999999042,0,0,0,0,0.47822559043997165,0.33190247354400065,1.1751696876254698,0,220,e1bd0cc93d22b9c5c8287abb52e46e2620758310ad1df761b869a14c036eb58c,07a809b143b5652f94984bb0c54d0128ebbda00769085ea763367e0c8ebb468c,0.2516970168899995,39.99661611805242
60,49960,fixed_s_turn__low_order_dynamic__bottom_track_visible,fixed_s_turn,low_order_dynamic,bottom_track_visible,False,False,False,0.0,1.1229708346737934,243.8836820726507,1.8540595550356045,1.2298794590024045,False,,,0,0,0,0,0.43194354455632733,0.2866089297056393,0.9460230177805797,0,220,d18bc748804938e07e4dcf8014bee0a5d4313c1c03943ae742303aed72208036,e12ca1c76bd8cc74ef2c8bd772d04365090d025745d5a7aef03cdc4c9f008db5,2.5958654741794165,248.4395228000728
61,49961,fixed_s_turn__low_order_dynamic__bottom_track_visible,fixed_s_turn,low_order_dynamic,bottom_track_visible,False,False,False,0.0,0.2037747003175702,282.6131877202181,2.021918611068911,1.5509758749976754,False,,,0,0,0,0,0.47149024343137924,0.31389974725422437,0.6800974878777872,0,220,ceba92a3b877fd5f92d6035b51b097f4f2363db4996b31f9421b190fac43e195,37fdad0f2243afe1b86f3547ef94ba690b82bc47dec8ede831216fb1c5ea7e83,0.746896706254271,288.0023573113486
62,49962,fixed_s_turn__low_order_dynamic__bottom_track_visible,fixed_s_turn,low_order_dynamic,bottom_track_visible,False,False,False,0.42,0.36338942019463716,14.768049295295247,2.1630675089974525,1.178740667004604,True,64.00000000000064,64.00000000000064,0,0,0,0,0.4369016464064302,0.3046233492018627,0.2725484748072822,0,220,fe1da9c12b99828d9f87c9f3afd157a94eed2413c271d21baecf29dafbfafc0f,dc3bbc85346c3080b20c134dffee7accad8e5db56a5c1261fbf8eabffe1e2849,0.4239949349508512,9.063994042269256
63,49963,fixed_s_turn__low_order_dynamic__bottom_track_visible,fixed_s_turn,low_order_dynamic,bottom_track_visible,False,False,False,0.0,2.575325817617421,332.4946636257863,2.0955608455169923,1.1148604589980096,False,,,0,0,0,0,0.429721826742975,0.31538075349135536,0.42823809770332877,0,220,6da58f46ea569b7d43b7fdc298d13b37ab72c2c4cef5229b98f965d253c523e2,18d00207f6001c96b230fb553dce29322b5f20b06e265cd86165730580967f4d,1.664358315784076,337.453035450581
64,49964,fixed_s_turn__low_order_dynamic__bottom_track_visible,fixed_s_turn,low_order_dynamic,bottom_track_visible,False,False,False,0.04,0.5121862690542228,8.577704714818518,1.9017057222005567,1.1064355830021668,True,243.99999999999042,243.99999999999042,0,0,0,0,0.4009848176572196,0.3328314896072158,0.5346549599743241,0,220,67bd2eb21eb561e0863c16d1f7c234ff91eeb16e1dee50edf3fd9d749f5d3699,7ccf1bcf40084506a67b61b3ece54cbe81b5c11c0c3a4b76c26b40f13bb713c4,0.5534241072675369,61.764258628812684
65,49965,fixed_s_turn__low_order_dynamic__bottom_track_visible,fixed_s_turn,low_order_dynamic,bottom_track_visible,False,False,False,0.0,0.9393680843538904,17.68090638806713,2.0498132838575147,1.3152269170022919,True,304.0000000000006,304.0000000000006,0,0,0,0,0.48111549334147974,0.27365191501745345,1.0320781647760426,0,220,2a2beba076a5ea0920b508b6a78df53dd8cfd819d6d58fe7c63602ce4aff6900,2fd794417b190621d41c2a996866194c086eb09d51135fb592c0773edcb9bc0f,1.3532516384725133,69.26375963458662
66,49966,fixed_s_turn__low_order_dynamic__bottom_track_visible,fixed_s_turn,low_order_dynamic,bottom_track_visible,False,False,False,0.0,0.771782999592558,14.859669103838355,1.9991291213184483,1.1041005829974893,True,243.99999999999042,243.99999999999042,0,0,0,0,0.47044565568945856,0.3107023825031244,1.2279635436043075,0,220,c9f5995a1e8a09a15bfa441aaab759f0319ad84b2cd7346ff238dfebc36902a1,79516b7dfd88b1ee0f65c05e9335efd95afe1a92a7602661111b09596ab264bf,0.8131793733194026,54.36934915496574
67,49967,fixed_s_turn__low_order_dynamic__bottom_track_visible,fixed_s_turn,low_order_dynamic,bottom_track_visible,False,False,False,0.2,0.9002978438659425,11.688748175992387,2.1808298697639046,1.551379624994297,True,93.99999999999893,93.99999999999893,0,0,0,0,0.4934101964207784,0.3078947920410871,1.2920378247862483,0,220,ef39de65c37d33e142f00262c8903cea28da513947fb24a746b704c86ed76019,c031e4eeab1f22e5c3da407e3834e2da94a3356c1bb720d13a54a5b6b9049bc3,0.8979852858309747,10.710343962422764
68,49968,fixed_s_turn__low_order_dynamic__bottom_track_visible,fixed_s_turn,low_order_dynamic,bottom_track_visible,True,False,False,0.1,0.26716740270475875,2.0974354717560515,1.7517989859405723,1.1482572500026436,True,243.99999999999042,243.99999999999042,0,0,0,0,0.40394807720007375,0.34596540837061573,0.8828403050679077,0,220,0a820f69b7b2f5da8a5abd093f9feb9f6e1a28aedeef01e45edae109ee484006,c310530552a70a373c24bce61685c0e02fc9ef1608c41ebf86370a57a0c194ac,0.24411621414736248,45.54350425735203
69,49969,fixed_s_turn__low_order_dynamic__bottom_track_visible,fixed_s_turn,low_order_dynamic,bottom_track_visible,False,False,False,0.0,0.20523939121423082,180.1228683055357,1.6511159793892836,1.1366114999982528,True,304.0000000000006,304.0000000000006,0,0,0,0,0.3876363812268166,0.2919704846735426,0.18691890124816513,0,220,2e80e0cab40504f9a750027ff0bc1cbe7b5b57367b93e5f7633533aaff6c8c11,012085c08b3523299f749dbb4b1291a81ef0104163be2676e67c2a8f1e17c6c7,0.21627004689046417,257.6210570455793
70,49970,fixed_s_turn__low_order_dynamic__bottom_track_visible,fixed_s_turn,low_order_dynamic,bottom_track_visible,False,False,False,0.3,0.16049820891530778,11.385383249361995,2.131745564383525,1.1497636249987409,True,183.99999999999383,183.99999999999383,0,0,0,0,0.5141516311585175,0.34585672031793446,0.41400374373657933,0,220,27f5bcb2814056976e42441b2aa88018e3355141587e0e48a7904f903ab3cfe0,90ec2676b3be89c8100133997fc8d14a3f806f3bc256cc7fc38451606b1f8ef9,0.1788999939880177,9.42168487126131
71,49971,fixed_s_turn__low_order_dynamic__bottom_track_visible,fixed_s_turn,low_order_dynamic,bottom_track_visible,False,False,False,0.44,0.5786990459980642,8.231768445620068,2.170070456183836,1.0948090000019874,True,183.99999999999383,183.99999999999383,0,0,0,0,0.5214159828254494,0.3169631762472497,0.027394140887696372,1,220,d0cb23c627da2d20bc6499ebbb867cc1643bdd7e1fe4770153b5847cc7be5d64,48ff458df8c0d784e9dbf77fc768bf476d073a092bd878cf79454012dcf9c259,0.48527105656404695,8.314379774495558
72,49972,fixed_s_turn__low_order_dynamic__bottom_track_visible,fixed_s_turn,low_order_dynamic,bottom_track_visible,True,False,False,0.1,0.31267133774601275,5.956720674093398,2.2950978074793524,1.163209749996895,True,64.00000000000064,64.00000000000064,0,0,0,0,0.4964823353847571,0.3216893008104814,1.1665421902129405,0,220,b0dd1f772eab80a519542d31f0c52b386ecf62c30cce3e78959cba6e15d1b43b,6d7094f5956eec844f17825eb38118a2e36a92fef02141e0e712da71e1f41c9f,0.3641552433755028,10.784981577306391
73,49973,fixed_s_turn__low_order_dynamic__bottom_track_visible,fixed_s_turn,low_order_dynamic,bottom_track_visible,False,False,False,0.16,0.25578969328054274,9.164728497499121,2.1666002970853753,2.688572375001968,True,123.99999999999723,123.99999999999723,0,0,0,0,0.4764277327130082,0.30752560931313655,1.6742323636782461,0,220,bac20e5f94fd63708815455859c99923dde8ed96a97e59cb7cbe03bf2a180dba,53cb4e3080e067e350de1cf329b0bacbf6d9a1dd4ab2f29380adaf602fdcfed0,0.297754326347517,10.618383281406146
74,49974,fixed_s_turn__low_order_dynamic__bottom_track_visible,fixed_s_turn,low_order_dynamic,bottom_track_visible,False,False,False,0.0,0.29243494667954884,75.28768610520542,1.8740903892750282,1.4900326660063001,True,304.0000000000006,304.0000000000006,0,0,0,0,0.44900433200022705,0.31895695753068215,0.406049112625011,0,220,06047bdcb70893fe40faa342c8b7d57d4f5dbef2ccfd9249d4fbe27a2f9f98bb,12ff0e079ce42c78d9d60178e65e7ce83c3e2a02cfdab9d8b6aa65696f1a5fca,0.4835269891270109,160.1881888754203
75,49975,fixed_s_turn__low_order_dynamic__bottom_track_visible,fixed_s_turn,low_order_dynamic,bottom_track_visible,False,False,False,0.56,0.21101174288728755,8.782723818996034,2.0683633560395682,1.2668094580003526,True,123.99999999999723,123.99999999999723,0,0,0,0,0.4481658123859111,0.2959881389418576,1.1189403746701907,0,220,ca0e949b4e537d88b8e7524c0223bde52624a147c2046d8e1620e887aa88ec9a,a1202b5f1fd8c676688754dbe507b240813742312bb56d31a47f8449f6d82245,0.19833910579370712,7.447982708202963
76,49976,fixed_s_turn__low_order_dynamic__bottom_track_visible,fixed_s_turn,low_order_dynamic,bottom_track_visible,True,False,True,0.48,0.2630480133120235,6.43529367983467,1.8654824849891545,1.2689249999966705,True,183.99999999999383,183.99999999999383,0,0,0,0,0.4264041916516656,0.2903730847083036,1.1242619513975267,0,220,074800316deaafb9dffe168686a56eeab8f123a214785fdae0d51be9d83ab926,ac34eb8b6512a038f92046e904963e583787cf67e6be0c3f9cb760212ffea7ec,0.3742846787981032,15.425172683373532
77,49977,fixed_s_turn__low_order_dynamic__bottom_track_visible,fixed_s_turn,low_order_dynamic,bottom_track_visible,True,False,False,0.44,0.47729156669871303,5.143773242721534,2.246955305047096,1.2657175840067794,True,123.99999999999723,123.99999999999723,0,0,0,0,0.5153241078552524,0.2664115848484569,0.29475273230632204,0,220,6dddf9a5c1d359534f4b00794fc97df90e54d0ad7e8af86b9b251e61a472f390,9d522c945a548d608e4234916b60d8ba40a84509edd2e14948c64824836bc840,0.3648477889521908,8.03692404729732
78,49978,fixed_s_turn__low_order_dynamic__bottom_track_visible,fixed_s_turn,low_order_dynamic,bottom_track_visible,False,False,False,0.0,7.190177111971487,321.5617639960041,2.051866647275,1.1489147500033141,False,,,0,0,0,0,0.44231498326488794,0.24696977280029292,0.5929193052910766,0,220,c959246ee356bbf44c5e5841d4a62b749905d6a94d756b9541a1154d73ea82b6,aac14801023cea99aae03cd6193b3a28f947700cf62ff9f152eb65c852d56cf3,8.742503294766962,330.42977793300406
79,49979,fixed_s_turn__low_order_dynamic__bottom_track_visible,fixed_s_turn,low_order_dynamic,bottom_track_visible,False,False,False,0.0,1.1684315916486876,310.65843198410323,1.6928142764821275,1.1764103329987847,True,424.0000000000279,424.0000000000279,0,0,0,0,0.40850377728639947,0.26960101283163845,1.201168747020684,0,220,b58e28364fb0b50e969eba900fbee95629bd1c7a85d50db1d4df402e9cdc108e,da0a2bb7e931ecaa2c4f340c4bc40e666f7f1e594b187edf19cba64c4422cb91,1.6169322265418313,321.03174318332003
80,49980,fixed_s_turn__low_order_dynamic__bottom_track_visible,fixed_s_turn,low_order_dynamic,bottom_track_visible,False,False,False,0.0,0.44363383328732126,188.18289046930406,1.91879471926598,1.482765708999068,True,364.00000000001427,364.00000000001427,0,0,0,0,0.4726626065590887,0.3128905772885096,1.1534521998823029,0,220,2f173c4ff21bd16b53a70851cfce757eb5a526c77932486bd057e7ceffe573d9,9b0ac35476c95296d629fbb9988fc92c99dc36538d2c40d4baa4c37863bd1e7e,0.8977828491723524,272.5590439136011
81,49981,fixed_s_turn__low_order_dynamic__bottom_track_visible,fixed_s_turn,low_order_dynamic,bottom_track_visible,False,False,False,0.0,0.9639065737913506,12.194231032827014,2.0163321694528986,1.1991983750049258,True,243.99999999999042,243.99999999999042,0,0,0,0,0.48046270980545486,0.28915883439149836,0.7578146257739901,0,220,0b4b0c31e44713ee5f18d9ee27453a7e51f2045cb5a863a2d60255538bd1b899,331c762bcae541b10befcbb69ae79fa70e4cf4b64bf9d6ab9caad863f68c9062,1.1809846913508666,60.699438571794936
82,49982,fixed_s_turn__low_order_dynamic__bottom_track_visible,fixed_s_turn,low_order_dynamic,bottom_track_visible,False,False,False,0.0,0.5924784183015664,270.9737587707834,2.0719963138332536,1.3382792080010404,False,,,0,0,0,0,0.49575495091717164,0.2851060440932636,1.7014243471144588,0,220,0e1fe86cea394af39478d9474ceebb335274243c07a55cb299b5c20b31866b79,375424c5456c684485327e865d7cca406ba8923c1de472b0e7b8b42d7173b622,0.9329992528473986,267.8053772125619
83,49983,fixed_s_turn__low_order_dynamic__bottom_track_visible,fixed_s_turn,low_order_dynamic,bottom_track_visible,True,False,False,0.34,0.3064763472647018,6.9132284649329065,2.1876666084696406,1.6945825000002515,True,123.99999999999723,123.99999999999723,0,0,0,0,0.46799098826463337,0.29215165256105435,0.3700737094040466,0,220,a795d4ef220f910444dc7526f70a194aa207df99abb076cb63fce8610501a727,1d165d5528a7b93333515cfec57423088529d19d4cfc1f08db51f90f81cfbf9e,0.27935732422392506,9.375447262137094
84,49984,fixed_s_turn__low_order_dynamic__bottom_track_visible,fixed_s_turn,low_order_dynamic,bottom_track_visible,False,False,False,0.42,0.6349013531216806,9.904021979798115,1.8953418611008659,1.4683236669952748,True,183.99999999999383,183.99999999999383,0,0,0,0,0.4389573099566734,0.2509165059547852,1.1698370006458143,0,220,a7f5261fb2fa2a1f4b14af19eeaa427f0fad532a1574aca7968283597cfedc34,2f6e75d22acd306cdc17d9ecb15070b7fc6deeea5ccd73c3a9634eaf99894892,0.6022015017373394,8.07717495938176
85,49985,fixed_s_turn__low_order_dynamic__bottom_track_visible,fixed_s_turn,low_order_dynamic,bottom_track_visible,False,False,False,0.0,0.6436767097674836,204.78673130191876,1.6795100010482238,1.3845539579997421,False,,,0,0,0,0,0.40624821869647565,0.30969358380405615,1.6063507275382158,0,220,06d305c7e76a3ced1ff430d7f4d11ba6bffcfee17f33c2ed83bea867416cb857,479bac9b8fff6572c3357221b17b106cd74c39d7d72369efbe43c716e6d1df71,0.5367009241810226,197.71767073009497
86,49986,fixed_s_turn__low_order_dynamic__bottom_track_visible,fixed_s_turn,low_order_dynamic,bottom_track_visible,False,False,False,0.04,0.5646056661451022,12.429992506098825,2.2104977235536367,1.236415292005404,True,123.99999999999723,123.99999999999723,0,0,0,0,0.5054713884461353,0.309043545151826,1.6248273732381997,0,220,bb78dc5408270599cfc6a8f0dd98ba9375a3c72553504d9ee6d1d829acafd4e5,1d555d703780f7c483662cb5677cc0633836bb799fada1314bcab83c001c6418,0.5967200029719394,13.27965153373692
87,49987,fixed_s_turn__low_order_dynamic__bottom_track_visible,fixed_s_turn,low_order_dynamic,bottom_track_visible,False,False,False,0.28,0.43654748649437375,8.904247881430926,2.023448042460489,1.2531406249981956,True,93.99999999999893,93.99999999999893,0,0,0,0,0.45228247825539875,0.31394296256052506,1.2895423252456981,0,220,8b8080c55da07ae24f8fbed0574b95de85bd266372bf06f9598b4df70fb6f39b,40051810b36539b9859d837897337680d74a0b7ed185f05bd979b6d8784a9093,0.36424693111976986,9.321298699938577
88,49988,fixed_s_turn__low_order_dynamic__bottom_track_visible,fixed_s_turn,low_order_dynamic,bottom_track_visible,True,False,False,0.22,0.5229899703067166,7.687084187017853,2.0340409084668396,1.530107250000583,True,123.99999999999723,123.99999999999723,0,0,0,0,0.4566122410200144,0.29922422210385463,0.3209584590287353,0,220,e53fdb45877d2969dbebee3e3a814068d873496a57bafac6e6336cdc59275bef,83db95797fce225dbba341e14ce36fba8b1bc6ef108e2f391c3d79b0ccf180b8,0.5316431137278544,10.057798190787137
89,49989,fixed_s_turn__low_order_dynamic__bottom_track_visible,fixed_s_turn,low_order_dynamic,bottom_track_visible,True,False,False,0.24,0.4609897167479494,7.577343868939929,1.9027836479455376,1.3147939580012462,True,243.99999999999042,243.99999999999042,0,0,0,0,0.4564541463924999,0.29668876253395327,1.0846396641985716,0,220,61ca8045d1a7ec996b8f2f489720c1dae9fef980f2ef3653c3ef81cc096f79b0,ca47e1b92e7693fc29b62b35aaef2eca67a4b2b4ed4625dbc54df16cbe3fd671,0.6337896773153694,32.468200201070196
90,49990,fixed_s_turn__low_order_dynamic__bottom_track_visible,fixed_s_turn,low_order_dynamic,bottom_track_visible,False,False,False,0.0,0.9027908435041313,30.73118347627393,1.5806044678165212,1.4148027910050587,True,304.0000000000006,304.0000000000006,0,0,0,0,0.38200513020521465,0.3379958001392185,0.9194423099326035,0,220,7e1057ebd3acba10d97b0db82d6b53f087aa313d3a221695a5fc0daf5b2a2b7c,691fa912e3981af90909c0751fea561ad409c69bfeec573715506d0cd45e0023,1.1157279007915377,125.04455783026877
91,49991,fixed_s_turn__low_order_dynamic__bottom_track_visible,fixed_s_turn,low_order_dynamic,bottom_track_visible,False,False,False,0.0,0.8303544369986346,165.6177814065072,1.6956036967510815,1.38221212499775,True,364.00000000001427,364.00000000001427,0,0,0,0,0.391979071959448,0.31078121486857146,0.9137799489483237,0,220,d102498265830d92ac0ad8f81cdc5883892660121c99f497f0d2befe8917aa3a,e5dc620bda33d8f409cb15980fa5d4e7a446e4729762f921628ab54a6641344c,1.6859888785010113,260.48229994397167
92,49992,fixed_s_turn__low_order_dynamic__bottom_track_visible,fixed_s_turn,low_order_dynamic,bottom_track_visible,False,False,False,0.12,0.4246925202301713,13.0922288303208,2.179172009444625,1.401698084002419,True,183.99999999999383,183.99999999999383,0,0,0,0,0.4983487526270253,0.33149970927534056,1.171582907859225,0,220,b6175d3559c1b33f463e5d738dc27a6790c097f74051f20840db7c94ccca2466,a896c227357e4260988883c4cb3bd4115e3974d3d2caa8ebd6cf032e0bb6ccc2,0.368645064849637,10.9724821327688
93,49993,fixed_s_turn__low_order_dynamic__bottom_track_visible,fixed_s_turn,low_order_dynamic,bottom_track_visible,False,False,False,0.08,0.7580032498787009,13.617839245313561,2.0251610143221157,1.4995612920029089,True,243.99999999999042,243.99999999999042,0,0,0,0,0.4822898366861378,0.2397312987446093,1.868378941001921,0,220,2626c17254a82e213345610ad720102d6620351da04aad30e3562039ee9a0588,8589ef304f10295a1ca7f3785852188a639c9c370c80721bd334e6fe8c2c6548,0.6814800099764998,16.559636934291433
94,49994,fixed_s_turn__low_order_dynamic__bottom_track_visible,fixed_s_turn,low_order_dynamic,bottom_track_visible,True,False,False,0.56,0.35830630464823504,4.991118292384185,2.293484712208652,1.3900908330033417,True,64.00000000000064,64.00000000000064,0,0,0,0,0.48928755400201346,0.3384988143088857,0.13645851955465668,0,220,14107af621bc00431d2b9204a614ef4005e8045ed5ddcbe3722f1bc80b4eaaeb,7fa6f7275ae4d7ad7b02fb87650847c51505efb9bc71573e1e9de507df3eb5d2,0.298648823327725,7.6543612544593564
95,49995,fixed_s_turn__low_order_dynamic__bottom_track_visible,fixed_s_turn,low_order_dynamic,bottom_track_visible,False,False,False,0.0,8.210064751128677,216.8769806496246,2.0625907659784546,1.4041467920033028,False,,,0,0,0,0,0.40902523101375143,0.33436359346965383,0.7316315810398581,0,220,a1295c9f6bab99d69bd97aad158762359246070184b55e49151a3791af477744,1e36e7044a870b2e6066c279f19c22d8c58a70757263378cabdcbd179de9d784,8.64581115212399,221.2407232240262
96,49996,fixed_s_turn__low_order_dynamic__bottom_track_visible,fixed_s_turn,low_order_dynamic,bottom_track_visible,False,False,False,0.0,1.5714344431269873,154.4546333149022,1.816802135104289,1.5368680419996963,True,304.0000000000006,304.0000000000006,0,0,0,0,0.4621220227176884,0.28634377384331255,1.7909902378141074,0,220,18bec64a85dfb01fd9650467deb492b3a38e992f94b21441c07c3456161f5700,38e55be9ba7b97ef99f81b51345824d1885c8d2ecfe965e8748cc2b13346a8b3,1.365109068663811,224.99988086021366
97,49997,fixed_s_turn__low_order_dynamic__bottom_track_visible,fixed_s_turn,low_order_dynamic,bottom_track_visible,False,False,False,0.0,0.8385505882934362,9.97459689878402,1.7950821769268486,1.086414709003293,True,183.99999999999383,183.99999999999383,0,0,0,0,0.4108617283687617,0.2910312055895855,0.739387603522339,0,220,80da7ceafa2c03a41427e572b3a1a23e3bf64fe3f33f835250326b1a0ea6e807,08d0bf780217c646b37e9b1173825031afc3b590b33b9ce3dbf076927af80b77,0.919999816085542,40.97537367473153
98,49998,fixed_s_turn__low_order_dynamic__bottom_track_visible,fixed_s_turn,low_order_dynamic,bottom_track_visible,False,False,False,0.18,0.5761298809482714,9.862668995315206,2.1712759377941855,1.3557863329988322,True,243.99999999999042,243.99999999999042,0,0,0,0,0.5043778663424143,0.34306077505225363,1.1372669780790712,0,220,b1ebf43be340222010fd2d9eb905ecdc9aeb2778c8c397394bb8dc53986163f0,ae09e813276a25d45b04fea66f30439a6508d2016c95bb329934d0997e8e33cb,0.517579046401857,21.820477468463718
99,49999,fixed_s_turn__low_order_dynamic__bottom_track_visible,fixed_s_turn,low_order_dynamic,bottom_track_visible,False,False,False,0.0,4.132709011522679,292.2586670020886,1.9658745650287872,1.0888311249946128,False,,,0,0,0,0,0.39873723371484193,0.2956991355993228,0.6653223577824554,0,220,5fc869a3c83199f7a5e7cb699e222990013eb45933f32697e558f672c4c26f00,2414d8ea6588b09e1344e5428549617d20335d3460efbb80a7c8c58d746bad21,1.760086578948045,301.2801302672055
0,49900,fixed_s_turn__low_order_dynamic__no_current,fixed_s_turn,low_order_dynamic,no_current,False,False,False,0.08,0.5416745764442583,10.963100330913116,2.0661859117254537,0.6858357090022764,True,243.99999999999042,243.99999999999042,0,0,0,0,0.4734781433923568,0.0,1.4508595487600686,0,220,a538c6b08353a45e0ec00d4c0ccf887a3494e3c90565c4b2d186f0fbd83e5b8f,0f81ce8d128b1292ed661509760218159f5d0ac243dd1abc4981e26a2ee7e3f6,0.46954945531252484,39.95875804175685
1,49901,fixed_s_turn__low_order_dynamic__no_current,fixed_s_turn,low_order_dynamic,no_current,False,False,False,0.0,5.1368403983964415,349.0320132304286,1.8710447785117632,1.2393180419967393,False,,,0,0,0,0,0.44001227725372677,0.0,1.5569088669562439,0,220,570b43b41587121a48750cefa282f1756c747cf9527fd813811cdb945a8308aa,42cdd51345edf1db7a2b073b630791612ee3910b03f84d2f1575f8c023840c28,5.028251863145565,341.2775880196698
2,49902,fixed_s_turn__low_order_dynamic__no_current,fixed_s_turn,low_order_dynamic,no_current,True,False,False,0.4,0.559271348068024,7.184794574250847,2.2427364647891586,1.0729766250005923,True,93.99999999999893,93.99999999999893,0,0,0,0,0.4808354558705013,0.0,0.9506472143585017,0,220,62eac2bab5f284cdd59b1000ece62536b01eab018bf152f8b6ae2f254a29da1a,5a660f9d42eb056a77b3eb050dbb847e5abc0e3b3c47063ea0f0a3ce853fd275,0.6284605887461856,8.165605391318174
3,49903,fixed_s_turn__low_order_dynamic__no_current,fixed_s_turn,low_order_dynamic,no_current,False,False,False,0.0,0.7947824308369194,316.7627860993285,1.8376632161554871,1.1275971249997383,False,,,0,0,0,0,0.4381013348049083,0.0,1.3216775362943856,0,220,0b939d7d89c3fd6abaaf4499f046d081edfa0c3a54d38a85b18ef72600caa4d6,a0c4a4b65352eaca93626f5cee9cc76729b0ea3a9f275961422baf6ebd856d37,1.1295640221079588,311.75454743485955
4,49904,fixed_s_turn__low_order_dynamic__no_current,fixed_s_turn,low_order_dynamic,no_current,False,False,False,0.72,0.18724561186756766,8.422079572263085,2.1529597226454373,0.8583088340019458,True,64.00000000000064,64.00000000000064,0,0,0,0,0.46055023293814007,0.0,0.2,0,220,b7c083eb2e816af0babeb0f222eb51e0b3593af0530a90ffbcabde656ed11a65,2924ff3f6459a12548a430cddd88712e939d04d78b0878ffd45a0976f8c05848,0.1347242929254797,6.694396553514278
5,49905,fixed_s_turn__low_order_dynamic__no_current,fixed_s_turn,low_order_dynamic,no_current,False,False,False,0.12,0.2553169673717301,13.09797215334295,1.980280491168195,0.7424380000011297,True,123.99999999999723,123.99999999999723,0,0,0,0,0.4550058128994765,0.0,0.738314177476694,0,220,6315cc6cbfcd74405d4bb9b102e8d119bdfede05eab2529a4208c75e13073be2,0e1dfd0e26bd4c00f6793d907dbcce04737c9b5972eed77d1079027705c6ab3b,0.22190398668931244,10.325158238831255
6,49906,fixed_s_turn__low_order_dynamic__no_current,fixed_s_turn,low_order_dynamic,no_current,False,False,False,0.4,0.1559117115199478,9.149533921061145,2.0617032873341508,0.8532732079984271,True,123.99999999999723,123.99999999999723,0,0,0,0,0.4548813331692119,0.0,0.19999999999999998,0,220,374fd54a88f3b9e6e18ae704459843a41355fef5c2e23e6d4a24e240bf9843d3,39415e91edb3501aa4cb53c4324c08feb0e3d4127fa18bd3a63c23af84c44ad6,0.1490870423963554,8.385463275313759
7,49907,fixed_s_turn__low_order_dynamic__no_current,fixed_s_turn,low_order_dynamic,no_current,False,False,False,0.24,0.424351421429427,11.217319986224835,1.834369851305443,0.8782277920035995,True,123.99999999999723,123.99999999999723,0,0,0,0,0.4353439593203314,0.0,0.6266875704140096,0,220,a7553b66848419915a49a0a750658ca4e03cc9b22e171863823c2f0be736cf09,203d807d0f9d247c0a241f57aec130e22e60f2041f513058bff0883f0b736cd9,0.3620324161360202,10.484373328262759
8,49908,fixed_s_turn__low_order_dynamic__no_current,fixed_s_turn,low_order_dynamic,no_current,False,False,False,0.0,0.602169582207961,8.188744416256556,2.024413379570532,0.8803985830018064,True,243.99999999999042,243.99999999999042,0,0,0,0,0.4686574006363025,0.0,1.5158392899388744,0,220,7464e9bc5a4bbde3db79c217440efb93bf7cda14a31cf511f875f300e6c907f4,c8bb64aa686ae5ffc277576f31f3fb7cf2049e981d4f565327b678652935cdfb,0.6243235433472529,42.39710335113199
9,49909,fixed_s_turn__low_order_dynamic__no_current,fixed_s_turn,low_order_dynamic,no_current,False,False,False,0.08,0.18808016162727711,14.417547390839522,2.287835799768587,1.4002594999983557,True,64.00000000000064,64.00000000000064,0,0,0,0,0.49160372765043153,0.0,1.9357385897935542,0,220,25dad34453508903aa8a42b98250bdb7c8f6ccfdd883597fd942f1b245db2aad,b78083fd31701e84083eee5f1e3fd61459f146670f13f33c3ef62d3b787e23c4,0.2657889519006824,11.660746605411417
10,49910,fixed_s_turn__low_order_dynamic__no_current,fixed_s_turn,low_order_dynamic,no_current,False,False,False,0.0,1.8752478762963294,342.87667746293255,1.8127486708203249,1.46086729200033,False,,,0,0,0,0,0.4206698280800592,0.0,0.953648129298081,0,220,586f9305ddf7e84d298c70c9ec09e247b6c500ba0b7273e1dea6cdd63189a5e2,502a7437d91020245d2f3236dd953ea02ddfccad8cb0871e2d0f6b510b3abca3,1.8477610781572595,351.9259023563146
11,49911,fixed_s_turn__low_order_dynamic__no_current,fixed_s_turn,low_order_dynamic,no_current,False,False,False,0.0,0.6717275849787779,42.35886197841486,1.7828927041927063,1.236807207998936,True,243.99999999999042,243.99999999999042,0,0,0,0,0.43647448569040226,0.0,0.2,0,220,c6a6c89e9039892900cd038b581c135a1f5df8c9ccc78c1e8ffbc02003d48709,a8c5e1880f48fe087134dffdbd7f24252da8f0bd599fa88db09ac7f0934d1ee2,0.6896534155248061,124.1812215036874
12,49912,fixed_s_turn__low_order_dynamic__no_current,fixed_s_turn,low_order_dynamic,no_current,False,False,False,0.0,1.7570767592412704,272.14786076142263,1.796795963324313,1.040085958004056,True,424.0000000000279,424.0000000000279,0,0,0,0,0.4246416444574134,0.0,1.0390200286295863,0,220,9bfa02258ed34dbbed13c2169dbf92f341e5ef0bdb781147e2c7516715fe06be,c356fc1a25d090fc14074348f4a7991b75617238938ec5900cf92c1f3c7b5844,1.4080347529604995,290.9259159741032
13,49913,fixed_s_turn__low_order_dynamic__no_current,fixed_s_turn,low_order_dynamic,no_current,True,False,False,0.48,0.33858013262194514,4.233992551857934,2.2618866565223525,0.9958477079999284,True,64.00000000000064,64.00000000000064,0,0,0,0,0.48723530050299685,0.0,0.3045688747189487,0,220,98ace53747e6cee5da383c96db4a9deebc16566181619554706fc36f1ee0628c,75ef1f15762e81fa6b01113347b555c0504e3ffa779bc5ea98e226a397c21dc8,0.36383559110141406,7.61623987144684
14,49914,fixed_s_turn__low_order_dynamic__no_current,fixed_s_turn,low_order_dynamic,no_current,False,False,False,0.0,0.7580373244001961,11.475552461233313,1.8052358186326083,0.9613843750048545,True,304.0000000000006,304.0000000000006,0,0,0,0,0.4365182888907529,0.0,0.9225058609933622,0,220,38dfda33db48a868d715a5ce46c0b4ff128ef80673de0c0594dfe169b5809fe0,b4f87516d94e8d49417e92d095bfa4588b97c6c2f9109430536cce75690cecdf,1.303360487342844,89.5120820614969
15,49915,fixed_s_turn__low_order_dynamic__no_current,fixed_s_turn,low_order_dynamic,no_current,False,False,False,0.0,1.3908858427862092,249.45807626424607,1.7599384312313724,1.001865917001851,False,,,0,0,0,0,0.4025761268231388,0.0,0.6835932010359758,0,220,2bf78a58a4ad4c136f6b4c9f515cdf1c7d907b476cf13601d121c2d34fb733fa,3dd2606dd629a32892d4efeae981530160273eb36415693980fe1598c1445e4b,1.8779176589379398,244.90102671825883
16,49916,fixed_s_turn__low_order_dynamic__no_current,fixed_s_turn,low_order_dynamic,no_current,False,False,False,0.42,0.5354901738530365,12.24565931948271,1.9268438252053637,0.9492073750006966,True,183.99999999999383,183.99999999999383,0,0,0,0,0.4469928502528011,0.0,0.3107833113537765,0,220,36b747e1334075c7315d653d40aa737f338ce273447338f9d0fe3bb3b731f7bb,62971a093b05b1b469aea4009576bfdbc66bfb82db50ce1278d60ad8434deaff,0.5517363425953589,10.24057269880213
17,49917,fixed_s_turn__low_order_dynamic__no_current,fixed_s_turn,low_order_dynamic,no_current,False,False,False,0.08,0.4250886386498578,11.485150774209584,2.1698285686541907,0.8921005829979549,True,64.00000000000064,64.00000000000064,0,0,0,0,0.4812434010559414,0.0,0.2,0,220,217415a7ec19262b5490d6b98a3ae9b0a6f31c2683037d87879984257e5f56e2,b501affd3e98da268ebbb634a087c236e749c7f9270a34428e15c73b2f309b8c,0.47107333959608105,10.265039334891657
18,49918,fixed_s_turn__low_order_dynamic__no_current,fixed_s_turn,low_order_dynamic,no_current,False,False,False,0.28,0.7273775848497535,12.50956533641123,1.892060596783465,0.9561466660015867,True,183.99999999999383,183.99999999999383,0,0,0,0,0.4525245370498345,0.0,0.6808765490500056,0,220,8426f813797d028bcc8a577898e206c895014555887d16b589546035bcf3c769,c27e387da8c5a5d3029dc73325e5d6c597d693c47d749c4a1fcf2dfa1595314b,0.7093138516757617,9.2731517226417
19,49919,fixed_s_turn__low_order_dynamic__no_current,fixed_s_turn,low_order_dynamic,no_current,False,False,False,0.0,2.0720113547765435,329.434055166117,1.866908081247411,1.366650000003574,False,,,0,0,0,0,0.4489545342560841,0.0,1.6717371182393486,0,220,289caafe1ee074229dbb1ec3e0f2522bb06cb8932dc683f2a38eda18e0af7b19,3065dc57491db36bf00e9096ac9a84d1e4dfa11339093179cc0eb002efed92e0,2.2907647379224234,325.902989816014
20,49920,fixed_s_turn__low_order_dynamic__no_current,fixed_s_turn,low_order_dynamic,no_current,False,False,False,0.0,0.6083480572235906,114.88452457032525,1.8342249709006626,1.3710611249989597,True,364.00000000001427,364.00000000001427,0,0,0,0,0.42960526173931163,0.0,0.8270365349695507,0,220,fb4b905ae49b654ab27ea429c3fb5d85bede69a580831b04cc500f32ac1a2b48,0c9f92833dc5acf72ce7d87bd0de2ac9372a1689bcdf52f370d90ef4681eb8c0,0.9344132320280818,219.51359521708866
21,49921,fixed_s_turn__low_order_dynamic__no_current,fixed_s_turn,low_order_dynamic,no_current,False,False,False,0.22,0.49618783735301136,8.477054478031114,2.317430346720361,1.420537707999756,True,64.00000000000064,64.00000000000064,0,0,0,0,0.4980159834228606,0.0,1.5122227616086015,0,220,5bf7a6647fc7cfd1c748039098510269cd27f368c769063b3b12266a6771ac10,88700bc5bd0b5e80470a93550b4ff960262ef1773350f5a67eba01d7557bbe3b,0.5159104450774051,9.847197253494365
22,49922,fixed_s_turn__low_order_dynamic__no_current,fixed_s_turn,low_order_dynamic,no_current,False,False,False,0.2,0.32776642130861894,12.157995003739046,2.141826190700879,1.4970031659977394,True,123.99999999999723,123.99999999999723,0,0,0,0,0.4816295790089683,0.0,1.3150914462031413,0,220,e6f25bd64fa736805934db124f544dc6ff2fd7bf12e494a491effebf54914209,d8e3e8bcfd7de841b624843c4a7387c9f91c58d23906b76a78675bfde256c67a,0.40401121792782796,9.951006360607973
23,49923,fixed_s_turn__low_order_dynamic__no_current,fixed_s_turn,low_order_dynamic,no_current,False,False,False,0.5,0.4319653779274984,10.078622521143098,1.951484695681868,1.044840041999123,True,123.99999999999723,123.99999999999723,0,0,0,0,0.43886171136274643,0.0,0.2,0,220,04149b73bdafb7d68b31435a44f190a449f9d49ff427b0f6fb5c3afaef8f8763,d7c65b2eec467287244eea36b47aaa3466a7a532f8215f6488bdb388bda74852,0.2722491184244745,8.019185113859251
24,49924,fixed_s_turn__low_order_dynamic__no_current,fixed_s_turn,low_order_dynamic,no_current,False,False,False,0.0,0.7690715215476318,259.85746452191853,1.8404851572872278,1.1251251670037163,True,424.0000000000279,424.0000000000279,0,0,0,0,0.4060546480253329,0.0,0.6443980941129308,0,220,8e3ce06c2503fff8b4e787ff5bab8a01ea133ac95fb930f4787c92310fec24fa,dc679f5ff9127fe7d6a73f5e56ed906062b6eb29248e0b9d9f04320284a2b29d,1.83010260581411,272.4263858439486
25,49925,fixed_s_turn__low_order_dynamic__no_current,fixed_s_turn,low_order_dynamic,no_current,False,False,False,0.0,0.49340166717131306,10.85989202974231,1.9469833047278313,1.028592041999218,True,243.99999999999042,243.99999999999042,0,0,0,0,0.44697472220077733,0.0,1.0992517903728027,0,220,7352dd813bff63aca339c91708bd0bae2397007b7662677b0bfa49e677571ad9,c22bd1799111822189221cd6440dcca451c23d33a654a2d09a47e5354e93a3ca,0.5726991931079592,69.73657879334495
26,49926,fixed_s_turn__low_order_dynamic__no_current,fixed_s_turn,low_order_dynamic,no_current,False,False,False,0.0,1.1011554314598,396.81324714585446,1.773339975188577,2.528711916995235,False,,,0,0,0,0,0.4093512064727628,0.0,0.8303106093374513,0,220,d4aa2713f22a1b82ccfd89cfa859607c9c1e28a4da580c2914c416e690e19c4e,03695912143e35f53fcdd67de75ef953bddbc8691e489c025c6128f0c2ec9501,1.0253744190627754,398.1265418516008
27,49927,fixed_s_turn__low_order_dynamic__no_current,fixed_s_turn,low_order_dynamic,no_current,False,False,False,0.22,0.8443980302905253,9.966592579963129,1.8826141652625032,1.0205655410027248,True,243.99999999999042,243.99999999999042,0,0,0,0,0.4572072803158841,0.0,1.2767778189198482,0,220,e8a140ba1fdb009da536c1f06a0b02ae2c0ac6fca35b9fd271636d562384098d,ce23f1c62e6c89badf8cca58be7e8f1568ca14aafe83cc816a7fa6c3e82f4c0b,0.976143227414246,39.00440493561009
28,49928,fixed_s_turn__low_order_dynamic__no_current,fixed_s_turn,low_order_dynamic,no_current,True,False,False,0.2,0.480033553021747,7.490888298220798,1.9353413412040823,1.144614292003098,True,304.0000000000006,304.0000000000006,0,0,0,0,0.44849475403960226,0.0,0.8960901312366754,0,220,62888d956483eac035c8c731c71db650602b814c683205d0bc92e9b30802e115,bc9970f05b90984138eb29b76da450d57eb867607b64a2d1e485174abe7bfb1f,0.5185822518941969,28.42613664318695
29,49929,fixed_s_turn__low_order_dynamic__no_current,fixed_s_turn,low_order_dynamic,no_current,False,False,False,0.68,0.4392889503021383,8.819539318743999,2.155254757305917,1.1374805419982295,True,64.00000000000064,64.00000000000064,0,0,0,0,0.4717974036088732,0.0,0.7294499313777332,0,220,cd4393ae9f3ae238ffc11f23d88130b6177d3f943e76e9b23e48f316263eb7fc,c9014975dad70e2cbb0621d0d0c30accd970b62e1cd0d3f31a9e1e7475180b61,0.37187663361942,6.939347534390995
30,49930,fixed_s_turn__low_order_dynamic__no_current,fixed_s_turn,low_order_dynamic,no_current,True,False,False,0.4,0.1013485920715559,7.829684040131297,2.132376492621394,1.124542958001257,True,183.99999999999383,183.99999999999383,0,0,0,0,0.47946823037573205,0.0,1.1443446611685586,0,220,05a7e109fe9fff1e1a1ac0906f3a920180e076e8c8c551fa3ea36a090a3e5a2e,1b102216093ae2b76f8a54fd258935e0ded99a9ee2b73b6ebaddd28e06c89996,0.1167425655682189,8.639521342499377
31,49931,fixed_s_turn__low_order_dynamic__no_current,fixed_s_turn,low_order_dynamic,no_current,False,False,False,0.0,0.6277867284012142,13.729544538564486,1.7468526426311337,1.0819977080027456,True,243.99999999999042,243.99999999999042,0,0,0,0,0.4291122278583373,0.0,0.5877995026011946,0,220,58d5a76ca2311950cc6cb7fb2c5cf98fe235f0162a0f700894b1a5a2a15c425e,4946ddd8f16dadf988f24557bedff92266d4048c701a6086a364cc8694f86a5a,0.5756784387101005,95.18373750881041
32,49932,fixed_s_turn__low_order_dynamic__no_current,fixed_s_turn,low_order_dynamic,no_current,False,False,False,0.0,1.4708884428219073,221.38675155941104,1.858783692225846,1.2239740829973016,True,424.0000000000279,424.0000000000279,0,0,0,0,0.44508913574256614,0.0,1.627867440576362,0,220,03a600d903049220df713016b97d44f68fe4370e7a0d46794ad675862e6a9550,0330c82e1a9c7eeb948fd18a0464c66bf90025422b4b4bafb0564eaf5210ec23,2.468841976852273,247.07789901380775
33,49933,fixed_s_turn__low_order_dynamic__no_current,fixed_s_turn,low_order_dynamic,no_current,False,False,False,0.08,0.30758789337302983,12.552656784186551,2.269993345214747,1.0761988749945886,True,64.00000000000064,64.00000000000064,0,0,0,0,0.48406739366668095,0.0,2.034880231210518,0,220,929ed4b5daab5e1fef8b47d9103ad83f3f02852eb5b8eafc4b94e5c731d9502d,92c2da3dc623706f5404767d84c2d74cf36e9d6e3f04de18f79b79c9a1ec90f5,0.31407529926200817,11.89320016450926
34,49934,fixed_s_turn__low_order_dynamic__no_current,fixed_s_turn,low_order_dynamic,no_current,False,False,False,0.0,0.4790400320400998,313.3313441259265,1.735885022850758,1.1353231670000241,False,,,0,0,0,0,0.4058641241918803,0.0,0.8553630655367378,0,220,dc7207f776075453523d7da174187ca39c9c1c6709ac2edb6c78445ab66e739a,a3cc59b8ce9c18fe636ae2e19c0ba3161dac8476207781937503489ca437dbf2,0.7758589391114822,318.074591749693
35,49935,fixed_s_turn__low_order_dynamic__no_current,fixed_s_turn,low_order_dynamic,no_current,True,False,False,0.02,0.4821772871302896,4.667783849868832,2.0093938652280587,1.2336179170015384,True,243.99999999999042,243.99999999999042,0,0,0,0,0.47701162586012763,0.0,1.4296324449427125,0,220,6715f1b0584e1e6031c599d2db634f1df0e56450bb1976c639582bc82926cfdd,c75cfaa31948c87cb56aca7a412177107dd2018c26f2ef230ff287f947eb9478,0.5346329833912428,67.26983921838571
36,49936,fixed_s_turn__low_order_dynamic__no_current,fixed_s_turn,low_order_dynamic,no_current,True,False,False,0.46,0.19704161434553108,7.677932527154944,2.2766134626094794,1.2012685830050032,True,93.99999999999893,93.99999999999893,0,0,0,0,0.48553905543243836,0.0,0.9302483244716251,0,220,87d7c5b09dad5c57dc0038543a833a26911ec9737aff66fa0f06c9567c54bed6,96a9244e537beca1f551ac862856ab007ba0d56460793e357b6212ba7d5be1c3,0.23290671260619508,7.92942845489214
37,49937,fixed_s_turn__low_order_dynamic__no_current,fixed_s_turn,low_order_dynamic,no_current,False,False,False,0.0,1.2450843736799118,12.258035013499532,1.7766646847345813,1.2765222500020172,True,183.99999999999383,183.99999999999383,0,0,0,0,0.4301818899849368,0.0,0.5601621387814125,0,220,11acf08d6e35f5a81fc87c414812113fcd3ffa23f5fcf90d84cb3e5777cd88ae,c6bf86bcc8d137efce595aee559e4344294f1a2819b21d556cb7b206bcc21b85,1.5477238567191511,64.00477604453778
38,49938,fixed_s_turn__low_order_dynamic__no_current,fixed_s_turn,low_order_dynamic,no_current,False,False,False,0.0,0.4145664178410534,164.53468622451362,1.8227551911511835,1.6773518749978393,True,424.0000000000279,424.0000000000279,0,0,0,0,0.4237647764384003,0.0,0.8115325946437139,0,220,a322b04fa568f1348ca44c92c0e3f68a3ff8d25ee0f1ade04f729075319116ff,f0c6828eb40887a7039fd640aad3bb0cb0c2e9a9d35cef796fdd8a92d730bc4f,1.1006710859450406,181.34732980705633
39,49939,fixed_s_turn__low_order_dynamic__no_current,fixed_s_turn,low_order_dynamic,no_current,False,False,False,0.0,1.502137869365302,35.906993128951186,2.0974810715201064,1.387566291996336,True,183.99999999999383,183.99999999999383,0,0,0,0,0.4847428583161635,0.0,1.5626201699398696,0,220,2b4a20bdec0acd0249d3e523fbe5c34b9f229f1e2fec55daf2d4bc4161eb324e,87246b91efde3489f596a71a6bdd3fd00ed906fef0e6b05a924f96fe22f951b1,1.3784331524873255,90.42294845884481
40,49940,fixed_s_turn__low_order_dynamic__no_current,fixed_s_turn,low_order_dynamic,no_current,False,False,False,0.0,0.6958171302652829,157.85961412421946,1.8308980961228927,1.2202201670006616,True,364.00000000001427,364.00000000001427,0,0,0,0,0.41677262129057185,0.0,0.7273564652442454,0,220,acd58a3c0d900aa734f4a370f318d56def97ffbed5ad9298ac5caea535d801a5,f7eac2ce5a924b2b9b297116e46804b4f98dab4f50bda1293fdd479b3abdd211,0.8049230237473184,211.43225597533686
41,49941,fixed_s_turn__low_order_dynamic__no_current,fixed_s_turn,low_order_dynamic,no_current,False,False,False,0.0,0.2782263118576039,12.625276895392263,1.8718730549531744,1.1650382500010892,True,304.0000000000006,304.0000000000006,0,0,0,0,0.44096330644243903,0.0,0.8105572831666373,0,220,f2049e6942141da0e4797c69ac39e851379331838f9398f9f458eb1d217b952a,9089bbe479e644e437d651d4317f8641fcbda1ac5eeb5d3bc999b4c2a3b4ccf8,0.43378699530727843,66.74530801199667
42,49942,fixed_s_turn__low_order_dynamic__no_current,fixed_s_turn,low_order_dynamic,no_current,False,False,False,0.28,0.7481737050560611,10.801550286438102,2.0988011243940545,1.1471421249952982,True,183.99999999999383,183.99999999999383,0,0,0,0,0.46665977732596425,0.0,0.7009431993326884,0,220,87ceed3576069b0c7376a4a43debcba02fceb6144c876404368769821653a4aa,18b9e181a6fd1aee9ca1013f3cf0c9284f538a70238af65329376e64ac1fc444,0.8238841267759602,11.555981544885315
43,49943,fixed_s_turn__low_order_dynamic__no_current,fixed_s_turn,low_order_dynamic,no_current,False,False,False,0.26,0.2835846078511279,9.696018726440261,1.9736053117295382,1.101311332997284,True,243.99999999999042,243.99999999999042,0,0,0,0,0.4596381048509345,0.0,1.2295613561812146,0,220,7e43d4f546176f21c8dce84f5dad5cfd77ae9767444759d10d1fb28d5ded4c3f,6d3cad2718077740eac4ec0e2b243cfa83cf2b8cbe2805360cc9f6865d2c9333,0.28917792812725895,13.14208375660951
44,49944,fixed_s_turn__low_order_dynamic__no_current,fixed_s_turn,low_order_dynamic,no_current,False,False,False,0.2,0.5490918218210961,8.435062894993191,2.0478480097679723,1.151971457999025,True,243.99999999999042,243.99999999999042,0,0,0,0,0.47709280853412356,0.0,0.2,0,220,ce47d6034b7f702e875100a63039adfc9f3f2ed0ac8f6bbf4a302ff6ba8d4b68,453259891c62c689a540aff1ecd4e6f494392514ce7256d421ccc2def8f3e43e,0.47621754976051167,57.101707752506485
45,49945,fixed_s_turn__low_order_dynamic__no_current,fixed_s_turn,low_order_dynamic,no_current,True,False,False,0.1,0.25607365221740735,7.968800552323025,1.7655527979209524,1.297251709002012,True,243.99999999999042,243.99999999999042,0,0,0,0,0.4195409581376065,0.0,0.19999999999999998,0,220,5408fdf0fd421aad63cb2c2b622a3a82cc6fd377024b808642e3e796e76c8b92,c8fd0c65fa1109e77715ce4b59fabc4fde3df9cec53a27974650aef6f7221450,0.21551929921101143,59.67195072617339
46,49946,fixed_s_turn__low_order_dynamic__no_current,fixed_s_turn,low_order_dynamic,no_current,True,False,False,0.4,0.4563403057646409,7.4677429044665615,2.0451927017070837,1.333089541993104,True,243.99999999999042,243.99999999999042,0,0,0,0,0.46789503859780956,0.0,1.147282884797982,0,220,756fbe5e0c16da80bc61c4863458301e2e45d3663f74ebab10b060202bc23426,eb851573b56185232ed67b6b2463457d6433b7e75bdfcf7cecdf182346ec992c,0.3307284096526464,11.151307513156219
47,49947,fixed_s_turn__low_order_dynamic__no_current,fixed_s_turn,low_order_dynamic,no_current,False,False,False,0.0,0.8995199849409452,349.28229810722297,1.8559491307795162,1.0540791660023388,False,,,0,0,0,0,0.43417753787697577,0.0,1.2272638118598247,0,220,0bfa78176b894b6eb87ee14a62267d228b938665cd26f5a8f1251102a5d3fb79,2df9e67af1878dbc7fc755b4658f3024bd0bb6712bc7fba68fa29d04c8543779,1.0507783119625314,334.7707794152756
48,49948,fixed_s_turn__low_order_dynamic__no_current,fixed_s_turn,low_order_dynamic,no_current,False,False,False,0.0,0.5075904073435092,112.73112389325378,1.8954761176334434,1.0105765830012388,True,304.0000000000006,304.0000000000006,0,0,0,0,0.44579219692577754,0.0,0.5815696567005622,0,220,c88e5c67958ed3ce2b41217936d85568754da82b43aa77e68f4b20302d0ee44b,e937ce564580708dde9e1fb3f603b58e15f3148946e6d47431aa6037b6970c2f,0.7952756595264857,172.07892367842925
49,49949,fixed_s_turn__low_order_dynamic__no_current,fixed_s_turn,low_order_dynamic,no_current,False,False,False,0.7,0.7602633680730102,8.87856987658278,1.9613308729965322,1.1090884169971105,True,183.99999999999383,183.99999999999383,0,0,0,0,0.4485254424442769,0.0,0.5838656126742373,0,220,f46fa321d0a79dca9a7f095dc28c948ea9fbc16ddbd25d96672b923c58e6eb27,f250424cb5ef9bdd62141cda0f77775edeb55f80c21fdb0a21057bb37bae64ef,0.7186859184279468,6.662979382730027
50,49950,fixed_s_turn__low_order_dynamic__no_current,fixed_s_turn,low_order_dynamic,no_current,False,False,False,0.0,1.3905070697775659,234.5586791072744,1.8632168438114955,1.3767299999963143,False,,,0,0,0,0,0.4417169490923508,0.0,1.1883234185350913,0,220,01baf36a4a9fa1d1cce4523fecb7294d05e494586e01ed8a87fb6cd01b5e935a,4100574058f5163aeda9737c4ec17099e1a5280441e8351c0ffedf2c1cf13ff2,1.392561464958838,226.66734031631222
51,49951,fixed_s_turn__low_order_dynamic__no_current,fixed_s_turn,low_order_dynamic,no_current,False,False,False,0.42,0.4613972040368116,10.480226749913907,1.7139938077045553,1.1436259589972906,True,183.99999999999383,183.99999999999383,0,0,0,0,0.41374303303931026,0.0,0.19999999999999998,0,220,bf60ba534788eef36c35ad9d9cc602b5af533a538279040b6c39db9f865f9d87,83b297bae467b92b145f63f2d2d2c82b9f3cf832760d497dab115680e9b8bb9a,0.4618876909102154,18.14563938211714
52,49952,fixed_s_turn__low_order_dynamic__no_current,fixed_s_turn,low_order_dynamic,no_current,True,False,False,0.34,0.6944405719752827,6.66798122255088,2.271708505461128,1.1295160419977037,True,64.00000000000064,64.00000000000064,0,0,0,0,0.48365306858861057,0.0,0.9775366651770272,0,220,ed253c00506bdd87481b48b556dcd4893913d6991474d0f1bc80b8d8fd153ee3,dc2c4f4463218aff6d88a75468d79310293c2be392df1b549ea1362b215e1c05,0.6652324897604349,8.603624880823622
53,49953,fixed_s_turn__low_order_dynamic__no_current,fixed_s_turn,low_order_dynamic,no_current,False,False,False,0.0,6.899344738864367,315.32723249068425,1.870925214167221,1.1083585000014864,False,,,0,0,0,0,0.44559610211096573,0.0,1.4617389772448044,0,220,54b1b94e5ff2c327b5eacc1e77d7555fdcc5f64e04d3d30d612e7fabb3bcedd7,20d4d1779e5c37350c151823365b483d5890d0fb8587151a2527580ea9aaf97a,4.634022084590812,307.572849013759
54,49954,fixed_s_turn__low_order_dynamic__no_current,fixed_s_turn,low_order_dynamic,no_current,False,False,False,0.0,0.3756479812477368,10.741995348956877,2.1245910489478903,1.1163047079971875,True,243.99999999999042,243.99999999999042,0,0,0,0,0.47770649300016044,0.0,1.519763764889064,0,220,3a4ede0b46c4bbb7ad04e0e7de130835828c663a04742bbd2b71723791830ded,d16806f1831d8f307d7ab8ee3e8c48157cedd2463dca6a117262a07b7eec0c08,0.37120860549693707,48.98000316657563
55,49955,fixed_s_turn__low_order_dynamic__no_current,fixed_s_turn,low_order_dynamic,no_current,False,False,False,0.0,6.021863089563181,279.0080395214431,1.7976687764496442,1.0315984999979264,False,,,0,0,0,0,0.4182793895844261,0.0,1.0107489843618187,0,220,518296bde63b7a74f902834dd2adc7d26e25eb973c95c459c0a6348eb8103670,16ff54a4be07c1bff85e3a9bbe6fac24cdb20ca1adf9e16c53ac77ad5bcc450e,4.665825461085456,268.9892425104635
56,49956,fixed_s_turn__low_order_dynamic__no_current,fixed_s_turn,low_order_dynamic,no_current,False,False,False,0.1,0.47183475578415357,11.712159930541103,2.2723130034438985,1.131470124993939,True,64.00000000000064,64.00000000000064,0,0,0,0,0.4904534554377849,0.0,1.4979176644666607,0,220,12775fd8dcd77ba32ff36d2f1c45af84341a02c9775773f983d0d28866d56587,c7a758f3a6682b6c512496c289de63a0b5fec2c0b72d067f234896cdcb2410ae,0.3473243753742954,10.18667299202825
57,49957,fixed_s_turn__low_order_dynamic__no_current,fixed_s_turn,low_order_dynamic,no_current,False,False,False,0.0,1.3635729638413039,138.8666523955224,1.7648944785713985,1.1636878339995747,True,364.00000000001427,364.00000000001427,0,0,0,0,0.40593041346650827,0.0,0.5057913612746684,0,220,86c3a939063b6929fec660c903b56179108a9042e9daa0de34070e92b6f1fed9,0dec86089e67415c60f336e20268a08ae008bcebd68cda3dff20711b98ea8884,0.7769483703547977,185.0569694612055
58,49958,fixed_s_turn__low_order_dynamic__no_current,fixed_s_turn,low_order_dynamic,no_current,False,False,False,0.0,3.471013395293604,307.24391813322865,1.9095005315158418,1.3724718750017928,False,,,0,0,0,0,0.4474394403526848,0.0,1.7340747181093277,0,220,86b6c88cdc0a48c542e30e281ea9604d2e1ebc93b5e36f018780fe5f973e4491,2f4a8c1053074ad415cdc6d408ebf0e701cb65d4f79a4bb46c55fb3b3ea3f3dd,3.046349604966812,316.15280165025854
59,49959,fixed_s_turn__low_order_dynamic__no_current,fixed_s_turn,low_order_dynamic,no_current,False,False,False,0.0,0.4690672105557392,67.59309566951237,1.9158541351706817,1.1376211250026245,True,304.0000000000006,304.0000000000006,0,0,0,0,0.45612869952552104,0.0,1.2222884997513177,0,220,e1bd0cc93d22b9c5c8287abb52e46e2620758310ad1df761b869a14c036eb58c,07a809b143b5652f94984bb0c54d0128ebbda00769085ea763367e0c8ebb468c,0.5238290848166713,138.67751063854735
60,49960,fixed_s_turn__low_order_dynamic__no_current,fixed_s_turn,low_order_dynamic,no_current,False,False,False,0.0,2.384793945397652,255.42428521299408,1.790544885027422,1.2092694169987226,False,,,0,0,0,0,0.41648715060695884,0.0,0.8958351750128487,0,220,d18bc748804938e07e4dcf8014bee0a5d4313c1c03943ae742303aed72208036,e12ca1c76bd8cc74ef2c8bd772d04365090d025745d5a7aef03cdc4c9f008db5,2.659350573090417,257.402127264347
61,49961,fixed_s_turn__low_order_dynamic__no_current,fixed_s_turn,low_order_dynamic,no_current,False,False,False,0.0,0.24187478029672974,147.07172643930596,1.8854351015814157,1.4972117919969605,True,364.00000000001427,364.00000000001427,0,0,0,0,0.4336911817275026,0.0,0.6208074289106034,0,220,ceba92a3b877fd5f92d6035b51b097f4f2363db4996b31f9421b190fac43e195,37fdad0f2243afe1b86f3547ef94ba690b82bc47dec8ede831216fb1c5ea7e83,0.36809371320573137,243.69611014264186
62,49962,fixed_s_turn__low_order_dynamic__no_current,fixed_s_turn,low_order_dynamic,no_current,True,False,False,0.34,0.20174234352858977,7.222927047490719,2.0453274979274085,1.2645187079979223,True,64.00000000000064,64.00000000000064,0,0,0,0,0.46380436981391193,0.0,0.19999999999999998,0,220,fe1da9c12b99828d9f87c9f3afd157a94eed2413c271d21baecf29dafbfafc0f,dc3bbc85346c3080b20c134dffee7accad8e5db56a5c1261fbf8eabffe1e2849,0.2537789992069668,8.629841984800422
63,49963,fixed_s_turn__low_order_dynamic__no_current,fixed_s_turn,low_order_dynamic,no_current,False,False,False,0.0,3.490553526126348,345.62932644014467,1.8030568756886012,1.1274621249976917,False,,,0,0,0,0,0.40965968315152423,0.0,0.559312417000136,0,220,6da58f46ea569b7d43b7fdc298d13b37ab72c2c4cef5229b98f965d253c523e2,18d00207f6001c96b230fb553dce29322b5f20b06e265cd86165730580967f4d,2.702109980497006,348.6690908131469
64,49964,fixed_s_turn__low_order_dynamic__no_current,fixed_s_turn,low_order_dynamic,no_current,False,False,False,0.0,0.7682031093692023,47.93531741073255,1.7972957994750387,1.127726624996285,True,304.0000000000006,304.0000000000006,0,0,0,0,0.4350844302208371,0.0,0.5408794548106091,0,220,67bd2eb21eb561e0863c16d1f7c234ff91eeb16e1dee50edf3fd9d749f5d3699,7ccf1bcf40084506a67b61b3ece54cbe81b5c11c0c3a4b76c26b40f13bb713c4,0.788331773283029,137.93608730416258
65,49965,fixed_s_turn__low_order_dynamic__no_current,fixed_s_turn,low_order_dynamic,no_current,False,False,False,0.26,0.5992250405798792,10.226825106633749,2.0188949557903513,1.1923485000006622,True,243.99999999999042,243.99999999999042,0,0,0,0,0.45352568090788103,0.0,0.9916572958559381,0,220,2a2beba076a5ea0920b508b6a78df53dd8cfd819d6d58fe7c63602ce4aff6900,2fd794417b190621d41c2a996866194c086eb09d51135fb592c0773edcb9bc0f,0.5645780654032663,10.165424385532688
66,49966,fixed_s_turn__low_order_dynamic__no_current,fixed_s_turn,low_order_dynamic,no_current,False,False,False,0.0,0.3835056082588713,60.32605872708918,1.90854299648892,1.065446583001176,True,304.0000000000006,304.0000000000006,0,0,0,0,0.4578346246199011,0.0,1.2724512927160716,0,220,c9f5995a1e8a09a15bfa441aaab759f0319ad84b2cd7346ff238dfebc36902a1,79516b7dfd88b1ee0f65c05e9335efd95afe1a92a7602661111b09596ab264bf,0.5041885404931066,156.9009158564765
67,49967,fixed_s_turn__low_order_dynamic__no_current,fixed_s_turn,low_order_dynamic,no_current,False,False,False,0.2,0.550774149261792,9.571002065244485,2.1708086346346813,1.6337496249980177,True,93.99999999999893,93.99999999999893,0,0,0,0,0.48488524681890444,0.0,1.4572790160817195,0,220,ef39de65c37d33e142f00262c8903cea28da513947fb24a746b704c86ed76019,c031e4eeab1f22e5c3da407e3834e2da94a3356c1bb720d13a54a5b6b9049bc3,0.6325419123924767,10.08971936029218
68,49968,fixed_s_turn__low_order_dynamic__no_current,fixed_s_turn,low_order_dynamic,no_current,True,False,False,0.28,0.4430065656838696,6.7396784602245585,2.054919065606238,1.2025757919982425,True,183.99999999999383,183.99999999999383,0,0,0,0,0.4728217238352093,0.0,0.9820190638743026,0,220,0a820f69b7b2f5da8a5abd093f9feb9f6e1a28aedeef01e45edae109ee484006,c310530552a70a373c24bce61685c0e02fc9ef1608c41ebf86370a57a0c194ac,0.618875470329593,12.084335337543315
69,49969,fixed_s_turn__low_order_dynamic__no_current,fixed_s_turn,low_order_dynamic,no_current,False,False,False,0.0,0.49358715837331835,74.91403020052614,1.8094120373964482,1.204677832996822,True,243.99999999999042,243.99999999999042,0,0,0,0,0.43077381375462465,0.0,0.19999999999999998,0,220,2e80e0cab40504f9a750027ff0bc1cbe7b5b57367b93e5f7633533aaff6c8c11,012085c08b3523299f749dbb4b1291a81ef0104163be2676e67c2a8f1e17c6c7,0.4490081607034183,152.63529665389723
70,49970,fixed_s_turn__low_order_dynamic__no_current,fixed_s_turn,low_order_dynamic,no_current,False,False,False,0.72,0.18299221110107958,9.3572972376756,1.9559193983298946,1.1469809579939465,True,243.99999999999042,243.99999999999042,0,0,0,0,0.4473466028898506,0.0,0.19999999999999998,0,220,27f5bcb2814056976e42441b2aa88018e3355141587e0e48a7904f903ab3cfe0,90ec2676b3be89c8100133997fc8d14a3f806f3bc256cc7fc38451606b1f8ef9,0.2509077057330251,6.744719236642554
71,49971,fixed_s_turn__low_order_dynamic__no_current,fixed_s_turn,low_order_dynamic,no_current,True,False,False,0.1,0.21339986992760887,5.3432690680988095,1.8195436236518219,1.406186207997962,True,243.99999999999042,243.99999999999042,0,0,0,0,0.43621575811400776,0.0,0.19999999999999998,0,220,d0cb23c627da2d20bc6499ebbb867cc1643bdd7e1fe4770153b5847cc7be5d64,48ff458df8c0d784e9dbf77fc768bf476d073a092bd878cf79454012dcf9c259,0.3345114498140088,61.843406970407194
72,49972,fixed_s_turn__low_order_dynamic__no_current,fixed_s_turn,low_order_dynamic,no_current,False,False,False,0.36,0.517889930971296,8.051868006171237,2.2477032557085472,1.1766847920007422,True,64.00000000000064,64.00000000000064,0,0,0,0,0.4863101995736058,0.0,1.150416169229742,0,220,b0dd1f772eab80a519542d31f0c52b386ecf62c30cce3e78959cba6e15d1b43b,6d7094f5956eec844f17825eb38118a2e36a92fef02141e0e712da71e1f41c9f,0.5197896008994523,8.483423160001646
73,49973,fixed_s_turn__low_order_dynamic__no_current,fixed_s_turn,low_order_dynamic,no_current,False,False,False,0.06,0.48072311740516593,9.608146353611854,2.2734562344911713,1.8632052920002025,True,123.99999999999723,123.99999999999723,0,0,0,0,0.49371050698065083,0.0,1.7206411935097234,0,220,bac20e5f94fd63708815455859c99923dde8ed96a97e59cb7cbe03bf2a180dba,53cb4e3080e067e350de1cf329b0bacbf6d9a1dd4ab2f29380adaf602fdcfed0,0.4651097552892425,10.958881578283131
74,49974,fixed_s_turn__low_order_dynamic__no_current,fixed_s_turn,low_order_dynamic,no_current,False,False,False,0.0,0.4263455089799148,70.04058195577446,1.775865904974516,1.4657054160052212,True,304.0000000000006,304.0000000000006,0,0,0,0,0.42634363826942345,0.0,0.5237398525047315,0,220,06047bdcb70893fe40faa342c8b7d57d4f5dbef2ccfd9249d4fbe27a2f9f98bb,12ff0e079ce42c78d9d60178e65e7ce83c3e2a02cfdab9d8b6aa65696f1a5fca,0.4990145735659038,167.19541119202407
75,49975,fixed_s_turn__low_order_dynamic__no_current,fixed_s_turn,low_order_dynamic,no_current,False,False,False,0.36,0.4574764225135915,9.237127222555062,2.2114206808689754,1.2569596249959432,True,123.99999999999723,123.99999999999723,0,0,0,0,0.482583634554928,0.0,1.2061027165341152,0,220,ca0e949b4e537d88b8e7524c0223bde52624a147c2046d8e1620e887aa88ec9a,a1202b5f1fd8c676688754dbe507b240813742312bb56d31a47f8449f6d82245,0.3252694770000212,8.611851758528545
76,49976,fixed_s_turn__low_order_dynamic__no_current,fixed_s_turn,low_order_dynamic,no_current,True,False,False,0.24,0.5725307922180055,7.798160459391843,2.0735869959530855,1.1754221660012263,True,183.99999999999383,183.99999999999383,0,0,0,0,0.4658076677574229,0.0,1.2249440165177319,0,220,074800316deaafb9dffe168686a56eeab8f123a214785fdae0d51be9d83ab926,ac34eb8b6512a038f92046e904963e583787cf67e6be0c3f9cb760212ffea7ec,0.6202353431783219,20.90359158449121
77,49977,fixed_s_turn__low_order_dynamic__no_current,fixed_s_turn,low_order_dynamic,no_current,True,True,True,0.98,0.2947430689179273,5.702596053063541,2.050312784101653,1.3212352500049747,True,183.99999999999383,183.99999999999383,0,0,0,0,0.46010759562561476,0.0,0.2664683468011716,0,220,6dddf9a5c1d359534f4b00794fc97df90e54d0ad7e8af86b9b251e61a472f390,9d522c945a548d608e4234916b60d8ba40a84509edd2e14948c64824836bc840,0.2857346398527887,6.0149866911088194
78,49978,fixed_s_turn__low_order_dynamic__no_current,fixed_s_turn,low_order_dynamic,no_current,False,False,False,0.0,4.739298553576386,319.01969365428096,1.8549352391094989,1.2021320830026525,False,,,0,0,0,0,0.4143681865271074,0.0,0.5615555246613934,0,220,c959246ee356bbf44c5e5841d4a62b749905d6a94d756b9541a1154d73ea82b6,aac14801023cea99aae03cd6193b3a28f947700cf62ff9f152eb65c852d56cf3,4.484841427238045,326.05087217713753
79,49979,fixed_s_turn__low_order_dynamic__no_current,fixed_s_turn,low_order_dynamic,no_current,False,False,False,0.0,0.982875932465443,313.50448241956474,1.8435812993295848,1.2410378330023377,True,424.0000000000279,424.0000000000279,0,0,0,0,0.4396639880753252,0.0,1.320937495501304,0,220,b58e28364fb0b50e969eba900fbee95629bd1c7a85d50db1d4df402e9cdc108e,da0a2bb7e931ecaa2c4f340c4bc40e666f7f1e594b187edf19cba64c4422cb91,1.093212779717853,323.41673115463107
80,49980,fixed_s_turn__low_order_dynamic__no_current,fixed_s_turn,low_order_dynamic,no_current,False,False,False,0.0,0.36178793337259724,164.48645642439664,1.8299277067824975,1.1568819170061033,True,364.00000000001427,364.00000000001427,0,0,0,0,0.4375781162140638,0.0,1.2194703694864257,0,220,2f173c4ff21bd16b53a70851cfce757eb5a526c77932486bd057e7ceffe573d9,9b0ac35476c95296d629fbb9988fc92c99dc36538d2c40d4baa4c37863bd1e7e,1.5827304278603334,253.26975357399246
81,49981,fixed_s_turn__low_order_dynamic__no_current,fixed_s_turn,low_order_dynamic,no_current,False,False,False,0.12,0.8907181176391489,9.65965204059972,1.9328012559559737,1.1635602500027744,True,243.99999999999042,243.99999999999042,0,0,0,0,0.4469015795888222,0.0,1.0028542558168034,0,220,0b4b0c31e44713ee5f18d9ee27453a7e51f2045cb5a863a2d60255538bd1b899,331c762bcae541b10befcbb69ae79fa70e4cf4b64bf9d6ab9caad863f68c9062,0.9914419669194632,48.73438762872028
82,49982,fixed_s_turn__low_order_dynamic__no_current,fixed_s_turn,low_order_dynamic,no_current,False,False,False,0.0,0.6327983639740189,250.35769284242494,1.9480380932534884,1.28145237499848,False,,,0,0,0,0,0.4637936130799357,0.0,1.8149510476558226,0,220,0e1fe86cea394af39478d9474ceebb335274243c07a55cb299b5c20b31866b79,375424c5456c684485327e865d7cca406ba8923c1de472b0e7b8b42d7173b622,1.035747632370094,250.668836050711
83,49983,fixed_s_turn__low_order_dynamic__no_current,fixed_s_turn,low_order_dynamic,no_current,False,False,False,0.46,0.4674482208918603,9.262754874921292,2.0898385149668495,1.1739104579974082,True,123.99999999999723,123.99999999999723,0,0,0,0,0.45125274749918226,0.0,0.27980055687974675,0,220,a795d4ef220f910444dc7526f70a194aa207df99abb076cb63fce8610501a727,1d165d5528a7b93333515cfec57423088529d19d4cfc1f08db51f90f81cfbf9e,0.4432472104685718,7.806318890427946
84,49984,fixed_s_turn__low_order_dynamic__no_current,fixed_s_turn,low_order_dynamic,no_current,True,False,False,0.26,0.7242847769152589,6.40646440241392,2.0500331419681177,1.2023437499956344,True,183.99999999999383,183.99999999999383,0,0,0,0,0.46625584367573764,0.0,1.3386290722156862,0,220,a7f5261fb2fa2a1f4b14af19eeaa427f0fad532a1574aca7968283597cfedc34,2f6e75d22acd306cdc17d9ecb15070b7fc6deeea5ccd73c3a9634eaf99894892,0.7619324492515562,9.491755717677519
85,49985,fixed_s_turn__low_order_dynamic__no_current,fixed_s_turn,low_order_dynamic,no_current,False,False,False,0.0,1.1688369082961743,224.78960955387322,1.921307972455439,1.39475045799918,False,,,0,0,0,0,0.4537769926609313,0.0,1.668466979131549,0,220,06d305c7e76a3ced1ff430d7f4d11ba6bffcfee17f33c2ed83bea867416cb857,479bac9b8fff6572c3357221b17b106cd74c39d7d72369efbe43c716e6d1df71,1.9777605385077717,219.486022714211
86,49986,fixed_s_turn__low_order_dynamic__no_current,fixed_s_turn,low_order_dynamic,no_current,False,False,False,0.08,0.6128868434474501,11.78854430242728,2.1867659254819456,1.2096264170031645,True,123.99999999999723,123.99999999999723,0,0,0,0,0.48816001856899993,0.0,1.6502078005798424,0,220,bb78dc5408270599cfc6a8f0dd98ba9375a3c72553504d9ee6d1d829acafd4e5,1d555d703780f7c483662cb5677cc0633836bb799fada1314bcab83c001c6418,0.6276685920279936,10.639341348024459
87,49987,fixed_s_turn__low_order_dynamic__no_current,fixed_s_turn,low_order_dynamic,no_current,False,False,False,0.26,0.22286445037057934,9.061250297530421,2.203642101748168,1.2884486250040936,True,93.99999999999893,93.99999999999893,0,0,0,0,0.478807754391664,0.0,1.0473084948572977,0,220,8b8080c55da07ae24f8fbed0574b95de85bd266372bf06f9598b4df70fb6f39b,40051810b36539b9859d837897337680d74a0b7ed185f05bd979b6d8784a9093,0.19911240947431164,9.361439740369986
88,49988,fixed_s_turn__low_order_dynamic__no_current,fixed_s_turn,low_order_dynamic,no_current,False,False,False,0.24,0.6481444761482807,12.854287142770193,2.120962616826729,1.359843375001219,True,183.99999999999383,183.99999999999383,0,0,0,0,0.47615409565398953,0.0,0.2,0,220,e53fdb45877d2969dbebee3e3a814068d873496a57bafac6e6336cdc59275bef,83db95797fce225dbba341e14ce36fba8b1bc6ef108e2f391c3d79b0ccf180b8,0.5914686923973835,10.145925735508907
89,49989,fixed_s_turn__low_order_dynamic__no_current,fixed_s_turn,low_order_dynamic,no_current,True,False,False,0.08,0.7117899159078669,6.283446421982129,2.005167209953283,1.3795478339961846,True,243.99999999999042,243.99999999999042,0,0,0,0,0.4669720908415604,0.0,1.3926851953965644,0,220,61ca8045d1a7ec996b8f2f489720c1dae9fef980f2ef3653c3ef81cc096f79b0,ca47e1b92e7693fc29b62b35aaef2eca67a4b2b4ed4625dbc54df16cbe3fd671,0.8081599327305997,52.16397603927307
90,49990,fixed_s_turn__low_order_dynamic__no_current,fixed_s_turn,low_order_dynamic,no_current,False,False,False,0.1,0.4051878621508682,10.083022427945004,1.9492565799630368,1.5741984580017743,True,243.99999999999042,243.99999999999042,0,0,0,0,0.45107559360045973,0.0,1.072456291909446,0,220,7e1057ebd3acba10d97b0db82d6b53f087aa313d3a221695a5fc0daf5b2a2b7c,691fa912e3981af90909c0751fea561ad409c69bfeec573715506d0cd45e0023,0.7749787394599226,43.72563620456831
91,49991,fixed_s_turn__low_order_dynamic__no_current,fixed_s_turn,low_order_dynamic,no_current,False,False,False,0.0,0.9913168817158327,138.30822168838222,1.7493096827765287,1.1490412499988452,True,364.00000000001427,364.00000000001427,0,0,0,0,0.41930763836356333,0.0,0.9741998580183652,0,220,d102498265830d92ac0ad8f81cdc5883892660121c99f497f0d2befe8917aa3a,e5dc620bda33d8f409cb15980fa5d4e7a446e4729762f921628ab54a6641344c,0.8599991961104947,233.34255495666156
92,49992,fixed_s_turn__low_order_dynamic__no_current,fixed_s_turn,low_order_dynamic,no_current,False,False,False,0.32,0.18410848526639403,8.205224746547147,2.0828231290970205,1.3582953329969314,True,183.99999999999383,183.99999999999383,0,0,0,0,0.47916775519479116,0.0,1.3486368315423962,0,220,b6175d3559c1b33f463e5d738dc27a6790c097f74051f20840db7c94ccca2466,a896c227357e4260988883c4cb3bd4115e3974d3d2caa8ebd6cf032e0bb6ccc2,0.19124668288900262,9.172833660731005
93,49993,fixed_s_turn__low_order_dynamic__no_current,fixed_s_turn,low_order_dynamic,no_current,False,False,False,0.0,0.4888428310982987,14.737603623763464,1.937907064806839,1.4372512080008164,True,304.0000000000006,304.0000000000006,0,0,0,0,0.4651827128842456,0.0,1.8463037971672118,0,220,2626c17254a82e213345610ad720102d6620351da04aad30e3562039ee9a0588,8589ef304f10295a1ca7f3785852188a639c9c370c80721bd334e6fe8c2c6548,0.5187087119157868,70.551332890127
94,49994,fixed_s_turn__low_order_dynamic__no_current,fixed_s_turn,low_order_dynamic,no_current,True,False,False,0.7,0.2085446546530769,7.898071113849692,2.2144018345722527,1.329750333003176,True,64.00000000000064,64.00000000000064,0,0,0,0,0.4871302688180105,0.0,0.2024168850686611,0,220,14107af621bc00431d2b9204a614ef4005e8045ed5ddcbe3722f1bc80b4eaaeb,7fa6f7275ae4d7ad7b02fb87650847c51505efb9bc71573e1e9de507df3eb5d2,0.17868494653547262,6.6289382027274755
95,49995,fixed_s_turn__low_order_dynamic__no_current,fixed_s_turn,low_order_dynamic,no_current,False,False,False,0.0,6.629907262537927,205.5492498590959,1.8479042528621057,1.4785246669998742,False,,,0,0,0,0,0.41313510089769107,0.0,0.7085524105357826,0,220,a1295c9f6bab99d69bd97aad158762359246070184b55e49151a3791af477744,1e36e7044a870b2e6066c279f19c22d8c58a70757263378cabdcbd179de9d784,7.442431136354892,214.73376955748554
96,49996,fixed_s_turn__low_order_dynamic__no_current,fixed_s_turn,low_order_dynamic,no_current,False,False,False,0.0,1.6512692668580866,168.48620755972254,1.9068129528503917,1.3338601249997737,True,304.0000000000006,304.0000000000006,0,0,0,0,0.46351134477413447,0.0,1.8296355506775195,0,220,18bec64a85dfb01fd9650467deb492b3a38e992f94b21441c07c3456161f5700,38e55be9ba7b97ef99f81b51345824d1885c8d2ecfe965e8748cc2b13346a8b3,1.5618759172349141,234.19339203366835
97,49997,fixed_s_turn__low_order_dynamic__no_current,fixed_s_turn,low_order_dynamic,no_current,True,False,False,0.22,0.7883040609146427,7.145736295946278,1.8972715742208648,1.1222007500036852,True,183.99999999999383,183.99999999999383,0,0,0,0,0.45087630059461536,0.0,0.6726054835975378,0,220,80da7ceafa2c03a41427e572b3a1a23e3bf64fe3f33f835250326b1a0ea6e807,08d0bf780217c646b37e9b1173825031afc3b590b33b9ce3dbf076927af80b77,0.9033508524344442,32.87418985742228
98,49998,fixed_s_turn__low_order_dynamic__no_current,fixed_s_turn,low_order_dynamic,no_current,False,False,False,0.24,0.5491067996677649,11.209853825009802,1.9469673121245235,1.1599051249941112,True,243.99999999999042,243.99999999999042,0,0,0,0,0.458669239332071,0.0,1.224520580783901,0,220,b1ebf43be340222010fd2d9eb905ecdc9aeb2778c8c397394bb8dc53986163f0,ae09e813276a25d45b04fea66f30439a6508d2016c95bb329934d0997e8e33cb,0.5008509922577158,21.996159854028537
99,49999,fixed_s_turn__low_order_dynamic__no_current,fixed_s_turn,low_order_dynamic,no_current,False,False,False,0.0,2.6992829498436675,316.854510611403,1.829579998681593,1.1005288750020554,False,,,0,0,0,0,0.4132802769114846,0.0,0.624932791904633,0,220,5fc869a3c83199f7a5e7cb699e222990013eb45933f32697e558f672c4c26f00,2414d8ea6588b09e1344e5428549617d20335d3460efbb80a7c8c58d746bad21,1.4888079314153737,318.3255140224578
