episode_index,episode_seed,source_name,policy_name,arm,source_mask_l1,source_mask_l2,active_source_count,measurement_row_count,active_scalar_measurement_count,terminal_joint_success,tail80_joint_success,dwell15_joint_success,tail50_joint_occupancy,terminal_localization_error_m,terminal_formation_error_m,checkpoint_60s_localization_error_m,checkpoint_60s_localization_below_7m,checkpoint_60s_phase_track,checkpoint_60s_gate_locked_after_update,ever_locked,first_track_action_time_s,unsafe_transition_count,unsafe_track_start_count,unsafe_track_end_count,audit_release_violation_count,false_confidence_action_count,maximum_localization_error_m,maximum_track_localization_error_m,mean_squared_action,maximum_combined_decision_runtime_s,planner_decision_count,noise_tape_sha256,masked_history_sha256
0,48600,leader1_only,fixed_s_turn,leader1_only__fixed_s_turn,True,False,1,440,440,False,False,False,0.0,0.45474683023256735,75.02097859866653,5.034572325053894,True,False,False,True,364.00000000001427,0,0,0,0,0,7.029027598036958,0.8458851428129124,0.4420048065955302,0.39289391704369336,0,d3b82e2269a5aee04901dad011f99e0e86fc3dffc8d03adf35ac524b31b14b43,0dc695a74dfb1b66d43a8491bf06dc419637763825bde89bed0fc06c333df2d6
0,48600,leader1_only,belief_active,leader1_only__belief_active,True,False,1,440,440,True,True,True,1.0,0.449650781414412,0.5447562349833353,0.6367854965944899,True,False,False,True,93.99999999999893,0,0,0,0,0,5.568634117000053,0.48050736828909263,0.3872807343455398,0.5341163330012932,32,d3b82e2269a5aee04901dad011f99e0e86fc3dffc8d03adf35ac524b31b14b43,8bfd9de5291a8bafe379d046b364222de352d3079e3c0dab9dd0ce389de67da6
0,48600,leader2_only,fixed_s_turn,leader2_only__fixed_s_turn,False,True,1,440,440,False,False,False,0.0,0.981530662819497,75.16315477427092,3.280445178991841,True,False,False,True,364.00000000001427,0,0,0,0,0,22.122731450199353,1.3722699890032515,0.44065098865060404,0.42175008403137326,0,d3b82e2269a5aee04901dad011f99e0e86fc3dffc8d03adf35ac524b31b14b43,2376d76704a9f19e8eb24df9303e235d0208b56fa5cd7c2acec5feee6485f5cb
0,48600,leader2_only,belief_active,leader2_only__belief_active,False,True,1,440,440,True,True,True,1.0,0.3697779812747063,0.43986390013008025,4.809542370426366,True,False,False,True,123.99999999999723,0,0,0,0,0,22.122731450199353,0.4009881033416614,0.5203655501478669,0.43323229195084423,47,d3b82e2269a5aee04901dad011f99e0e86fc3dffc8d03adf35ac524b31b14b43,9a9f3fecaf47ba75c9d2e78ef46de24c315690372f01a50adee5f028669eead0
0,48600,both_leaders,fixed_s_turn,both_leaders__fixed_s_turn,True,True,2,440,880,True,True,True,1.0,0.3970254241329851,0.4988370740253048,1.3166473460502914,True,False,False,True,64.00000000000064,0,0,0,0,0,2.272737794225384,1.5329264408994567,0.27955051603090453,1.2746951669687405,0,d3b82e2269a5aee04901dad011f99e0e86fc3dffc8d03adf35ac524b31b14b43,d14db8132d7fb2531ca5f23369df9da438863234e64176d83089aef3fac85e52
0,48600,both_leaders,belief_active,both_leaders__belief_active,True,True,2,440,880,True,True,True,1.0,0.24587902965435687,0.18915096910825532,0.8249138257695355,True,False,False,True,64.00000000000064,0,0,0,0,0,1.8289477367385123,0.9296532191093199,0.49591107281266894,0.7985782499890774,17,d3b82e2269a5aee04901dad011f99e0e86fc3dffc8d03adf35ac524b31b14b43,0c28cb45d7572b9a96917519e6a5340e132a5b6abbd0053c1927ad0a80087aa8
1,48601,leader1_only,fixed_s_turn,leader1_only__fixed_s_turn,True,False,1,440,440,False,False,False,0.0,1.9016494882979702,263.88158832495844,32.26336679437919,False,False,False,False,,0,0,0,0,0,49.60358876421757,,0.33858142357729676,0.34970966703258455,0,abdf8db3ea64b083bf7e02c854a61a9d8a029c6a7b90e511d17e3281b4906011,5909095d1f06ff3c81eb92f004acec63c38d399dcf310865916d909c4462c833
1,48601,leader1_only,belief_active,leader1_only__belief_active,True,False,1,440,440,True,True,True,1.0,1.3567305984756783,1.3443612691104163,1.0824427738084028,True,False,False,True,93.99999999999893,0,0,0,0,0,49.60358876421757,1.468730278735805,0.2856672845212279,0.30186687503010035,32,abdf8db3ea64b083bf7e02c854a61a9d8a029c6a7b90e511d17e3281b4906011,1298cd18701e600d1eded62e1dde973e144198c754c1001c66e6afb0f519d564
1,48601,leader2_only,fixed_s_turn,leader2_only__fixed_s_turn,False,True,1,440,440,False,False,False,0.0,1.8783453506977499,263.88158832495844,68.12672476751733,False,False,False,False,,0,0,0,0,0,106.30516094113517,,0.33858142357729676,0.46615137509070337,0,abdf8db3ea64b083bf7e02c854a61a9d8a029c6a7b90e511d17e3281b4906011,d9b192a63156139c0dc2ec693c85957b2d17b59a9413e9d83d6c05f3d1dbcf16
1,48601,leader2_only,belief_active,leader2_only__belief_active,False,True,1,440,440,True,True,True,1.0,1.87361681659522,1.735119784305247,2.555767475601078,True,False,False,True,93.99999999999893,0,0,0,0,0,70.83435961714088,1.987810450081571,0.2389483697556608,0.3687601250130683,32,abdf8db3ea64b083bf7e02c854a61a9d8a029c6a7b90e511d17e3281b4906011,5f0fea2a7bf3bae435db73b8275e890949887d602b3e4a97890f36801ed05c90
1,48601,both_leaders,fixed_s_turn,both_leaders__fixed_s_turn,True,True,2,440,880,False,False,False,0.0,0.7519126700858397,91.93984581724496,4.433494582580822,True,False,False,True,304.0000000000006,0,0,0,0,0,9.755775279997438,2.381784050282588,0.3050982815118733,0.8264532500179484,0,abdf8db3ea64b083bf7e02c854a61a9d8a029c6a7b90e511d17e3281b4906011,adcf4c9a64add1daccb6d3a8b486eb1863123a3074d3cf4dc47ecec34bd0cf4f
1,48601,both_leaders,belief_active,both_leaders__belief_active,True,True,2,440,880,True,True,True,1.0,1.402644376732285,1.3039854175740537,1.5430245873432882,True,False,False,True,93.99999999999893,0,0,0,0,0,9.81476810830517,1.5131825425707908,0.24457210387426923,0.8516896249493584,32,abdf8db3ea64b083bf7e02c854a61a9d8a029c6a7b90e511d17e3281b4906011,2913b2aa3a70ebe28a9e60059db8c4ccf938def362675b4dceb0baa222e3df7e
2,48602,leader1_only,fixed_s_turn,leader1_only__fixed_s_turn,True,False,1,440,440,False,False,False,0.0,3.2191874245856456,250.2057277459412,16.865614106603797,False,False,False,False,,0,0,0,0,0,20.255843411606072,,0.18291038990187286,0.5824962080223486,0,deacbb57d5248bf1c1fef8e8efff13fd2f039bd9a0677e7b3b1cfb28fa012992,77d1eaa099ad297378ee7ab473cc14a20fa7b7e764b36441a1d27cba14649645
2,48602,leader1_only,belief_active,leader1_only__belief_active,True,False,1,440,440,True,True,True,1.0,1.1704780914039368,1.0519495611805547,1.2229486136411516,True,False,False,True,123.99999999999723,0,0,0,0,0,20.121713436134446,1.8850052319486252,0.16673674300602603,0.45751199999358505,47,deacbb57d5248bf1c1fef8e8efff13fd2f039bd9a0677e7b3b1cfb28fa012992,b9cd2f09a641206785f55e0250c9f6d8c88aa416db7851ec363bbb404db6ae8b
2,48602,leader2_only,fixed_s_turn,leader2_only__fixed_s_turn,False,True,1,440,440,False,False,False,0.0,2.2869741235914276,250.2057277459412,28.577410403371264,False,False,False,False,,0,0,0,0,0,60.15215681058511,,0.18291038990187286,0.49666933401022106,0,deacbb57d5248bf1c1fef8e8efff13fd2f039bd9a0677e7b3b1cfb28fa012992,5a4f08e5bbe9d33aff6621429121abe4b638ba86ad784813c1a0a9944388bbf8
2,48602,leader2_only,belief_active,leader2_only__belief_active,False,True,1,440,440,True,True,True,0.92,1.5165774209655163,1.8815330009745481,9.728044439292834,False,False,False,True,123.99999999999723,0,0,0,0,0,42.18489859338594,2.2147923300389323,0.20022185904583742,0.36501625005621463,47,deacbb57d5248bf1c1fef8e8efff13fd2f039bd9a0677e7b3b1cfb28fa012992,4c49f0052a01281fd7e096d00b3635a47874abd93dd2b64624e9c679f4208ecc
2,48602,both_leaders,fixed_s_turn,both_leaders__fixed_s_turn,True,True,2,440,880,False,False,False,0.0,0.5218727203593326,15.610106217393648,1.9081174611949663,True,False,False,True,304.0000000000006,0,0,0,0,0,4.177454354262076,3.3830457263119946,0.17762941673792587,0.7035447499947622,0,deacbb57d5248bf1c1fef8e8efff13fd2f039bd9a0677e7b3b1cfb28fa012992,3ccd64ccaf233d315050fe166e9429f08ff28b99154d3b915d44cd03bddf9496
2,48602,both_leaders,belief_active,both_leaders__belief_active,True,True,2,440,880,True,True,True,1.0,1.3008270889299423,1.6458395190530584,1.4634944668200087,True,False,False,True,93.99999999999893,0,0,0,0,0,4.177454354262076,1.8777861953677226,0.14023949769472707,0.825378124951385,32,deacbb57d5248bf1c1fef8e8efff13fd2f039bd9a0677e7b3b1cfb28fa012992,625a3f901de52846a1fb8498cf76580ffc697de608bbe03b846256710d6c15ba
3,48603,leader1_only,fixed_s_turn,leader1_only__fixed_s_turn,True,False,1,440,440,False,False,False,0.0,2.231513371316457,229.62370110978375,11.922716423284635,False,False,False,False,,0,0,0,0,0,62.86331650260244,,0.19000396151991028,0.7030476670479402,0,128c5163d0eb3421f5fb8bb2cc9d6c01c976c6df67536759b9dec8d6463e4f0e,82bcb95f3d7694248b558a85742ea5308f3cdd9ef634dfcf3d5546b03e8993a9
3,48603,leader1_only,belief_active,leader1_only__belief_active,True,False,1,440,440,False,False,False,0.0,1.2523483796625996,34.192487857811074,6.219164855003439,True,False,False,True,183.99999999999383,0,0,0,0,0,61.02246114407356,1.4083217881862966,0.3072684143243947,0.39277904108166695,77,128c5163d0eb3421f5fb8bb2cc9d6c01c976c6df67536759b9dec8d6463e4f0e,8f06a6e037dedb404c371382241f11f8c69bf8b85da162f2cdd7ac8e2362faf0
3,48603,leader2_only,fixed_s_turn,leader2_only__fixed_s_turn,False,True,1,440,440,False,False,False,0.0,3.797617407236859,229.62370110978375,8.782167854447275,False,False,False,False,,0,0,0,0,0,26.47075222276302,,0.19000396151991028,0.6443398330593482,0,128c5163d0eb3421f5fb8bb2cc9d6c01c976c6df67536759b9dec8d6463e4f0e,6491d9147a430e2783f503ba0a32ef9fa8278a846349bc9b9499098877c541eb
3,48603,leader2_only,belief_active,leader2_only__belief_active,False,True,1,440,440,False,False,False,0.0,1.0807749524059884,207.70826580653696,9.98298589740918,False,False,False,True,243.99999999999042,0,0,0,0,0,13.59693184664978,1.7693886292451726,0.3654358619943135,0.6172035840572789,107,128c5163d0eb3421f5fb8bb2cc9d6c01c976c6df67536759b9dec8d6463e4f0e,92e48241e9e663e684c4abead95c79c3b9ac2fbf437c11f5405fae5994be7b33
3,48603,both_leaders,fixed_s_turn,both_leaders__fixed_s_turn,True,True,2,440,880,False,False,False,0.0,2.1581536830205197,229.62370110978375,1.6822019724867256,True,False,False,False,,0,0,0,0,0,17.145859741957107,,0.19000396151991028,1.0531982500106096,0,128c5163d0eb3421f5fb8bb2cc9d6c01c976c6df67536759b9dec8d6463e4f0e,e392072952334b361e9e8c001d35bd83963e5faff0432d73bed371708a8dc3af
3,48603,both_leaders,belief_active,both_leaders__belief_active,True,True,2,440,880,True,True,True,1.0,2.092442168975623,2.465359230646139,3.132709139580504,True,False,False,True,93.99999999999893,0,0,0,0,0,17.13151308787756,5.046126737768466,0.2040270841107619,0.5502336249919608,32,128c5163d0eb3421f5fb8bb2cc9d6c01c976c6df67536759b9dec8d6463e4f0e,d81819809b9736f57dc5632f975ae2f3f34f4b3b7836a881591e6b1927c0ccff
4,48604,leader1_only,fixed_s_turn,leader1_only__fixed_s_turn,True,False,1,440,440,False,False,False,0.0,5.989792467778304,268.70534922282843,49.98388125877994,False,False,False,False,,0,0,0,0,0,192.23396534902872,,0.5648211879566353,0.39172462502028793,0,5271f55b469fa79432f622f8ee05fedb2c28c1df127fa84c089a6687d8e842f7,1d832b5853953053b45f8a821e80d69be1bf65cfdee653ccdab9761145fd1a8c
4,48604,leader1_only,belief_active,leader1_only__belief_active,True,False,1,440,440,True,True,True,1.0,0.13555653194956133,0.18149923595804812,0.8434165857919256,True,False,False,True,93.99999999999893,0,0,0,0,0,40.89511673397016,0.3221653415005889,0.4655311408632297,0.6912661249516532,62,5271f55b469fa79432f622f8ee05fedb2c28c1df127fa84c089a6687d8e842f7,909c6e155c3734e403e982788ea169e0be3339cf6e6272291664de3eb2ff9bfd
4,48604,leader2_only,fixed_s_turn,leader2_only__fixed_s_turn,False,True,1,440,440,False,False,False,0.0,3.298484977467164,268.70534922282843,11.643924089341795,False,False,False,False,,0,0,0,0,0,32.79057539462168,,0.5648211879566353,0.2977278330363333,0,5271f55b469fa79432f622f8ee05fedb2c28c1df127fa84c089a6687d8e842f7,60c835e64b1d6e2aff3d3c8bb7477342d0dae08b7282201c0fac6df789cbbeff
4,48604,leader2_only,belief_active,leader2_only__belief_active,False,True,1,440,440,True,True,True,1.0,0.37921792487722655,0.39825601216766926,1.832121890064694,True,False,False,True,123.99999999999723,0,0,0,0,0,33.327417376674,0.405564593651962,0.42787866098391736,0.843197499983944,47,5271f55b469fa79432f622f8ee05fedb2c28c1df127fa84c089a6687d8e842f7,c8c1453d7178f00f0f2198bce08d2d0bb16c35058dd03f051d5889526c2baf76
4,48604,both_leaders,fixed_s_turn,both_leaders__fixed_s_turn,True,True,2,440,880,False,False,False,0.0,0.24946495110417075,25.49250490672348,2.6493239779732596,True,False,False,True,304.0000000000006,0,0,0,0,0,6.121284392009525,0.8654723040731883,0.46291839467363355,1.0725410419981927,0,5271f55b469fa79432f622f8ee05fedb2c28c1df127fa84c089a6687d8e842f7,c3c580ad2a7347705db5a506c2f48ca7e11e327c10d19c174e389e5d300b9723
4,48604,both_leaders,belief_active,both_leaders__belief_active,True,True,2,440,880,True,True,True,1.0,0.29985518842117154,0.3148109292518845,1.6043354641132601,True,False,False,True,123.99999999999723,0,0,0,0,0,5.67950847956844,0.3295406533036302,0.3982449009326378,0.9967962499940768,47,5271f55b469fa79432f622f8ee05fedb2c28c1df127fa84c089a6687d8e842f7,4358c53dff5c25f007c3dbc1a33b1e023e22f2e13fe9a1a4080bbb8d106e52dc
5,48605,leader1_only,fixed_s_turn,leader1_only__fixed_s_turn,True,False,1,440,440,False,False,False,0.0,8.554185795049262,194.87775424453028,2.844326565834945,True,False,False,False,,0,0,0,0,0,89.89898440972779,,0.40521372036442305,0.3365202919812873,0,cbdafb98af2b44c1f54924acd528ef732353b4045bd636dfc2eb69b2002c3ab4,cdc5dee215a2c8dfd28a5d61264e200b67a3cb55ec6bf9be16f06baf5a1243ce
5,48605,leader1_only,belief_active,leader1_only__belief_active,True,False,1,440,440,True,True,True,1.0,1.1165845372066883,1.0950803682906383,2.239064309999851,True,False,False,True,93.99999999999893,0,0,0,0,0,89.89898440972779,1.294738121350942,0.2717022111556326,0.3476162919541821,32,cbdafb98af2b44c1f54924acd528ef732353b4045bd636dfc2eb69b2002c3ab4,9dace2830fb1b0da04134e5f050672cf5cc302ece28feb005a6363d20606c8e9
5,48605,leader2_only,fixed_s_turn,leader2_only__fixed_s_turn,False,True,1,440,440,False,False,False,0.0,3.7633673408018913,194.87775424453028,19.818339304246507,False,False,False,False,,0,0,0,0,0,34.385522738285374,,0.40521372036442305,0.29944091592915356,0,cbdafb98af2b44c1f54924acd528ef732353b4045bd636dfc2eb69b2002c3ab4,7b84251c26464168b02718c51cf96b42bb5c91afd7d0e0c3df9c8a581f249495
5,48605,leader2_only,belief_active,leader2_only__belief_active,False,True,1,440,440,True,True,True,1.0,1.422277698271125,1.5103095111364444,2.6736420544175887,True,False,False,True,93.99999999999893,0,0,0,0,0,39.37224314964366,1.4924484105631073,0.33858187702162346,0.4477307500783354,32,cbdafb98af2b44c1f54924acd528ef732353b4045bd636dfc2eb69b2002c3ab4,c96ffa053676af3289d0fb5a212a0210651ea5d2d9736364d2187ce388b0b8ff
5,48605,both_leaders,fixed_s_turn,both_leaders__fixed_s_turn,True,True,2,440,880,False,False,False,0.0,0.7841458250223323,194.87775424453028,2.7318058942768575,True,False,False,False,,0,0,0,0,0,3.205914962789247,,0.40521372036442305,0.8225112500367686,0,cbdafb98af2b44c1f54924acd528ef732353b4045bd636dfc2eb69b2002c3ab4,14eab0ea12ba6258b35fe14263578c3c845aaeb1a7da910223437956d75344f6
5,48605,both_leaders,belief_active,both_leaders__belief_active,True,True,2,440,880,True,True,True,1.0,0.5273145561017643,0.56751688437903,0.8698094263999946,True,False,False,True,64.00000000000064,0,0,0,0,0,2.92699115490645,0.7681698191003251,0.24299714519788593,0.5861273329937831,17,cbdafb98af2b44c1f54924acd528ef732353b4045bd636dfc2eb69b2002c3ab4,faccd4f6feee39ce4fddc750c00896276587bb89c2b306d37c1a82841ea20ff2
6,48606,leader1_only,fixed_s_turn,leader1_only__fixed_s_turn,True,False,1,440,440,False,False,False,0.0,2.3146519209702427,225.69154141880037,5.858993640231063,True,False,False,False,,0,0,0,0,0,33.737320832071184,,0.47390035583970397,0.4861524159787223,0,396790828256e3958313475c1616fc0957b737614282ceb7df096a5e80e9fb3c,805dc3339e94ea2a96c0fdcbc980412ccef372817f773401293c1d79cb01e7b4
6,48606,leader1_only,belief_active,leader1_only__belief_active,True,False,1,440,440,True,True,True,1.0,0.5424788320026758,0.4462217446063559,2.3246733355561386,True,False,False,True,93.99999999999893,0,0,0,0,0,33.737320832071184,0.6300653506594394,0.3678573838327245,0.7115124999545515,32,396790828256e3958313475c1616fc0957b737614282ceb7df096a5e80e9fb3c,b9d108224f3d5ab5b832ba0d386e659b40c6d8c6ad0279d0af58edd40789150a
6,48606,leader2_only,fixed_s_turn,leader2_only__fixed_s_turn,False,True,1,440,440,False,False,False,0.0,3.4203876310939405,225.69154141880037,49.09237326566894,False,False,False,False,,0,0,0,0,0,109.16326914611209,,0.47390035583970397,0.48410266696009785,0,396790828256e3958313475c1616fc0957b737614282ceb7df096a5e80e9fb3c,6910a8a1c319902b40e90ae32fdd70b1be0517ee141dee55927e70aa4b12b97f
6,48606,leader2_only,belief_active,leader2_only__belief_active,False,True,1,440,440,True,True,True,1.0,0.9205457179812929,1.0226965681497346,3.445735194154654,True,False,False,True,123.99999999999723,0,0,0,0,0,74.1643250366034,1.1302412957559351,0.3572645986665817,0.6048214579932392,47,396790828256e3958313475c1616fc0957b737614282ceb7df096a5e80e9fb3c,ad3092f9944bd61d99b45edf924b43db1f61b9d33a4852e5c5e518c984989b11
6,48606,both_leaders,fixed_s_turn,both_leaders__fixed_s_turn,True,True,2,440,880,False,False,False,0.0,1.6272318164831452,225.69154141880037,3.13490732284504,True,False,False,False,,0,0,0,0,0,6.309056666701273,,0.47390035583970397,0.6595868340227753,0,396790828256e3958313475c1616fc0957b737614282ceb7df096a5e80e9fb3c,415be8607030353bee99681a2d925ecd363c91fc1d02517964908fd4fd035861
6,48606,both_leaders,belief_active,both_leaders__belief_active,True,True,2,440,880,True,True,True,1.0,0.5839945155668477,0.45174940305045036,1.4946348307603914,True,False,False,True,93.99999999999893,0,0,0,0,0,4.053506138193317,0.6812458501134153,0.43377937580209364,0.5605290830135345,32,396790828256e3958313475c1616fc0957b737614282ceb7df096a5e80e9fb3c,d3342bf9b2618a0ae2046107b12cc77bb720234fe30104ac32126a6e3635ae0c
7,48607,leader1_only,fixed_s_turn,leader1_only__fixed_s_turn,True,False,1,440,440,False,False,False,0.0,0.622282184274142,96.73846143252327,9.105543471088913,False,False,False,False,,0,0,0,0,0,12.444939557640595,,0.19152646137968937,0.371067792060785,0,72ebd53c32e35c71812415058ccce50d5dd0010f95601f3681bd53261a88307c,5d1ea3d60bb05d4a9c3ef6d515d9ee2dbfffb15649b34b7f21497130c48dbd45
7,48607,leader1_only,belief_active,leader1_only__belief_active,True,False,1,440,440,True,True,True,1.0,0.3713533491710429,0.5931216171703824,1.4599537934326687,True,False,False,True,70.0000000000003,0,0,0,0,0,9.672424256403641,0.8972242168594156,0.18606486964456403,0.3772297919495031,20,72ebd53c32e35c71812415058ccce50d5dd0010f95601f3681bd53261a88307c,804d4b0b4f5e54854f20dd9db595ebde6dd72e341c13d30617f63b0d46a5527f
7,48607,leader2_only,fixed_s_turn,leader2_only__fixed_s_turn,False,True,1,440,440,True,True,True,0.86,0.701162945445508,0.5351397790983792,5.007887032522732,True,False,False,True,304.0000000000006,0,0,0,0,0,31.486721991397427,1.0622187881633303,0.17667570257683052,0.29705987498164177,0,72ebd53c32e35c71812415058ccce50d5dd0010f95601f3681bd53261a88307c,57a965cf5ba1e2135a4c160b9f8072139bd36d8f7f44e9e8b74ac6cad696a35d
7,48607,leader2_only,belief_active,leader2_only__belief_active,False,True,1,440,440,True,True,True,1.0,0.8181747861945857,0.5297579234562616,3.7540380710083032,True,False,False,True,93.99999999999893,0,0,0,0,0,39.060708469369814,1.5907783240097744,0.26186838880163743,0.5919594579609111,32,72ebd53c32e35c71812415058ccce50d5dd0010f95601f3681bd53261a88307c,b2ffd3abdd5e317fc729045d14820cbee5987449f983dc544a294e373430d731
7,48607,both_leaders,fixed_s_turn,both_leaders__fixed_s_turn,True,True,2,440,880,True,True,True,1.0,0.9056084115434032,1.0344890567516947,1.0787364640800925,True,False,False,True,183.99999999999383,0,0,0,0,0,2.2268250706507704,2.11965338410729,0.1497888186878307,0.9530311250127852,0,72ebd53c32e35c71812415058ccce50d5dd0010f95601f3681bd53261a88307c,3b4c1b5332b862c6f7a20d0c1810f67c42841962d68a7b8162fc73d6c08cae97
7,48607,both_leaders,belief_active,both_leaders__belief_active,True,True,2,440,880,True,True,True,1.0,0.6412407023370318,0.7732413391960896,1.8980778878180473,True,False,False,True,64.00000000000064,0,0,0,0,0,1.8980778878180473,0.7068575619072476,0.17468950772418274,0.6650266249198467,17,72ebd53c32e35c71812415058ccce50d5dd0010f95601f3681bd53261a88307c,6ffcf64c7488bab326fee5324b9f0b63334d791fa04edff4571e87d8dcd3a1d2
8,48608,leader1_only,fixed_s_turn,leader1_only__fixed_s_turn,True,False,1,440,440,False,False,False,0.0,1.3681532712891418,217.5750489859283,34.3157814007887,False,False,False,False,,0,0,0,0,0,49.17862919734295,,0.29748964296720826,0.2853141250088811,0,7b6ac485b7a1caace48c3c2acb7f0f25f0d2db7276b7e01d5e038ba0d8063745,72b0098810c5faa3c71f6ded0b959a54f995328dfa08877bc68605ee1d218ceb
8,48608,leader1_only,belief_active,leader1_only__belief_active,True,False,1,440,440,True,True,True,1.0,0.8529326088129003,0.8082268493037202,4.461752515214517,True,False,False,True,123.99999999999723,0,0,0,0,0,49.17862919734295,3.177603440399239,0.27724351059769287,0.44166733301244676,47,7b6ac485b7a1caace48c3c2acb7f0f25f0d2db7276b7e01d5e038ba0d8063745,e6a1c2446d4546da767857b5a69d1ebc9bff89e0a1d379fcaaac03d122da635e
8,48608,leader2_only,fixed_s_turn,leader2_only__fixed_s_turn,False,True,1,440,440,False,False,False,0.0,3.784755084197162,217.5750489859283,41.17081944657127,False,False,False,False,,0,0,0,0,0,64.46137883945809,,0.29748964296720826,0.32528091699350625,0,7b6ac485b7a1caace48c3c2acb7f0f25f0d2db7276b7e01d5e038ba0d8063745,2880cc0c1267eb4d7c4fc19dbcbc4b7a08f0fc3e82223f903bbf05647d910156
8,48608,leader2_only,belief_active,leader2_only__belief_active,False,True,1,440,440,True,False,False,0.28,0.7094499312007004,1.6105321214098853,6.043894609044393,True,False,False,True,183.99999999999383,0,0,0,0,0,58.11554044024586,1.5624847009991572,0.30175764983118664,0.29026458295993507,77,7b6ac485b7a1caace48c3c2acb7f0f25f0d2db7276b7e01d5e038ba0d8063745,9f475fef0cadb67298bcdd441c6cc908a8d564ea029f30c42f9c708cf1e8fdcb
8,48608,both_leaders,fixed_s_turn,both_leaders__fixed_s_turn,True,True,2,440,880,True,False,True,0.32,1.4487642685621864,1.8161931630309887,9.648511379204589,False,False,False,True,304.0000000000006,0,0,0,0,0,10.315823145932862,2.1892666363757987,0.2690247022179755,0.646318499930203,0,7b6ac485b7a1caace48c3c2acb7f0f25f0d2db7276b7e01d5e038ba0d8063745,30d30e046d20cb067bca7322c649a0b2f8ac780768350440b83e1f11d2e9c57e
8,48608,both_leaders,belief_active,both_leaders__belief_active,True,True,2,440,880,True,True,True,1.0,0.0976573921647093,0.10927803867274027,2.865563124099003,True,False,False,True,123.99999999999723,0,0,0,0,0,10.037949125688085,1.9838953334229328,0.21216377541947182,0.7947917090496048,47,7b6ac485b7a1caace48c3c2acb7f0f25f0d2db7276b7e01d5e038ba0d8063745,9ae75cb5fa4665465ca90a19727f5110595e4f7549bbfe358f694fa8f8cafdbf
9,48609,leader1_only,fixed_s_turn,leader1_only__fixed_s_turn,True,False,1,440,440,False,False,False,0.0,0.7722385555217989,162.85192283182232,42.09533795138349,False,False,False,True,364.00000000001427,0,0,0,0,0,54.13530677687576,1.6347108231654077,0.40642170527286736,0.6228778330842033,0,8a5ec2b9671ae9b014400326f1a7e1bc03cf10f11e6e1ef0791571df5ca51830,d3fc017bd2ecc14ff6629969b9f33a6bfe6dbcc6687a2aee6b0251dd32a1dd45
9,48609,leader1_only,belief_active,leader1_only__belief_active,True,False,1,440,440,True,False,False,0.1,0.4601016294785219,4.557159295342765,2.954114144720245,True,False,False,True,183.99999999999383,0,0,0,0,0,46.73944100057761,0.4601016294785219,0.3991513898910038,0.6237902500433847,77,8a5ec2b9671ae9b014400326f1a7e1bc03cf10f11e6e1ef0791571df5ca51830,32b887f8fa1a8c40513c811774a52faa536e55a6ed1e867cf37dd0165190e208
9,48609,leader2_only,fixed_s_turn,leader2_only__fixed_s_turn,False,True,1,440,440,False,False,False,0.0,7.247888646349835,299.1138730690581,14.864926835677096,False,False,False,False,,0,0,0,0,0,45.53892721765152,,0.438754793556642,0.643847250030376,0,8a5ec2b9671ae9b014400326f1a7e1bc03cf10f11e6e1ef0791571df5ca51830,bb18fd339573e9a776a7be985bbc563dac2599164631ecbc391f02953b893dbc
9,48609,leader2_only,belief_active,leader2_only__belief_active,False,True,1,440,440,True,True,True,1.0,1.0789917430191633,1.0905709314556113,1.394614643715306,True,False,False,True,93.99999999999893,0,0,0,0,0,43.71091395310931,1.4099928651942286,0.3181790353032707,0.43210916698444635,32,8a5ec2b9671ae9b014400326f1a7e1bc03cf10f11e6e1ef0791571df5ca51830,4cbcae18f80b9480caa2fd1adecbdae32ac9b4c362dd9878a39519d27cb08e70
9,48609,both_leaders,fixed_s_turn,both_leaders__fixed_s_turn,True,True,2,440,880,False,False,False,0.0,0.697866368256634,100.01723645049299,2.0381601262081426,True,False,False,True,304.0000000000006,0,0,0,0,0,7.017663544881869,0.9473279639475289,0.3777110531347685,1.2787562919547781,0,8a5ec2b9671ae9b014400326f1a7e1bc03cf10f11e6e1ef0791571df5ca51830,eb7483f2144700a55d4b71c5ecea10ed8c1e8a00a96ae5e19b62bc285e08804b
9,48609,both_leaders,belief_active,both_leaders__belief_active,True,True,2,440,880,True,True,True,1.0,0.6298496895647554,0.6583856688746624,1.138493394029924,True,False,False,True,64.00000000000064,0,0,0,0,0,10.24198581375478,1.6801006082819145,0.24772345738721097,0.8923551250481978,17,8a5ec2b9671ae9b014400326f1a7e1bc03cf10f11e6e1ef0791571df5ca51830,48f490727c73df908e0706a981e3fea6a412dd9cbcab7ce419d56d161f57876e
10,48610,leader1_only,fixed_s_turn,leader1_only__fixed_s_turn,True,False,1,440,440,False,False,False,0.0,2.3693273649642537,155.81120472793265,6.8317899027146325,True,False,False,False,,0,0,0,0,0,17.55066173484546,,0.24419127017893835,0.3525157909607515,0,6e3b931710f9a4c2ecb13f4567e9fef39ceed59655409ec2e8bf3337d215e797,de497951e7c2e4ae3c7294d698c9070d0354c6d2ca35eb95a774dcc447d98143
10,48610,leader1_only,belief_active,leader1_only__belief_active,True,False,1,440,440,True,True,True,1.0,0.4994256737759291,0.5468502038701942,1.518090568955278,True,False,False,True,93.99999999999893,0,0,0,0,0,15.654197367785263,0.5881510479373906,0.2961154050663377,0.4745551669038832,32,6e3b931710f9a4c2ecb13f4567e9fef39ceed59655409ec2e8bf3337d215e797,c54d9918723f4270fa1a91c550f8d9b024e9fb1e45f0590acd55ece6cfc57628
10,48610,leader2_only,fixed_s_turn,leader2_only__fixed_s_turn,False,True,1,440,440,False,False,False,0.0,8.703336762595985,155.81120472793265,2.5785649893962828,True,False,False,False,,0,0,0,0,0,30.417555724259465,,0.24419127017893835,0.3053423749515787,0,6e3b931710f9a4c2ecb13f4567e9fef39ceed59655409ec2e8bf3337d215e797,68c3568660da250bc52a63d44511731001d4e5753914cda7727500bd0442ef93
10,48610,leader2_only,belief_active,leader2_only__belief_active,False,True,1,440,440,True,True,True,1.0,0.8120473672924186,0.788421782330486,2.7052409397339767,True,False,False,True,93.99999999999893,0,0,0,0,0,30.417555724259465,0.9871586598106333,0.29080988261412694,0.44188325002323836,32,6e3b931710f9a4c2ecb13f4567e9fef39ceed59655409ec2e8bf3337d215e797,93dfda240102101583db0077f61b5a72049b462712f0615d27aa700f8211f9c4
10,48610,both_leaders,fixed_s_turn,both_leaders__fixed_s_turn,True,True,2,440,880,False,False,False,0.0,4.376037602212739,155.81120472793265,2.9884568055793905,True,False,False,False,,0,0,0,0,0,5.9382893864090915,,0.24419127017893835,1.0312346660066396,0,6e3b931710f9a4c2ecb13f4567e9fef39ceed59655409ec2e8bf3337d215e797,705db4819eca39c5bb60e7b04cda62779f9a542ef30e40b371aeba32b9f62a45
10,48610,both_leaders,belief_active,both_leaders__belief_active,True,True,2,440,880,True,True,True,1.0,0.10407186546357441,0.05937607115806254,1.471296175695823,True,False,False,True,93.99999999999893,0,0,0,0,0,5.596519918486087,0.6558849012635597,0.2553416010552861,0.7149135409854352,32,6e3b931710f9a4c2ecb13f4567e9fef39ceed59655409ec2e8bf3337d215e797,3719f5ce2fe32c873d4f087a5abfa028494bada50489755114a8ec395a1ff5d8
11,48611,leader1_only,fixed_s_turn,leader1_only__fixed_s_turn,True,False,1,440,440,False,False,False,0.0,5.053087187856469,255.07583857563608,24.847323519430546,False,False,False,False,,0,0,0,0,0,55.00365653582506,,0.21581753116634134,0.40360191697254777,0,186a32d0843bf906885779596b9f613636e2c91c9d0dfd233fa1a9e7c42ff18a,d4241dc623073d57107b7d2f50829c2fb51800a2e5bba9d344bd038306bae18f
11,48611,leader1_only,belief_active,leader1_only__belief_active,True,False,1,440,440,True,True,True,1.0,0.47292887189659066,0.3741586327434099,2.066743765550698,True,False,False,True,93.99999999999893,0,0,0,0,0,50.983465719357795,0.8741636214127786,0.2286397315531881,0.2900541659910232,32,186a32d0843bf906885779596b9f613636e2c91c9d0dfd233fa1a9e7c42ff18a,7cdff4bf30de0f6c51490c3eac0abe5db3e573bb6130bfae116f1648979fae65
11,48611,leader2_only,fixed_s_turn,leader2_only__fixed_s_turn,False,True,1,440,440,True,False,True,0.54,1.1609704417001274,0.9980631553597612,34.581595247397736,False,False,False,True,243.99999999999042,0,0,0,0,0,126.52582263400085,1.8190049995249504,0.17108452678681543,0.42065141699276865,0,186a32d0843bf906885779596b9f613636e2c91c9d0dfd233fa1a9e7c42ff18a,4da86290f4355ab87c129ff6a11bac9e853c887b5557b25c6522ebe8ec478edf
11,48611,leader2_only,belief_active,leader2_only__belief_active,False,True,1,440,440,True,True,True,1.0,0.7728586188960761,0.789560586708875,1.1675938590896024,True,False,False,True,93.99999999999893,0,0,0,0,0,126.50301234318745,0.9583711500487788,0.24292212400540172,0.3110787080368027,32,186a32d0843bf906885779596b9f613636e2c91c9d0dfd233fa1a9e7c42ff18a,59e20eaca9a219de412e51010fa70b019e046f2e3098db0fa70b940799a27250
11,48611,both_leaders,fixed_s_turn,both_leaders__fixed_s_turn,True,True,2,440,880,True,False,True,0.54,0.5649209941946346,0.3446381317386464,11.47716430506625,False,False,False,True,243.99999999999042,0,0,0,0,0,49.944387459865844,1.2480491933054279,0.1710146663353073,0.8302172919502482,0,186a32d0843bf906885779596b9f613636e2c91c9d0dfd233fa1a9e7c42ff18a,49a7c5800bf6b588e972e62c48c4fd99760405c661f85a2dd5b6213a46391f19
11,48611,both_leaders,belief_active,both_leaders__belief_active,True,True,2,440,880,True,True,True,1.0,0.3964340608875515,0.3975583617875367,0.5973230892188903,True,False,False,True,93.99999999999893,0,0,0,0,0,21.056334407320755,0.6724950397455949,0.23928508891907696,1.0463641250971705,32,186a32d0843bf906885779596b9f613636e2c91c9d0dfd233fa1a9e7c42ff18a,5a92fd230b3b446c7935eea9040f80f31ae83484769215247117a1a7f0501dff
12,48612,leader1_only,fixed_s_turn,leader1_only__fixed_s_turn,True,False,1,440,440,True,True,True,1.0,0.7093393278959119,0.6911327868150261,9.729543867730586,False,False,False,True,183.99999999999383,0,0,0,0,0,55.58507463056337,1.9880511145810613,0.15546666728366484,0.7330656660487875,0,cdba3deff3d6390b4eb2188eadcd265a0fff96dd80dc6b153514a3060302f995,340321e78bd43eb4f65b391bea0870116cae754c734718772c552b7e367ebd0c
12,48612,leader1_only,belief_active,leader1_only__belief_active,True,False,1,440,440,True,True,True,1.0,0.42667724290717246,0.5379820815210873,1.3151020073177433,True,False,False,True,93.99999999999893,0,0,0,0,0,86.78747008783328,0.7317348599199585,0.2475303842170366,0.5044020420173183,32,cdba3deff3d6390b4eb2188eadcd265a0fff96dd80dc6b153514a3060302f995,739b9722ba5bfbe467109ce0e331d81ef327c1385691e1f1cbb3d0d8f80eabaf
12,48612,leader2_only,fixed_s_turn,leader2_only__fixed_s_turn,False,True,1,440,440,True,False,False,0.26,0.5279686673566939,1.939574701334708,7.446280329947618,False,False,False,True,304.0000000000006,0,0,0,0,0,21.098170829695427,1.0170341583027367,0.20030401106265683,0.4124056249856949,0,cdba3deff3d6390b4eb2188eadcd265a0fff96dd80dc6b153514a3060302f995,1e08765f3a8dbc679a226a477af1f41ee9895757ce3bf070f11990869589f12a
12,48612,leader2_only,belief_active,leader2_only__belief_active,False,True,1,440,440,True,True,True,1.0,0.6499733890960983,0.6218724734831433,1.1266014836142166,True,False,False,True,93.99999999999893,0,0,0,0,0,20.394668857369066,1.0322106013650905,0.2674382177487318,0.3146786669967696,32,cdba3deff3d6390b4eb2188eadcd265a0fff96dd80dc6b153514a3060302f995,5ad2cc3c8221034f7992300b19897d30d90f206d0101e55d63ed63a8eb73087b
12,48612,both_leaders,fixed_s_turn,both_leaders__fixed_s_turn,True,True,2,440,880,True,True,True,1.0,0.4184812360168312,0.4248713685954721,1.336605253277824,True,False,False,True,93.99999999999893,0,0,0,0,0,3.5840730383716024,1.3364041465167558,0.1154149761108029,0.9404905829578638,0,cdba3deff3d6390b4eb2188eadcd265a0fff96dd80dc6b153514a3060302f995,215e59640f935bded926a6d90272f36731d0d456eee387f923f3b32864605659
12,48612,both_leaders,belief_active,both_leaders__belief_active,True,True,2,440,880,True,True,True,1.0,0.3628927197060304,0.5053631527054918,0.8951868518124736,True,False,False,True,93.99999999999893,0,0,0,0,0,3.4501251472772068,0.7538400063891438,0.23722021174181737,1.082492082961835,32,cdba3deff3d6390b4eb2188eadcd265a0fff96dd80dc6b153514a3060302f995,f331f03efb40aadcbe4b126eb17140941a67c3096ce6157a8c5b84bdb46625a5
13,48613,leader1_only,fixed_s_turn,leader1_only__fixed_s_turn,True,False,1,440,440,False,False,False,0.0,1.2301671228184077,356.1847282747632,55.903449945396574,False,False,False,False,,0,0,0,0,0,56.17924258069266,,0.21151214409100194,0.5218235830543563,0,97026901898cb9e30d5189c960fa2f443aa13b72d41478e14b38e4914746ffcd,bb38d5d098f0e8acb727fb5fe6817ea58aab913a132071f7e18cc1bcfb649b43
13,48613,leader1_only,belief_active,leader1_only__belief_active,True,False,1,440,440,True,True,True,1.0,0.21977445469346824,0.298945209811696,0.8657803320763051,True,False,False,True,97.9999999999987,0,0,0,0,0,56.17924258069266,1.1211558933770103,0.26786214091030586,0.5723345000296831,34,97026901898cb9e30d5189c960fa2f443aa13b72d41478e14b38e4914746ffcd,9a0794d65f6c216c72df0be19ce8691f639e48939f7e0eec5b938563d4e1d6f3
13,48613,leader2_only,fixed_s_turn,leader2_only__fixed_s_turn,False,True,1,440,440,False,False,False,0.0,0.8165696366523025,164.24622406941052,11.946527179166521,False,False,False,True,364.00000000001427,0,0,0,0,0,56.812963471995836,1.884016095491334,0.21503151108956778,0.4191721660317853,0,97026901898cb9e30d5189c960fa2f443aa13b72d41478e14b38e4914746ffcd,b4c65449cf65290f296b25cad86584a36cefb2f7a7289ecbf477586a5052523f
13,48613,leader2_only,belief_active,leader2_only__belief_active,False,True,1,440,440,True,True,True,1.0,0.75466218678869,0.668769516468549,2.6178987543251813,True,False,False,True,185.99999999999372,0,0,0,0,0,56.75346781330564,0.7718943378631861,0.3650394454025136,0.5932772919768468,78,97026901898cb9e30d5189c960fa2f443aa13b72d41478e14b38e4914746ffcd,31da1690fd72177492890cb5f2c54245c18eba9db70c5b9973c8193edf793247
13,48613,both_leaders,fixed_s_turn,both_leaders__fixed_s_turn,True,True,2,440,880,False,False,False,0.0,0.748121953820261,38.51474709121805,2.382849961807842,True,False,False,True,304.0000000000006,0,0,0,0,0,7.280679794733926,0.9642694242722811,0.19739640145146223,0.9533290419494733,0,97026901898cb9e30d5189c960fa2f443aa13b72d41478e14b38e4914746ffcd,909316dd41a8125081588f588530339440a48e66fc112f794b4d544ba3216ef2
13,48613,both_leaders,belief_active,both_leaders__belief_active,True,True,2,440,880,True,True,True,0.84,0.7562667968861846,0.805708835127192,0.8448199565458402,True,False,False,True,183.99999999999383,0,0,0,0,0,2.7169307923544737,0.8168264974893582,0.3023648280040911,1.4037330830469728,77,97026901898cb9e30d5189c960fa2f443aa13b72d41478e14b38e4914746ffcd,5d5d4f3e744e4281d2c1edd03f8897ee2aa7beebbeee623041a5cc85ded84ab3
14,48614,leader1_only,fixed_s_turn,leader1_only__fixed_s_turn,True,False,1,440,440,False,False,False,0.0,2.8818401414759793,268.01859502075257,21.95929292951715,False,False,False,False,,0,0,0,0,0,58.267086544506945,,0.34084727714286106,0.7948275420349091,0,fb5accf6a162f3755893c80450be507c8537224949d6c5ac071e20a4111a781e,597fb63579804a8f059a18802df77087f06c7b53f4f8226d24de6520bab7cc1e
14,48614,leader1_only,belief_active,leader1_only__belief_active,True,False,1,440,440,True,True,True,1.0,1.2559020589605392,1.3057401269832374,2.482253699210452,True,False,False,True,93.99999999999893,0,0,0,0,0,58.267086544506945,1.399140560018321,0.32196837446924015,0.5966739590512589,32,fb5accf6a162f3755893c80450be507c8537224949d6c5ac071e20a4111a781e,07fd867ab046b24ee36a14bc86f20353825b0e567f2738de0e1c12983663378f
14,48614,leader2_only,fixed_s_turn,leader2_only__fixed_s_turn,False,True,1,440,440,False,False,False,0.0,1.3831362901058437,268.01859502075257,59.548724355992604,False,False,False,False,,0,0,0,0,0,59.613393016232834,,0.34084727714286106,0.6834168749628589,0,fb5accf6a162f3755893c80450be507c8537224949d6c5ac071e20a4111a781e,9ac3d56147ad9aa5742046ecf4f6464d8f90064839b7f46ce34c2804897c3ac0
14,48614,leader2_only,belief_active,leader2_only__belief_active,False,True,1,440,440,True,True,True,1.0,1.661482323495317,1.7014567780667706,1.9061182797031357,True,False,False,True,93.99999999999893,0,0,0,0,0,57.946684738411754,2.089691904030932,0.2951342385245414,0.4849037919193506,32,fb5accf6a162f3755893c80450be507c8537224949d6c5ac071e20a4111a781e,2ea183daa5793a9f09b1b305c07c20d66eef5f2945362d05108c5db2b9273376
14,48614,both_leaders,fixed_s_turn,both_leaders__fixed_s_turn,True,True,2,440,880,False,False,False,0.0,2.1710607043346686,268.01859502075257,1.6232292022443822,True,False,False,False,,0,0,0,0,0,6.374718587802941,,0.34084727714286106,0.9485325419809669,0,fb5accf6a162f3755893c80450be507c8537224949d6c5ac071e20a4111a781e,298dddbcad756cce93efbc0956f3bcd802b730da2e1cb5b3ac28a3befe43355f
14,48614,both_leaders,belief_active,both_leaders__belief_active,True,True,2,440,880,True,True,True,1.0,1.4099913718748467,1.4443850186676006,2.207623675045127,True,False,False,True,64.00000000000064,0,0,0,0,0,3.481768911029782,2.901639827005078,0.22472046844061594,0.7874062499031425,17,fb5accf6a162f3755893c80450be507c8537224949d6c5ac071e20a4111a781e,c7692ee3e3ad1cf6a7b3eadaac445968750fdde21cf600220073c740ebbae9b5
15,48615,leader1_only,fixed_s_turn,leader1_only__fixed_s_turn,True,False,1,440,440,False,False,False,0.0,0.6759751557729443,93.13341229978883,1.2874315230460192,True,False,False,True,304.0000000000006,0,0,0,0,0,5.23545598295415,0.8733657502710697,0.2200708946534628,0.6724069999763742,0,290396e00ef9fa845e267cca66d399f9c617045cb63bbc0149a2e43ddd8bdfe6,ff69185e1c64c04349a4e1cd16f54d74bd5075fba728f403070b0898d7075817
15,48615,leader1_only,belief_active,leader1_only__belief_active,True,False,1,440,440,True,True,True,1.0,0.37309712026229563,0.41522131679513363,0.3346768374170608,True,False,False,True,64.00000000000064,0,0,0,0,0,6.5410337360582185,0.6009479635540284,0.27002476769343847,0.6095997910015285,17,290396e00ef9fa845e267cca66d399f9c617045cb63bbc0149a2e43ddd8bdfe6,016b67d8d00090b05209bf1d7acdaa1d5ebd5087e1ef2a1ebdcb45f312d5bc00
15,48615,leader2_only,fixed_s_turn,leader2_only__fixed_s_turn,False,True,1,440,440,False,False,False,0.0,14.60308399767357,297.660496980845,6.100210927334145,True,False,False,False,,0,0,0,0,0,44.23638694695263,,0.25465213167422596,0.5683677080087364,0,290396e00ef9fa845e267cca66d399f9c617045cb63bbc0149a2e43ddd8bdfe6,2af68358984182e69bb20226d4f2ca57c1113beeb571dc1e86cb63c4979935eb
15,48615,leader2_only,belief_active,leader2_only__belief_active,False,True,1,440,440,True,True,True,1.0,0.24319157877063075,0.2587195645222714,2.1668516429741533,True,False,False,True,93.99999999999893,0,0,0,0,0,51.0196764323281,0.47928579229197193,0.3014935292204255,0.6580573749961331,32,290396e00ef9fa845e267cca66d399f9c617045cb63bbc0149a2e43ddd8bdfe6,bfc12d640ca069fe5f43e0696620f2bbf21f4c98f59da5cd6610ac298c5800d6
15,48615,both_leaders,fixed_s_turn,both_leaders__fixed_s_turn,True,True,2,440,880,True,False,True,0.58,0.4549358812359227,0.2482918171629153,6.778813522150894,True,False,False,True,183.99999999999383,0,0,0,0,0,10.354362881416636,1.4530928711481377,0.171989640898734,0.7684498749440536,0,290396e00ef9fa845e267cca66d399f9c617045cb63bbc0149a2e43ddd8bdfe6,854c0f105c388b0ed1b3ec45b88f0dbf24b0cd39682493a291d945a00c647a50
15,48615,both_leaders,belief_active,both_leaders__belief_active,True,True,2,440,880,True,True,True,1.0,0.7859538470286505,0.8174862200892531,0.49681955554015306,True,False,False,True,93.99999999999893,0,0,0,0,0,10.292937992480418,1.0663987889775253,0.23656762177976765,0.9492360840085894,32,290396e00ef9fa845e267cca66d399f9c617045cb63bbc0149a2e43ddd8bdfe6,68cdec40b0899e4b4da80c509f525a0d4f2f13c866c13b4123e559fb9c6b926d
16,48616,leader1_only,fixed_s_turn,leader1_only__fixed_s_turn,True,False,1,440,440,False,False,False,0.0,1.1241980608149367,201.27576083804223,83.90523380768217,False,False,False,False,,0,0,0,0,0,84.07019374151301,,0.3189092618325584,0.5743739589815959,0,269d356425565178878cc562d95163df63a1f2c9b8f91b84b64f8dbc0db76b5b,48e2ba97ff339c75e75ab4d7c06301ee6a944df00e83523e3ecfaf45104dad24
16,48616,leader1_only,belief_active,leader1_only__belief_active,True,False,1,440,440,True,True,True,1.0,0.7821779517219584,0.7718555683491936,3.420822917258506,True,False,False,True,93.99999999999893,0,0,0,0,0,72.79031039786615,2.18371637448808,0.2821675498784868,0.5711059999885038,32,269d356425565178878cc562d95163df63a1f2c9b8f91b84b64f8dbc0db76b5b,d05d97fdb1bbf1b75c675267e5bbd7c2ab5515ee1586ffd92c99c26d296eea7e
16,48616,leader2_only,fixed_s_turn,leader2_only__fixed_s_turn,False,True,1,440,440,False,False,False,0.0,8.981248840719962,201.27576083804223,58.97074414448476,False,False,False,False,,0,0,0,0,0,86.39877486975331,,0.3189092618325584,0.4449785000178963,0,269d356425565178878cc562d95163df63a1f2c9b8f91b84b64f8dbc0db76b5b,de0e5bdd33abdc4ed062dd72c4bf0cf0841a47ccf8e512bd4ae71e11ae13fd42
16,48616,leader2_only,belief_active,leader2_only__belief_active,False,True,1,440,440,True,True,True,1.0,3.148534568321326,3.115349994931818,1.1948856685536637,True,False,False,True,97.9999999999987,0,0,0,0,0,85.62218814788973,3.5501156490939545,0.3324961552890366,0.5479565829737112,34,269d356425565178878cc562d95163df63a1f2c9b8f91b84b64f8dbc0db76b5b,140532c88ef5744740f43d78bf5684d89ac6f51ae24f0e2bd09d8eae7a0f4ab2
16,48616,both_leaders,fixed_s_turn,both_leaders__fixed_s_turn,True,True,2,440,880,False,False,False,0.0,0.9838042330831334,201.27576083804223,5.450022888551718,True,False,False,False,,0,0,0,0,0,8.620914365963692,,0.3189092618325584,0.5692510000662878,0,269d356425565178878cc562d95163df63a1f2c9b8f91b84b64f8dbc0db76b5b,82d38d8e7c9d403ffd0b5a79c87e0ef4f025aacfed243f372bca85f7b14caa51
16,48616,both_leaders,belief_active,both_leaders__belief_active,True,True,2,440,880,True,True,True,1.0,0.2728513753347609,0.3019956578374873,1.7769940232297485,True,False,False,True,93.99999999999893,0,0,0,0,0,7.625030855574287,1.4927661097781995,0.20913577557579874,0.622440250008367,32,269d356425565178878cc562d95163df63a1f2c9b8f91b84b64f8dbc0db76b5b,92f0bb905ef29155e3f8561c8a108f192651db97e929d5a60a0759fa5dbd2d1e
17,48617,leader1_only,fixed_s_turn,leader1_only__fixed_s_turn,True,False,1,440,440,False,False,False,0.0,7.925390846431701,170.2786584641764,25.55347487381255,False,False,False,False,,0,0,0,0,0,55.74783908290407,,0.17997714520199654,0.5924798750784248,0,3f8d9cce18a7ed098c75c08f04df9a658cc11bce9e2319638b607b91621fe671,fdacc997055154ec3be5b7a2a96f88728c3aa533dab2ddc981974d387034e458
17,48617,leader1_only,belief_active,leader1_only__belief_active,True,False,1,440,440,True,True,True,1.0,2.1362768579508584,2.1767636894141167,1.514207411457743,True,False,False,True,123.99999999999723,0,0,0,0,0,51.58415001660774,2.1523011981341753,0.2627254292121744,0.30935949995182455,47,3f8d9cce18a7ed098c75c08f04df9a658cc11bce9e2319638b607b91621fe671,a7c74a0a9ccd0a6d74b367dbcd54a621e137e635a1d9aa5024af22caf36259c2
17,48617,leader2_only,fixed_s_turn,leader2_only__fixed_s_turn,False,True,1,440,440,False,False,False,0.0,0.9898248366038849,170.2786584641764,42.50483130095137,False,False,False,False,,0,0,0,0,0,75.74895410230621,,0.17997714520199654,0.7444339590147138,0,3f8d9cce18a7ed098c75c08f04df9a658cc11bce9e2319638b607b91621fe671,a5f5a449a5a22df92ad80f7b97602dcc6b8ef719f7d3090dd6955226ca8d4440
17,48617,leader2_only,belief_active,leader2_only__belief_active,False,True,1,440,440,True,True,True,1.0,0.977364078263816,1.1322169216047093,1.4423622740217743,True,False,False,True,93.99999999999893,0,0,0,0,0,75.74895410230621,2.0281386589120647,0.31674043113724737,0.6498326249420643,32,3f8d9cce18a7ed098c75c08f04df9a658cc11bce9e2319638b607b91621fe671,ab079f12d853b1d97fef068016cad6bf335fa3e4f239a3ba6a9481fa0949f1b7
17,48617,both_leaders,fixed_s_turn,both_leaders__fixed_s_turn,True,True,2,440,880,True,True,True,0.96,0.6604464396629998,0.7752804524968424,4.9206211833070554,True,False,False,True,243.99999999999042,0,0,0,0,0,13.276728960245409,2.845354877259504,0.1413904785763076,1.2038455830188468,0,3f8d9cce18a7ed098c75c08f04df9a658cc11bce9e2319638b607b91621fe671,5e6dd63d2c1648d4e97e86681d52341426fa8ae4edd1e1be7b3f7e3c2a25a4f9
17,48617,both_leaders,belief_active,both_leaders__belief_active,True,True,2,440,880,True,True,True,1.0,0.6230218927547568,0.7568894165460667,0.8123269529379267,True,False,False,True,93.99999999999893,0,0,0,0,0,8.355128907998802,0.8591272503353425,0.23488805855415235,1.2422136249952018,32,3f8d9cce18a7ed098c75c08f04df9a658cc11bce9e2319638b607b91621fe671,7c8ac975b2b80f2ad32cf6ecaf8f2a77671b4ca0ad83eef926f7a2784552d100
18,48618,leader1_only,fixed_s_turn,leader1_only__fixed_s_turn,True,False,1,440,440,False,False,False,0.0,5.688222091268017,399.14941047962617,44.49265717686521,False,False,False,False,,0,0,0,0,0,55.56040071047677,,0.2006423937917579,0.8252772089326754,0,c0fb8b5ff780f475ecda186ac4db49534111a363e371709777b2ad00b839044c,1213e3c1b1c233ed1b7dbb8204ab2b98a70657b36a3466538f3ef026a7471399
18,48618,leader1_only,belief_active,leader1_only__belief_active,True,False,1,440,440,True,True,True,1.0,0.9449798544009493,0.9764944269921436,9.494649357313541,False,False,False,True,123.99999999999723,0,0,0,0,0,41.50338475300205,1.3669283076697538,0.3704356011582364,0.527684708009474,47,c0fb8b5ff780f475ecda186ac4db49534111a363e371709777b2ad00b839044c,a29aff0741fe3ab0f2e2f48e64c883bf66f3ea428e7f292db98a4a579c1f8c48
18,48618,leader2_only,fixed_s_turn,leader2_only__fixed_s_turn,False,True,1,440,440,False,False,False,0.0,2.0216924850851896,399.14941047962617,8.856913366831959,False,False,False,False,,0,0,0,0,0,54.15258343005809,,0.2006423937917579,0.8887497910764068,0,c0fb8b5ff780f475ecda186ac4db49534111a363e371709777b2ad00b839044c,6e34762b4e1d803e4dd7d93276f7b8227766a8f8b8a58a3827c7b0f97298bb27
18,48618,leader2_only,belief_active,leader2_only__belief_active,False,True,1,440,440,True,True,True,1.0,0.8271405741918403,0.7255800383771334,1.4010541784574815,True,False,False,True,93.99999999999893,0,0,0,0,0,83.0620754143068,0.8916788184264909,0.27227184427767936,0.5874069589190185,32,c0fb8b5ff780f475ecda186ac4db49534111a363e371709777b2ad00b839044c,fbc21d529bb4b618de3c67ee2f3a9ca727a2b7c6c585cb67f1c0abb2dc6a93f6
18,48618,both_leaders,fixed_s_turn,both_leaders__fixed_s_turn,True,True,2,440,880,False,False,False,0.0,1.8737478240994179,215.29839581523132,6.788456445581985,True,False,False,True,364.00000000001427,0,0,0,0,0,9.571484229790519,2.1610857246450808,0.1993413402712955,1.4849003750132397,0,c0fb8b5ff780f475ecda186ac4db49534111a363e371709777b2ad00b839044c,3f3de6ae189150d8b1d2c9f6fad903efdaa0c0bd2e17d64f69630503afbb4dff
18,48618,both_leaders,belief_active,both_leaders__belief_active,True,True,2,440,880,True,True,True,1.0,0.40707260696572684,0.35410011382611817,0.8317443410493445,True,False,False,True,93.99999999999893,0,0,0,0,0,9.966150830751463,0.8072083386764612,0.20176011813150704,1.0576080000028014,32,c0fb8b5ff780f475ecda186ac4db49534111a363e371709777b2ad00b839044c,6fa086e0f7ac3c88e5d5d087d43eedbc1f608992288c70e831d87cfe70bd0b07
19,48619,leader1_only,fixed_s_turn,leader1_only__fixed_s_turn,True,False,1,440,440,False,False,False,0.0,0.35574306501741854,432.6002416157601,34.49796090609179,False,False,False,False,,0,0,0,0,0,54.94750781797905,,0.28331624873953143,0.5207839580252767,0,e1d3dc19bebf10cbbd1ffcb078b9c55e2add6268237540e7c30d16b7ee323c42,4d3f5f7dd3147d87bef21c5defa842021bc6d4284a36125b791879b02cdcff5e
19,48619,leader1_only,belief_active,leader1_only__belief_active,True,False,1,440,440,False,False,False,0.0,0.8620695753250114,173.60278054643888,10.137507292326454,False,False,False,True,243.99999999999042,0,0,0,0,0,76.64111289513734,0.8837028136275537,0.35168285825145296,0.4708557090489194,107,e1d3dc19bebf10cbbd1ffcb078b9c55e2add6268237540e7c30d16b7ee323c42,57b43725bfadd462a73d158e5fb7f5426a84f0c3f0da6ac502c4167eb889946a
19,48619,leader2_only,fixed_s_turn,leader2_only__fixed_s_turn,False,True,1,440,440,False,False,False,0.0,2.5765658104203837,432.6002416157601,28.052337459674984,False,False,False,False,,0,0,0,0,0,76.46507087347733,,0.28331624873953143,0.31396149995271116,0,e1d3dc19bebf10cbbd1ffcb078b9c55e2add6268237540e7c30d16b7ee323c42,1e7627098f5c85ec59bc6ed5e715bff15af5db7b5db2c1a23a0c661a81f897f6
19,48619,leader2_only,belief_active,leader2_only__belief_active,False,True,1,440,440,False,False,False,0.0,0.5800849418962402,44.727315219508924,9.009183931577628,False,False,False,True,243.99999999999042,0,0,0,0,0,76.46507087347733,0.600278859144015,0.5063440653335961,0.584943333058618,107,e1d3dc19bebf10cbbd1ffcb078b9c55e2add6268237540e7c30d16b7ee323c42,c864105dc557034c8ebddc67602ed8d8757547cb20687e401bb162f743e56856
19,48619,both_leaders,fixed_s_turn,both_leaders__fixed_s_turn,True,True,2,440,880,False,False,False,0.0,0.8047361884439284,305.4380367365297,6.388630229820296,True,False,False,True,364.00000000001427,0,0,0,0,0,11.557336123684543,2.988847810833461,0.27667971473489816,0.5614855419844389,0,e1d3dc19bebf10cbbd1ffcb078b9c55e2add6268237540e7c30d16b7ee323c42,9f3ee5cf21ce3b723217faca8af0427d5b266b398383ee187777348c329b0cc6
19,48619,both_leaders,belief_active,both_leaders__belief_active,True,True,2,440,880,True,True,True,1.0,0.640684329592559,0.6230274591650962,2.5527801057653923,True,False,False,True,123.99999999999723,0,0,0,0,0,7.125284725206869,0.7040553359983632,0.2576451129427919,0.828794291941449,47,e1d3dc19bebf10cbbd1ffcb078b9c55e2add6268237540e7c30d16b7ee323c42,6345f84344aa4cfeaed1374c1d8ca6aa490682848ef2944e643a3e98cf5ae632
20,48620,leader1_only,fixed_s_turn,leader1_only__fixed_s_turn,True,False,1,440,440,False,False,False,0.0,14.130402217253204,250.60990321065108,79.54127298604735,False,False,False,False,,0,0,0,0,0,102.38626273836097,,0.16019704038105792,0.4694914589636028,0,51e312b92ade6d362522a59339cc952596b14f0cee3ae4d2d8085b700a51d0e0,a57ce66aa148987739d0659e16d38d134eb3023c9025c361c4d33c6851872158
20,48620,leader1_only,belief_active,leader1_only__belief_active,True,False,1,440,440,True,True,True,1.0,2.822042813594689,2.6911839470785774,2.898972478767593,True,False,False,True,93.99999999999893,0,0,0,0,0,102.26044963253287,2.8572131644115593,0.226833284270668,0.4029017500579357,32,51e312b92ade6d362522a59339cc952596b14f0cee3ae4d2d8085b700a51d0e0,e9d41347eed668949cfc8fe827868bfddc80d5047383c866786cb686082b8f46
20,48620,leader2_only,fixed_s_turn,leader2_only__fixed_s_turn,False,True,1,440,440,False,False,False,0.0,17.70516356591253,250.60990321065108,21.59179501533425,False,False,False,False,,0,0,0,0,0,108.64754540163395,,0.16019704038105792,0.3677218749653548,0,51e312b92ade6d362522a59339cc952596b14f0cee3ae4d2d8085b700a51d0e0,9c6fe21869908420d81f623562851a9b185ec1cba074de8a895b5036f5682155
20,48620,leader2_only,belief_active,leader2_only__belief_active,False,True,1,440,440,True,True,True,1.0,0.6301969462638373,0.5941768552091589,1.678671383435833,True,False,False,True,101.99999999999848,0,0,0,0,0,108.28574637553321,0.9893526538757633,0.2610424179348723,0.39573325007222593,36,51e312b92ade6d362522a59339cc952596b14f0cee3ae4d2d8085b700a51d0e0,f7d31cb409e4df4c88bb5b352848c18cbaa2ec7d9254273d9b1202a393a5f672
20,48620,both_leaders,fixed_s_turn,both_leaders__fixed_s_turn,True,True,2,440,880,False,False,False,0.0,5.372760310628538,250.60990321065108,34.983709086611775,False,False,False,False,,0,0,0,0,0,36.02525312049168,,0.16019704038105792,0.5778406669851393,0,51e312b92ade6d362522a59339cc952596b14f0cee3ae4d2d8085b700a51d0e0,11a65ae4054ed38bb727e794fefdb45c91a2dc9214ab4a9235570ad0e4a2888d
20,48620,both_leaders,belief_active,both_leaders__belief_active,True,True,2,440,880,True,True,True,1.0,1.920790735426293,1.8254326193380506,2.246217746857317,True,False,False,True,93.99999999999893,0,0,0,0,0,28.84621655597193,2.249570893008398,0.2549651134040171,0.5541068749735132,32,51e312b92ade6d362522a59339cc952596b14f0cee3ae4d2d8085b700a51d0e0,b7be63e816cadb45787bfb6e4297ef5a85cc81537ced8184467cdd0e89ecb9d4
21,48621,leader1_only,fixed_s_turn,leader1_only__fixed_s_turn,True,False,1,440,440,True,True,True,0.96,0.3745888464496646,0.4049632899116433,1.5134858571777807,True,False,False,True,243.99999999999042,0,0,0,0,0,11.129547091678623,1.1461359188098899,0.23666010340074892,0.31306679197587073,0,5f391f581af312e9c024a97a172a4d9bfb5306de770547317eb77977a463baae,ad0d3267a0c5238e5493d6edf06a5e3459f21808ad51898dd0440c5240d022fd
21,48621,leader1_only,belief_active,leader1_only__belief_active,True,False,1,440,440,True,True,True,1.0,0.9781275363900085,1.0228032672775338,2.0184336778758203,True,False,False,True,123.99999999999723,0,0,0,0,0,13.782516259242398,1.0479357718756288,0.32960019886795794,0.3143465000903234,47,5f391f581af312e9c024a97a172a4d9bfb5306de770547317eb77977a463baae,b34dce2049ce527d2b16400e40655104f1967677b70ef4e4f5b26cef2b270922
21,48621,leader2_only,fixed_s_turn,leader2_only__fixed_s_turn,False,True,1,440,440,True,True,True,1.0,0.13803558304310398,0.13349760501595115,11.80594880929308,False,False,False,True,183.99999999999383,0,0,0,0,0,14.81420141405332,1.18474082631317,0.2095369654396621,0.29444679198786616,0,5f391f581af312e9c024a97a172a4d9bfb5306de770547317eb77977a463baae,e0228fffd435de18a945f8d19136ef99742339667bb3f2eb3cfd44850330eaa1
21,48621,leader2_only,belief_active,leader2_only__belief_active,False,True,1,440,440,True,True,True,1.0,0.8616821494721365,0.9115342472540477,2.25389885668327,True,False,False,True,93.99999999999893,0,0,0,0,0,14.359367059776817,1.0594915150188886,0.3337745400908743,0.6381550410296768,32,5f391f581af312e9c024a97a172a4d9bfb5306de770547317eb77977a463baae,344b50c85cdf7cde230c16b8b923b2db26bee7e410666578ed1249af25765481
21,48621,both_leaders,fixed_s_turn,both_leaders__fixed_s_turn,True,True,2,440,880,True,True,True,1.0,0.23085129265833404,0.2687934945893046,1.5255489595229028,True,False,False,True,64.00000000000064,0,0,0,0,0,1.5255489595229028,1.3482411337494515,0.1403627827408159,1.0926512079313397,0,5f391f581af312e9c024a97a172a4d9bfb5306de770547317eb77977a463baae,c2c5985c8d4510b676b865e7623c3e310ce2e1ef19a9a4e4396f40cf6364126c
21,48621,both_leaders,belief_active,both_leaders__belief_active,True,True,2,440,880,True,True,True,1.0,0.9654148764759986,1.0102699693131867,1.9080105042381899,True,False,False,True,64.00000000000064,0,0,0,0,0,1.9188923958165587,1.2437848440832895,0.29501614735476983,1.1027465000515804,17,5f391f581af312e9c024a97a172a4d9bfb5306de770547317eb77977a463baae,55285e3222b31bbf4b092f40592df4829fc85cae2001b6f0719b324a78c4e263
22,48622,leader1_only,fixed_s_turn,leader1_only__fixed_s_turn,True,False,1,440,440,False,False,False,0.0,1.965074126003306,319.2670449137504,28.645182599600705,False,False,False,False,,0,0,0,0,0,42.96209860987771,,0.2164774122271043,0.4589152910048142,0,da9c51a13c427721d3243fd30e54c4b18e925c2478ee12bff4e54b58113a7e61,970f66e34be3302a9c8f8df6a585e05fce71a51aa976d0ae7fe4e08dc4698071
22,48622,leader1_only,belief_active,leader1_only__belief_active,True,False,1,440,440,True,True,True,1.0,0.30410464410825216,0.536333813015403,5.769103342752263,True,False,False,True,123.99999999999723,0,0,0,0,0,42.96209860987771,0.5214686594656935,0.35333744148226864,0.2990411249920726,47,da9c51a13c427721d3243fd30e54c4b18e925c2478ee12bff4e54b58113a7e61,146db8122d6c306a5b5cda4fad96cfb42c32258c7f25bf3bd89108448a93a216
22,48622,leader2_only,fixed_s_turn,leader2_only__fixed_s_turn,False,True,1,440,440,False,False,False,0.0,1.0191366265175197,189.14629397836265,3.8672042424220847,True,False,False,True,364.00000000001427,0,0,0,0,0,27.86361469157672,2.0449678065199137,0.21552070677303692,0.47930008405819535,0,da9c51a13c427721d3243fd30e54c4b18e925c2478ee12bff4e54b58113a7e61,7967f247e127b6edae8e1566fb404dbd71406b66428a5348e05044a2fe68d699
22,48622,leader2_only,belief_active,leader2_only__belief_active,False,True,1,440,440,True,True,True,1.0,0.655048427533872,1.00516527508187,5.063137350479619,True,False,False,True,123.99999999999723,0,0,0,0,0,25.97451587530178,0.655048427533872,0.3597063402309183,0.7215946250362322,47,da9c51a13c427721d3243fd30e54c4b18e925c2478ee12bff4e54b58113a7e61,cf56bdc4cfa4e4f10cb7ab20947b53224dae843cc7628fa50e80bf690499f57b
22,48622,both_leaders,fixed_s_turn,both_leaders__fixed_s_turn,True,True,2,440,880,True,False,False,0.04,0.1118105169237117,6.714053578508394,2.615844914592709,True,False,False,True,243.99999999999042,0,0,0,0,0,3.7413438160687154,2.0752031947178833,0.18199504091327592,1.0763526660157368,0,da9c51a13c427721d3243fd30e54c4b18e925c2478ee12bff4e54b58113a7e61,32c46beacb9f90f3f8dd62d54ba34bbf98bd847b2d452099620171b4ebabb9dc
22,48622,both_leaders,belief_active,both_leaders__belief_active,True,True,2,440,880,True,True,True,1.0,0.22827613443861575,0.5269452689422137,0.8092861843697196,True,False,False,True,123.99999999999723,0,0,0,0,0,7.7559465213511976,0.47441025256268987,0.25388614616957755,0.8808411250356585,47,da9c51a13c427721d3243fd30e54c4b18e925c2478ee12bff4e54b58113a7e61,b82f6a2b2bea316d55acc5a8aae0b0e6e35fc7e9645f84ee06d0edce08f4525e
23,48623,leader1_only,fixed_s_turn,leader1_only__fixed_s_turn,True,False,1,440,440,False,False,False,0.0,1.511419090809726,379.43967229395525,50.25442747310354,False,False,False,False,,0,0,0,0,0,83.05686911104625,,0.22650553763268685,0.31474862492177635,0,5bf41b70b0d319c7c3e7e1b51d1d1e88c60ab9f355d98d393773518b889b168f,faa003ba385337fdd7489a2ab108721b58212354e3b7e18508d1fa9b0c354179
23,48623,leader1_only,belief_active,leader1_only__belief_active,True,False,1,440,440,True,True,True,1.0,0.31857117886029185,0.25527011375036285,7.537091350762404,False,False,False,True,123.99999999999723,0,0,0,0,0,94.43425001960664,0.4032230687575539,0.33263323879919016,0.3535305829718709,47,5bf41b70b0d319c7c3e7e1b51d1d1e88c60ab9f355d98d393773518b889b168f,55ee1634db2737cf40bd322efc28f897e54d0a506f24b8ed12c50aac530b4a0d
23,48623,leader2_only,fixed_s_turn,leader2_only__fixed_s_turn,False,True,1,440,440,False,False,False,0.0,14.944390113002273,379.43967229395525,64.1684814452332,False,False,False,False,,0,0,0,0,0,77.54453066108867,,0.22650553763268685,0.2929792079376057,0,5bf41b70b0d319c7c3e7e1b51d1d1e88c60ab9f355d98d393773518b889b168f,552c71094db870f166e5f43739612ac38255facb94d47f2a3abc123cd9ad422d
23,48623,leader2_only,belief_active,leader2_only__belief_active,False,True,1,440,440,True,True,True,1.0,0.40405081538976606,0.4157375651736797,1.9852163458519976,True,False,False,True,183.99999999999383,0,0,0,0,0,84.75396021702315,0.47146668812323367,0.3688836569673827,0.40497658296953887,77,5bf41b70b0d319c7c3e7e1b51d1d1e88c60ab9f355d98d393773518b889b168f,47262d09d81d15c430078aac0758b65a2b366aedf5d9b85f2a8641f6e9cf9c91
23,48623,both_leaders,fixed_s_turn,both_leaders__fixed_s_turn,True,True,2,440,880,False,False,False,0.0,0.7998826967543201,231.51079139547383,3.540543188809743,True,False,False,True,364.00000000001427,0,0,0,0,0,7.707169012786369,1.043472721693744,0.223800670093952,0.5668182920198888,0,5bf41b70b0d319c7c3e7e1b51d1d1e88c60ab9f355d98d393773518b889b168f,a8adc0a7601a1fe712af67e787e6e6e65562912a35d231c9590d03e054be2484
23,48623,both_leaders,belief_active,both_leaders__belief_active,True,True,2,440,880,True,True,True,1.0,0.27229719907390343,0.32977638482032834,1.9463845667608666,True,False,False,True,123.99999999999723,0,0,0,0,0,8.251950332467198,0.328496389318293,0.33599383762811946,0.6945024160668254,47,5bf41b70b0d319c7c3e7e1b51d1d1e88c60ab9f355d98d393773518b889b168f,638339937dd5a1868dfcf4fa85c4fe87a805b573bdca1f1fa02d72badf3c2b4e
24,48624,leader1_only,fixed_s_turn,leader1_only__fixed_s_turn,True,False,1,440,440,False,False,False,0.0,5.598263498669877,311.06675047786274,30.334782641460045,False,False,False,False,,0,0,0,0,0,80.81174573560895,,0.17744314054123972,0.6602560420287773,0,621ef1dddc472219303e5fe6ce77ed5ef16adb72879cff8fc9dd32e73526fc0e,393d6bfa957bb3689bc0b9a1a9530f9c6180f0f7a365a3a03b7a8c7ed6c66f1b
24,48624,leader1_only,belief_active,leader1_only__belief_active,True,False,1,440,440,True,True,True,0.96,1.4162754736384326,1.2762980782588251,5.579271815630959,True,False,False,True,123.99999999999723,0,0,0,0,0,80.75809111782745,2.0090467069386158,0.2732057783257706,0.4895400410750881,47,621ef1dddc472219303e5fe6ce77ed5ef16adb72879cff8fc9dd32e73526fc0e,a1267da41f99437a54a89d14d25501703d59778f112752d2e52977da7912b1d5
24,48624,leader2_only,fixed_s_turn,leader2_only__fixed_s_turn,False,True,1,440,440,True,False,False,0.26,0.7916851515103832,2.259788199722324,12.393906725013919,False,False,False,True,243.99999999999042,0,0,0,0,0,40.3578552957874,3.967812203476212,0.1387597144189782,0.29867966705933213,0,621ef1dddc472219303e5fe6ce77ed5ef16adb72879cff8fc9dd32e73526fc0e,034711938c1dba48dc6f6010164280e584c792834a88341686e5d6d259be5636
24,48624,leader2_only,belief_active,leader2_only__belief_active,False,True,1,440,440,True,True,True,1.0,1.1840930764408288,1.2181630822906533,7.670886360562158,False,False,False,True,123.99999999999723,0,0,0,0,2,42.366688477414804,1.2376932985069016,0.35048410086469367,0.5834802079480141,47,621ef1dddc472219303e5fe6ce77ed5ef16adb72879cff8fc9dd32e73526fc0e,f0fe2abf1a383c18d6498bcaff008db2b7a3c46bc0e8fad162f3ae1a617b0c26
24,48624,both_leaders,fixed_s_turn,both_leaders__fixed_s_turn,True,True,2,440,880,True,True,True,0.86,1.143862893053048,1.2824068707295038,5.702409258473831,True,False,False,True,183.99999999999383,0,0,0,0,0,11.64459720144706,2.8721315558256646,0.12369801055358827,0.6739287500968203,0,621ef1dddc472219303e5fe6ce77ed5ef16adb72879cff8fc9dd32e73526fc0e,a2419c685879aa107f93af170608829f9ba1dff403ca9e880eb8420b7922cd12
24,48624,both_leaders,belief_active,both_leaders__belief_active,True,True,2,440,880,True,True,True,1.0,0.5325399132590097,0.5270299886729172,2.5452461338754744,True,False,False,True,93.99999999999893,0,0,0,0,0,15.341283541940637,0.5774547083446396,0.23930976814375235,0.654567625024356,32,621ef1dddc472219303e5fe6ce77ed5ef16adb72879cff8fc9dd32e73526fc0e,f5659dbe845e4f102b50a15fd1a9ba29fdc42f9e0de7aa1375bec14e08bef663
25,48625,leader1_only,fixed_s_turn,leader1_only__fixed_s_turn,True,False,1,440,440,False,False,False,0.0,0.5372287077778604,151.5772828067089,4.408062793668048,True,False,False,False,,0,0,0,0,0,74.95113382152111,,0.49483698129169007,0.6148367499699816,0,b96a2b3afc9a8f655fb67d16273f450b0473b461c68e400d22140e289f2486ef,47fc854a3295871cf1186f4dc7ed7a2dd59618f63df08087cdf24851d4884e08
25,48625,leader1_only,belief_active,leader1_only__belief_active,True,False,1,440,440,True,False,True,0.7,0.34854341278263334,0.3113747264256863,4.322243405753211,True,False,False,True,243.99999999999042,0,0,0,0,0,59.368314870064225,0.40964025877796933,0.5146271115359642,0.30100354191381484,107,b96a2b3afc9a8f655fb67d16273f450b0473b461c68e400d22140e289f2486ef,1074610c04391ff2b8510484edea093fd9adb04c1b9407b44ba867f44ada7665
25,48625,leader2_only,fixed_s_turn,leader2_only__fixed_s_turn,False,True,1,440,440,False,False,False,0.0,31.216674987415104,151.5772828067089,24.416031493451538,False,False,False,False,,0,0,0,0,0,74.15068672747728,,0.49483698129169007,0.33160933305043727,0,b96a2b3afc9a8f655fb67d16273f450b0473b461c68e400d22140e289f2486ef,4c7fd5e992517f7794314a82c1939e816c9ab3dd406efc7821c21343dd455ec1
25,48625,leader2_only,belief_active,leader2_only__belief_active,False,True,1,440,440,True,False,True,0.4,1.98060144925571,1.13901338282185,4.60196739039457,True,False,False,True,123.99999999999723,0,0,0,0,0,79.41228714283945,1.98060144925571,0.2887925957278626,0.35394495795480907,47,b96a2b3afc9a8f655fb67d16273f450b0473b461c68e400d22140e289f2486ef,42b36a68fcbc511d80272811556b847806ae7cc21dafb1bd6dbe6f7644be64c6
25,48625,both_leaders,fixed_s_turn,both_leaders__fixed_s_turn,True,True,2,440,880,False,False,False,0.0,0.38924641639399243,65.70729366415668,4.911895221361699,True,False,False,True,364.00000000001427,0,0,0,0,0,5.856160148384299,1.4176737888946063,0.44531514160530733,0.6041517079574987,0,b96a2b3afc9a8f655fb67d16273f450b0473b461c68e400d22140e289f2486ef,c6027aebf7a3d222ce5420292e2c5f5312c2a357172d01eefae8019799876e36
25,48625,both_leaders,belief_active,both_leaders__belief_active,True,True,2,440,880,True,True,True,1.0,0.4520324431052164,0.3353580602046517,2.099091451179085,True,False,False,True,93.99999999999893,0,0,0,0,0,6.68558674512289,0.724214760195829,0.335353090849058,0.5546921660425141,32,b96a2b3afc9a8f655fb67d16273f450b0473b461c68e400d22140e289f2486ef,e9766439b274bd2bfcd2ad20c316393ded2f28b3d5c193bf308544dc46bc5870
26,48626,leader1_only,fixed_s_turn,leader1_only__fixed_s_turn,True,False,1,440,440,False,False,False,0.0,53.211624185358374,299.05239515643575,54.39755464725528,False,False,False,False,,0,0,0,0,0,60.59111013882555,,0.2597142174293743,0.4106535839382559,0,06bdbea2b55108dc248301a1d8e33e45b0020d123be8b2e085e39f8f4b0d714d,d58ca7631bdaa09d22ddb152820f1acffd05ee626591fa285ea844c08f0bbc8a
26,48626,leader1_only,belief_active,leader1_only__belief_active,True,False,1,440,440,True,True,True,1.0,0.5042003432125164,0.576317309833258,12.433195542281334,False,False,False,True,123.99999999999723,0,0,0,0,0,54.30183512860287,0.545069497441601,0.3201552596642524,0.334616250009276,47,06bdbea2b55108dc248301a1d8e33e45b0020d123be8b2e085e39f8f4b0d714d,3fc58b0e123514e11015c7df4361e0fd3c94c3951db325307a0b7772d3312dcc
26,48626,leader2_only,fixed_s_turn,leader2_only__fixed_s_turn,False,True,1,440,440,False,False,False,0.0,0.6014230804307155,61.532579790471786,13.34568095458195,False,False,False,True,304.0000000000006,0,0,0,0,0,72.41639385172722,1.0220690931379985,0.2247118250901024,0.4226119170198217,0,06bdbea2b55108dc248301a1d8e33e45b0020d123be8b2e085e39f8f4b0d714d,b981757ef02525dd0fb3b1e46a8cb17be826473d51785f3a1283419bbd7f9193
26,48626,leader2_only,belief_active,leader2_only__belief_active,False,True,1,440,440,True,True,True,1.0,0.38676152535806807,0.3983941982597131,0.7546910624249772,True,False,False,True,123.99999999999723,0,0,0,0,0,71.80783946476991,0.38676152535806807,0.35996526650593935,0.3548615829786286,47,06bdbea2b55108dc248301a1d8e33e45b0020d123be8b2e085e39f8f4b0d714d,bc894826bae1076c1dd3ebef061dd9495eb821877886dd7c69757ea59cc0b0d2
26,48626,both_leaders,fixed_s_turn,both_leaders__fixed_s_turn,True,True,2,440,880,True,True,True,0.84,1.1381027222636544,1.1757084939408131,1.720384078427501,True,False,False,True,183.99999999999383,0,0,0,0,0,5.1737218063056565,1.98076999299014,0.17377399923356207,0.7622320409864187,0,06bdbea2b55108dc248301a1d8e33e45b0020d123be8b2e085e39f8f4b0d714d,1077cdb9d545192416c43183d9583e4b6bbcb505b84e176f8b51914af65ba670
26,48626,both_leaders,belief_active,both_leaders__belief_active,True,True,2,440,880,True,True,True,1.0,0.274886654097829,0.2337298482199351,0.5100762777620993,True,False,False,True,64.00000000000064,0,0,0,0,0,7.995061664440049,0.3946082657234689,0.22839282248298592,1.1295824169646949,17,06bdbea2b55108dc248301a1d8e33e45b0020d123be8b2e085e39f8f4b0d714d,9288314c0c651430446f0cc2db69efaf99b6b4f460ad70c201969502357d7097
27,48627,leader1_only,fixed_s_turn,leader1_only__fixed_s_turn,True,False,1,440,440,False,False,False,0.0,1.8018381031477824,115.84246532048749,5.005685034180014,True,False,False,False,,0,0,0,0,0,23.413121392982347,,0.1855406559192206,0.5338620829861611,0,80416ba708374dc6e41f086d26a7c7c7f593a6e15b6296758b9cb1d552e2f12d,4ba7650f4145d278ae3b51f8d712439db7ae42a0a38eb0b67183db6b754d9c84
27,48627,leader1_only,belief_active,leader1_only__belief_active,True,False,1,440,440,True,True,True,1.0,2.2296282335682296,2.148378620613726,3.242050283972068,True,False,False,True,123.99999999999723,0,0,0,0,0,31.28446596780173,3.0643735836832438,0.25554302946632673,0.5546899170149118,47,80416ba708374dc6e41f086d26a7c7c7f593a6e15b6296758b9cb1d552e2f12d,23066e659c4057e98ee9b40ca78ebcc583d8a2118509ea5e3cd3b2483d2d071f
27,48627,leader2_only,fixed_s_turn,leader2_only__fixed_s_turn,False,True,1,440,440,True,True,True,1.0,0.6242205928632552,0.7788638608270722,16.049926821174154,False,False,False,True,183.99999999999383,0,0,0,0,0,66.09277279728998,1.3063716777734942,0.14164685644800426,0.6287701250985265,0,80416ba708374dc6e41f086d26a7c7c7f593a6e15b6296758b9cb1d552e2f12d,2195a05fa5776af703313e069af64bd3e3429fc9d0e99ae63769e3fd05d4bb77
27,48627,leader2_only,belief_active,leader2_only__belief_active,False,True,1,440,440,True,True,True,1.0,1.0354225277101343,0.8421628357620009,0.948854879863134,True,False,False,True,93.99999999999893,0,0,0,0,0,66.09277279728998,1.0354225277101343,0.26640787891573553,0.6282511668978259,32,80416ba708374dc6e41f086d26a7c7c7f593a6e15b6296758b9cb1d552e2f12d,fe565f7385375919c7deffab6864e2b859abaedaa96168e0b73b2bbb3ffacdc6
27,48627,both_leaders,fixed_s_turn,both_leaders__fixed_s_turn,True,True,2,440,880,True,True,True,1.0,0.7903869328559755,0.9541777077014933,0.6727423153719555,True,False,False,True,183.99999999999383,0,0,0,0,0,3.029567824672853,1.8738571523504028,0.14161810602366054,0.8562790410360321,0,80416ba708374dc6e41f086d26a7c7c7f593a6e15b6296758b9cb1d552e2f12d,9f8dd936ba899facb4e06121de6a1a2faab5552ce746b14dab34216703df5982
27,48627,both_leaders,belief_active,both_leaders__belief_active,True,True,2,440,880,True,True,True,1.0,0.9700098192400898,0.9443128635938662,2.00687728785925,True,False,False,True,64.00000000000064,0,0,0,0,0,3.0684270518435333,1.3718588004085146,0.15272645068675142,0.6765033330302685,17,80416ba708374dc6e41f086d26a7c7c7f593a6e15b6296758b9cb1d552e2f12d,fa9a06e8ed30ff28c2334b77816d370e70e8878ef1cc728b0ac36ba47169d6fd
28,48628,leader1_only,fixed_s_turn,leader1_only__fixed_s_turn,True,False,1,440,440,True,True,True,1.0,1.6404203868893386,1.6407799842145887,2.6878492900997353,True,False,False,True,183.99999999999383,0,0,0,0,0,52.31451937276869,2.513944846613021,0.1588693279589643,0.39558437501545995,0,10b6dae5f0cf8081de273dcd1d83331180f13a6ce9f89adb5f32cb7398d09b62,48d616dd1a0c39bdd2355241524e0e13b76d5f74f2c001f9921a8ea278fbe802
28,48628,leader1_only,belief_active,leader1_only__belief_active,True,False,1,440,440,True,True,True,1.0,0.8443956016619815,0.8330584812812757,0.7558234533502947,True,False,False,True,93.99999999999893,0,0,0,0,0,52.31451937276869,1.267389491506683,0.32954395324289854,0.5713475419906899,32,10b6dae5f0cf8081de273dcd1d83331180f13a6ce9f89adb5f32cb7398d09b62,bc060f100044b4887fe0569448a49b9726d58e15524511f92e702eeebd5a4194
28,48628,leader2_only,fixed_s_turn,leader2_only__fixed_s_turn,False,True,1,440,440,False,False,False,0.0,9.976965793014111,286.1053839014505,30.893504015769395,False,False,False,False,,0,0,0,0,0,132.07669426333203,,0.2553796899858084,0.5834097920451313,0,10b6dae5f0cf8081de273dcd1d83331180f13a6ce9f89adb5f32cb7398d09b62,16c5a681bce86b5904afa79d6370cbdf7c479eb4d5b4aff0d4e9001c976a5fbf
28,48628,leader2_only,belief_active,leader2_only__belief_active,False,True,1,440,440,True,True,True,1.0,0.1107215207555639,0.09018439744794898,5.921502021583231,True,False,False,True,123.99999999999723,0,0,0,0,0,125.77168083455322,0.7308696631949173,0.31668971061078893,0.4701403339859098,47,10b6dae5f0cf8081de273dcd1d83331180f13a6ce9f89adb5f32cb7398d09b62,4454f13dcf71b43adf3a3f01878615a7040b62dd3d8ab7e02eba51c6cb3c675e
28,48628,both_leaders,fixed_s_turn,both_leaders__fixed_s_turn,True,True,2,440,880,True,True,True,1.0,1.2233583758168447,1.1917124911996317,3.3515556944256577,True,False,False,True,183.99999999999383,0,0,0,0,0,16.69172986585714,2.5089757556692454,0.15891796704704278,0.7938989580143243,0,10b6dae5f0cf8081de273dcd1d83331180f13a6ce9f89adb5f32cb7398d09b62,ec17b1541608840827250632b6571b91fbbb61a0941cb13f12df7df58588e1a5
28,48628,both_leaders,belief_active,both_leaders__belief_active,True,True,2,440,880,True,True,True,1.0,0.23867736532107323,0.2495831311886493,1.0119981405109009,True,False,False,True,93.99999999999893,0,0,0,0,0,26.294032910113543,0.3160288826838472,0.2658546504257668,0.8612775000510737,32,10b6dae5f0cf8081de273dcd1d83331180f13a6ce9f89adb5f32cb7398d09b62,0f3e8e7f7341d0f9bfc73ecb2cbbff48eae1340e12919f82d23186ea4fe3f1fe
29,48629,leader1_only,fixed_s_turn,leader1_only__fixed_s_turn,True,False,1,440,440,False,False,False,0.0,4.284447277479296,347.6304330244423,37.80206917744251,False,False,False,False,,0,0,0,0,0,102.2567185554285,,0.18545735472753958,0.4069799999706447,0,3f73397e6bc977abb056f24420149e9e7a5ae6248fd3af9e8868844e4042d2ca,b769e35a6f466778212f940ab99de45377aefb963b725e9a9d12f36a6b699f90
29,48629,leader1_only,belief_active,leader1_only__belief_active,True,False,1,440,440,True,True,True,1.0,1.0899156698560972,1.1382131563664954,2.977306360345095,True,False,False,True,123.99999999999723,0,0,0,0,0,102.2567185554285,1.2054327172087547,0.271453404546165,0.3261307909851894,47,3f73397e6bc977abb056f24420149e9e7a5ae6248fd3af9e8868844e4042d2ca,38a6a120df3d8e6910a20710f5e04b70a34606a7def2e8f5e27060551c5afd49
29,48629,leader2_only,fixed_s_turn,leader2_only__fixed_s_turn,False,True,1,440,440,False,False,False,0.0,4.588168796754519,347.6304330244423,95.96106398255911,False,False,False,False,,0,0,0,0,0,96.97490231330558,,0.18545735472753958,0.5878269580425695,0,3f73397e6bc977abb056f24420149e9e7a5ae6248fd3af9e8868844e4042d2ca,a6d719426fdc40ed9416be710b41a7d1f4b0f3c3d3a9b4676d000d2356ad773f
29,48629,leader2_only,belief_active,leader2_only__belief_active,False,True,1,440,440,True,True,True,1.0,1.3427702831973645,1.376619547036559,1.8343198202377378,True,False,False,True,93.99999999999893,0,0,0,0,0,96.756809815765,2.060297379953161,0.28213828908841504,0.6666297500487417,32,3f73397e6bc977abb056f24420149e9e7a5ae6248fd3af9e8868844e4042d2ca,ba5ca6fd42c6470ac3d32b3be04aba1ead1d2e1b143da783ef106e926d1776eb
29,48629,both_leaders,fixed_s_turn,both_leaders__fixed_s_turn,True,True,2,440,880,False,False,False,0.0,1.8755453203996675,176.46669223547502,14.287433966203494,False,False,False,True,364.00000000001427,0,0,0,0,0,23.9331569995756,4.002248828567027,0.18266818866280646,0.9828276250045747,0,3f73397e6bc977abb056f24420149e9e7a5ae6248fd3af9e8868844e4042d2ca,4822355c560410a87ee54dc710421b8c441582a921cd11c14cc68c60b22e4e1d
29,48629,both_leaders,belief_active,both_leaders__belief_active,True,True,2,440,880,True,True,True,1.0,0.5524900870374199,0.6396350863462679,0.7269878752733878,True,False,False,True,93.99999999999893,0,0,0,0,0,21.80996404564395,0.6708483585541927,0.27265873923708556,1.0943417919334024,32,3f73397e6bc977abb056f24420149e9e7a5ae6248fd3af9e8868844e4042d2ca,7802359ade03b76dc7af0b7ec483cb0519bc520f525de5bbd39f5dae6dd4171e
30,48630,leader1_only,fixed_s_turn,leader1_only__fixed_s_turn,True,False,1,440,440,False,False,False,0.0,2.301560958949834,434.60171697321675,4.741169449528029,True,False,False,False,,0,0,0,0,0,30.589550870447724,,0.32934695978926964,0.6618793749948964,0,72d8f6448210f1c177e32977a6f6a902d4633639a4e10bd56121f0cac7abd87a,088060b6ab6ceb64cb85bb6a1d314ca7bad4e727973bc9ea8b87ad99405af90e
30,48630,leader1_only,belief_active,leader1_only__belief_active,True,False,1,440,440,True,True,True,1.0,1.4340699803894623,1.4282106790578453,0.8034873991043021,True,False,False,True,93.99999999999893,0,0,0,0,0,30.589550870447724,2.112575300180492,0.3110144386717665,0.3363220830215141,32,72d8f6448210f1c177e32977a6f6a902d4633639a4e10bd56121f0cac7abd87a,93d0b15a62880aeefb3b61eb88ea4ad7d8df782e22b4666f925719328fa533d4
30,48630,leader2_only,fixed_s_turn,leader2_only__fixed_s_turn,False,True,1,440,440,False,False,False,0.0,5.244043924938925,434.60171697321675,4.61964624769619,True,False,False,False,,0,0,0,0,0,89.60427066477973,,0.32934695978926964,0.3673780000535771,0,72d8f6448210f1c177e32977a6f6a902d4633639a4e10bd56121f0cac7abd87a,ddda624590492af815e972d539f82207dea5f791e8f9d11feab9b6e260c56ce0
30,48630,leader2_only,belief_active,leader2_only__belief_active,False,True,1,440,440,True,True,True,1.0,0.3248353819081103,0.37861814696583945,2.5607718531834487,True,False,False,True,93.99999999999893,0,0,0,0,0,108.3290949201008,2.6545839173032464,0.32434676758352654,0.36979420797433704,32,72d8f6448210f1c177e32977a6f6a902d4633639a4e10bd56121f0cac7abd87a,099f2a00cc5f0e5f910ce75129c70085fadef867e94347b65cde3ea236807649
30,48630,both_leaders,fixed_s_turn,both_leaders__fixed_s_turn,True,True,2,440,880,False,False,False,0.0,0.8527081473143533,250.10395195003815,4.617707459968894,True,False,False,True,364.00000000001427,0,0,0,0,0,4.72207379480413,3.731108319454686,0.3026940886698846,0.6674870830029249,0,72d8f6448210f1c177e32977a6f6a902d4633639a4e10bd56121f0cac7abd87a,4dab9a8312331c60429354685fa82f0a56e26bbd9b3ca75af1a846d008512ba5
30,48630,both_leaders,belief_active,both_leaders__belief_active,True,True,2,440,880,True,True,True,1.0,0.9525928673819732,0.9784615124067457,1.1459660299104832,True,False,False,True,93.99999999999893,0,0,0,0,0,5.706076172292039,1.3134875308308214,0.2639179132656201,0.6431652499595657,32,72d8f6448210f1c177e32977a6f6a902d4633639a4e10bd56121f0cac7abd87a,81ddcf77d180d48876d20525cc88ea02ba02114de78001e1db73652ea5d1ab7d
31,48631,leader1_only,fixed_s_turn,leader1_only__fixed_s_turn,True,False,1,440,440,False,False,False,0.0,5.356544086869766,301.3665275223049,17.359830258092792,False,False,False,False,,0,0,0,0,0,23.583644262131727,,0.2532855260174544,0.8346254589268938,0,ec1909f403fba090c39b113be466ab5c27ad56fd2ef4a6ef49b7a33752151093,5c4e4ecf13792806f0c37f78ca6c71a49c2af56fcda50558e0e3c519a4f67dd1
31,48631,leader1_only,belief_active,leader1_only__belief_active,True,False,1,440,440,True,False,True,0.48,0.14039431313525674,0.26422669475237626,5.2665896856320495,True,False,False,True,185.99999999999372,0,0,0,0,0,84.42603613972233,1.6780080994119957,0.3349093874474109,0.6513559579616413,78,ec1909f403fba090c39b113be466ab5c27ad56fd2ef4a6ef49b7a33752151093,0c493708785eb2ac4be10a76485ad79f8990ce7031027da336bcc6c9de6e68e2
31,48631,leader2_only,fixed_s_turn,leader2_only__fixed_s_turn,False,True,1,440,440,False,False,False,0.0,12.332514187268917,301.3665275223049,22.560703610944945,False,False,False,False,,0,0,0,0,0,38.206411167880134,,0.2532855260174544,0.6195247079012915,0,ec1909f403fba090c39b113be466ab5c27ad56fd2ef4a6ef49b7a33752151093,78d179c71e2ad9bc525ca350f9e2652af1ff1eb4f7850212390d0a49a52893b4
31,48631,leader2_only,belief_active,leader2_only__belief_active,False,True,1,440,440,True,True,True,1.0,0.9022206267486256,0.9546981158759267,4.477502955842889,True,False,False,True,93.99999999999893,0,0,0,0,0,35.921209430547016,1.9139178884159365,0.23830470473394255,0.2842919999966398,32,ec1909f403fba090c39b113be466ab5c27ad56fd2ef4a6ef49b7a33752151093,dd39225f8589ff46ca845faa27ee88a86c4b72b5256054ec0849bca229f2f223
31,48631,both_leaders,fixed_s_turn,both_leaders__fixed_s_turn,True,True,2,440,880,False,False,False,0.0,4.604503217393126,301.3665275223049,17.159336106708274,False,False,False,False,,0,0,0,0,0,17.383525995408966,,0.2532855260174544,1.3268819169607013,0,ec1909f403fba090c39b113be466ab5c27ad56fd2ef4a6ef49b7a33752151093,e7740e75c2af7e3c5736b7b2255d2fc45dd6659b25722882c45e3ed8481f50eb
31,48631,both_leaders,belief_active,both_leaders__belief_active,True,True,2,440,880,True,True,True,1.0,1.174260882921013,1.1832356553122774,2.564917971226452,True,False,False,True,93.99999999999893,0,0,0,0,0,17.42561922140273,1.2220293910585764,0.23303319049916382,0.5831706250319257,32,ec1909f403fba090c39b113be466ab5c27ad56fd2ef4a6ef49b7a33752151093,10ced122452e27482bae5805b7b5009554155bdc2bb60b3461df1db41b9dad34
32,48632,leader1_only,fixed_s_turn,leader1_only__fixed_s_turn,True,False,1,440,440,False,False,False,0.0,0.6522795443366999,108.28503057892043,13.026767950018396,False,False,False,False,,0,0,0,0,0,27.30643832719865,,0.23272825046403078,0.4522477090358734,0,0161c54040e23a4c0697342fb5ad1dedb0fa1afd7bbb2c4afa49d4638f2544b3,38cbb14d96002187190e0516f9dd79353ef60dcaf4fa1f6ae39e334202243aa4
32,48632,leader1_only,belief_active,leader1_only__belief_active,True,False,1,440,440,True,True,True,1.0,0.37191238290961387,0.5454538022679518,1.6902624701700024,True,False,False,True,105.99999999999825,0,0,0,0,0,26.64855460165501,0.7017752442715628,0.24715791895106182,0.34517045808024704,38,0161c54040e23a4c0697342fb5ad1dedb0fa1afd7bbb2c4afa49d4638f2544b3,5782bcfdbe4552e8a0a66404fd6efa198703a2d33ecece5c89014a34fc814868
32,48632,leader2_only,fixed_s_turn,leader2_only__fixed_s_turn,False,True,1,440,440,False,False,False,0.0,2.7953881047082185,108.28503057892043,24.922867913890443,False,False,False,False,,0,0,0,0,0,25.673467534361215,,0.23272825046403078,0.3334613339975476,0,0161c54040e23a4c0697342fb5ad1dedb0fa1afd7bbb2c4afa49d4638f2544b3,b0e6dae20f5409bc5cadf48cc5664a706e0ceef1fddd74166dbca34075f0202e
32,48632,leader2_only,belief_active,leader2_only__belief_active,False,True,1,440,440,True,True,True,1.0,0.23910471286480656,0.3437226484850497,0.5467615931153093,True,False,False,True,93.99999999999893,0,0,0,0,0,25.673467534361215,0.3472648525665234,0.25502508846651456,0.37592891603708267,32,0161c54040e23a4c0697342fb5ad1dedb0fa1afd7bbb2c4afa49d4638f2544b3,9009cc477c1ef37aa50d0c6c3a8dff051e1dae31394f4743d865a0a9a8585a99
32,48632,both_leaders,fixed_s_turn,both_leaders__fixed_s_turn,True,True,2,440,880,True,True,True,1.0,0.6187667958242814,0.6954234167273746,1.0555630820124149,True,False,False,True,93.99999999999893,0,0,0,0,0,3.055281889711727,1.851749246243822,0.08525443988510233,0.5775996659649536,0,0161c54040e23a4c0697342fb5ad1dedb0fa1afd7bbb2c4afa49d4638f2544b3,3001cd9f9be2960952f576b3aeabceff9b0f57d0ffa16439568c6f990a4f04ca
32,48632,both_leaders,belief_active,both_leaders__belief_active,True,True,2,440,880,True,True,True,1.0,0.28417279469386525,0.21804196031067888,1.2197476687777493,True,False,False,True,64.00000000000064,0,0,0,0,0,3.055281889711727,0.9273720715278384,0.18352341157246402,0.7058904160512611,17,0161c54040e23a4c0697342fb5ad1dedb0fa1afd7bbb2c4afa49d4638f2544b3,3815ad79b28fff664c8c219ad5e58aff10dc263509efa0f59d8d40724a2cf9bf
33,48633,leader1_only,fixed_s_turn,leader1_only__fixed_s_turn,True,False,1,440,440,False,False,False,0.0,6.473007852770128,314.9091340700619,12.033396699278567,False,False,False,False,,0,0,0,0,0,100.70208544371333,,0.27600080988745085,0.4641953749815002,0,f8e99575d5e6d0877fb99f4c721fe721045a38c4658b53a82d1f6f09c917e536,4244b50aed7e09f9a3bd8b7a7b3790cb2a664b9abe446c7ac863206a22f5752f
33,48633,leader1_only,belief_active,leader1_only__belief_active,True,False,1,440,440,False,False,False,0.0,1.1986202714433374,65.30425000663882,7.147461753413546,False,False,False,True,243.99999999999042,0,0,0,0,0,100.70208544371333,1.2782875928679427,0.37553678932278073,0.3925259580137208,107,f8e99575d5e6d0877fb99f4c721fe721045a38c4658b53a82d1f6f09c917e536,8c5c443fe3fcfe027750c861808f0be8c3f074087789430f15bcb35328b72e65
33,48633,leader2_only,fixed_s_turn,leader2_only__fixed_s_turn,False,True,1,440,440,False,False,False,0.0,1.7571777506297948,314.9091340700619,44.036184881485,False,False,False,False,,0,0,0,0,0,106.58888838700288,,0.27600080988745085,0.5686546249780804,0,f8e99575d5e6d0877fb99f4c721fe721045a38c4658b53a82d1f6f09c917e536,dcde05bf18f160fcbca8096c455c2ea7076e5d9467608e61911026427874b4e5
33,48633,leader2_only,belief_active,leader2_only__belief_active,False,True,1,440,440,True,True,True,1.0,1.7083980170847084,1.8671882429155626,1.045272080445141,True,False,False,True,123.99999999999723,0,0,0,0,0,99.86163156419195,2.769339696476544,0.26765543508970585,0.6117521669948474,47,f8e99575d5e6d0877fb99f4c721fe721045a38c4658b53a82d1f6f09c917e536,4db6571ef2df13907276d14bb2a7d10a3e0b686c1bc75e87eab8c53066e7ecbd
33,48633,both_leaders,fixed_s_turn,both_leaders__fixed_s_turn,True,True,2,440,880,False,False,False,0.0,7.274209472659174,314.9091340700619,2.7798999913398337,True,False,False,False,,0,0,0,0,0,10.341294985957784,,0.27600080988745085,0.5774987499462441,0,f8e99575d5e6d0877fb99f4c721fe721045a38c4658b53a82d1f6f09c917e536,764b17aa0a93915cba41205889ead5a82f1f18cc821af11a138bdf962ed7f36d
33,48633,both_leaders,belief_active,both_leaders__belief_active,True,True,2,440,880,True,True,True,1.0,0.43723039485846305,0.596982436068791,1.6856118693134838,True,False,False,True,183.99999999999383,0,0,0,0,0,7.251004216921621,0.4737277029294145,0.34483657770172105,1.0365515409503132,77,f8e99575d5e6d0877fb99f4c721fe721045a38c4658b53a82d1f6f09c917e536,334de89da468242b4ed0e99e603fe873a7c217494a1e774199187e258cfa298a
34,48634,leader1_only,fixed_s_turn,leader1_only__fixed_s_turn,True,False,1,440,440,False,False,False,0.0,3.1456697069567303,239.1755540333385,3.8710855353811953,True,False,False,False,,0,0,0,0,0,22.883824247776563,,0.4321461381221119,0.39217354101128876,0,4be5c43e77cea0d4c9f6b20fcd5f3ef5d8dc78c1be40e348d849be48d46c6b57,e62fd23e6d61fd2a96f0ceea2dbd336f4ca5f181df3365803d2cb5fbb10a1412
34,48634,leader1_only,belief_active,leader1_only__belief_active,True,False,1,440,440,True,True,True,1.0,1.0142372902534125,0.9101410083336308,1.8140394391207628,True,False,False,True,93.99999999999893,0,0,0,0,0,23.016080744070646,1.0872888580881281,0.29546150573656277,0.33744608296547085,32,4be5c43e77cea0d4c9f6b20fcd5f3ef5d8dc78c1be40e348d849be48d46c6b57,8bbc19897f497aba84b109081a325d9f9959d0b0413d538138f2a1bee16de962
34,48634,leader2_only,fixed_s_turn,leader2_only__fixed_s_turn,False,True,1,440,440,False,False,False,0.0,2.215041618345233,239.1755540333385,57.89318513515237,False,False,False,False,,0,0,0,0,0,110.9524652714125,,0.4321461381221119,0.2956229579867795,0,4be5c43e77cea0d4c9f6b20fcd5f3ef5d8dc78c1be40e348d849be48d46c6b57,98dfac9a30b8e228206ac516c8c6d81cf9175d5885b54028696fe89a30c51400
34,48634,leader2_only,belief_active,leader2_only__belief_active,False,True,1,440,440,False,False,False,0.0,0.5599159473974188,34.89945826833786,7.686118643659281,False,False,False,True,183.99999999999383,0,0,0,0,0,110.9524652714125,0.5886427707403851,0.3464152519725064,0.3361502919578925,77,4be5c43e77cea0d4c9f6b20fcd5f3ef5d8dc78c1be40e348d849be48d46c6b57,453588bd4bd10759cfa6e23f74bee8e836ad50f1559e1432682c8c10fd4ec8b9
34,48634,both_leaders,fixed_s_turn,both_leaders__fixed_s_turn,True,True,2,440,880,True,True,True,1.0,0.7672953231583568,0.8003113218769266,1.947207383339313,True,False,False,True,93.99999999999893,0,0,0,0,0,4.452945250347566,2.414362819414539,0.2236929858733231,0.5635066670365632,0,4be5c43e77cea0d4c9f6b20fcd5f3ef5d8dc78c1be40e348d849be48d46c6b57,d385d8d527c941db42d4d56c66537a6850d1c683c83ad798c7e4fcc1dcf73fc1
34,48634,both_leaders,belief_active,both_leaders__belief_active,True,True,2,440,880,True,True,True,1.0,0.2015717668900096,0.04449374363575568,0.08641435915663874,True,False,False,True,64.00000000000064,0,0,0,0,0,4.365177715150204,0.20876482474875319,0.3302987648765755,0.6605442500440404,17,4be5c43e77cea0d4c9f6b20fcd5f3ef5d8dc78c1be40e348d849be48d46c6b57,b2f88f409701bb6f4ec1116fadbd4881bcccd7f3e8074b14f400039aed1e6ae5
35,48635,leader1_only,fixed_s_turn,leader1_only__fixed_s_turn,True,False,1,440,440,False,False,False,0.0,0.1817060108327926,20.027066944057243,15.514577976054342,False,False,False,True,364.00000000001427,0,0,0,0,0,131.95717806109403,2.3773341791540625,0.2396195830868242,0.2933366249781102,0,b4f53470eba5923aafadb1d46dee0a179d3540221694de9d912f2d513944a1ce,b48f7a5719f12024635ad1b7fcd36dfd3b4a9cb0542bd69d1c01f54da586a2e5
35,48635,leader1_only,belief_active,leader1_only__belief_active,True,False,1,440,440,True,True,True,1.0,0.25593614484795946,0.11484173004557818,4.99531593778734,True,False,False,True,123.99999999999723,0,0,0,0,0,82.66219604993975,1.6401146059265408,0.2863630574969218,0.35450749995652586,47,b4f53470eba5923aafadb1d46dee0a179d3540221694de9d912f2d513944a1ce,eb8d5b2182ab2952bd9f9ce22074add6ce94bedfac191e2f1c229a9d24a1c082
35,48635,leader2_only,fixed_s_turn,leader2_only__fixed_s_turn,False,True,1,440,440,False,False,False,0.0,12.247832126877947,149.19070178433262,20.99469748794383,False,False,False,False,,0,0,0,0,0,73.20198731283594,,0.23833425018532003,0.2918371249688789,0,b4f53470eba5923aafadb1d46dee0a179d3540221694de9d912f2d513944a1ce,f353383ddeb66be8a02ac184740b358a5c34037ea2c8977b2d52625f1b172300
35,48635,leader2_only,belief_active,leader2_only__belief_active,False,True,1,440,440,True,True,True,1.0,1.1251248177118147,1.044061292495832,2.1859619973651077,True,False,False,True,93.99999999999893,0,0,0,0,0,51.91850914369366,1.9979279284069065,0.21639665975240346,0.2933809170499444,32,b4f53470eba5923aafadb1d46dee0a179d3540221694de9d912f2d513944a1ce,23eab30bd505ab3cd1ac0b5d11a618f5815a7ea7386474e776e0e57a298f87b2
35,48635,both_leaders,fixed_s_turn,both_leaders__fixed_s_turn,True,True,2,440,880,True,True,True,1.0,0.8083705104793936,0.7172931711965499,3.8658271161273325,True,False,False,True,183.99999999999383,0,0,0,0,0,5.079911843027058,1.6007194891093808,0.15703407807271516,0.5901714999927208,0,b4f53470eba5923aafadb1d46dee0a179d3540221694de9d912f2d513944a1ce,7f17f5279a8b2a418e5b2979138bafd226aa447a31c5391b837034ebb0c2d9d2
35,48635,both_leaders,belief_active,both_leaders__belief_active,True,True,2,440,880,True,True,True,1.0,0.30361765968726795,0.2840976168651641,1.5314970464828823,True,False,False,True,93.99999999999893,0,0,0,0,0,3.858836494616982,0.5813091635959733,0.18837430352077666,0.6161074589472264,32,b4f53470eba5923aafadb1d46dee0a179d3540221694de9d912f2d513944a1ce,b81cd80fb205d309d7ee6ad53b5b239d27485f896c97ceaf72c3657783773770
36,48636,leader1_only,fixed_s_turn,leader1_only__fixed_s_turn,True,False,1,440,440,False,False,False,0.0,1.3406403893227092,402.7995040756777,14.8915782035123,False,False,False,False,,0,0,0,0,0,34.5741077315216,,0.7665179950146066,0.2898959170561284,0,f663a4dc35580f86f6a6dc76ca87a441d4d33d30df43e0f42834873bccf8e487,b6103d4e341212301432652bd797336d9136de0c7b64f8fb5a3f79c2830c98a5
36,48636,leader1_only,belief_active,leader1_only__belief_active,True,False,1,440,440,False,False,False,0.0,0.46270259020119114,11.19164512780157,9.712419378853683,False,False,False,True,183.99999999999383,0,0,0,0,0,60.31590098521822,0.6024117391902972,0.48932049693575924,0.878775457968004,77,f663a4dc35580f86f6a6dc76ca87a441d4d33d30df43e0f42834873bccf8e487,ea4b73b002ecf1e5ef4ef1feb3b1a724069cd63d1d2b5306d60946224098b83b
36,48636,leader2_only,fixed_s_turn,leader2_only__fixed_s_turn,False,True,1,440,440,False,False,False,0.0,1.184762442742646,402.7995040756777,11.90857474044232,False,False,False,False,,0,0,0,0,0,64.17143407715605,,0.7665179950146066,0.5900930410716683,0,f663a4dc35580f86f6a6dc76ca87a441d4d33d30df43e0f42834873bccf8e487,769db181c4e08c9d4478adbc05717fefad8fcab8998da88a177a13d847c4abb3
36,48636,leader2_only,belief_active,leader2_only__belief_active,False,True,1,440,440,True,True,True,1.0,0.41628381992110497,0.49221866034087147,2.51717047688091,True,False,False,True,93.99999999999893,0,0,0,0,0,58.68166699282766,1.830023777268422,0.3970735140730899,0.5774834170006216,32,f663a4dc35580f86f6a6dc76ca87a441d4d33d30df43e0f42834873bccf8e487,210bf477638d4588710f023ea1d8c075ea189be5cc68cd22b0da86c971f084d9
36,48636,both_leaders,fixed_s_turn,both_leaders__fixed_s_turn,True,True,2,440,880,False,False,False,0.0,0.875322922690975,378.0036991382818,2.783270068308053,True,False,False,True,424.0000000000279,0,0,0,0,0,36.91293080029908,1.0459184399622286,0.7869993943587037,1.2755510420538485,0,f663a4dc35580f86f6a6dc76ca87a441d4d33d30df43e0f42834873bccf8e487,539e1002aabc269e9871c5212d1014fa1b3f39a280134127d6cefd28e7bf2886
36,48636,both_leaders,belief_active,both_leaders__belief_active,True,True,2,440,880,True,True,True,1.0,0.41425717080595365,0.6331810536332804,2.8103032827223196,True,False,False,True,93.99999999999893,0,0,0,0,0,32.57555398212413,1.1082181673060525,0.34539102135892147,1.257292874972336,32,f663a4dc35580f86f6a6dc76ca87a441d4d33d30df43e0f42834873bccf8e487,a703238cd18970a25efda6b1c932a50a8fc536c604cd34a42890340fcb8fb645
37,48637,leader1_only,fixed_s_turn,leader1_only__fixed_s_turn,True,False,1,440,440,False,False,False,0.0,0.7947893150510174,170.30599548213195,132.91266931079218,False,False,False,False,,0,0,0,0,0,137.93003238044602,,0.27578996505887043,0.6353898749221116,0,ed1fdbb6ef162a1665db27826132780da41721bc3dc75733f1459b0c624a847c,2858cd9e20e48ba4a1a0d6c3fb8003bcba3d178b8a2d5c148e1f95c096d9df04
37,48637,leader1_only,belief_active,leader1_only__belief_active,True,False,1,440,440,True,True,True,1.0,1.7926047444715136,1.9451299350810036,1.3118775429066616,True,False,False,True,93.99999999999893,0,0,0,0,0,64.91366276023024,1.9330756883220437,0.3347909519992084,0.6659154170192778,32,ed1fdbb6ef162a1665db27826132780da41721bc3dc75733f1459b0c624a847c,8393c26ca66bc205fb37e6309a6166bdb45f09a6ec65d73336d2ca5d9026ee97
37,48637,leader2_only,fixed_s_turn,leader2_only__fixed_s_turn,False,True,1,440,440,False,False,False,0.0,3.027144340617603,170.30599548213195,13.271128216815567,False,False,False,False,,0,0,0,0,0,110.95995012799017,,0.27578996505887043,0.6439578330609947,0,ed1fdbb6ef162a1665db27826132780da41721bc3dc75733f1459b0c624a847c,59f8955c6cfcd5fa2668b62f30b8678b32c89a1ea325ce67a17e6e6dec2f9e00
37,48637,leader2_only,belief_active,leader2_only__belief_active,False,True,1,440,440,True,True,True,1.0,1.249272852628802,1.3964271010715688,6.529498679130411,True,False,False,True,123.99999999999723,0,0,0,0,0,156.22256907936784,1.4130151108290412,0.27654427996623604,0.7637245419900864,47,ed1fdbb6ef162a1665db27826132780da41721bc3dc75733f1459b0c624a847c,2dc17a988207b5b9258bd14390b6da852a31eca2bbfa372d6d41e779e70d606c
37,48637,both_leaders,fixed_s_turn,both_leaders__fixed_s_turn,True,True,2,440,880,False,False,False,0.0,1.1161745411371278,154.56161440975487,15.620390575217728,False,False,False,True,424.0000000000279,0,0,0,0,0,18.4192742729632,1.5249393869764136,0.2794694166813497,1.1030066249659285,0,ed1fdbb6ef162a1665db27826132780da41721bc3dc75733f1459b0c624a847c,809b2136fcd29486427c7782e87b553d4d5d33c1b1694bb6f42a3dbce54d06f3
37,48637,both_leaders,belief_active,both_leaders__belief_active,True,True,2,440,880,True,True,True,1.0,1.954060952175558,1.9865885898304103,1.8454500210874172,True,False,False,True,93.99999999999893,0,0,0,0,0,16.810713104918143,2.2355701586056655,0.2619649156526068,1.1675990839721635,32,ed1fdbb6ef162a1665db27826132780da41721bc3dc75733f1459b0c624a847c,42d84d602e36227ff2f5b076f812a24b35c581cb66a9fc6c47a739e62b5e1e9c
38,48638,leader1_only,fixed_s_turn,leader1_only__fixed_s_turn,True,False,1,440,440,False,False,False,0.0,0.5057975953692498,10.398787834524036,6.225411157958092,True,False,False,True,243.99999999999042,0,0,0,0,0,8.065129483634736,1.5253694750301303,0.20330320771060828,0.5607512920396402,0,b10998210326ddeb0b487c1d6a641c536d60c767d87226695e2773ed31beb23a,9f826f9314de0cee98242ffdb25e3e9907961b456e3998b4641af8d40d0f2629
38,48638,leader1_only,belief_active,leader1_only__belief_active,True,False,1,440,440,True,True,True,1.0,0.488912627822141,0.43988940538378524,1.40129003551201,True,False,False,True,93.99999999999893,0,0,0,0,0,8.348749029055183,0.5235839090586804,0.34052060191598793,0.584348583011888,32,b10998210326ddeb0b487c1d6a641c536d60c767d87226695e2773ed31beb23a,1bb98cea110dbccbbcd9317377d834978e2f0d3b947c3f376f00a697e5ab773e
38,48638,leader2_only,fixed_s_turn,leader2_only__fixed_s_turn,False,True,1,440,440,False,False,False,0.0,0.6481229120332178,324.6113157025085,2.2920646270480383,True,False,False,False,,0,0,0,0,0,103.27229755839298,,0.25128306117765464,0.45533433405216783,0,b10998210326ddeb0b487c1d6a641c536d60c767d87226695e2773ed31beb23a,f1b19ec86567efd263964b79800648660303d4ae70ee72a8b1d5e29089b72098
38,48638,leader2_only,belief_active,leader2_only__belief_active,False,True,1,440,440,True,True,True,1.0,0.4923710555689186,0.4784890238243088,3.308787900079327,True,False,False,True,123.99999999999723,0,0,0,0,0,103.27229755839298,0.7256668673647418,0.2675998877954052,0.5066062499536201,47,b10998210326ddeb0b487c1d6a641c536d60c767d87226695e2773ed31beb23a,e2e5c3c426dffd6d3531a7555f86ea073c1a3c3b97a61aadc2369ad5b70ba7af
38,48638,both_leaders,fixed_s_turn,both_leaders__fixed_s_turn,True,True,2,440,880,True,False,True,0.64,0.4150742977077186,0.3672097065069182,1.776186653500616,True,False,False,True,183.99999999999383,0,0,0,0,0,2.9231018699946856,0.53294923979499,0.16425847887521225,0.9204549579881132,0,b10998210326ddeb0b487c1d6a641c536d60c767d87226695e2773ed31beb23a,6be7de6b8bddc2692d5382b4645fe44e91a3df33a1463043ce02847a9360d464
38,48638,both_leaders,belief_active,both_leaders__belief_active,True,True,2,440,880,True,True,True,1.0,0.15718067892192583,0.15299465218557426,1.1826926335655135,True,False,False,True,64.00000000000064,0,0,0,0,0,2.7540208644941946,0.773264726003845,0.27499853441029476,1.2407115419628099,17,b10998210326ddeb0b487c1d6a641c536d60c767d87226695e2773ed31beb23a,98eaa1101032807d98cf7d1e6fc14bb569b554d79b570924d747eae9dfa8e27d
39,48639,leader1_only,fixed_s_turn,leader1_only__fixed_s_turn,True,False,1,440,440,False,False,False,0.0,4.582711866588996,213.04550619865182,88.24949543039978,False,False,False,False,,0,0,0,0,0,95.94936601167754,,0.3255631101367992,0.6119226251030341,0,2bf4ea01c6244c1a6d3245d62346f10e6b055d8019189f3c6a087e3fe2b11710,324ca2bcaf83e945a99f2ca2f0919afb0bf637e08ffe4cce77b050bf7183940d
39,48639,leader1_only,belief_active,leader1_only__belief_active,True,False,1,440,440,True,True,True,1.0,0.4405468478537828,0.5790323243788814,1.3551255785898324,True,False,False,True,123.99999999999723,0,0,0,0,0,95.97760093400133,0.5711441018680631,0.2975566597073295,0.4408979999134317,47,2bf4ea01c6244c1a6d3245d62346f10e6b055d8019189f3c6a087e3fe2b11710,49bfa40301069236a9477b820761fe1177ca13c46d3ac8f5266675d8dd5dc613
39,48639,leader2_only,fixed_s_turn,leader2_only__fixed_s_turn,False,True,1,440,440,False,False,False,0.0,4.4080206783926315,213.04550619865182,21.274704025636982,False,False,False,False,,0,0,0,0,0,88.14808584390401,,0.3255631101367992,0.4317797500407323,0,2bf4ea01c6244c1a6d3245d62346f10e6b055d8019189f3c6a087e3fe2b11710,505fb5d049a19185a0c70f879fdcdf9e736acbd5c42d821ff1d8b090792a7dfd
39,48639,leader2_only,belief_active,leader2_only__belief_active,False,True,1,440,440,True,True,True,1.0,0.8564937293510695,0.9962429390491173,1.4174949458571673,True,False,False,True,93.99999999999893,0,0,0,0,0,88.14808584390401,1.1563415010554647,0.3020067831726218,0.28791316598653793,32,2bf4ea01c6244c1a6d3245d62346f10e6b055d8019189f3c6a087e3fe2b11710,c598ceb0d4463a5989db48ba479ac3c7c1ec4b522af5a525359d3eb585d92bae
39,48639,both_leaders,fixed_s_turn,both_leaders__fixed_s_turn,True,True,2,440,880,False,False,False,0.0,2.12328369745842,213.04550619865182,2.6290777589918717,True,False,False,False,,0,0,0,0,0,4.295932101886297,,0.3255631101367992,0.8553865000139922,0,2bf4ea01c6244c1a6d3245d62346f10e6b055d8019189f3c6a087e3fe2b11710,46317060cb843f1a9ada65846fb8d62ba924f30853b42c53238cab2a0a0bbe6e
39,48639,both_leaders,belief_active,both_leaders__belief_active,True,True,2,440,880,True,True,True,1.0,1.1291213617501663,1.279714559916939,1.1940033823354284,True,False,False,True,93.99999999999893,0,0,0,0,0,4.8031898150163395,2.253931295580062,0.2951931588818755,1.0669516250491142,32,2bf4ea01c6244c1a6d3245d62346f10e6b055d8019189f3c6a087e3fe2b11710,869b8f074e439104c735acc7691dab79f58efe80b748c9a5dee0fdd3d2a812a4
40,48640,leader1_only,fixed_s_turn,leader1_only__fixed_s_turn,True,False,1,440,440,False,False,False,0.0,2.255145053619233,147.35968165949228,7.252981113470676,False,False,False,True,424.0000000000279,0,0,0,0,0,30.07694764388321,2.2678632470353297,0.28946026751519355,0.4890520829940215,0,e95b23f5c5b8846feabea6511e8e2de784b881bc7c3bcaa0bd1c5b6e675fd633,dee6e0f2e5713435ae55d14b8564d39be4cf0a2d359b36c93db2e2bb8380697c
40,48640,leader1_only,belief_active,leader1_only__belief_active,True,False,1,440,440,False,False,False,0.0,0.5908906603274179,28.2903197905754,6.123347641711736,True,False,False,True,183.99999999999383,0,0,0,0,0,34.89519149527294,0.6049667844180305,0.31858736282449,0.5612049169139937,77,e95b23f5c5b8846feabea6511e8e2de784b881bc7c3bcaa0bd1c5b6e675fd633,5b4bfdcbe99114de0b5e92b7d70bc7c9ce2b3029cb464fe2260046a740a80112
40,48640,leader2_only,fixed_s_turn,leader2_only__fixed_s_turn,False,True,1,440,440,False,False,False,0.0,1.2417433673981453,65.35817927173062,6.547491238273207,True,False,False,True,364.00000000001427,0,0,0,0,0,11.464162215317188,3.696137767899239,0.2701902739359346,0.5062551249284297,0,e95b23f5c5b8846feabea6511e8e2de784b881bc7c3bcaa0bd1c5b6e675fd633,b4616150de6f45c17060fac80f40aeea1e926db75ce0cf01dcb428e642eb92ca
40,48640,leader2_only,belief_active,leader2_only__belief_active,False,True,1,440,440,True,False,True,0.74,0.5308384496192673,0.6138375460367494,1.901338967521429,True,False,False,True,183.99999999999383,0,0,0,0,0,11.928145026491517,0.5997260580760791,0.32834679905049663,0.41811412503011525,77,e95b23f5c5b8846feabea6511e8e2de784b881bc7c3bcaa0bd1c5b6e675fd633,da2fb7d12633737a133e1368db52a7650cd389e0c501f9d270f48985fc545e06
40,48640,both_leaders,fixed_s_turn,both_leaders__fixed_s_turn,True,True,2,440,880,True,True,True,1.0,0.7581347144625257,0.6657207786767683,2.5431183486175675,True,False,False,True,183.99999999999383,0,0,0,0,0,4.39373039715217,1.286184016977786,0.16399945429176627,0.935686916927807,0,e95b23f5c5b8846feabea6511e8e2de784b881bc7c3bcaa0bd1c5b6e675fd633,a69eb09e0a13096d5e8ff2ae0ef50ae9eb19c80965ee9530e0a1289919e0deba
40,48640,both_leaders,belief_active,both_leaders__belief_active,True,True,2,440,880,True,True,True,1.0,0.23096177062001988,0.2932856768435655,1.7996163124709394,True,False,False,True,64.00000000000064,0,0,0,0,0,5.399085174445159,0.3081736713931305,0.23391065845771122,0.9491735829506069,17,e95b23f5c5b8846feabea6511e8e2de784b881bc7c3bcaa0bd1c5b6e675fd633,c0d30cdd9745780409d3e474d960cef9dc9dcbed7d7d58b90e9a6f7e11a7b25d
41,48641,leader1_only,fixed_s_turn,leader1_only__fixed_s_turn,True,False,1,440,440,False,False,False,0.0,6.118590853293694,389.645451533659,22.03301021647628,False,False,False,False,,0,0,0,0,0,22.38259559923658,,0.22707301102760308,0.6657785839634016,0,7d51b13a06de8ce274a86f8d2536607cd1e7870ef689c53b69574c93d3545d06,9f16e6220305f9991f541d210b782bbb8c8b08a0e40f0a80437592493e267056
41,48641,leader1_only,belief_active,leader1_only__belief_active,True,False,1,440,440,True,True,True,1.0,0.9079178024427835,0.9258057983673702,3.245928694784171,True,False,False,True,93.99999999999893,0,0,0,0,0,22.298281382288824,1.9144261212498532,0.22075004872183743,0.4989489580038935,32,7d51b13a06de8ce274a86f8d2536607cd1e7870ef689c53b69574c93d3545d06,da54218a8555719430c6588d603e271ceb3c0bffd5f8042c8fc7829b0d12aed7
41,48641,leader2_only,fixed_s_turn,leader2_only__fixed_s_turn,False,True,1,440,440,False,False,False,0.0,2.6730700772125227,389.645451533659,23.43172099925109,False,False,False,False,,0,0,0,0,0,53.491935743067465,,0.22707301102760308,0.48487604199908674,0,7d51b13a06de8ce274a86f8d2536607cd1e7870ef689c53b69574c93d3545d06,fadce356d81cf274a3160102186fdcec8044e6a1e168dca708f2bb06a10d4735
41,48641,leader2_only,belief_active,leader2_only__belief_active,False,True,1,440,440,True,True,True,1.0,1.038720301600448,1.2202205149952914,6.811841475606134,True,False,False,True,123.99999999999723,0,0,0,0,0,48.458964018607105,1.1519553164342733,0.30969052090999305,0.6067616660147905,47,7d51b13a06de8ce274a86f8d2536607cd1e7870ef689c53b69574c93d3545d06,eda46a3dae7b9ff748709d677eed4abd65082a1af819efadbc9afbb64e03b477
41,48641,both_leaders,fixed_s_turn,both_leaders__fixed_s_turn,True,True,2,440,880,False,False,False,0.0,1.8139912862090006,389.645451533659,2.167663184738717,True,False,False,False,,0,0,0,0,0,4.584166311544125,,0.22707301102760308,1.1697992080589756,0,7d51b13a06de8ce274a86f8d2536607cd1e7870ef689c53b69574c93d3545d06,ef4e4ddeb5c03b86e12305fe5b38433120c3c87a66c5932033ee136ecfeeeae0
41,48641,both_leaders,belief_active,both_leaders__belief_active,True,True,2,440,880,True,True,True,1.0,0.29772147454075504,0.41373592642083556,3.838229468384177,True,False,False,True,93.99999999999893,0,0,0,0,0,7.390525303264992,1.7602157836852712,0.18443870150536626,0.9691977499751374,32,7d51b13a06de8ce274a86f8d2536607cd1e7870ef689c53b69574c93d3545d06,9ab5063dc1a70a65b935dfcb2075ede183b782f56115d94443c9358f8056c1ec
42,48642,leader1_only,fixed_s_turn,leader1_only__fixed_s_turn,True,False,1,440,440,False,False,False,0.0,4.502824445373028,303.46540964046903,16.27273758679402,False,False,False,False,,0,0,0,0,0,100.01530136706963,,0.3415433302876822,0.5534284169552848,0,af24a2c28f2c022728d126442bc1dee4d70cffd3a11f95b81edc349c68a8eb98,4193898eb84b048c00f65bf7b4afd2aad4e282be9d6e7d03424cd4cb66bfd124
42,48642,leader1_only,belief_active,leader1_only__belief_active,True,False,1,440,440,True,True,True,1.0,0.8684950858061011,0.9385128649941241,3.3026476307596475,True,False,False,True,123.99999999999723,0,0,0,0,0,100.01530136706963,0.9741451667442373,0.30513476920766097,0.6838031250517815,47,af24a2c28f2c022728d126442bc1dee4d70cffd3a11f95b81edc349c68a8eb98,3665e3e365df3a6ec9fad1116e1efc0cb612a93e8c5369007d20ced4e877fa5a
42,48642,leader2_only,fixed_s_turn,leader2_only__fixed_s_turn,False,True,1,440,440,False,False,False,0.0,4.0427910990353695,303.46540964046903,70.45264824890762,False,False,False,False,,0,0,0,0,0,92.25210936138782,,0.3415433302876822,0.543638875009492,0,af24a2c28f2c022728d126442bc1dee4d70cffd3a11f95b81edc349c68a8eb98,7f04ef2af7697e706220e49bf4436c9c1e4a4e01a4f347f72d3a24c9c52d8355
42,48642,leader2_only,belief_active,leader2_only__belief_active,False,True,1,440,440,True,True,True,1.0,0.677853787923479,0.7327672118882629,2.8868321848104412,True,False,False,True,93.99999999999893,0,0,0,0,0,92.25210936138782,1.1252601133215396,0.2991378933734801,0.2884342499310151,32,af24a2c28f2c022728d126442bc1dee4d70cffd3a11f95b81edc349c68a8eb98,4b4d5b9eba365ba51def6a66b87a8873eca660bfac1bb784cc7fc74a35f7930b
42,48642,both_leaders,fixed_s_turn,both_leaders__fixed_s_turn,True,True,2,440,880,False,False,False,0.0,1.3467633267628105,275.66145012361966,10.870792684629853,False,False,False,True,424.0000000000279,0,0,0,0,0,22.759592310658764,2.6674549086357535,0.36885412008694635,0.9564352079760283,0,af24a2c28f2c022728d126442bc1dee4d70cffd3a11f95b81edc349c68a8eb98,b2d5c1198b4bf84ec8d5a6440f0fa6e71abe7814f85e513070c499967c65de59
42,48642,both_leaders,belief_active,both_leaders__belief_active,True,True,2,440,880,True,True,True,1.0,0.5103247020958586,0.5669644624126123,0.8114986694775149,True,False,False,True,93.99999999999893,0,0,0,0,0,33.841499871530544,0.6534614137341864,0.3300214320598874,1.125746334088035,32,af24a2c28f2c022728d126442bc1dee4d70cffd3a11f95b81edc349c68a8eb98,e8bd5d51b2e3e2aafaa1dbab77c73321fe3f996d250fe3bef1c494c7fd452ded
43,48643,leader1_only,fixed_s_turn,leader1_only__fixed_s_turn,True,False,1,440,440,True,True,True,1.0,0.4942811111381776,0.5155619386842658,8.257467004921365,False,False,False,True,183.99999999999383,0,0,0,0,0,12.405587649330771,1.485108824662869,0.15153435248259925,0.6110065000830218,0,07176906e35a30d352e74b5e6e2e54f9323e6f53355299b2063f0895842c25f3,3af14a5cdd8910bb5d123395c5d3996586b798f925a14cbdade43d860020c7cf
43,48643,leader1_only,belief_active,leader1_only__belief_active,True,False,1,440,440,True,True,True,1.0,0.3442508602230198,0.36417362750553633,3.5971818145034637,True,False,False,True,123.99999999999723,0,0,0,0,0,17.498424178783612,0.388710834715724,0.30858771481090724,0.4341592920245603,47,07176906e35a30d352e74b5e6e2e54f9323e6f53355299b2063f0895842c25f3,be8d1cdd13333187123a52a20929d30268dbaf991bc82cb360319ff80777873e
43,48643,leader2_only,fixed_s_turn,leader2_only__fixed_s_turn,False,True,1,440,440,False,False,False,0.0,5.438984629401811,210.91791801399864,6.549283768752467,True,False,False,False,,0,0,0,0,0,17.038941764022482,,0.22644121941930176,0.6925556659698486,0,07176906e35a30d352e74b5e6e2e54f9323e6f53355299b2063f0895842c25f3,56a26e1400836438b5b92f2f47672b5b25c5132f4b59ab2ee2310b0b42bef800
43,48643,leader2_only,belief_active,leader2_only__belief_active,False,True,1,440,440,True,True,True,1.0,0.4449950247097891,0.44365458049746076,1.1668257931884418,True,False,False,True,123.99999999999723,0,0,0,0,0,16.367744358935568,0.4707593762253712,0.30828835898470675,0.6157915840158239,47,07176906e35a30d352e74b5e6e2e54f9323e6f53355299b2063f0895842c25f3,192c8ebe04cf7adf645fa747e662f7e205be1ce307807555061c3f4d7f663f02
43,48643,both_leaders,fixed_s_turn,both_leaders__fixed_s_turn,True,True,2,440,880,True,True,True,1.0,0.09663744363290266,0.30179438402576,1.196280801453333,True,False,False,True,93.99999999999893,0,0,0,0,0,4.5964667674406465,1.3977422733355465,0.11355794567647938,0.8475224169669673,0,07176906e35a30d352e74b5e6e2e54f9323e6f53355299b2063f0895842c25f3,b678d725b86d12be29223ffcf0523731583f71ff7d8d581f990e57280a91b015
43,48643,both_leaders,belief_active,both_leaders__belief_active,True,True,2,440,880,True,True,True,1.0,0.5013239760949941,0.6877164109322472,0.36659826610977087,True,False,False,True,93.99999999999893,0,0,0,0,0,3.594902520957939,0.5312476063620287,0.2338967598449902,0.9336973748868331,32,07176906e35a30d352e74b5e6e2e54f9323e6f53355299b2063f0895842c25f3,7aa863f6124310354bf7adc86f9090d0328e979662c0aef27c7cb0151ee9b9e2
44,48644,leader1_only,fixed_s_turn,leader1_only__fixed_s_turn,True,False,1,440,440,False,False,False,0.0,1.360390274285471,144.33913763471983,42.35718173838554,False,False,False,False,,0,0,0,0,0,94.54175268907849,,0.17486262312633694,0.37222720799036324,0,9aa20b95c0764649123a7e4d4f161f639167c2c9ea10ef039bc0897172b97662,3ea2c02896259b5e57740dc378b81d6be52ed402e6cac16644b50bb323797dc6
44,48644,leader1_only,belief_active,leader1_only__belief_active,True,False,1,440,440,False,False,False,0.0,0.6094850000840932,51.16039068434927,2.0666858221215207,True,False,False,True,183.99999999999383,0,0,0,0,0,94.38514894344615,1.482307895553075,0.2124081329080284,0.6800344579387456,77,9aa20b95c0764649123a7e4d4f161f639167c2c9ea10ef039bc0897172b97662,14bb343da6182dbbf7e103e678d9c97a13a3a2979392f88f8f6667235d08bb79
44,48644,leader2_only,fixed_s_turn,leader2_only__fixed_s_turn,False,True,1,440,440,False,False,False,0.0,6.849298156386378,144.33913763471983,58.56725398520587,False,False,False,False,,0,0,0,0,0,62.623010754178296,,0.17486262312633694,0.5746134169166908,0,9aa20b95c0764649123a7e4d4f161f639167c2c9ea10ef039bc0897172b97662,bf2d467ac8747fb62d03665b5f0c88b2fe75008a50c35b28e07f4f99b4a30e27
44,48644,leader2_only,belief_active,leader2_only__belief_active,False,True,1,440,440,True,False,True,0.66,0.9553845596534281,0.851718037581529,1.6824664969852474,True,False,False,True,183.99999999999383,0,0,0,0,0,88.23806948385288,2.239448070777657,0.31576604038837375,0.3244920000433922,77,9aa20b95c0764649123a7e4d4f161f639167c2c9ea10ef039bc0897172b97662,4f0c5bd344f9c1deb93a0f288deb8c19a3dcc4caf76a0379ea3567f5e6511971
44,48644,both_leaders,fixed_s_turn,both_leaders__fixed_s_turn,True,True,2,440,880,False,False,False,0.0,3.207936279611541,144.33913763471983,2.298982189004111,True,False,False,False,,0,0,0,0,0,7.249408085427823,,0.17486262312633694,1.1402142499573529,0,9aa20b95c0764649123a7e4d4f161f639167c2c9ea10ef039bc0897172b97662,5afa0ce820db36bb81ff0e783ecdc5fac183fccf7097da4aee1ceddc925cac01
44,48644,both_leaders,belief_active,both_leaders__belief_active,True,True,2,440,880,True,True,True,1.0,1.4769796530881414,1.436220418549425,4.913274383442832,True,False,False,True,123.99999999999723,0,0,0,0,0,6.443066548422486,2.251864156929553,0.17502301494493308,1.0661799169611186,47,9aa20b95c0764649123a7e4d4f161f639167c2c9ea10ef039bc0897172b97662,d732e67ac5faf62d612461ff305411aee196b4a1d79704534ea5a29b65395a8e
45,48645,leader1_only,fixed_s_turn,leader1_only__fixed_s_turn,True,False,1,440,440,False,False,False,0.0,1.8065166859581152,11.65762568123428,7.437240246423719,False,False,False,True,364.00000000001427,0,0,0,0,0,55.10159560683289,2.4514821187673954,0.2160235062029263,0.49248658295255154,0,76f06bf53651780858547353a4fb0656935fc1e9f666c988c9c0b21815818d24,546881d89f833eee2af23ed87213defc5b423d383510cdebd2c4b0a09be9baf7
45,48645,leader1_only,belief_active,leader1_only__belief_active,True,False,1,440,440,True,True,True,1.0,0.5088666528806185,0.5454322911528277,1.41393786438983,True,False,False,True,93.99999999999893,0,0,0,0,0,55.10159560683289,0.6016570344593895,0.24916500259135577,0.2973862501094118,32,76f06bf53651780858547353a4fb0656935fc1e9f666c988c9c0b21815818d24,fc9dc5e5f31c41ef156a3e35e503fdd6640d58e363fe201ff4cee652fb4661a2
45,48645,leader2_only,fixed_s_turn,leader2_only__fixed_s_turn,False,True,1,440,440,True,True,True,1.0,1.397986920545099,1.2925324056623275,3.43664340183436,True,False,False,True,183.99999999999383,0,0,0,0,0,20.523606817681284,2.191125030227015,0.13981332521218326,0.2805144999874756,0,76f06bf53651780858547353a4fb0656935fc1e9f666c988c9c0b21815818d24,aa4ad72b29bf71b60c8060eff9de5a3a200beb164fb2621d16c34e64f7483ef5
45,48645,leader2_only,belief_active,leader2_only__belief_active,False,True,1,440,440,True,True,True,1.0,0.44096516330773644,0.5598461616211629,1.3109965230965275,True,False,False,True,93.99999999999893,0,0,0,0,0,20.523606817681284,0.5593461100696366,0.3022298510271293,0.6662229580106214,32,76f06bf53651780858547353a4fb0656935fc1e9f666c988c9c0b21815818d24,cf20894da49d9cf9e9ade82ed544c8464e9f271d73cbc9ba4843ae9e29bfab6e
45,48645,both_leaders,fixed_s_turn,both_leaders__fixed_s_turn,True,True,2,440,880,True,True,True,1.0,1.291750942666227,1.3962258693836596,1.712768098837409,True,False,False,True,123.99999999999723,0,0,0,0,0,4.564946827989642,2.2652107115809987,0.11200618558478202,1.1542100409278646,0,76f06bf53651780858547353a4fb0656935fc1e9f666c988c9c0b21815818d24,901d408d7ae9b3ebb59b687520202cf27cbee9b02ce956646b71fb457678b862
45,48645,both_leaders,belief_active,both_leaders__belief_active,True,True,2,440,880,True,True,True,1.0,0.8243584157824917,0.8323563671350276,1.1937954056865696,True,False,False,True,64.00000000000064,0,0,0,0,0,2.237098996890018,1.1040908068350708,0.268918911763061,1.0451120409416035,17,76f06bf53651780858547353a4fb0656935fc1e9f666c988c9c0b21815818d24,4176ccf5c9dcd20ac8445574879b2f00939c0caf6c8b6b1be0070cc0a4d3b577
46,48646,leader1_only,fixed_s_turn,leader1_only__fixed_s_turn,True,False,1,440,440,False,False,False,0.0,1.0527747581974847,218.64134585482108,10.943385680179947,False,False,False,False,,0,0,0,0,0,98.29201992589824,,0.22843924550433972,0.6318197499495,0,a3b4813c94f55c52bb34e083058708de72edf1aeecd2540866d36a6f2a071090,c957465e5dfc7c55124f5af44038e0360d7518139272a58cfbd9d933304d81bb
46,48646,leader1_only,belief_active,leader1_only__belief_active,True,False,1,440,440,True,True,True,1.0,0.2635143195542261,0.34862492934830225,3.393292176305866,True,False,False,True,123.99999999999723,0,0,0,0,0,98.29201992589824,0.429845606329329,0.2384917251830182,0.5469086250523105,47,a3b4813c94f55c52bb34e083058708de72edf1aeecd2540866d36a6f2a071090,1f1cbc9b1eea33d1f533d898c20e0afe80cd82c22ce464d2b53d007bea19d436
46,48646,leader2_only,fixed_s_turn,leader2_only__fixed_s_turn,False,True,1,440,440,False,False,False,0.0,4.864688021974329,218.64134585482108,30.065656278215393,False,False,False,False,,0,0,0,0,0,32.47343836494963,,0.22843924550433972,0.5740905830170959,0,a3b4813c94f55c52bb34e083058708de72edf1aeecd2540866d36a6f2a071090,03e6a52c9429b0d0ed936bf358e1ac1bdde933bbb75da069498da42f138cf887
46,48646,leader2_only,belief_active,leader2_only__belief_active,False,True,1,440,440,True,True,True,1.0,0.16856441753601265,0.13928209482935097,3.119169101781208,True,False,False,True,123.99999999999723,0,0,0,0,0,29.751798304798665,0.40996308801866393,0.2613820203746435,0.5746684999903664,47,a3b4813c94f55c52bb34e083058708de72edf1aeecd2540866d36a6f2a071090,f802b445305aec7e8de36bf5b0c883b882642a8ef4ee21c5821fa2cebfadea2c
46,48646,both_leaders,fixed_s_turn,both_leaders__fixed_s_turn,True,True,2,440,880,True,True,True,1.0,0.37582965675575225,0.39051033476926283,1.910866433359274,True,False,False,True,64.00000000000064,0,0,0,0,0,2.7159403271569946,1.525272306746971,0.08678896512746952,1.2561976249562576,0,a3b4813c94f55c52bb34e083058708de72edf1aeecd2540866d36a6f2a071090,0e28d74fad4fd460c829c938395bb67959b9bf21089783274c6a529d71ae99c5
46,48646,both_leaders,belief_active,both_leaders__belief_active,True,True,2,440,880,True,True,True,1.0,0.39530344061034445,0.5071764742741522,0.8867896825275776,True,False,False,True,64.00000000000064,0,0,0,0,0,2.9575731109808023,1.248038579182533,0.17345290233250746,0.9759753330145031,17,a3b4813c94f55c52bb34e083058708de72edf1aeecd2540866d36a6f2a071090,6f3f5eebe3dd802e2def4e2c9a2b08cb59b2c96968a2573880dbb1dbbb6aa473
47,48647,leader1_only,fixed_s_turn,leader1_only__fixed_s_turn,True,False,1,440,440,False,False,False,0.0,1.7246841952622527,277.0334285264228,34.44384089658777,False,False,False,True,424.0000000000279,0,0,0,0,0,44.93838003085831,2.31341445031107,0.25162455710463005,0.6777007080381736,0,d3d04ea10364d231c7f833cb662935e3ecfa849f9b27e31bf4c6d45e8c405dac,336fa4956cf664287cbcc5d516c612772230190716dd471de36ea4df6512af00
47,48647,leader1_only,belief_active,leader1_only__belief_active,True,False,1,440,440,True,False,True,0.54,0.897046464104825,0.9392954882828645,8.117410515110786,False,False,False,True,123.99999999999723,0,0,0,0,0,80.17787912054584,2.5514781528953474,0.23178194550124562,0.2845053329365328,47,d3d04ea10364d231c7f833cb662935e3ecfa849f9b27e31bf4c6d45e8c405dac,283e5655a81eb983bcb3c58a423a69d138cf4f210509a9e37a212861cd25270d
47,48647,leader2_only,fixed_s_turn,leader2_only__fixed_s_turn,False,True,1,440,440,False,False,False,0.0,11.34630666110274,306.76864157659907,3.6065070983944514,True,False,False,False,,0,0,0,0,0,33.2786032003462,,0.22134907008733687,0.3708604578860104,0,d3d04ea10364d231c7f833cb662935e3ecfa849f9b27e31bf4c6d45e8c405dac,4a3e7d01997c70d6da1af89795c049a39a73d6724309e1d451b51956c5241c8c
47,48647,leader2_only,belief_active,leader2_only__belief_active,False,True,1,440,440,True,False,True,0.58,2.4018733108031367,2.017701087618279,11.61841478826331,False,False,False,True,123.99999999999723,0,0,0,0,0,33.2786032003462,2.4464759905362183,0.2778672643439007,0.3870822919998318,47,d3d04ea10364d231c7f833cb662935e3ecfa849f9b27e31bf4c6d45e8c405dac,68fd618383d169c67720775b507ab4a33a53fd87d8e37dee38f25e4d56432cd3
47,48647,both_leaders,fixed_s_turn,both_leaders__fixed_s_turn,True,True,2,440,880,False,False,False,0.0,0.40948901333402027,117.54509961382577,10.39338336807164,False,False,False,True,304.0000000000006,0,0,0,0,0,17.84461913077313,1.1099056171743225,0.19274192685787458,0.6998887920053676,0,d3d04ea10364d231c7f833cb662935e3ecfa849f9b27e31bf4c6d45e8c405dac,0a44ce6c0f53c3ff85037a230bda3ad8736d71839a11a92076c14ed1417444d5
47,48647,both_leaders,belief_active,both_leaders__belief_active,True,True,2,440,880,True,True,True,1.0,1.1308085382664443,1.246087180660202,1.16723590853738,True,False,False,True,93.99999999999893,0,0,0,0,0,17.84461913077313,2.5522727348407077,0.15560820208172543,0.7347715420182794,32,d3d04ea10364d231c7f833cb662935e3ecfa849f9b27e31bf4c6d45e8c405dac,e8ccb2ce78f9898b00193071ec690ae3bed7bbc397df3ee48c4ce3329c0dc337
48,48648,leader1_only,fixed_s_turn,leader1_only__fixed_s_turn,True,False,1,440,440,False,False,False,0.0,3.8971832763254826,241.92768464912686,18.039550989298345,False,False,False,False,,0,0,0,0,0,22.238618595255147,,0.21886465063125427,0.34074437501840293,0,df2bf44d07461abf9f5b4582bcb1710461658b2bb580fd006e027730257386d2,d939e79ba7664e5090ba661cc4d4df5d72040f03db1d2f65687474b7dfe4a837
48,48648,leader1_only,belief_active,leader1_only__belief_active,True,False,1,440,440,True,True,True,1.0,0.6143614003732033,0.6751397489235017,3.4749663532184827,True,False,False,True,123.99999999999723,0,0,0,0,0,22.037273648828474,0.6143614003732033,0.36095950010384487,0.31074670900125057,47,df2bf44d07461abf9f5b4582bcb1710461658b2bb580fd006e027730257386d2,d72222264117b048ae1c31cdf0adb1d27b2322cdc8c01148aecb22e9055c608d
48,48648,leader2_only,fixed_s_turn,leader2_only__fixed_s_turn,False,True,1,440,440,False,False,False,0.0,4.537204966485597,241.92768464912686,15.321157849378443,False,False,False,False,,0,0,0,0,0,18.52388086069425,,0.21886465063125427,0.6024066250538453,0,df2bf44d07461abf9f5b4582bcb1710461658b2bb580fd006e027730257386d2,86b9d4c0d2f636772d0b28ca66a4e981087c4b84e941163519e7973dec2e1a7a
48,48648,leader2_only,belief_active,leader2_only__belief_active,False,True,1,440,440,True,True,True,1.0,0.31383701587078205,0.33254927759365643,10.129039790458922,False,False,False,True,123.99999999999723,0,0,0,0,0,32.677349702380575,0.45162504133538395,0.31505294242267895,0.5676921249832958,47,df2bf44d07461abf9f5b4582bcb1710461658b2bb580fd006e027730257386d2,43af684ab6335baece9499e15a08b2389637258b4286460d618be36ffdca9b32
48,48648,both_leaders,fixed_s_turn,both_leaders__fixed_s_turn,True,True,2,440,880,True,True,True,1.0,0.7820855110766474,0.8112473265353218,1.820008770612849,True,False,False,True,123.99999999999723,0,0,0,0,0,2.4393430438087287,2.0777937633124144,0.13333625279410935,0.8715172500815243,0,df2bf44d07461abf9f5b4582bcb1710461658b2bb580fd006e027730257386d2,3ec77402f3c3b09e5fddf06344ffa542aa81cf336b01c5855dc01f4735c5f303
48,48648,both_leaders,belief_active,both_leaders__belief_active,True,True,2,440,880,True,True,True,1.0,0.6551424252687155,0.6954450430447582,0.9828539118237195,True,False,False,True,64.00000000000064,0,0,0,0,0,2.747629622228494,0.6551424252687155,0.258841118368916,0.9437138340435922,17,df2bf44d07461abf9f5b4582bcb1710461658b2bb580fd006e027730257386d2,7164fe308370bc49854e950c6daab12fb365055e2ca69eaba0a7bce4be3a81b1
49,48649,leader1_only,fixed_s_turn,leader1_only__fixed_s_turn,True,False,1,440,440,False,False,False,0.0,2.4519129726458115,286.9579277702159,3.6089310536472348,True,False,False,False,,0,0,0,0,0,42.35213063771612,,0.2127320096252391,0.6295981670264155,0,4d85e493e72a20d9a5f2f3be53f928a0270ce9159bc261f3703635c5be34d3d9,8af088182799616a95172de5e6222d0e993ed0aa1d7727e3f6e85fc116c724fd
49,48649,leader1_only,belief_active,leader1_only__belief_active,True,False,1,440,440,True,False,True,0.74,2.4320529072332713,2.6421230217495806,2.461018929679772,True,False,False,True,93.99999999999893,0,0,0,0,0,42.35213063771612,2.7718214168029767,0.23420000349444967,0.5100631249370053,32,4d85e493e72a20d9a5f2f3be53f928a0270ce9159bc261f3703635c5be34d3d9,493d84f9be2e533d0a63c7e7619f5e65d53d20f9e80fc7ebfbac7d3caf2be0bc
49,48649,leader2_only,fixed_s_turn,leader2_only__fixed_s_turn,False,True,1,440,440,False,False,False,0.0,0.5916739180044216,286.9579277702159,23.883429048414083,False,False,False,False,,0,0,0,0,0,23.970319857804146,,0.2127320096252391,0.7086564999772236,0,4d85e493e72a20d9a5f2f3be53f928a0270ce9159bc261f3703635c5be34d3d9,dc86cca3fa9ee648c58766b21dca74cc6a7a7bc95357369aa854a0abf0f654b3
49,48649,leader2_only,belief_active,leader2_only__belief_active,False,True,1,440,440,True,False,False,0.08,0.6610847095990209,5.023571150848234,1.488766710911553,True,False,False,True,123.99999999999723,0,0,0,0,0,32.974599643625105,3.5732746304157788,0.24110170182787086,0.6576092500472441,47,4d85e493e72a20d9a5f2f3be53f928a0270ce9159bc261f3703635c5be34d3d9,7af82da2bbb4b194c1aefceb286be737e884126f79e9bc96f457937c4aadf5a8
49,48649,both_leaders,fixed_s_turn,both_leaders__fixed_s_turn,True,True,2,440,880,False,False,False,0.0,0.7958511057118615,286.9579277702159,6.664759908400295,True,False,False,False,,0,0,0,0,0,13.594570673824416,,0.2127320096252391,0.5644288329640403,0,4d85e493e72a20d9a5f2f3be53f928a0270ce9159bc261f3703635c5be34d3d9,0c6c559fd681caeadab3ae9ed8012c818796a2d2f22e2aba912996049cc88bf3
49,48649,both_leaders,belief_active,both_leaders__belief_active,True,True,2,440,880,True,False,True,0.66,0.9898231174106947,1.0824564011883666,2.2041707018151677,True,False,False,True,93.99999999999893,0,0,0,0,0,20.198458996582566,3.0688981006709035,0.26716199024845205,1.0873121250187978,32,4d85e493e72a20d9a5f2f3be53f928a0270ce9159bc261f3703635c5be34d3d9,501f036bbea8ba4ec354f0f46d3b2406e23d9e63d9d8e66ad50654aad7897314
50,48650,leader1_only,fixed_s_turn,leader1_only__fixed_s_turn,True,False,1,440,440,False,False,False,0.0,4.795519020454807,251.20929195043908,19.487111334866935,False,False,False,False,,0,0,0,0,0,46.00734835899028,,0.18451819958749816,0.6797375000314787,0,d92e6c6e65b0ed47e300261cbd52505e6d165089754c67af868c9cf97e56dcfd,a0719b26bf55702098d682ff264f119cde6e4299631ebc1e708e95a940ba0cea
50,48650,leader1_only,belief_active,leader1_only__belief_active,True,False,1,440,440,False,False,False,0.0,2.306091807032098,13.652183707162722,8.451692722058532,False,False,False,True,123.99999999999723,0,0,0,0,0,46.00734835899028,3.0358930000126145,0.2021769906126375,0.623288125032559,47,d92e6c6e65b0ed47e300261cbd52505e6d165089754c67af868c9cf97e56dcfd,2ad1d870b6434e1be349320ff1be9c4f9389a371c5df75bfb97f8053d5086943
50,48650,leader2_only,fixed_s_turn,leader2_only__fixed_s_turn,False,True,1,440,440,False,False,False,0.0,4.058994949286854,251.20929195043908,10.125918483532267,False,False,False,False,,0,0,0,0,0,43.60775385441855,,0.18451819958749816,0.3440251250285655,0,d92e6c6e65b0ed47e300261cbd52505e6d165089754c67af868c9cf97e56dcfd,cbb8a19a2c42e70a9d9acfa053af4eb4869b2605be8cfe53e5be10020eaa87f8
50,48650,leader2_only,belief_active,leader2_only__belief_active,False,True,1,440,440,True,True,True,1.0,1.3409845360450865,1.28549655078316,10.548254308798358,False,False,False,True,123.99999999999723,0,0,0,0,0,43.50783103134197,1.901332456512978,0.20433387845260634,0.30088000011164695,47,d92e6c6e65b0ed47e300261cbd52505e6d165089754c67af868c9cf97e56dcfd,ec81d49e991d44d997ac55322f4096bc35f2b29624991bf9d170214660f24e61
50,48650,both_leaders,fixed_s_turn,both_leaders__fixed_s_turn,True,True,2,440,880,False,False,False,0.0,3.057411701681465,224.00997406292706,2.2408129747383443,True,False,False,True,424.0000000000279,0,0,0,0,0,4.330258403702044,3.057411701681465,0.20937645035409783,0.7293912910390645,0,d92e6c6e65b0ed47e300261cbd52505e6d165089754c67af868c9cf97e56dcfd,b833ec4d609571889098f8111a4645e87e804cd91ea6b2106eaf7519676b119d
50,48650,both_leaders,belief_active,both_leaders__belief_active,True,True,2,440,880,True,True,True,1.0,0.5017780263941958,0.4085586712584101,3.1974299213910244,True,False,False,True,93.99999999999893,0,0,0,0,0,5.235846373743216,1.5338292885745395,0.17987421183189478,1.1651547090150416,32,d92e6c6e65b0ed47e300261cbd52505e6d165089754c67af868c9cf97e56dcfd,8cbfd88de3c359965e153027cf27ea1cbd9fb0c01d31d61cdd0a8bd1576682c4
51,48651,leader1_only,fixed_s_turn,leader1_only__fixed_s_turn,True,False,1,440,440,False,False,False,0.0,2.7394975333558516,285.6858959712516,6.697105898973793,True,False,False,False,,0,0,0,0,0,15.51675704813054,,0.3080924590148382,0.33992983296047896,0,b96f4b4fd48a8a8d3ac98a838b3aa12825a83dd191947793347a2486d0f20a71,4b30e73c34890584b7190a72bd40f73155287c28e888a3e97c114bfae4f1e93b
51,48651,leader1_only,belief_active,leader1_only__belief_active,True,False,1,440,440,True,True,True,1.0,1.8894868906176225,1.9117821005342688,1.5811767161796644,True,False,False,True,93.99999999999893,0,0,0,0,0,22.020701221138935,2.1942666400036477,0.33770564221193305,0.2842775830067694,32,b96f4b4fd48a8a8d3ac98a838b3aa12825a83dd191947793347a2486d0f20a71,21a58b599ff6aa888c1053c22aa994e6650402fa9eeec6bc4a410b5a22dfec0d
51,48651,leader2_only,fixed_s_turn,leader2_only__fixed_s_turn,False,True,1,440,440,False,False,False,0.0,1.9167828993272615,285.6858959712516,16.239300836865706,False,False,False,False,,0,0,0,0,0,30.912382256716977,,0.3080924590148382,0.4809124160092324,0,b96f4b4fd48a8a8d3ac98a838b3aa12825a83dd191947793347a2486d0f20a71,eed09a73006e402a13ee37f582be03f399d8d7d9836b476cb5837e78157d996a
51,48651,leader2_only,belief_active,leader2_only__belief_active,False,True,1,440,440,True,True,True,1.0,0.2821944158954856,0.4189658124407666,3.1773677970234737,True,False,False,True,93.99999999999893,0,0,0,0,0,26.443811053138333,1.8749385481058514,0.2760199083992956,0.31441920797806233,32,b96f4b4fd48a8a8d3ac98a838b3aa12825a83dd191947793347a2486d0f20a71,57386f7a4d0f2b895c4dc71d030b5d31b949cf4c095d0644bcc73bdf31f13dca
51,48651,both_leaders,fixed_s_turn,both_leaders__fixed_s_turn,True,True,2,440,880,True,False,True,0.44,0.46518067539837565,1.2535749251291177,2.406363884488178,True,False,False,True,243.99999999999042,0,0,0,0,0,5.237009989610848,1.6934591128260323,0.23727335296400845,0.5984898750903085,0,b96f4b4fd48a8a8d3ac98a838b3aa12825a83dd191947793347a2486d0f20a71,6984393f3212cccd9ee7a0ad9a9004bd18d0277b39e9beee4dc8d10e1e78e840
51,48651,both_leaders,belief_active,both_leaders__belief_active,True,True,2,440,880,True,True,True,1.0,0.48524122589086405,0.7818098970403952,0.9022795375483305,True,False,False,True,93.99999999999893,0,0,0,0,0,8.24605889569636,0.6777266101895245,0.30991750944506397,1.2183826660038903,32,b96f4b4fd48a8a8d3ac98a838b3aa12825a83dd191947793347a2486d0f20a71,30b1d6eac9af552234b65caf64363d7da16d7712a71614b81b80c9365f131c69
52,48652,leader1_only,fixed_s_turn,leader1_only__fixed_s_turn,True,False,1,440,440,False,False,False,0.0,1.9625505515205148,106.58966133892395,6.727459576748201,True,False,False,False,,0,0,0,0,0,22.667795152058595,,0.19790044442175264,0.6486428340431303,0,44d49d836ae3be6d5db27633a355c019a79883f415513125d9197632a46ef87d,c57132466ce9ee490cc744442b98e6a10018099b716ffd985f2c590ee9ed13e1
52,48652,leader1_only,belief_active,leader1_only__belief_active,True,False,1,440,440,False,False,False,0.0,0.9152751320083854,146.2152747535473,7.332686788275306,False,False,False,True,243.99999999999042,0,0,0,0,0,61.98351457527213,1.3130928903741819,0.3521330670787391,0.5986009580083191,107,44d49d836ae3be6d5db27633a355c019a79883f415513125d9197632a46ef87d,0660da7b4886480607e2c429a6a7635fbbe1a3684e8524b2bfc5836637a4b7ed
52,48652,leader2_only,fixed_s_turn,leader2_only__fixed_s_turn,False,True,1,440,440,True,True,True,1.0,2.24524634224945,2.4514754116729054,3.0984891772863246,True,False,False,True,123.99999999999723,0,0,0,0,0,5.600130363118943,2.8435401356274737,0.13987032952592143,0.42185779195278883,0,44d49d836ae3be6d5db27633a355c019a79883f415513125d9197632a46ef87d,14206b243978524bb37a7b6d9ed049387e2ab66d2ad63339a2ad9a442d597f31
52,48652,leader2_only,belief_active,leader2_only__belief_active,False,True,1,440,440,True,True,True,1.0,1.2828138853673152,1.479910670851355,1.605429280203009,True,False,False,True,64.00000000000064,0,0,0,0,0,5.732914555764271,1.5010197320809666,0.17890035328267156,0.6340899579226971,17,44d49d836ae3be6d5db27633a355c019a79883f415513125d9197632a46ef87d,074c505fca864f8c31d63523dd26e30cab04add7aff0adf65ce1ec7b257049af
52,48652,both_leaders,fixed_s_turn,both_leaders__fixed_s_turn,True,True,2,440,880,True,True,True,1.0,1.8691482129164738,2.0534895550811734,2.2729093217620426,True,False,False,True,93.99999999999893,0,0,0,0,0,4.070762254900675,2.353595932810422,0.11964920911161302,0.6021364158950746,0,44d49d836ae3be6d5db27633a355c019a79883f415513125d9197632a46ef87d,c2e086e3d686ea90823720653e22ab680225bc8e30c38c175372c908de65fa49
52,48652,both_leaders,belief_active,both_leaders__belief_active,True,True,2,440,880,True,True,True,1.0,1.338583804085651,1.2517303789599417,1.883044930406082,True,False,False,True,93.99999999999893,0,0,0,0,0,3.9144219502318487,2.0654647240367474,0.18193473273156477,1.0879571250407025,32,44d49d836ae3be6d5db27633a355c019a79883f415513125d9197632a46ef87d,ad5db6a436ccf005923a3ab10576e1bb121d1ae1eed1ae6696a1b3c08b877bc7
53,48653,leader1_only,fixed_s_turn,leader1_only__fixed_s_turn,True,False,1,440,440,False,False,False,0.0,2.0645253858202155,318.08401251705385,12.503314856344241,False,False,False,False,,0,0,0,0,0,20.230094148949917,,0.19838171523685824,0.3644015419995412,0,14164b35bc46e16b39d592d70a6119b2f97336f6735d5fb84d80dfe60d2455e1,9ef3446453e864f8b518a7afe8c9dbe6257431c0eff5b395f64df11e47af89d4
53,48653,leader1_only,belief_active,leader1_only__belief_active,True,False,1,440,440,True,True,True,1.0,1.3896384210274122,1.368785975821711,2.6243460681052215,True,False,False,True,93.99999999999893,0,0,0,0,0,27.483926533789855,1.5134645390362513,0.20403906795960516,0.520912874955684,32,14164b35bc46e16b39d592d70a6119b2f97336f6735d5fb84d80dfe60d2455e1,12e1cdd9f8f79c95652990b43a1546f0ee19f82f686a7ea87081e28fe1743b53
53,48653,leader2_only,fixed_s_turn,leader2_only__fixed_s_turn,False,True,1,440,440,False,False,False,0.0,2.3517667069860577,318.08401251705385,20.28824176832587,False,False,False,False,,0,0,0,0,0,20.800893858440155,,0.19838171523685824,0.3430387079715729,0,14164b35bc46e16b39d592d70a6119b2f97336f6735d5fb84d80dfe60d2455e1,9bf22095d6a085c0dccff1c5b1d473746e303ffc66e583d21b812f357c258251
53,48653,leader2_only,belief_active,leader2_only__belief_active,False,True,1,440,440,True,True,True,1.0,1.2116739740250275,1.2112425935739242,0.8708587490184839,True,False,False,True,93.99999999999893,0,0,0,0,0,20.437692859024427,1.5657368601227764,0.22072487961138498,0.5645116670057178,32,14164b35bc46e16b39d592d70a6119b2f97336f6735d5fb84d80dfe60d2455e1,82329a797a2a86358b2d2fe455434518e5a9a18c69d3c49c56f6dfd6c5ec9cfa
53,48653,both_leaders,fixed_s_turn,both_leaders__fixed_s_turn,True,True,2,440,880,False,False,False,0.0,2.999677536592438,294.5590326497092,12.423257773665663,False,False,False,True,424.0000000000279,0,0,0,0,0,18.158649793780732,2.999677536592438,0.21674826656475765,1.3467181669548154,0,14164b35bc46e16b39d592d70a6119b2f97336f6735d5fb84d80dfe60d2455e1,446f0abbb21f9072498fb934472508cdca10a0ddc334206367991cfe77fb4613
53,48653,both_leaders,belief_active,both_leaders__belief_active,True,True,2,440,880,True,True,True,1.0,1.3040364867843557,1.3249625494624961,1.1271474987652303,True,False,False,True,93.99999999999893,0,0,0,0,0,8.910384289622316,1.6099170418318622,0.23733247214751843,1.014448249945417,32,14164b35bc46e16b39d592d70a6119b2f97336f6735d5fb84d80dfe60d2455e1,03de3b99d824a2d6c20ee9a940e0cfa8c76cbd9f2699cab3e319a6577cebbd55
54,48654,leader1_only,fixed_s_turn,leader1_only__fixed_s_turn,True,False,1,440,440,False,False,False,0.0,7.299227365373529,397.81872001795267,32.83072934601763,False,False,False,False,,0,0,0,0,0,34.62734144606086,,0.3027799762743134,0.5256190419895574,0,1f6117a472ceeb12c151d081d84364b22bbdff04f20884268ea175c474069358,a7e1ed82fb2d04ef0e8c1dc94586814ae909451ab5f3e4bc2bc7f958af9851fb
54,48654,leader1_only,belief_active,leader1_only__belief_active,True,False,1,440,440,True,True,True,1.0,0.498426646508481,0.5668783088285065,4.7212390339823225,True,False,False,True,123.99999999999723,0,0,0,0,0,50.91449160838234,0.6344881150928894,0.26612877501052656,0.31426008394919336,47,1f6117a472ceeb12c151d081d84364b22bbdff04f20884268ea175c474069358,9039486611236bc6f74e696dd9b9c1d5f6923fabda8ed4a2f002bb2817b99265
54,48654,leader2_only,fixed_s_turn,leader2_only__fixed_s_turn,False,True,1,440,440,False,False,False,0.0,2.802074177315611,397.81872001795267,33.30580107860231,False,False,False,False,,0,0,0,0,0,33.310009572948104,,0.3027799762743134,0.7536837499355897,0,1f6117a472ceeb12c151d081d84364b22bbdff04f20884268ea175c474069358,7d1a5b340434e118fe162fe0ddbf0f9011fbebd5c6a014298b449ee21bfe9a38
54,48654,leader2_only,belief_active,leader2_only__belief_active,False,True,1,440,440,True,True,True,1.0,0.9909134524605109,1.0147927427606482,11.281671212119766,False,False,False,True,123.99999999999723,0,0,0,0,0,38.57100141528162,1.114530421376793,0.28461292951273115,0.6601323749637231,47,1f6117a472ceeb12c151d081d84364b22bbdff04f20884268ea175c474069358,b4d11542654f87de373823aa46edae349809d38938f94bb5a53191b755628d85
54,48654,both_leaders,fixed_s_turn,both_leaders__fixed_s_turn,True,True,2,440,880,False,False,False,0.0,0.5220646381867484,397.81872001795267,13.617890238177203,False,False,False,False,,0,0,0,0,0,16.139080816943906,,0.3027799762743134,1.0898558750050142,0,1f6117a472ceeb12c151d081d84364b22bbdff04f20884268ea175c474069358,022e2284d8f08f2561839d288b579ba50a748acbe022f4d206144102b24a8875
54,48654,both_leaders,belief_active,both_leaders__belief_active,True,True,2,440,880,True,True,True,1.0,0.5662338294562222,0.5780175356446222,3.085467611410987,True,False,False,True,93.99999999999893,0,0,0,0,0,12.10609625232868,0.8142412292905874,0.2597079439313028,0.8010314999846742,32,1f6117a472ceeb12c151d081d84364b22bbdff04f20884268ea175c474069358,457d7f7bc2598e632bab9d68e765b6adab49e5f1a36f8cedbe00c99bc9ed7b99
55,48655,leader1_only,fixed_s_turn,leader1_only__fixed_s_turn,True,False,1,440,440,False,False,False,0.0,1.5109604534765833,202.13570443104106,15.432527462443787,False,False,False,False,,0,0,0,0,0,57.62516936149947,,0.26615152003972603,0.5123748329933733,0,9ce0b91d672ab6014c4b37e0ad9406e11dd7ff8bf05e0a918692435c4843cf87,8f5c6c6beadd7b5a1e6df0e1349436e08f700cc86e01a8991d4470c74c011b05
55,48655,leader1_only,belief_active,leader1_only__belief_active,True,False,1,440,440,True,True,True,1.0,1.7413730573869957,1.9009029435418245,2.162819743046813,True,False,False,True,95.99999999999882,0,0,0,0,0,57.35896327565952,4.089296811828577,0.3198074336482858,0.31147616694215685,33,9ce0b91d672ab6014c4b37e0ad9406e11dd7ff8bf05e0a918692435c4843cf87,24a09bf7bdebfcfd9dac61a3250350c2fc861340b72fa5291807630949af5ce6
55,48655,leader2_only,fixed_s_turn,leader2_only__fixed_s_turn,False,True,1,440,440,False,False,False,0.0,0.5757819415463016,76.36741454136187,3.6170330395408827,True,False,False,True,364.00000000001427,0,0,0,0,0,77.19851696746703,1.0546647201712773,0.2550761000945489,0.5978968749986961,0,9ce0b91d672ab6014c4b37e0ad9406e11dd7ff8bf05e0a918692435c4843cf87,309e386b1f54bb1f1f164edfb58b0d3710b2d6744d61c806c45eea29d472f8c1
55,48655,leader2_only,belief_active,leader2_only__belief_active,False,True,1,440,440,True,True,True,1.0,0.21717431281128838,0.37811191881393674,6.761770884766261,True,False,False,True,123.99999999999723,0,0,0,0,0,80.07873235958766,1.3438278228939244,0.28043521869306653,0.7331290830625221,47,9ce0b91d672ab6014c4b37e0ad9406e11dd7ff8bf05e0a918692435c4843cf87,1e7b96d66fdaf8aa2fd70891773fb2bae3f9e02608d2e8610a8ecb01551dc4c2
55,48655,both_leaders,fixed_s_turn,both_leaders__fixed_s_turn,True,True,2,440,880,True,False,True,0.56,1.3763144531923666,1.353360139051659,3.1179715514192066,True,False,False,True,243.99999999999042,0,0,0,0,0,23.807088889135407,1.7476338596228038,0.20552867242814932,1.1431694170460105,0,9ce0b91d672ab6014c4b37e0ad9406e11dd7ff8bf05e0a918692435c4843cf87,af9b3396a6bc30e006348ef2b6522df1346847b37d3a05b6daaab478c599d978
55,48655,both_leaders,belief_active,both_leaders__belief_active,True,True,2,440,880,True,True,True,1.0,0.5581316964946884,0.7210841634680003,4.697094550350052,True,False,False,True,123.99999999999723,0,0,0,0,0,21.64646343936523,1.9516323918957486,0.1920719042488472,0.9021027910057455,47,9ce0b91d672ab6014c4b37e0ad9406e11dd7ff8bf05e0a918692435c4843cf87,c9851629b7e4926a9806f02ff34370328bb81fca022c1e0e6a2d81e17974c1a0
56,48656,leader1_only,fixed_s_turn,leader1_only__fixed_s_turn,True,False,1,440,440,False,False,False,0.0,1.3203660776056123,267.76488909120707,10.13047261339828,False,False,False,False,,0,0,0,0,0,10.402403048366155,,0.22885288467790568,0.6564072089968249,0,1fb41ffb51f79327fa376b5c6e4ea3b3ec6ad07e46cb4d7770b256eda1db0f84,b0fbace38b9f52e7c5d23a01e3042ce89bb4341b41e462935f10b497cd8b4c8b
56,48656,leader1_only,belief_active,leader1_only__belief_active,True,False,1,440,440,True,True,True,1.0,1.3996746506875142,1.5558443858527458,4.778797584735236,True,False,False,True,93.99999999999893,0,0,0,0,0,10.316910882555138,2.3860710130119296,0.3008428608940821,0.31277216598391533,32,1fb41ffb51f79327fa376b5c6e4ea3b3ec6ad07e46cb4d7770b256eda1db0f84,a1da62c2db2af104027dddade8a66e3d7e6f5d5e5c2e53e6a9f0d0662669d356
56,48656,leader2_only,fixed_s_turn,leader2_only__fixed_s_turn,False,True,1,440,440,False,False,False,0.0,2.619219280695122,267.76488909120707,10.667291169383057,False,False,False,False,,0,0,0,0,0,19.076612871477813,,0.22885288467790568,0.5815522499615327,0,1fb41ffb51f79327fa376b5c6e4ea3b3ec6ad07e46cb4d7770b256eda1db0f84,a678c4a315a7cc780f4ce91a1123e197743b6602e23e11188d238c1f26397d9f
56,48656,leader2_only,belief_active,leader2_only__belief_active,False,True,1,440,440,True,True,True,1.0,0.9819486195358558,1.0356710988188549,4.259818109736837,True,False,False,True,123.99999999999723,0,0,0,0,0,10.286663883463648,1.9539796128385494,0.3006582515860211,0.5921755420276895,47,1fb41ffb51f79327fa376b5c6e4ea3b3ec6ad07e46cb4d7770b256eda1db0f84,5a76b994abf848e61114602e21bfc5e985bb3f0102232b1cfc7b88774323f0d8
56,48656,both_leaders,fixed_s_turn,both_leaders__fixed_s_turn,True,True,2,440,880,False,False,False,0.0,2.087197703269944,267.76488909120707,3.026534509485631,True,False,False,False,,0,0,0,0,0,6.259114687316871,,0.22885288467790568,1.008111667004414,0,1fb41ffb51f79327fa376b5c6e4ea3b3ec6ad07e46cb4d7770b256eda1db0f84,de018499ca35be900976bf8e2aab762937e7dd4a3666c9e78a36eeed284585d5
56,48656,both_leaders,belief_active,both_leaders__belief_active,True,True,2,440,880,True,True,True,0.8,0.6163545558843393,0.6838994766101467,1.0337050581214802,True,False,False,True,93.99999999999893,0,0,0,0,0,9.505811766108483,1.9364043080587026,0.26807081467366456,1.0701198750175536,32,1fb41ffb51f79327fa376b5c6e4ea3b3ec6ad07e46cb4d7770b256eda1db0f84,a15f29e4bcab1ccd24903914b5c767cfcb8115a5f1071cf7f4e72ec547345d36
57,48657,leader1_only,fixed_s_turn,leader1_only__fixed_s_turn,True,False,1,440,440,False,False,False,0.0,8.037360140547879,280.54167091138424,50.90982076785925,False,False,False,False,,0,0,0,0,0,51.367450016665224,,0.25241645750001984,0.4225178339984268,0,a40e3c08282ab2e650affd79db1446870a7d48219ef467a504a15b4946f49473,9dfe95e50271d44abc4b999a57b82f7bf9c451df47767698ef882b3bb8951e4f
57,48657,leader1_only,belief_active,leader1_only__belief_active,True,False,1,440,440,True,True,True,1.0,3.2627350965400455,3.528607124365658,5.233251101736452,True,False,False,True,123.99999999999723,0,0,0,0,0,51.23618006936581,3.6170764406829132,0.384880343662061,0.35085733293090016,47,a40e3c08282ab2e650affd79db1446870a7d48219ef467a504a15b4946f49473,69acaac02255a0bf9a9805d460e9a0e50c0bda6855ab8688410b685d89f58915
57,48657,leader2_only,fixed_s_turn,leader2_only__fixed_s_turn,False,True,1,440,440,False,False,False,0.0,0.5608010184954719,39.105758311157636,51.735233537618896,False,False,False,True,304.0000000000006,0,0,0,0,0,51.735233537618896,0.8523798762659004,0.23249676115683665,0.8126344160409644,0,a40e3c08282ab2e650affd79db1446870a7d48219ef467a504a15b4946f49473,851407b5c47ae3335a7ca652c9495857ce71f178839edc395bdc5b4da1bfc923
57,48657,leader2_only,belief_active,leader2_only__belief_active,False,True,1,440,440,True,True,True,1.0,0.4661583652594959,0.7623243938845482,5.85260647485629,True,False,False,True,123.99999999999723,0,0,0,0,0,33.00311850458294,0.511371494472009,0.37296062600449686,0.6371115420479327,47,a40e3c08282ab2e650affd79db1446870a7d48219ef467a504a15b4946f49473,bb3d9f8f91fb0d5002eeae2826961c82fc78af7cdc7daa01fc322641d94ebe9f
57,48657,both_leaders,fixed_s_turn,both_leaders__fixed_s_turn,True,True,2,440,880,False,False,False,0.0,0.5673904052643173,39.105632314160175,9.183470520378282,False,False,False,True,304.0000000000006,0,0,0,0,0,12.574738873532329,0.7891192876295249,0.23249598316172612,1.0463049169629812,0,a40e3c08282ab2e650affd79db1446870a7d48219ef467a504a15b4946f49473,966bf95515572ba3cabaf60c07ccf4629b3ed72e9ba540f3a4c6c04705de348f
57,48657,both_leaders,belief_active,both_leaders__belief_active,True,True,2,440,880,True,True,True,1.0,0.5288045494875436,0.7865606784240918,4.755903403400901,True,False,False,True,123.99999999999723,0,0,0,0,0,12.574738873532329,0.6890947118198155,0.29412821928517685,1.1238655410706997,47,a40e3c08282ab2e650affd79db1446870a7d48219ef467a504a15b4946f49473,abd0d8aced438584221a1acb21f393fa5a58653c388467fade112e297b0e9d64
58,48658,leader1_only,fixed_s_turn,leader1_only__fixed_s_turn,True,False,1,440,440,False,False,False,0.0,0.586236383811427,169.05240865461005,29.10726354759863,False,False,False,True,364.00000000001427,0,0,0,0,0,54.9159082256444,2.9702624405900253,0.2537053959155183,0.6215035839704797,0,758d763348d5f52a55b6c33e5cefb2c8d88f4f7c738cc9f26539d2ffa992416a,1f8ac0ab34b0e2167b7bc98c67cf80ed3dc71ce24dd4176aa8091d5344d2f40f
58,48658,leader1_only,belief_active,leader1_only__belief_active,True,False,1,440,440,True,True,True,1.0,1.0032368871788733,1.0744450967695642,1.8396940821063117,True,False,False,True,93.99999999999893,0,0,0,0,0,28.03149739148603,1.222779563463963,0.30082914804981015,0.6704957500332966,32,758d763348d5f52a55b6c33e5cefb2c8d88f4f7c738cc9f26539d2ffa992416a,1afbfece7c5eb83e4bdbcf2d0e383b732b3b278cfd9bf65ba8d2b78b9b967df7
58,48658,leader2_only,fixed_s_turn,leader2_only__fixed_s_turn,False,True,1,440,440,False,False,False,0.0,1.5500874251536334,341.16111791378506,13.457980214750478,False,False,False,False,,0,0,0,0,0,24.047378757551627,,0.2719671530812198,0.647147584008053,0,758d763348d5f52a55b6c33e5cefb2c8d88f4f7c738cc9f26539d2ffa992416a,1e31eba221867bad971fc8ae8c1192e685e80391092e93aef5b94d3858d7597c
58,48658,leader2_only,belief_active,leader2_only__belief_active,False,True,1,440,440,True,True,True,1.0,0.5026151067961274,0.5766837620609768,2.8643966829683256,True,False,False,True,183.99999999999383,0,0,0,0,0,14.273758561644367,0.5306488415134613,0.4331175746251281,0.5113412090577185,77,758d763348d5f52a55b6c33e5cefb2c8d88f4f7c738cc9f26539d2ffa992416a,d6ae10fb67fb94b55e7db5d3f7154b5a7f4a04dec3ac5de75c6a99c6e5443461
58,48658,both_leaders,fixed_s_turn,both_leaders__fixed_s_turn,True,True,2,440,880,False,False,False,0.0,1.0126108487414185,26.382063836045294,2.218689713959279,True,False,False,True,304.0000000000006,0,0,0,0,0,5.883725946535634,1.0126108487414185,0.2323507934756596,1.174029125017114,0,758d763348d5f52a55b6c33e5cefb2c8d88f4f7c738cc9f26539d2ffa992416a,8af9bce9138bcc4fbd3a2229f195edac924d81db2dd907d2c3063c6a2e5e374f
58,48658,both_leaders,belief_active,both_leaders__belief_active,True,True,2,440,880,True,True,True,1.0,0.2993995913715944,0.4195216042095214,1.7802724623907729,True,False,False,True,93.99999999999893,0,0,0,0,0,3.9414264632785088,0.8767469875701487,0.2691839660849822,0.8717465419322252,32,758d763348d5f52a55b6c33e5cefb2c8d88f4f7c738cc9f26539d2ffa992416a,965fd4477dd590424226e04ec5913e46f2dc1846107639ced24fe768936c8f7c
59,48659,leader1_only,fixed_s_turn,leader1_only__fixed_s_turn,True,False,1,440,440,False,False,False,0.0,1.1729319950582573,276.2833752091912,11.011348681595706,False,False,False,False,,0,0,0,0,0,20.222648154867667,,0.23957578481795624,0.5830946250353009,0,57d9ca8118cb1fc3f261d7a33f07af68f9cd304d04cbe248078c0c241f18ee16,fc0b4829bbff29ecc2f55ec7ca4b92137e863d43554fa028f4e9c0d9468377b3
59,48659,leader1_only,belief_active,leader1_only__belief_active,True,False,1,440,440,False,False,False,0.0,0.3258620710810991,124.29918254521299,1.759967796252577,True,False,False,True,183.99999999999383,0,0,0,0,0,17.61952283738414,0.42555013541417125,0.3233730096271883,0.5655323750106618,77,57d9ca8118cb1fc3f261d7a33f07af68f9cd304d04cbe248078c0c241f18ee16,1712dfa5b12a96708ff32cd20b11ad3d7fb9a1e868572461989f07e54adf31f8
59,48659,leader2_only,fixed_s_turn,leader2_only__fixed_s_turn,False,True,1,440,440,True,False,False,0.18,0.10692948068449333,2.766327234807247,1.457100551533001,True,False,False,True,243.99999999999042,0,0,0,0,0,66.2507513335917,2.946939929715036,0.184400994741137,0.5575339579954743,0,57d9ca8118cb1fc3f261d7a33f07af68f9cd304d04cbe248078c0c241f18ee16,e7a28ba77fac06e32dda9a96967e671f7430b8586f890b51d0b7023fabf74a84
59,48659,leader2_only,belief_active,leader2_only__belief_active,False,True,1,440,440,True,True,True,1.0,0.6295352067076618,0.680877905780269,0.4260018700364741,True,False,False,True,93.99999999999893,0,0,0,0,0,66.2507513335917,0.6364173668796038,0.2512838797011376,0.7467083329102024,32,57d9ca8118cb1fc3f261d7a33f07af68f9cd304d04cbe248078c0c241f18ee16,eea032f55421156c1101022a0a746fbbdbe4a95af7f29a0b48d7944327b07af0
59,48659,both_leaders,fixed_s_turn,both_leaders__fixed_s_turn,True,True,2,440,880,True,False,False,0.18,0.2942189102224925,2.7303633831872824,2.0383754166873813,True,False,False,True,243.99999999999042,0,0,0,0,0,8.980297916922593,1.9758376154950774,0.1843248588195287,1.0450465410249308,0,57d9ca8118cb1fc3f261d7a33f07af68f9cd304d04cbe248078c0c241f18ee16,299f1282624dd1c5c283577a1bf11f39df276d4458db688bc604c1ac90fc75a3
59,48659,both_leaders,belief_active,both_leaders__belief_active,True,True,2,440,880,True,True,True,1.0,0.34136062024512087,0.3904448869066449,0.6595575503913197,True,False,False,True,93.99999999999893,0,0,0,0,0,8.980297916922593,0.39609646840580304,0.2584746025922582,0.997642416972667,32,57d9ca8118cb1fc3f261d7a33f07af68f9cd304d04cbe248078c0c241f18ee16,4ef6f65b7443a092fedc08d4270390255b916fca3fa862230a05f2bb0af4c498
60,48660,leader1_only,fixed_s_turn,leader1_only__fixed_s_turn,True,False,1,440,440,False,False,False,0.0,3.7640241910258116,408.6888556561197,20.085626046477593,False,False,False,False,,0,0,0,0,0,53.63165121925704,,0.5365003811077197,0.4376169580500573,0,2ea9d5f68a506ce75989af143bca121fb0ec1be989547012b20f3cd2cb4ce909,2e6dfff022568fa61e0b40dbbed9d10f45b684f945f06039942d91d5f1e65bfd
60,48660,leader1_only,belief_active,leader1_only__belief_active,True,False,1,440,440,True,True,True,0.8,0.40172999359723116,0.30052917048874933,4.071898198147504,True,False,False,True,243.99999999999042,0,0,0,0,0,37.49471865420721,0.43249403655709506,0.5228165559943739,0.6957652920391411,107,2ea9d5f68a506ce75989af143bca121fb0ec1be989547012b20f3cd2cb4ce909,fe32bd0ead434cb29cdfc2d0923ad6d83b286e7871ac54842f13c3650cd67a93
60,48660,leader2_only,fixed_s_turn,leader2_only__fixed_s_turn,False,True,1,440,440,False,False,False,0.0,1.9245141831652075,408.6888556561197,51.89883029682814,False,False,False,False,,0,0,0,0,0,194.83264140021572,,0.5365003811077197,0.47923908301163465,0,2ea9d5f68a506ce75989af143bca121fb0ec1be989547012b20f3cd2cb4ce909,d20a233cde6d3ba7649c7d6a2ce40f68d71a41cedb7b74974fb3699f2f6388c4
60,48660,leader2_only,belief_active,leader2_only__belief_active,False,True,1,440,440,True,True,True,0.84,0.1353446801395833,0.13143316258499918,15.23725740482025,False,False,False,True,183.99999999999383,0,0,0,0,0,194.83264140021572,0.3542843582017582,0.37862894878455017,0.6597914589801803,77,2ea9d5f68a506ce75989af143bca121fb0ec1be989547012b20f3cd2cb4ce909,7fc5e3d2786d7c65fc43502653e386cdf50490c454fb35a08a0bc40ca2c852d0
60,48660,both_leaders,fixed_s_turn,both_leaders__fixed_s_turn,True,True,2,440,880,False,False,False,0.0,1.8383714448801807,264.65222565869084,5.1878495487522995,True,False,False,True,364.00000000001427,0,0,0,0,0,6.727667432192359,2.102024266988475,0.5044643474482815,0.9585564999142662,0,2ea9d5f68a506ce75989af143bca121fb0ec1be989547012b20f3cd2cb4ce909,290118ab078c1db945e7fb311f357cdfc28ef766ffa539c15e8d7ddf1dca66fa
60,48660,both_leaders,belief_active,both_leaders__belief_active,True,True,2,440,880,True,True,True,1.0,0.5152206184017877,0.49029430411271957,0.8049280614929243,True,False,False,True,93.99999999999893,0,0,0,0,0,6.727667432192359,1.0704085358295385,0.32163636165962456,1.1151233749696985,32,2ea9d5f68a506ce75989af143bca121fb0ec1be989547012b20f3cd2cb4ce909,49a16eb3ad017bddeef738b98a7e48eac64f30c6b3bb6406c95a3ffab46b0d41
61,48661,leader1_only,fixed_s_turn,leader1_only__fixed_s_turn,True,False,1,440,440,False,False,False,0.0,1.4663695098192087,322.11949180191027,47.06620574853067,False,False,False,False,,0,0,0,0,0,164.18734729107908,,0.19484953027454735,0.4329107910161838,0,3cbfc38d27f2f4fc22cebc486cb5403d30f22026029bdcc93f35cd7909e8ef9d,e01239f4df699b8de5bbd509942348442db2de9c32904f17114c1b03aed37466
61,48661,leader1_only,belief_active,leader1_only__belief_active,True,False,1,440,440,True,True,True,1.0,0.4876975617500348,0.44448854351980055,1.3664801669682978,True,False,False,True,93.99999999999893,0,0,0,0,0,164.18734729107908,0.5912006476732526,0.2306928834727232,0.6635166249470785,32,3cbfc38d27f2f4fc22cebc486cb5403d30f22026029bdcc93f35cd7909e8ef9d,4ec8473b99214a8cbded2ee4ae79ce07662aa6a0ec8beee16d73a01b780384fb
61,48661,leader2_only,fixed_s_turn,leader2_only__fixed_s_turn,False,True,1,440,440,False,False,False,0.0,8.603030225513102,322.11949180191027,58.71040323816676,False,False,False,False,,0,0,0,0,0,163.16934123496102,,0.19484953027454735,0.56682704098057,0,3cbfc38d27f2f4fc22cebc486cb5403d30f22026029bdcc93f35cd7909e8ef9d,ef03badf2e148389aa160d74de79b771f8e9a5d7f09fc1fe237e84977a13e3da
61,48661,leader2_only,belief_active,leader2_only__belief_active,False,True,1,440,440,True,True,True,1.0,1.0746526456658165,1.0551302559780218,0.5637078281288322,True,False,False,True,93.99999999999893,0,0,0,0,0,163.19575772037396,1.326353936865531,0.28826048678218597,0.3130889170570299,32,3cbfc38d27f2f4fc22cebc486cb5403d30f22026029bdcc93f35cd7909e8ef9d,518f3898ea5729f9e398388d48503bf3e3ee24a9fced2c99d0f94f53dc53a9b7
61,48661,both_leaders,fixed_s_turn,both_leaders__fixed_s_turn,True,True,2,440,880,False,False,False,0.0,1.4677405121727236,322.11949180191027,34.66980290048549,False,False,False,False,,0,0,0,0,0,81.75835234305919,,0.19484953027454735,1.2735614590346813,0,3cbfc38d27f2f4fc22cebc486cb5403d30f22026029bdcc93f35cd7909e8ef9d,6997babf1c3814f5bfe182d3d2bd8f173f7ac4c46fa01c14024b4f4e469bea11
61,48661,both_leaders,belief_active,both_leaders__belief_active,True,True,2,440,880,True,True,True,1.0,0.6014304326977422,0.5021961593854286,1.8425642852736106,True,False,False,True,93.99999999999893,0,0,0,0,0,50.40520774631092,0.7337313723251154,0.21942053390517224,1.2744137500412762,32,3cbfc38d27f2f4fc22cebc486cb5403d30f22026029bdcc93f35cd7909e8ef9d,84ed3c2500f317e556bc8c8965f1f580a9d4093a9a7bb2a9136717770d613e69
62,48662,leader1_only,fixed_s_turn,leader1_only__fixed_s_turn,True,False,1,440,440,False,False,False,0.0,26.461839010948214,337.7384069659873,53.65942293836155,False,False,False,False,,0,0,0,0,0,65.94854625734239,,0.3329657629205236,0.7538476249901578,0,c20999e254c76ade6cd3eb83be51f3fcb7a502022ec181a955c2fe9df43dfdf5,02e3a0c718044c45c6e915006098680fb8240553e4f556984fa5b397e9d212b4
62,48662,leader1_only,belief_active,leader1_only__belief_active,True,False,1,440,440,True,True,True,1.0,1.118534091525295,1.1714342378830453,3.7329932798171366,True,False,False,True,123.99999999999723,0,0,0,0,0,53.60152938529886,1.682209334885811,0.2871991311568304,0.6273335419828072,47,c20999e254c76ade6cd3eb83be51f3fcb7a502022ec181a955c2fe9df43dfdf5,90a6685564c33c02d4073fc7a632176b393e2ea94dd4ff741ad83d70a9648430
62,48662,leader2_only,fixed_s_turn,leader2_only__fixed_s_turn,False,True,1,440,440,False,False,False,0.0,28.369100202307543,337.7384069659873,38.78715033979822,False,False,False,False,,0,0,0,0,0,93.11239942173248,,0.3329657629205236,0.7786784999771044,0,c20999e254c76ade6cd3eb83be51f3fcb7a502022ec181a955c2fe9df43dfdf5,a8f715ed96453b591eff4bcaee14a7a18a4bad612a2e0a9112eec82c9c14eb8e
62,48662,leader2_only,belief_active,leader2_only__belief_active,False,True,1,440,440,True,True,True,1.0,1.90454126314697,1.9573242057452533,3.30461978060045,True,False,False,True,123.99999999999723,0,0,0,0,0,93.11239942173248,2.768842862220021,0.32864377592290966,0.6025430830195546,47,c20999e254c76ade6cd3eb83be51f3fcb7a502022ec181a955c2fe9df43dfdf5,119e602b2ba2b76b4d122b9b5c84e80e9443e962dd655837997da02becff4c31
62,48662,both_leaders,fixed_s_turn,both_leaders__fixed_s_turn,True,True,2,440,880,False,False,False,0.0,3.3977684846112126,337.7384069659873,8.281829796547576,False,False,False,False,,0,0,0,0,0,10.092244213438208,,0.3329657629205236,1.0278240839252248,0,c20999e254c76ade6cd3eb83be51f3fcb7a502022ec181a955c2fe9df43dfdf5,741bfd1f0f1938c2d20adb452928dbc3015a947de20e4d5b21dd97ec1300169b
62,48662,both_leaders,belief_active,both_leaders__belief_active,True,True,2,440,880,True,True,True,1.0,0.5952638815968203,0.6125195843037229,1.080418593916765,True,False,False,True,93.99999999999893,0,0,0,0,0,8.101533130356541,1.7961556579770497,0.2803596635323148,0.6150833750143647,32,c20999e254c76ade6cd3eb83be51f3fcb7a502022ec181a955c2fe9df43dfdf5,71fa81366ada7d2a1c365d2230b0ac1f488e240d1b29178a8f85750e0c1697a3
63,48663,leader1_only,fixed_s_turn,leader1_only__fixed_s_turn,True,False,1,440,440,False,False,False,0.0,4.121664156037536,309.9163078173133,5.407031204271297,True,False,False,False,,0,0,0,0,0,75.03368294247,,0.3754956131653856,0.5341740000294521,0,fcf2f30d067c7975993a3d1b3f435a92077480fae840257a4a8c5bb0685e3bb4,6aa422d17f868eee630988f33efb26f9c8d1cfb9b9d7f0c5f9a0c037ecc50e7d
63,48663,leader1_only,belief_active,leader1_only__belief_active,True,False,1,440,440,True,True,True,1.0,0.590635626404478,0.5528552983702634,2.073328707780803,True,False,False,True,93.99999999999893,0,0,0,0,0,69.85726322303412,0.8522702142285733,0.27644278159473257,0.5230255420319736,32,fcf2f30d067c7975993a3d1b3f435a92077480fae840257a4a8c5bb0685e3bb4,f9a17704d2f89395c8f4e4b975fa985a3e6bca15936036ea318673735ff17068
63,48663,leader2_only,fixed_s_turn,leader2_only__fixed_s_turn,False,True,1,440,440,False,False,False,0.0,1.6177103439597895,275.7297133586172,3.173317649948059,True,False,False,True,424.0000000000279,0,0,0,0,0,34.851168290743956,1.953601049434227,0.3937552822022749,0.521448832936585,0,fcf2f30d067c7975993a3d1b3f435a92077480fae840257a4a8c5bb0685e3bb4,93a575d8f0ccae3b6692cd6f852f6fc2a244687c7f015f3d424390b642a3ac7d
63,48663,leader2_only,belief_active,leader2_only__belief_active,False,True,1,440,440,True,True,True,1.0,0.6087896156422481,0.6651214860704772,4.431257529220866,True,False,False,True,123.99999999999723,0,0,0,0,0,29.862552948588352,0.6469923821753327,0.3809508845509002,0.6660891249775887,47,fcf2f30d067c7975993a3d1b3f435a92077480fae840257a4a8c5bb0685e3bb4,9bd8ce146ccbbbc2a77766ebbf2fef427afebb268e3cabb87751ffbf2bdd630a
63,48663,both_leaders,fixed_s_turn,both_leaders__fixed_s_turn,True,True,2,440,880,False,False,False,0.0,0.8246049746541846,53.3668404019153,11.476776251613419,False,False,False,True,304.0000000000006,0,0,0,0,0,12.444243407255097,1.6417561372853793,0.32602026518551463,0.8518282920122147,0,fcf2f30d067c7975993a3d1b3f435a92077480fae840257a4a8c5bb0685e3bb4,7547805e2b92115c0c8730d2cff91a3b8f3a0def88e7858702c097fc326d653e
63,48663,both_leaders,belief_active,both_leaders__belief_active,True,True,2,440,880,True,True,True,1.0,0.28778308640173683,0.21180078641437067,2.248475465674404,True,False,False,True,93.99999999999893,0,0,0,0,0,13.91688112810177,0.9307171975306446,0.24147618308865665,1.1020416660467163,32,fcf2f30d067c7975993a3d1b3f435a92077480fae840257a4a8c5bb0685e3bb4,299f613e4b34db57f9296ad9545e7c2e01f41d4f09ba6b51b4cf99ed7a0f770b
64,48664,leader1_only,fixed_s_turn,leader1_only__fixed_s_turn,True,False,1,440,440,False,False,False,0.0,2.3844989080432604,262.56939307959755,92.62248597320553,False,False,False,False,,0,0,0,0,0,146.5111699654342,,0.22609578235006136,0.6106101250043139,0,46e0a6fa3fd5d76b797c11dc244557a4e66b636319a5fbefc36523701eaa78fc,8d93bb49650a98fad235723491be3527b6b5662787ad7b53d1582b3123ef6014
64,48664,leader1_only,belief_active,leader1_only__belief_active,True,False,1,440,440,True,True,True,1.0,0.9073897389431289,0.8328694330172867,2.919218107199522,True,False,False,True,93.99999999999893,0,0,0,0,0,146.49352877371305,1.0285333576667768,0.28915850333555293,0.6300809580134228,32,46e0a6fa3fd5d76b797c11dc244557a4e66b636319a5fbefc36523701eaa78fc,f2fe41cb0ee323d84f45180b4cd2c19b531d8a2d681696efb730f949ad8e40c7
64,48664,leader2_only,fixed_s_turn,leader2_only__fixed_s_turn,False,True,1,440,440,True,True,True,0.8,0.9285891112394493,0.8704791119562053,35.43584207981464,False,False,False,True,243.99999999999042,0,0,0,0,0,35.43584207981464,1.10842151981114,0.17364025973238964,0.3504399158991873,0,46e0a6fa3fd5d76b797c11dc244557a4e66b636319a5fbefc36523701eaa78fc,c1708f58717096e1c1eea42334c9c7cb6e4cc69d2c1dd9b8aa245c7434020d60
64,48664,leader2_only,belief_active,leader2_only__belief_active,False,True,1,440,440,True,True,True,1.0,0.35117444354876337,0.2584944281656186,12.258801615429565,False,False,False,True,123.99999999999723,0,0,0,0,0,22.732779467413238,0.4190746980718538,0.2887426268355307,0.3579267909517512,47,46e0a6fa3fd5d76b797c11dc244557a4e66b636319a5fbefc36523701eaa78fc,abff0e6ac619c4dd77aabfb60f4d9bfb39e8ac82f87928b2a49f64b28a92604b
64,48664,both_leaders,fixed_s_turn,both_leaders__fixed_s_turn,True,True,2,440,880,True,True,True,1.0,0.3006153196341253,0.3231905657276787,7.724385918918015,False,False,False,True,183.99999999999383,0,0,0,0,0,8.5667821473581,1.4714821467616284,0.15548280360132946,1.1788375000469387,0,46e0a6fa3fd5d76b797c11dc244557a4e66b636319a5fbefc36523701eaa78fc,9ab2cf38ef09d8581c62bcce8b2417808b0365538f423bfa8e125cf3541a5eb9
64,48664,both_leaders,belief_active,both_leaders__belief_active,True,True,2,440,880,True,True,True,1.0,0.4902491019464086,0.40844759761404903,1.0105837135771607,True,False,False,True,123.99999999999723,0,0,0,0,0,3.485784630104292,0.5128363497033694,0.22309809199006833,1.5644454580033198,47,46e0a6fa3fd5d76b797c11dc244557a4e66b636319a5fbefc36523701eaa78fc,5e9bcba5f1e9a3e55e97dd29b760f3c6ee23dee0bdb498161c3370429bd1a80c
65,48665,leader1_only,fixed_s_turn,leader1_only__fixed_s_turn,True,False,1,440,440,False,False,False,0.0,1.7461223150597955,364.22373901440903,7.73934695258737,False,False,False,False,,0,0,0,0,0,47.5809723195294,,0.25932349708997576,0.8375012920005247,0,153779944a2eb373d6db9ebfeda5f4f17123493bfc5fa1f33893b6c55d6e241c,fbe072ebed6988e02423bc2a549f3fc499e216b078e8341926adbb48e9758cac
65,48665,leader1_only,belief_active,leader1_only__belief_active,True,False,1,440,440,True,False,True,0.7,1.5813575567746978,1.6765474516381802,1.4702766500406526,True,False,False,True,183.99999999999383,0,0,0,0,0,47.5809723195294,1.708659626158713,0.3961062016207268,0.6700745839625597,77,153779944a2eb373d6db9ebfeda5f4f17123493bfc5fa1f33893b6c55d6e241c,b23f7c624f021029278c51687099c2a15273d72a499700842e4287997fb579d6
65,48665,leader2_only,fixed_s_turn,leader2_only__fixed_s_turn,False,True,1,440,440,False,False,False,0.0,16.756557782065624,364.22373901440903,47.97241319931347,False,False,False,False,,0,0,0,0,0,48.341695494820165,,0.25932349708997576,0.7150577920256183,0,153779944a2eb373d6db9ebfeda5f4f17123493bfc5fa1f33893b6c55d6e241c,07f1c9ec0f91927e2829e7458901880faec4789b5e80e4b5014209bd51dc534b
65,48665,leader2_only,belief_active,leader2_only__belief_active,False,True,1,440,440,True,True,True,1.0,1.761364315178437,1.6464248302686868,4.767207360520444,True,False,False,True,123.99999999999723,0,0,0,0,0,48.177531415522644,1.9111663853248828,0.35163086232324087,0.6189965000376105,47,153779944a2eb373d6db9ebfeda5f4f17123493bfc5fa1f33893b6c55d6e241c,4befa5735c8a5244d0b6b3402c1d49fbfd29a630d4e29c0a1d5310792aae230c
65,48665,both_leaders,fixed_s_turn,both_leaders__fixed_s_turn,True,True,2,440,880,False,False,False,0.0,2.303781592556268,321.3446832380786,7.904735658900629,False,False,False,True,424.0000000000279,0,0,0,0,0,38.019083444766075,2.6981179475245662,0.2910431948242483,1.3915110420202836,0,153779944a2eb373d6db9ebfeda5f4f17123493bfc5fa1f33893b6c55d6e241c,1dd29c4b4ad837d3b52a6d1f98f13b74fdeeb8c34d31b11c3a2827d4489a69a1
65,48665,both_leaders,belief_active,both_leaders__belief_active,True,True,2,440,880,True,True,True,1.0,0.8649311512634418,0.7961108654325635,2.3248712361058974,True,False,False,True,93.99999999999893,0,0,0,0,0,38.019083444766075,1.179693339769522,0.2924004620645977,1.5144655000185594,32,153779944a2eb373d6db9ebfeda5f4f17123493bfc5fa1f33893b6c55d6e241c,f8772e3a3437eb50c96886bbfcb2d44d551807bc5a8f4783c1bdd1f7636dd57f
66,48666,leader1_only,fixed_s_turn,leader1_only__fixed_s_turn,True,False,1,440,440,False,False,False,0.0,6.019156430027858,308.2102511221518,14.771906315847195,False,False,False,False,,0,0,0,0,0,28.424172212678673,,0.21724822005312466,0.8675620419671759,0,9b30e2ad17c5d869d81d262ca8e6ab2e9d75c9a6bfdf7f802bbe8582628786a8,870b8e59acad85edc66caf035d22619927c82960721c7b69f94cb7a13ff0fe2f
66,48666,leader1_only,belief_active,leader1_only__belief_active,True,False,1,440,440,True,True,True,1.0,0.412542224125961,0.518163632496751,2.0316233487819875,True,False,False,True,123.99999999999723,0,0,0,0,0,37.86568675554915,0.6261531170817759,0.2670674176048347,0.290531084057875,47,9b30e2ad17c5d869d81d262ca8e6ab2e9d75c9a6bfdf7f802bbe8582628786a8,e784455af20bc6d8203d452190ae9eaf9c4b9de9826e9e908e6a2c06ca8e1046
66,48666,leader2_only,fixed_s_turn,leader2_only__fixed_s_turn,False,True,1,440,440,False,False,False,0.0,1.2215398355405043,308.2102511221518,0.5395133468877437,True,False,False,False,,0,0,0,0,0,8.659443378288275,,0.21724822005312466,0.2842481250409037,0,9b30e2ad17c5d869d81d262ca8e6ab2e9d75c9a6bfdf7f802bbe8582628786a8,ad0aafe0c883d49c23c2cdb03ac4be6972e1626dc2d515141661f7887f58a030
66,48666,leader2_only,belief_active,leader2_only__belief_active,False,True,1,440,440,True,True,True,1.0,0.07694498507005844,0.15998811233090143,1.5753656958061086,True,False,False,True,93.99999999999893,0,0,0,0,0,8.659443378288275,0.7541111577925992,0.2829934897860632,0.6696259999880567,32,9b30e2ad17c5d869d81d262ca8e6ab2e9d75c9a6bfdf7f802bbe8582628786a8,e88f3c96211e0b19829239d3de465d998897b16f77d65e147e4f871746ebd5da
66,48666,both_leaders,fixed_s_turn,both_leaders__fixed_s_turn,True,True,2,440,880,True,False,False,0.22,0.3945677663835251,2.398248494685614,0.9048482990994001,True,False,False,True,243.99999999999042,0,0,0,0,0,1.256511327990284,1.0552752075225524,0.1767967054904201,1.1921588339610025,0,9b30e2ad17c5d869d81d262ca8e6ab2e9d75c9a6bfdf7f802bbe8582628786a8,193b4b5514f6b425906c254d455277a2345bfa6e626ff34b055f0976b0e4aa94
66,48666,both_leaders,belief_active,both_leaders__belief_active,True,True,2,440,880,True,True,True,1.0,0.11677819031568222,0.1213971067299584,0.2573674171959186,True,False,False,True,64.00000000000064,0,0,0,0,0,1.4691018551321555,0.7248509416140706,0.21875004771417705,1.2010266249999404,17,9b30e2ad17c5d869d81d262ca8e6ab2e9d75c9a6bfdf7f802bbe8582628786a8,51adc689747b51bb48cf0596c153dbe372acfaf3bff7630a3d33348ca05b5e64
67,48667,leader1_only,fixed_s_turn,leader1_only__fixed_s_turn,True,False,1,440,440,False,False,False,0.0,1.2168401124355834,112.05989901979173,3.0443708004956624,True,False,False,False,,0,0,0,0,0,30.990063759618838,,0.3945978166092476,0.5971506250789389,0,404fd60dde2a0ace5d2ec3ab9f2149a5bd726bd7a1f932a264a6f550e941be25,f5a0289321da21e62bcf40f53aaa67fa09f6af334c3589d8c618efeff90b7998
67,48667,leader1_only,belief_active,leader1_only__belief_active,True,False,1,440,440,True,True,True,1.0,1.0369924202357246,1.0667912316697736,3.2411080302215978,True,False,False,True,93.99999999999893,0,0,0,0,0,30.213843448244425,3.2650938803552556,0.3832780954387844,0.3388724160613492,32,404fd60dde2a0ace5d2ec3ab9f2149a5bd726bd7a1f932a264a6f550e941be25,c69cd26cb56f99f74e9dec590397c637bfef15d9962ef3b01847edaffe864491
67,48667,leader2_only,fixed_s_turn,leader2_only__fixed_s_turn,False,True,1,440,440,False,False,False,0.0,11.632561533341342,112.05989901979173,23.02670136900444,False,False,False,False,,0,0,0,0,0,62.91878091965239,,0.3945978166092476,0.6321698749670759,0,404fd60dde2a0ace5d2ec3ab9f2149a5bd726bd7a1f932a264a6f550e941be25,56b7cdf31772e65785f8ff330008f953c2d927de7e3fac50926d64abc67977ec
67,48667,leader2_only,belief_active,leader2_only__belief_active,False,True,1,440,440,True,True,True,1.0,1.5149015801167829,1.5879143960121052,1.5305939494479133,True,False,False,True,93.99999999999893,0,0,0,0,0,62.91878091965239,1.8556623814951023,0.2786493541838778,0.6997492909431458,32,404fd60dde2a0ace5d2ec3ab9f2149a5bd726bd7a1f932a264a6f550e941be25,9da41447823c16c405e52565d71b65b9d63edacbe80731ae754667829c6e9209
67,48667,both_leaders,fixed_s_turn,both_leaders__fixed_s_turn,True,True,2,440,880,True,True,True,1.0,1.023225365911355,0.8751434102701466,0.6039031423778172,True,False,False,True,183.99999999999383,0,0,0,0,0,1.9244028284242627,1.5199053794725224,0.24833001546214917,1.1929776669712737,0,404fd60dde2a0ace5d2ec3ab9f2149a5bd726bd7a1f932a264a6f550e941be25,55eef643e31c1f9bee10fe232c10dc3f088d8cd35fd98bf8dae322538cc9263d
67,48667,both_leaders,belief_active,both_leaders__belief_active,True,True,2,440,880,True,True,True,1.0,0.7060989629120554,0.6259454493586429,0.8370808636793545,True,False,False,True,64.00000000000064,0,0,0,0,0,2.287873202710044,0.8864739514090201,0.20602771644468112,1.2042330000549555,17,404fd60dde2a0ace5d2ec3ab9f2149a5bd726bd7a1f932a264a6f550e941be25,353e345f5601a9a2f74365fd9d48a94ac729de4d970e239f00dbe016f87332a9
68,48668,leader1_only,fixed_s_turn,leader1_only__fixed_s_turn,True,False,1,440,440,False,False,False,0.0,9.218346079720515,385.24964439033295,6.141297008539695,True,False,False,False,,0,0,0,0,0,35.57299436099246,,0.21948153990835992,0.6629495839588344,0,174b774d7ad16f1b275a3da928c35f242fee7ace533393ec66d4d4a6fbe9e25a,7966fcbf798bd15e8ca1e4fc1a113c9cbab6377d7095f8f8923b1633806ab3fa
68,48668,leader1_only,belief_active,leader1_only__belief_active,True,False,1,440,440,True,True,True,1.0,0.7046659930049588,0.892009609459319,0.6630597180506717,True,False,False,True,93.99999999999893,0,0,0,0,0,27.871418514129978,1.1536159401102892,0.2952875033571621,0.6662838340271264,32,174b774d7ad16f1b275a3da928c35f242fee7ace533393ec66d4d4a6fbe9e25a,6fba253dae40afbaa9f9de1609caa85c5f16b9a9c65522e8fbbf794944a509e3
68,48668,leader2_only,fixed_s_turn,leader2_only__fixed_s_turn,False,True,1,440,440,False,False,False,0.0,1.2630115896535183,349.10359867514785,26.213607786620027,False,False,False,True,424.0000000000279,0,0,0,0,0,36.51243507284038,1.6302152213020231,0.24251320182006328,0.6776510839117691,0,174b774d7ad16f1b275a3da928c35f242fee7ace533393ec66d4d4a6fbe9e25a,c150924c4f6c8e0d54b2119c8b1d6c71f089b2998711486102aee25caadeb063
68,48668,leader2_only,belief_active,leader2_only__belief_active,False,True,1,440,440,True,True,True,1.0,0.5881071268908141,0.8758318439528611,5.839825023223731,True,False,False,True,123.99999999999723,0,0,0,0,0,37.93254694219681,0.6501778057320154,0.3620771649331327,0.7075415420113131,47,174b774d7ad16f1b275a3da928c35f242fee7ace533393ec66d4d4a6fbe9e25a,4d14b7e5ff606ce9648ccbe7030e23fafd8928452d9ee620a4c7ba1806906ecc
68,48668,both_leaders,fixed_s_turn,both_leaders__fixed_s_turn,True,True,2,440,880,False,False,False,0.0,0.6624619716722706,21.71165817976118,3.7127014540414645,True,False,False,True,243.99999999999042,0,0,0,0,0,4.4186034891681745,1.0823839665196966,0.17755873505983982,1.2648032499710098,0,174b774d7ad16f1b275a3da928c35f242fee7ace533393ec66d4d4a6fbe9e25a,6c7165fdb106425a0e8ac1138b47fa2243cfd26d94490748eb6c6aabf0a92dbb
68,48668,both_leaders,belief_active,both_leaders__belief_active,True,True,2,440,880,True,True,True,1.0,0.40664724269802066,0.4705625530004654,1.6407809668563489,True,False,False,True,93.99999999999893,0,0,0,0,0,4.100868339269956,0.41982159777726563,0.2680249218195828,1.1552173329982907,32,174b774d7ad16f1b275a3da928c35f242fee7ace533393ec66d4d4a6fbe9e25a,c4277b5adcfea4f752032ad2bd39bde2fd8351c0df480d489681f8a896b77f44
69,48669,leader1_only,fixed_s_turn,leader1_only__fixed_s_turn,True,False,1,440,440,False,False,False,0.0,6.15821750801187,89.54944594013055,38.41887521624758,False,False,False,False,,0,0,0,0,0,63.23342508055395,,0.2800433873910359,0.6675661250483245,0,9fe6df811488681c37e8c14d1a2489e56411272e0a06da9b24d052b0dbe4f23e,ff7489b74efd75cea408960a0a5e1dd00544bd38a17601935d654aaa140cde70
69,48669,leader1_only,belief_active,leader1_only__belief_active,True,False,1,440,440,True,True,True,1.0,1.4875852418708597,1.4512501555565749,11.76455770894873,False,False,False,True,123.99999999999723,0,0,0,0,0,62.109760052632815,2.525350705142259,0.3164189728358733,0.6961352080106735,47,9fe6df811488681c37e8c14d1a2489e56411272e0a06da9b24d052b0dbe4f23e,acb3a5bbf7856308b660e1c931d515dd32ae263d68dfe820e1ff63d5c0d9c841
69,48669,leader2_only,fixed_s_turn,leader2_only__fixed_s_turn,False,True,1,440,440,True,True,True,1.0,0.40871672822497057,0.1836058406426518,5.865465722761847,True,False,False,True,243.99999999999042,0,0,0,0,0,150.050459460226,1.394435849501896,0.21749087905833614,0.46534087508916855,0,9fe6df811488681c37e8c14d1a2489e56411272e0a06da9b24d052b0dbe4f23e,83640a66d01fe67505a96489844b2b2d3f350f8d1c2c37a70c94e1100236623a
69,48669,leader2_only,belief_active,leader2_only__belief_active,False,True,1,440,440,True,True,True,1.0,0.4302254230893222,0.20167371320958064,1.7889759068582138,True,False,False,True,93.99999999999893,0,0,0,0,0,65.08922243302065,0.9488725465919677,0.3180669570278278,0.4729798339540139,32,9fe6df811488681c37e8c14d1a2489e56411272e0a06da9b24d052b0dbe4f23e,d3e9bc6a5859ee9980a24dd0a56306a66d1afbc92b0e9335d43450b2df152ad1
69,48669,both_leaders,fixed_s_turn,both_leaders__fixed_s_turn,True,True,2,440,880,True,True,True,1.0,0.6225631485203635,0.39524484518733166,1.3132498950654639,True,False,False,True,243.99999999999042,0,0,0,0,0,16.150689373387557,0.9942783730443261,0.21755286452188102,0.9533822499215603,0,9fe6df811488681c37e8c14d1a2489e56411272e0a06da9b24d052b0dbe4f23e,6c9224332829dc9907267cb77c3e91a4dc63567204261f69c5cb8ce9960302bc
69,48669,both_leaders,belief_active,both_leaders__belief_active,True,True,2,440,880,True,True,True,1.0,0.6132897720249177,0.37791893482047845,0.9023074513572789,True,False,False,True,64.00000000000064,0,0,0,0,0,24.39102418178413,0.9802586815285952,0.2240869585558247,0.9119055840419605,17,9fe6df811488681c37e8c14d1a2489e56411272e0a06da9b24d052b0dbe4f23e,28c3c42c3f768eaf3b2f8b4aeed0da47fee2119c4b5f54a848bb4c2b46c85f21
70,48670,leader1_only,fixed_s_turn,leader1_only__fixed_s_turn,True,False,1,440,440,False,False,False,0.0,1.955515128067528,361.53925759864904,94.793034291207,False,False,False,False,,0,0,0,0,0,130.87723589051689,,0.28028505100022855,0.4152768749045208,0,39c3346d71d86066e7074ee87ff229d38af5f72e11653bb0fe0cee2c94afbcc0,691c430af91bfd89f9e7dcf20c28b40d9f1ab287d6e05f697f4da92c4366229e
70,48670,leader1_only,belief_active,leader1_only__belief_active,True,False,1,440,440,True,True,True,1.0,0.17870911559736652,0.25632187691865077,35.405204203968275,False,False,False,True,123.99999999999723,0,0,0,0,0,130.87723589051689,0.2187417031789849,0.37613120962734653,0.5871601670514792,47,39c3346d71d86066e7074ee87ff229d38af5f72e11653bb0fe0cee2c94afbcc0,7c03e12fcceddce3d70f6e97049f9ef0a2d5b1124b2399ef235384e65eea6818
70,48670,leader2_only,fixed_s_turn,leader2_only__fixed_s_turn,False,True,1,440,440,False,False,False,0.0,0.8218633884111316,361.53925759864904,21.619676485078944,False,False,False,False,,0,0,0,0,0,25.351967112110213,,0.28028505100022855,0.29423487500753254,0,39c3346d71d86066e7074ee87ff229d38af5f72e11653bb0fe0cee2c94afbcc0,92c36083991b93471e14ae8c886d2a175bd98e4281f9872fd13b06ecb609f1a2
70,48670,leader2_only,belief_active,leader2_only__belief_active,False,True,1,440,440,True,True,True,1.0,0.3168773024426078,0.38411172760545575,11.317179542819664,False,False,False,True,129.9999999999969,0,0,0,0,0,18.021116991339856,0.3727827337208684,0.3615793623048257,0.38237012492027134,50,39c3346d71d86066e7074ee87ff229d38af5f72e11653bb0fe0cee2c94afbcc0,83b5c15559afdd066018b2b9be9626be91b3a4d4e0446dd17e78e627571f1ad2
70,48670,both_leaders,fixed_s_turn,both_leaders__fixed_s_turn,True,True,2,440,880,False,False,False,0.0,0.2875519498266676,39.74644717858713,1.3160406985466677,True,False,False,True,243.99999999999042,0,0,0,0,0,6.623272791127956,1.6048897637780088,0.2276261888822891,1.5887464999686927,0,39c3346d71d86066e7074ee87ff229d38af5f72e11653bb0fe0cee2c94afbcc0,527f0498e453d7563a514de9b59b80d9351115cdedeb17050981396f58d31edf
70,48670,both_leaders,belief_active,both_leaders__belief_active,True,True,2,440,880,True,True,True,1.0,0.24173887512348285,0.14278512170354063,1.5383308228994568,True,False,False,True,123.99999999999723,0,0,0,0,0,6.277505850774312,0.29679896200227907,0.29851838493523136,1.041220041923225,47,39c3346d71d86066e7074ee87ff229d38af5f72e11653bb0fe0cee2c94afbcc0,ecf116a10dbaf4000ed0aae498fbf30d408e966e0b1c28e209a0b2650c0a05b3
71,48671,leader1_only,fixed_s_turn,leader1_only__fixed_s_turn,True,False,1,440,440,False,False,False,0.0,1.3654954022006205,177.3334100525091,17.99788471788323,False,False,False,True,364.00000000001427,0,0,0,0,0,54.713573834203686,1.7359073248008288,0.246906126501761,0.5308445830596611,0,c0354251806ea375a6650dd4edc79fd563b2c6873c67e5b3e20fcf129dac3ca7,aa2984a45c81b4d5e63d304da00f4bfdc80f11da69a6b54406853f1656338df6
71,48671,leader1_only,belief_active,leader1_only__belief_active,True,False,1,440,440,True,True,True,1.0,0.5105969525168409,0.5227431141420708,19.090207266583484,False,False,False,True,123.99999999999723,0,0,0,0,0,56.16422225616412,0.516630841152803,0.33435921655186995,0.47847916604951024,47,c0354251806ea375a6650dd4edc79fd563b2c6873c67e5b3e20fcf129dac3ca7,1fa7793e6bcc5bb95d9710c79082bb84e0cf57c6b9e1c85f225e036efd89d1e0
71,48671,leader2_only,fixed_s_turn,leader2_only__fixed_s_turn,False,True,1,440,440,False,False,False,0.0,1.3899559600477454,352.106142531277,15.932931863382708,False,False,False,False,,0,0,0,0,0,23.12024315651812,,0.26196409410978716,0.3154529999010265,0,c0354251806ea375a6650dd4edc79fd563b2c6873c67e5b3e20fcf129dac3ca7,7cb0778637b8fd3aad76dbed0dfc8d1aba55a3c329c37e1701c93e2cae1e5b79
71,48671,leader2_only,belief_active,leader2_only__belief_active,False,True,1,440,440,True,True,True,1.0,2.4451347038963194,2.3783304529167983,2.099409099398704,True,False,False,True,93.99999999999893,0,0,0,0,0,30.66183223533278,3.0737763070500903,0.30120308575201965,0.6520294160582125,32,c0354251806ea375a6650dd4edc79fd563b2c6873c67e5b3e20fcf129dac3ca7,5099661920d8562fd3101fcb60c7b6d8bb1f9fc6f55dbfd646523d164b6c6a4e
71,48671,both_leaders,fixed_s_turn,both_leaders__fixed_s_turn,True,True,2,440,880,True,True,True,1.0,0.5197176244379572,0.5344887865351137,0.8403873277650816,True,False,False,True,123.99999999999723,0,0,0,0,0,11.943735455831328,1.3523753647257566,0.14828452038293505,1.1404014159925282,0,c0354251806ea375a6650dd4edc79fd563b2c6873c67e5b3e20fcf129dac3ca7,d8e7fd85e9001c0a69becaf815848a9d50bbb82726df26c9c6cde8d5e8003241
71,48671,both_leaders,belief_active,both_leaders__belief_active,True,True,2,440,880,True,True,True,1.0,0.8092321910020238,0.8031946875150279,2.044418668111417,True,False,False,True,123.99999999999723,0,0,0,0,0,11.943735455831328,0.8255734506561081,0.2778240378887241,0.5958275829907507,47,c0354251806ea375a6650dd4edc79fd563b2c6873c67e5b3e20fcf129dac3ca7,83ba323f1bbec3614c36258f0e40fa0f49b519bd99960373d01b26f25fb40182
72,48672,leader1_only,fixed_s_turn,leader1_only__fixed_s_turn,True,False,1,440,440,False,False,False,0.0,2.772871243046322,221.9765279879726,3.3246191738744746,True,False,False,False,,0,0,0,0,0,73.7647343594527,,0.20688654497812325,0.3470789579441771,0,685abe0dc4ce06ccec0729cf222fe8eee669c139ddadb96013639154418ddfe5,2003c9812439f35108a8ae49972f63af57b94d8f4a91ba0013bb6cbe0f0665e5
72,48672,leader1_only,belief_active,leader1_only__belief_active,True,False,1,440,440,True,True,True,1.0,0.24631857380278122,0.2842570066241476,2.1013827163295784,True,False,False,True,93.99999999999893,0,0,0,0,0,67.76799120698556,0.8608208147931495,0.2814575266425333,0.3517797919921577,32,685abe0dc4ce06ccec0729cf222fe8eee669c139ddadb96013639154418ddfe5,a5e3dda6c60102fc5722a36cb5833d5600e6ba5bccfb288da8a76218a3394219
72,48672,leader2_only,fixed_s_turn,leader2_only__fixed_s_turn,False,True,1,440,440,False,False,False,0.0,15.491182592704863,221.9765279879726,42.020617540791974,False,False,False,False,,0,0,0,0,0,115.12969318954724,,0.20688654497812325,0.5090863750083372,0,685abe0dc4ce06ccec0729cf222fe8eee669c139ddadb96013639154418ddfe5,a30cb37748d4399d6347fbb5053364e3871c95ecb2fa519df01252e1625cb6ac
72,48672,leader2_only,belief_active,leader2_only__belief_active,False,True,1,440,440,True,True,True,1.0,0.9613949628519067,0.9562032464275612,1.6374907210484033,True,False,False,True,93.99999999999893,0,0,0,0,0,114.75578061283588,1.7916709256420322,0.23650356608479675,0.29865420795977116,32,685abe0dc4ce06ccec0729cf222fe8eee669c139ddadb96013639154418ddfe5,e54ff3dca589334da21685bb676fd2c9adc2405e2ac7a38e39a5e56ef4cace1a
72,48672,both_leaders,fixed_s_turn,both_leaders__fixed_s_turn,True,True,2,440,880,False,False,False,0.0,0.9058509841380892,183.95416589484503,7.037341809933817,False,False,False,True,424.0000000000279,0,0,0,0,0,17.135986175095287,1.602626616176681,0.22841518958780183,0.6236998750828207,0,685abe0dc4ce06ccec0729cf222fe8eee669c139ddadb96013639154418ddfe5,76021daafc84c3b9a182f0c2a9cde99d2091e199aadca462f095d01bb7fe886b
72,48672,both_leaders,belief_active,both_leaders__belief_active,True,True,2,440,880,True,True,True,1.0,0.6699240689388823,0.6805840164104218,0.7569670552404122,True,False,False,True,93.99999999999893,0,0,0,0,0,9.035658240492545,0.6780191081684845,0.25634375298306333,0.9903422499774024,32,685abe0dc4ce06ccec0729cf222fe8eee669c139ddadb96013639154418ddfe5,8c8ec822810cb1482aa2b9dac9c7836005cc2fc3a94f97f9eaefa17b1b6f9888
73,48673,leader1_only,fixed_s_turn,leader1_only__fixed_s_turn,True,False,1,440,440,False,False,False,0.0,14.932147753136444,366.5030553903639,31.164745105044762,False,False,False,False,,0,0,0,0,0,34.51891434845891,,0.3380302346148829,1.0349761249963194,0,dc3cff6b4e0ba9b6af626f14c8b9aab2be32b87e9229eaaa619bb8ead6f02925,64037f99b3db9a1f273e16684dfc7004ad3896b4dc7c0facc4aa40df1f21142e
73,48673,leader1_only,belief_active,leader1_only__belief_active,True,False,1,440,440,True,True,True,1.0,0.6192720094459856,0.5122115133968067,1.9395950437849148,True,False,False,True,93.99999999999893,0,0,0,0,0,36.022605296427706,0.911296989720746,0.29804815320839845,0.6309031249256805,32,dc3cff6b4e0ba9b6af626f14c8b9aab2be32b87e9229eaaa619bb8ead6f02925,ec912a52836226c8956d25d3b7299cb510a4c67ad4c39543ade369cc909dd160
73,48673,leader2_only,fixed_s_turn,leader2_only__fixed_s_turn,False,True,1,440,440,False,False,False,0.0,1.7544345148638416,366.5030553903639,18.182009265403426,False,False,False,False,,0,0,0,0,0,31.760343237844012,,0.3380302346148829,0.44846462504938245,0,dc3cff6b4e0ba9b6af626f14c8b9aab2be32b87e9229eaaa619bb8ead6f02925,e84ac854c4731aa3d59c4c679cefca67ef9f4859abefa351bad43d4314a03357
73,48673,leader2_only,belief_active,leader2_only__belief_active,False,True,1,440,440,True,True,True,1.0,0.5351793512400244,0.6356721021842724,5.603786664958897,True,False,False,True,123.99999999999723,0,0,0,0,0,31.677685010668142,0.7715537357626109,0.3669550783293879,0.657231624936685,47,dc3cff6b4e0ba9b6af626f14c8b9aab2be32b87e9229eaaa619bb8ead6f02925,adbe2103560bb45029fbb8c7ca06fb233b76180a78eb19520b25951131f198ce
73,48673,both_leaders,fixed_s_turn,both_leaders__fixed_s_turn,True,True,2,440,880,False,False,False,0.0,0.7676380920379481,328.2828857237064,2.502104334685748,True,False,False,True,424.0000000000279,0,0,0,0,0,22.13111464556701,0.9805130297241266,0.3722478216689024,1.2703651670599356,0,dc3cff6b4e0ba9b6af626f14c8b9aab2be32b87e9229eaaa619bb8ead6f02925,3c73821a5bbfbfa124b8143360050f63ed96f6509c65f25118cf3f1e28a45edf
73,48673,both_leaders,belief_active,both_leaders__belief_active,True,True,2,440,880,True,True,True,1.0,0.5926608565241315,0.7100965067853752,1.2698663852128034,True,False,False,True,93.99999999999893,0,0,0,0,0,11.89401564953536,1.1088557978197424,0.24827697446925545,1.198566250037402,32,dc3cff6b4e0ba9b6af626f14c8b9aab2be32b87e9229eaaa619bb8ead6f02925,5e30d3fd21b352c0bdc31255054dafa3cb5c77a5b5c2dfd0205525a903bae21a
74,48674,leader1_only,fixed_s_turn,leader1_only__fixed_s_turn,True,False,1,440,440,False,False,False,0.0,3.3262852396497005,279.5253137021833,25.969878454041503,False,False,False,False,,0,0,0,0,0,116.62816167589365,,0.3907086925478998,0.3376831249333918,0,0fb8439a4ac3c83a8589435646e792467c33fdf589a8b24fcdd929bab7a4cabd,f8ad647a569fc13c7faf267a282f9ca8709f2e7686a814a16c2066c4927aad26
74,48674,leader1_only,belief_active,leader1_only__belief_active,True,False,1,440,440,True,True,True,1.0,0.4588744855632405,0.4630013374897142,2.595971180283965,True,False,False,True,123.99999999999723,0,0,0,0,0,116.63879072121357,0.5270345178204636,0.30801304466012486,0.9678537090076134,47,0fb8439a4ac3c83a8589435646e792467c33fdf589a8b24fcdd929bab7a4cabd,af74e8572bd2dbdf60e46e572b7820902483cb11d0ee82266d76f8a5bba9562d
74,48674,leader2_only,fixed_s_turn,leader2_only__fixed_s_turn,False,True,1,440,440,False,False,False,0.0,3.6900206705607936,279.5253137021833,39.997639758353245,False,False,False,False,,0,0,0,0,0,48.55471097233968,,0.3907086925478998,0.3166487499838695,0,0fb8439a4ac3c83a8589435646e792467c33fdf589a8b24fcdd929bab7a4cabd,b41297a3c78d18bafc7c72aeaf83d49a453898f0051f55b28c420027eba89a08
74,48674,leader2_only,belief_active,leader2_only__belief_active,False,True,1,440,440,True,True,True,1.0,0.5745280992264791,0.6701393670997848,5.845648418819445,True,False,False,True,123.99999999999723,0,0,0,0,0,65.09986985686109,0.5977771970942731,0.2769486339116903,0.3517011250369251,47,0fb8439a4ac3c83a8589435646e792467c33fdf589a8b24fcdd929bab7a4cabd,ece83aef37d38120bfc54d39d41958721bff9c8b49f6c7f0f003a6af5bddab5c
74,48674,both_leaders,fixed_s_turn,both_leaders__fixed_s_turn,True,True,2,440,880,False,False,False,0.0,2.9178409925469615,279.5253137021833,1.6299310755824246,True,False,False,False,,0,0,0,0,0,3.004251745607977,,0.3907086925478998,0.9941913750953972,0,0fb8439a4ac3c83a8589435646e792467c33fdf589a8b24fcdd929bab7a4cabd,16b81634febdbcc4e63bd946bba6f1742a404914b0fd7d094d679a3e4d893ff6
74,48674,both_leaders,belief_active,both_leaders__belief_active,True,True,2,440,880,True,True,True,1.0,0.7568515691778703,0.656571007312401,2.218989489916722,True,False,False,True,93.99999999999893,0,0,0,0,0,5.024426405410356,0.9260534771740606,0.39269910795048163,1.1563901249319315,32,0fb8439a4ac3c83a8589435646e792467c33fdf589a8b24fcdd929bab7a4cabd,d71dd0dc89687b607846989360882a3de4e56f9ee708aa900304f67493fb4bd1
75,48675,leader1_only,fixed_s_turn,leader1_only__fixed_s_turn,True,False,1,440,440,False,False,False,0.0,16.41284843880705,282.2008194914671,131.27252148203334,False,False,False,False,,0,0,0,0,0,131.28595581788403,,0.46469192030294393,0.7706338339485228,0,ce1fa509774e1a55f169c505927d6f415b6290226cc651db7d6d0a4f60104975,fa8d19af893492f074a97ceae78989cea9d660ebba286f8719bd6e73e075d246
75,48675,leader1_only,belief_active,leader1_only__belief_active,True,False,1,440,440,True,True,True,1.0,0.7204901471902558,0.7842556679404676,5.181530300436215,True,False,False,True,123.99999999999723,0,0,0,0,0,131.2912168831578,0.8636028798418557,0.4375938715813232,0.6188227089587599,47,ce1fa509774e1a55f169c505927d6f415b6290226cc651db7d6d0a4f60104975,201aa02f3a152fe6d987083abe3f2ff4fc1631ea231ab73577fa67047e6d496b
75,48675,leader2_only,fixed_s_turn,leader2_only__fixed_s_turn,False,True,1,440,440,False,False,False,0.0,4.607552242792313,282.2008194914671,13.887870371670392,False,False,False,False,,0,0,0,0,0,35.850023566090805,,0.46469192030294393,0.3580907080322504,0,ce1fa509774e1a55f169c505927d6f415b6290226cc651db7d6d0a4f60104975,0b9df9f0656c6a0decaa31e77053b43e2968dda1f5371e88587903cb674fe67a
75,48675,leader2_only,belief_active,leader2_only__belief_active,False,True,1,440,440,True,True,True,1.0,0.10262225815308111,0.2343574388609517,2.2888978907771254,True,False,False,True,123.99999999999723,0,0,0,0,0,35.850023566090805,0.2865314463980441,0.33892486547803413,0.3383617919171229,47,ce1fa509774e1a55f169c505927d6f415b6290226cc651db7d6d0a4f60104975,5f7c7fb10cdfa68aa8b08c8d71a4901cb59d0166006d58ba6bbd83a823823f44
75,48675,both_leaders,fixed_s_turn,both_leaders__fixed_s_turn,True,True,2,440,880,False,False,False,0.0,0.9720113838570089,282.2008194914671,2.61801613804222,True,False,False,False,,0,0,0,0,0,4.478281050547646,,0.46469192030294393,0.6683691670186818,0,ce1fa509774e1a55f169c505927d6f415b6290226cc651db7d6d0a4f60104975,ae1be1cb347ccca47c20c2a790201746f03f119baefa25684450c1bfc8024275
75,48675,both_leaders,belief_active,both_leaders__belief_active,True,True,2,440,880,True,True,True,1.0,0.29778118217260274,0.44198626278549075,2.6338459147165185,True,False,False,True,123.99999999999723,0,0,0,0,0,4.469354366934626,0.3820476840250079,0.308156081881251,1.0167647079797462,47,ce1fa509774e1a55f169c505927d6f415b6290226cc651db7d6d0a4f60104975,5092540caa0d0f6ce1f43d60fb22e35c50b81353603af22c3282763f289a7772
76,48676,leader1_only,fixed_s_turn,leader1_only__fixed_s_turn,True,False,1,440,440,False,False,False,0.0,2.354972334815186,199.5141150801627,18.678168087965656,False,False,False,False,,0,0,0,0,0,48.0940184431302,,0.2820930612913739,0.6926297909813002,0,1577c8199608a008410a7a33f0f45601dcb11f3b9cb1916bc8bdba3978a0412b,cfa669719a702d670f8544851de82cc45e9db1ea93048682ec12f3129902990b
76,48676,leader1_only,belief_active,leader1_only__belief_active,True,False,1,440,440,True,True,True,1.0,1.5610844899915894,1.5522929708581852,2.1512023544470313,True,False,False,True,93.99999999999893,0,0,0,0,0,49.131418705789265,2.300493310129794,0.29156553235563826,0.6517271670745686,32,1577c8199608a008410a7a33f0f45601dcb11f3b9cb1916bc8bdba3978a0412b,f6bbe3c9d87d0234cf89e6269ab3425dd9d1902644d6c9c5a9fd8219d7c6ed0e
76,48676,leader2_only,fixed_s_turn,leader2_only__fixed_s_turn,False,True,1,440,440,False,False,False,0.0,1.1443031225149551,199.5141150801627,17.55739368694674,False,False,False,False,,0,0,0,0,0,35.99901489902528,,0.2820930612913739,0.5939920829841867,0,1577c8199608a008410a7a33f0f45601dcb11f3b9cb1916bc8bdba3978a0412b,6ff2b9e6ab0154670b1697b64bf4486681c422373b613971eba3fe7617d4ac69
76,48676,leader2_only,belief_active,leader2_only__belief_active,False,True,1,440,440,True,True,True,1.0,2.003760741244976,2.01500637086601,2.3201743777759316,True,False,False,True,93.99999999999893,0,0,0,0,0,35.99901489902528,3.1305566429111287,0.2793890234028863,0.579665333032608,32,1577c8199608a008410a7a33f0f45601dcb11f3b9cb1916bc8bdba3978a0412b,358b12bc8ad5750aebcf5ea1be1cafc4597a335b955e5218a63dff181fdb80a5
76,48676,both_leaders,fixed_s_turn,both_leaders__fixed_s_turn,True,True,2,440,880,True,False,True,0.64,0.5622189454834159,0.5642215581917225,1.553039740172289,True,False,False,True,243.99999999999042,0,0,0,0,0,5.602784293924777,1.7671330015454605,0.2304775902240492,0.8407801249995828,0,1577c8199608a008410a7a33f0f45601dcb11f3b9cb1916bc8bdba3978a0412b,9ceba47269c8c8fac9cc05e56cf162550cada8268ff2f043f78abcd0efa1850c
76,48676,both_leaders,belief_active,both_leaders__belief_active,True,True,2,440,880,True,True,True,1.0,0.9073148785848135,0.944821720523014,0.9692915631577119,True,False,False,True,93.99999999999893,0,0,0,0,0,5.600908949199515,1.1085569826617327,0.18812994760810403,0.9569843329954892,32,1577c8199608a008410a7a33f0f45601dcb11f3b9cb1916bc8bdba3978a0412b,fb3d0fad2fb8afdabad11c2960845b3c10e0e70169d0fdf7671353193dae99c2
77,48677,leader1_only,fixed_s_turn,leader1_only__fixed_s_turn,True,False,1,440,440,False,False,False,0.0,1.7730949203529722,147.7608075203915,17.94103001852435,False,False,False,False,,0,0,0,0,0,51.61588964257677,,0.3117388797995464,0.3475763750029728,0,7e4133e6e45d9cb9d9ce82c42e82aeb28f65c490761ffd8645984f3c8027f5d1,e41bd454ffddc2b3d049ec6420bfc25297f7eb102b11bd4853b0b1200b3261ec
77,48677,leader1_only,belief_active,leader1_only__belief_active,True,False,1,440,440,True,True,True,1.0,1.011772594464647,1.0944644396148915,6.625748951386712,True,False,False,True,123.99999999999723,0,0,0,0,0,48.06506139214202,1.768895755165437,0.26165441610685924,0.31550741696264595,47,7e4133e6e45d9cb9d9ce82c42e82aeb28f65c490761ffd8645984f3c8027f5d1,4cae1bff3b2d57c898d5e6da64db29ef58cd151d8a399e2c1ad53b1bc58430d0
77,48677,leader2_only,fixed_s_turn,leader2_only__fixed_s_turn,False,True,1,440,440,False,False,False,0.0,0.44495393642963343,147.7608075203915,70.3269976945834,False,False,False,False,,0,0,0,0,0,79.54098624698621,,0.3117388797995464,0.39433337503578514,0,7e4133e6e45d9cb9d9ce82c42e82aeb28f65c490761ffd8645984f3c8027f5d1,d69164913d90b58ef85f9b1252b1f6911a47ec2c75d39d5eb5bb48cd513936b1
77,48677,leader2_only,belief_active,leader2_only__belief_active,False,True,1,440,440,True,True,True,1.0,0.5844522569979833,0.5642445526968247,8.926299126230454,False,False,False,True,123.99999999999723,0,0,0,0,0,79.58173129008225,3.4913750073812184,0.3404633318740289,0.30052187491673976,47,7e4133e6e45d9cb9d9ce82c42e82aeb28f65c490761ffd8645984f3c8027f5d1,4b5e4c0662235ba2217d496c04fff34672870b9b53c380658852064a20bd93bb
77,48677,both_leaders,fixed_s_turn,both_leaders__fixed_s_turn,True,True,2,440,880,False,False,False,0.0,0.46059874162890957,23.248799966734918,13.29224233467515,False,False,False,True,364.00000000001427,0,0,0,0,0,16.346334440948393,1.3820960964981177,0.2965177378768602,0.7861982499016449,0,7e4133e6e45d9cb9d9ce82c42e82aeb28f65c490761ffd8645984f3c8027f5d1,1c6784efe5d79806045350d7d88facdb473b316dd42b92932ad30d42def07ae4
77,48677,both_leaders,belief_active,both_leaders__belief_active,True,True,2,440,880,True,True,True,1.0,0.28134579994953435,0.17415000533626082,1.4265333369553603,True,False,False,True,93.99999999999893,0,0,0,0,0,5.310769204240942,1.922798827937382,0.17797191605389148,0.8183524589985609,32,7e4133e6e45d9cb9d9ce82c42e82aeb28f65c490761ffd8645984f3c8027f5d1,cbda392af1a97c14e1211c0b08b21cbe2ecaceddc5cac9e7878b987780562529
78,48678,leader1_only,fixed_s_turn,leader1_only__fixed_s_turn,True,False,1,440,440,True,False,True,0.74,0.5633970627830863,0.4202243863368265,2.4173867049045294,True,False,False,True,183.99999999999383,0,0,0,0,0,4.373564301924636,0.8624002090461559,0.17262154672936983,0.4946966660209,0,7d169e9ae8b7af06078ff64e97b1508a50d83359711379aee1f46de44fec39f5,29c9243d97d3e748d020d2151fc30cfd3810436ef2b360c5c49a91ae6f31b06d
78,48678,leader1_only,belief_active,leader1_only__belief_active,True,False,1,440,440,True,True,True,1.0,0.6585696684241092,0.7491953411096673,0.4104464374479618,True,False,False,True,64.00000000000064,0,0,0,0,0,3.2673901083984713,0.8214823467124296,0.2913410011398891,0.640665040933527,17,7d169e9ae8b7af06078ff64e97b1508a50d83359711379aee1f46de44fec39f5,11c01c4f041affed1c1513828760883bedb924dd284166c7a9b919151d1895b2
78,48678,leader2_only,fixed_s_turn,leader2_only__fixed_s_turn,False,True,1,440,440,False,False,False,0.0,1.1242723573910123,307.10065788177036,1.181186421140768,True,False,False,False,,0,0,0,0,0,73.40927782076552,,0.28786301979280704,0.5947686249855906,0,7d169e9ae8b7af06078ff64e97b1508a50d83359711379aee1f46de44fec39f5,c8db42b94d7f38426411673f23f7205d6256ee4483fa53b002fbdacf759109ef
78,48678,leader2_only,belief_active,leader2_only__belief_active,False,True,1,440,440,True,True,True,1.0,0.35624350477843086,0.485633207421158,7.166900712479083,False,False,False,True,123.99999999999723,0,0,0,0,0,59.165134636725824,0.514774673203951,0.3134824536619139,0.5880301259458065,47,7d169e9ae8b7af06078ff64e97b1508a50d83359711379aee1f46de44fec39f5,51235c797a32010de55da6be5f9358b98b5972587f2285a6443e875bd87ca54e
78,48678,both_leaders,fixed_s_turn,both_leaders__fixed_s_turn,True,True,2,440,880,True,True,True,1.0,1.0805329331433908,0.9006582117692212,1.021309865426426,True,False,False,True,93.99999999999893,0,0,0,0,0,3.044699839136803,2.0325342945762235,0.13452189420039026,1.0237902500666678,0,7d169e9ae8b7af06078ff64e97b1508a50d83359711379aee1f46de44fec39f5,66c67b19a77b69252f278bd5e261ce452d7ed8acc4a0864b71b4a2663fbf3847
78,48678,both_leaders,belief_active,both_leaders__belief_active,True,True,2,440,880,True,True,True,1.0,0.7144952338530527,0.9104225028489736,0.4591990156433501,True,False,False,True,64.00000000000064,0,0,0,0,0,2.238680936003559,0.9884232322635902,0.2468230431425598,0.5931472909869626,17,7d169e9ae8b7af06078ff64e97b1508a50d83359711379aee1f46de44fec39f5,5734bdc46e68ccc0e62cab2cf5ce11b44047f5fb353014dc61a99e2ada9338a7
79,48679,leader1_only,fixed_s_turn,leader1_only__fixed_s_turn,True,False,1,440,440,False,False,False,0.0,0.5919666462306032,222.7716810475505,45.868564021945694,False,False,False,False,,0,0,0,0,0,83.02146442698215,,0.47692059701317724,0.32702879095450044,0,c312ea7afede8f92a60bbbfe13e8a85e0dee8bc92e32adb296681c5e029bb447,5f0e3e307a91fa61285b3c24cb0f8a2d725e1318b66460f077669e5db0c5c495
79,48679,leader1_only,belief_active,leader1_only__belief_active,True,False,1,440,440,True,True,True,1.0,0.8630530860600452,0.8339505815012753,2.6628180891496727,True,False,False,True,93.99999999999893,0,0,0,0,0,70.50398673725677,1.4100897693532082,0.28511273972523754,0.3786978750722483,32,c312ea7afede8f92a60bbbfe13e8a85e0dee8bc92e32adb296681c5e029bb447,4982a8d8263af1eecce62dd4b70108ba418e1d9a2a5c7113ce7275ee66dd848b
79,48679,leader2_only,fixed_s_turn,leader2_only__fixed_s_turn,False,True,1,440,440,False,False,False,0.0,19.999802130569456,222.7716810475505,69.71313688374443,False,False,False,False,,0,0,0,0,0,72.01904172074707,,0.47692059701317724,0.4413021249929443,0,c312ea7afede8f92a60bbbfe13e8a85e0dee8bc92e32adb296681c5e029bb447,70c62cf0e1bcaafaad8645c88c97cb3c1ce4ba0489bfd2281241c729bc149ae3
79,48679,leader2_only,belief_active,leader2_only__belief_active,False,True,1,440,440,True,True,True,1.0,1.1489742349843424,1.1719775469352527,6.267643797360758,True,False,False,True,125.99999999999712,0,0,0,0,0,71.34942345476932,1.4513021319797628,0.3505318409217194,0.40921412501484156,48,c312ea7afede8f92a60bbbfe13e8a85e0dee8bc92e32adb296681c5e029bb447,833a9cb6b8239d446bbcfe9d7685087f1370992e127a9b97966155b81041fd98
79,48679,both_leaders,fixed_s_turn,both_leaders__fixed_s_turn,True,True,2,440,880,False,False,False,0.0,0.34717786235902504,210.20640430994263,28.1659668345765,False,False,False,True,424.0000000000279,0,0,0,0,0,32.89035191444362,0.7091322956599413,0.48647545804030906,0.587101582903415,0,c312ea7afede8f92a60bbbfe13e8a85e0dee8bc92e32adb296681c5e029bb447,b7a590243b12a470b2fb9a4adaecdcbf8cd404a2bdabf517d32cc098df1987bd
79,48679,both_leaders,belief_active,both_leaders__belief_active,True,True,2,440,880,True,True,True,1.0,0.41552276640627017,0.42435884210406083,1.3052794006941753,True,False,False,True,183.99999999999383,0,0,0,0,0,27.30141631993893,0.5534976658280214,0.35313372458329345,0.6963021249976009,77,c312ea7afede8f92a60bbbfe13e8a85e0dee8bc92e32adb296681c5e029bb447,ebee895c04fc02c674a2cd02b40ab27623e68558e35f16488956eaf723eeb3b8
80,48680,leader1_only,fixed_s_turn,leader1_only__fixed_s_turn,True,False,1,440,440,False,False,False,0.0,4.928659668137559,321.7264079920589,26.212597571536858,False,False,False,False,,0,0,0,0,0,37.82730772843552,,0.47428503343154566,0.5940471669891849,0,ad61ff61947cf3ed63959b21d0b4736b828396ddd991c49a9ba2fd8f2cc89876,3a55c1c61c1a46bf06a2d185c2aaf5ccf9e0c674d8241ed580c12a60cc49d6a3
80,48680,leader1_only,belief_active,leader1_only__belief_active,True,False,1,440,440,True,True,True,1.0,0.6345640730646195,0.5793143121667698,5.028134597061513,True,False,False,True,123.99999999999723,0,0,0,0,0,35.34805035268038,0.8225791190856324,0.26984083091104416,0.6264442090177909,47,ad61ff61947cf3ed63959b21d0b4736b828396ddd991c49a9ba2fd8f2cc89876,a061d96bb051a15967a746952ca2710f9b28ea40d12f0820edaaa8f57364b77c
80,48680,leader2_only,fixed_s_turn,leader2_only__fixed_s_turn,False,True,1,440,440,False,False,False,0.0,4.409266683904972,321.7264079920589,101.89471520204859,False,False,False,False,,0,0,0,0,0,137.01279436008207,,0.47428503343154566,0.32253516698256135,0,ad61ff61947cf3ed63959b21d0b4736b828396ddd991c49a9ba2fd8f2cc89876,a87f62c2a99e2c9bded7376b6a7ae3d070cecc39ca45f6047e3522bac6cfde66
80,48680,leader2_only,belief_active,leader2_only__belief_active,False,True,1,440,440,False,False,False,0.0,1.5950946261458203,53.51534400510645,4.1195179653867005,True,False,False,True,183.99999999999383,0,0,0,0,0,144.47843343749096,2.07521041006428,0.31828951470174355,0.3002807500306517,77,ad61ff61947cf3ed63959b21d0b4736b828396ddd991c49a9ba2fd8f2cc89876,a8769eb72beca2f7d38e6e60da8ff7faaba0d313ee208a655bc592c46346898f
80,48680,both_leaders,fixed_s_turn,both_leaders__fixed_s_turn,True,True,2,440,880,False,False,False,0.0,2.1042734778508123,321.7264079920589,13.486127734702661,False,False,False,False,,0,0,0,0,0,17.860363566198355,,0.47428503343154566,1.1506299170432612,0,ad61ff61947cf3ed63959b21d0b4736b828396ddd991c49a9ba2fd8f2cc89876,a23363b6ba9afbdf00eade67c2c47bc11ce10727c60ec748ea8a182a3b096f40
80,48680,both_leaders,belief_active,both_leaders__belief_active,True,True,2,440,880,True,True,True,1.0,1.0179862979589864,0.9953647981568895,3.4252442896734454,True,False,False,True,123.99999999999723,0,0,0,0,0,17.860363566198355,1.3565441127949298,0.2815897439675283,1.1501286249840632,47,ad61ff61947cf3ed63959b21d0b4736b828396ddd991c49a9ba2fd8f2cc89876,7d850a3d53431db4cbed64c08dc86128165c201f70d92c39b76e17076bce751e
81,48681,leader1_only,fixed_s_turn,leader1_only__fixed_s_turn,True,False,1,440,440,False,False,False,0.0,4.445943592253412,322.61017342454136,29.441489301750927,False,False,False,False,,0,0,0,0,0,82.8353163167253,,0.22967813119251454,0.6333246249705553,0,41bb0e6b8fea9faa93c0756d8d95895d64c94c28a3c6a564f859f63ef9fe2fa5,79f5fe18026dc2523687cb22496c6b7fda8758da455d2850d9cb17b8a54ac1a6
81,48681,leader1_only,belief_active,leader1_only__belief_active,True,False,1,440,440,True,True,True,1.0,1.0683863635129167,1.1762575676610332,0.563028993330993,True,False,False,True,93.99999999999893,0,0,0,0,0,82.8353163167253,1.6387322847690153,0.2722633649592373,0.542080375016667,32,41bb0e6b8fea9faa93c0756d8d95895d64c94c28a3c6a564f859f63ef9fe2fa5,a25543c04f97e14065343bc3de2b65bf59fab08ee7414c4105b12a760d70557d
81,48681,leader2_only,fixed_s_turn,leader2_only__fixed_s_turn,False,True,1,440,440,False,False,False,0.0,1.3614244853724884,188.45493793757714,8.461207294841289,False,False,False,True,364.00000000001427,0,0,0,0,0,26.280545617179992,1.6164085061993068,0.2249031921997044,0.3876186249544844,0,41bb0e6b8fea9faa93c0756d8d95895d64c94c28a3c6a564f859f63ef9fe2fa5,f93ebc524a8e5091aaf5333a2aa21bef562238215eb456a71c7035c495818ef9
81,48681,leader2_only,belief_active,leader2_only__belief_active,False,True,1,440,440,True,True,True,1.0,0.661369493116093,0.7201578526487488,1.326350662060077,True,False,False,True,93.99999999999893,0,0,0,0,0,29.30136288243529,1.4167984086615795,0.31309374568152243,0.36957704194355756,32,41bb0e6b8fea9faa93c0756d8d95895d64c94c28a3c6a564f859f63ef9fe2fa5,7e03ca685a97db0d3faaec620074168324bba1bc279c3298c2d6054ef204af36
81,48681,both_leaders,fixed_s_turn,both_leaders__fixed_s_turn,True,True,2,440,880,True,False,True,0.5,0.8573256148209009,1.017127575208753,3.193677323843573,True,False,False,True,183.99999999999383,0,0,0,0,0,6.063304777172604,0.9475945022518767,0.15898930121680574,0.6057652499293908,0,41bb0e6b8fea9faa93c0756d8d95895d64c94c28a3c6a564f859f63ef9fe2fa5,55044a3047869f19bd96bc87d3a1c5fe9b9cda7d883f62f3f578556c3d322967
81,48681,both_leaders,belief_active,both_leaders__belief_active,True,True,2,440,880,True,True,True,1.0,0.5966359420759015,0.6998938475254111,0.7268912484854377,True,False,False,True,93.99999999999893,0,0,0,0,0,3.6478385998713923,1.0116131876385765,0.24533298926964694,0.6052975419443101,32,41bb0e6b8fea9faa93c0756d8d95895d64c94c28a3c6a564f859f63ef9fe2fa5,9308e4ae43c07e4955119090dfdf17e86e108f548748ce9630bd45841446310c
82,48682,leader1_only,fixed_s_turn,leader1_only__fixed_s_turn,True,False,1,440,440,False,False,False,0.0,0.7857607894187664,383.21347760100593,28.43707799075382,False,False,False,False,,0,0,0,0,0,36.80248016404318,,0.21716853163790992,0.7302250419743359,0,7bdf4d39a6a6ee50e0429abfbd3abe55f734ec31edc9b756aca21ebebf17e7f1,a0e5e8c225c328e31caaecfbd3f4c8d305e1b169210ad7e41d1ef4f5fe81c6bd
82,48682,leader1_only,belief_active,leader1_only__belief_active,True,False,1,440,440,True,True,True,1.0,1.184986685564493,1.4036958817569503,5.6032891873164035,True,False,False,True,123.99999999999723,0,0,0,0,0,40.177570668005416,1.4838061730467862,0.3945279003930123,0.36123249994125217,47,7bdf4d39a6a6ee50e0429abfbd3abe55f734ec31edc9b756aca21ebebf17e7f1,15dd2872b03f0323879fa3e6365c754b056d2fcac03727d13188bbfc06a298a1
82,48682,leader2_only,fixed_s_turn,leader2_only__fixed_s_turn,False,True,1,440,440,False,False,False,0.0,1.8424889829502697,383.21347760100593,36.73918562239326,False,False,False,False,,0,0,0,0,0,46.74160669004658,,0.21716853163790992,0.6981671669054776,0,7bdf4d39a6a6ee50e0429abfbd3abe55f734ec31edc9b756aca21ebebf17e7f1,df2fe4fb68addeede1ca5a06e421e0203d411c884547a7bf52e0c87af85d8145
82,48682,leader2_only,belief_active,leader2_only__belief_active,False,True,1,440,440,True,True,True,1.0,0.4492745403908836,0.2709869597153933,5.59154090596732,True,False,False,True,123.99999999999723,0,0,0,0,0,40.36718356897557,2.6080362651557967,0.27779318686907917,0.33944329200312495,47,7bdf4d39a6a6ee50e0429abfbd3abe55f734ec31edc9b756aca21ebebf17e7f1,137ecb55e80d5e2cb764ab5cb345b63ed9b411c94626ac8ae3bf8eaafc420c40
82,48682,both_leaders,fixed_s_turn,both_leaders__fixed_s_turn,True,True,2,440,880,False,False,False,0.0,1.2108212269447787,344.60036847043955,10.969826435209134,False,False,False,True,424.0000000000279,0,0,0,0,0,13.834394194396406,1.2108212269447787,0.23882338117877416,0.896996625000611,0,7bdf4d39a6a6ee50e0429abfbd3abe55f734ec31edc9b756aca21ebebf17e7f1,b246ebb2bcfbbba4e3f9c3f8646a4f8cfa0f04e68287c0acf46a37aec9e32480
82,48682,both_leaders,belief_active,both_leaders__belief_active,True,True,2,440,880,True,True,True,1.0,0.2927942934111837,0.5379089889138163,5.079129759490934,True,False,False,True,93.99999999999893,0,0,0,0,0,13.48172341441125,1.980766442461815,0.2915073654331265,0.5693613750627264,32,7bdf4d39a6a6ee50e0429abfbd3abe55f734ec31edc9b756aca21ebebf17e7f1,fbd6bb2a2339ec0539f5fcbd3aa31745260d7787d1e5b1d9ceed8299dfa667b8
83,48683,leader1_only,fixed_s_turn,leader1_only__fixed_s_turn,True,False,1,440,440,False,False,False,0.0,2.913800647450886,273.5128089399337,27.288675394753636,False,False,False,False,,0,0,0,0,0,35.61826449983328,,0.2660192312086051,0.3051522088935599,0,528c23dcc1252d35e799a5054063edbfc103973be5fe356f0723d2a2e9928694,05f03097890203f7269b580cf21a327f847db7a034fda3428ec809e97461c90a
83,48683,leader1_only,belief_active,leader1_only__belief_active,True,False,1,440,440,True,True,True,1.0,0.4288623116605323,0.3067905802232902,2.777298321423118,True,False,False,True,123.99999999999723,0,0,0,0,0,35.61826449983328,0.54869393683723,0.3720123775956108,0.42460533301346004,47,528c23dcc1252d35e799a5054063edbfc103973be5fe356f0723d2a2e9928694,a03509a17b18e195441c9fc215731d096febaf5bbd870e6219eca152ba108b1e
83,48683,leader2_only,fixed_s_turn,leader2_only__fixed_s_turn,False,True,1,440,440,False,False,False,0.0,1.590437129986589,273.5128089399337,2.5360597924603066,True,False,False,False,,0,0,0,0,0,40.121593516681635,,0.2660192312086051,0.5775327089941129,0,528c23dcc1252d35e799a5054063edbfc103973be5fe356f0723d2a2e9928694,e58461a39004bb32eec896836b6e0c83ef4904bd9bab877c507e8b597b54ebe0
83,48683,leader2_only,belief_active,leader2_only__belief_active,False,True,1,440,440,True,True,True,1.0,0.59818600355808,0.5249477243697256,1.774631101525276,True,False,False,True,93.99999999999893,0,0,0,0,0,17.722756624207058,0.7121198253204908,0.30523209496083153,0.4856177920009941,32,528c23dcc1252d35e799a5054063edbfc103973be5fe356f0723d2a2e9928694,31b1c5242585402dafa7f022f12844c60e6732524140c5237ca8cc8cfd64ed52
83,48683,both_leaders,fixed_s_turn,both_leaders__fixed_s_turn,True,True,2,440,880,False,False,False,0.0,1.577735472588508,273.5128089399337,2.078604650367122,True,False,False,False,,0,0,0,0,0,3.5259314419728582,,0.2660192312086051,0.7521296659251675,0,528c23dcc1252d35e799a5054063edbfc103973be5fe356f0723d2a2e9928694,f1a30a786b8d74e8d9a71fa9bd0043752b27d6a0e4e18490407ade5138149658
83,48683,both_leaders,belief_active,both_leaders__belief_active,True,True,2,440,880,True,True,True,1.0,0.8643690462655467,0.779442814945973,0.937285695700197,True,False,False,True,93.99999999999893,0,0,0,0,0,2.910019858971267,1.0393853183949675,0.3077602893066197,0.8178857079474255,32,528c23dcc1252d35e799a5054063edbfc103973be5fe356f0723d2a2e9928694,dad09925a341adafc1e6969fda1c69350fd0e37707644262796831ee9ae75a06
84,48684,leader1_only,fixed_s_turn,leader1_only__fixed_s_turn,True,False,1,440,440,False,False,False,0.0,26.041539107048095,142.9150125414681,178.4248292364947,False,False,False,False,,0,0,0,0,0,179.93716762119968,,0.18336643147341564,0.5786058329977095,0,cf8769ea46f843e7b683b8d75e31ecbf17dc23bad5b70c03b2d7aaf1eb370f01,2f54d75fb8560465b6b88067534c593e3273dd54b0c0045c7050a08b7238f42a
84,48684,leader1_only,belief_active,leader1_only__belief_active,True,False,1,440,440,True,True,True,1.0,0.8723996296641566,0.9389727129221255,0.3327621785442019,True,False,False,True,93.99999999999893,0,0,0,0,0,179.60104484202975,1.0611261542005224,0.2461318564273378,0.4865272919414565,32,cf8769ea46f843e7b683b8d75e31ecbf17dc23bad5b70c03b2d7aaf1eb370f01,ea666e7a233b7c9a211e2a7a4702a2b1e7aa15cdec60a43bb6ec3811b606b12c
84,48684,leader2_only,fixed_s_turn,leader2_only__fixed_s_turn,False,True,1,440,440,False,False,False,0.0,34.61185182348983,142.9150125414681,175.48466186291805,False,False,False,False,,0,0,0,0,0,175.81328659890676,,0.18336643147341564,0.7669137920020148,0,cf8769ea46f843e7b683b8d75e31ecbf17dc23bad5b70c03b2d7aaf1eb370f01,e5803a1249c9a5fb11213ab0665a1cb097373d757dce65810d053a6691f3966b
84,48684,leader2_only,belief_active,leader2_only__belief_active,False,True,1,440,440,True,True,True,1.0,2.148064146358677,2.1029749112675664,2.6606927550132897,True,False,False,True,93.99999999999893,0,0,0,0,0,176.26192048832002,3.2328413386281034,0.2847242693947139,0.2911370829679072,32,cf8769ea46f843e7b683b8d75e31ecbf17dc23bad5b70c03b2d7aaf1eb370f01,030550e254672b6e11181ccfa15d7f81deabe672391a0dbb585b3c043ff70ed8
84,48684,both_leaders,fixed_s_turn,both_leaders__fixed_s_turn,True,True,2,440,880,False,False,False,0.0,2.704397715207367,142.9150125414681,2.529678240552672,True,False,False,False,,0,0,0,0,0,12.08986804944333,,0.18336643147341564,0.9262374170357361,0,cf8769ea46f843e7b683b8d75e31ecbf17dc23bad5b70c03b2d7aaf1eb370f01,905af750e3d48dae29c7a14d3e2ca87b86dd198d9c60d62d6f75fdfa57634396
84,48684,both_leaders,belief_active,both_leaders__belief_active,True,True,2,440,880,True,True,True,1.0,0.7937865849384643,0.9308327501638728,0.3960727273071126,True,False,False,True,93.99999999999893,0,0,0,0,0,13.030434342505801,1.1534965585837642,0.24078822864817417,0.832439791993238,32,cf8769ea46f843e7b683b8d75e31ecbf17dc23bad5b70c03b2d7aaf1eb370f01,32a6bf39c15761dad3ebe1d25605aa20b0ea5a799396ff39a3a1554e893a1819
85,48685,leader1_only,fixed_s_turn,leader1_only__fixed_s_turn,True,False,1,440,440,False,False,False,0.0,1.4756409846095668,350.3685572738707,16.03080701659823,False,False,False,False,,0,0,0,0,0,65.3358127577684,,0.3053272389297339,0.7685362079646438,0,3eef8a2a8c0cc11d7c76a2cb6eabf841feff74a3d9858aaac1f444ead9540b8e,89360b0ad256dc72c373d762ca5cd2821055195ef10c1afc417b7557c3647fe8
85,48685,leader1_only,belief_active,leader1_only__belief_active,True,False,1,440,440,True,True,True,1.0,0.8770294987686236,0.8893121394387892,1.8569956164571346,True,False,False,True,93.99999999999893,0,0,0,0,0,55.962858330151874,2.0342406761368848,0.24719775567143973,0.5916310830507427,32,3eef8a2a8c0cc11d7c76a2cb6eabf841feff74a3d9858aaac1f444ead9540b8e,6676c52d5f6c7a9212ee2f8f02b6a4ba3f773e58c8b73d0217723231f26d20e4
85,48685,leader2_only,fixed_s_turn,leader2_only__fixed_s_turn,False,True,1,440,440,False,False,False,0.0,2.733481024135949,350.3685572738707,4.1767045716174245,True,False,False,False,,0,0,0,0,0,26.632279088870433,,0.3053272389297339,0.3264687090413645,0,3eef8a2a8c0cc11d7c76a2cb6eabf841feff74a3d9858aaac1f444ead9540b8e,2a5d7f32f844a4b3a2bcc3a7316cf457197a46e49019f7911ac7ba2eae4c1b70
85,48685,leader2_only,belief_active,leader2_only__belief_active,False,True,1,440,440,True,True,True,1.0,0.4578716993818371,0.535505740219025,5.391543213798739,True,False,False,True,123.99999999999723,0,0,0,0,0,37.50793109689472,0.49117987250345235,0.3028566515702194,0.31654337502550334,47,3eef8a2a8c0cc11d7c76a2cb6eabf841feff74a3d9858aaac1f444ead9540b8e,6f1832d886c6d2feaceca4dbebbef1e14bc1067f7d0f7efc2af4e4562c09936c
85,48685,both_leaders,fixed_s_turn,both_leaders__fixed_s_turn,True,True,2,440,880,False,False,False,0.0,0.7252013789237494,227.20825318067875,4.761630697938591,True,False,False,True,364.00000000001427,0,0,0,0,0,9.877325882047566,1.0088090906463312,0.34578729858664664,0.5583617499796674,0,3eef8a2a8c0cc11d7c76a2cb6eabf841feff74a3d9858aaac1f444ead9540b8e,fe7b45d62306053d5a1ce42ae9d1029571a41407e23806a52556f6039c2b2ae3
85,48685,both_leaders,belief_active,both_leaders__belief_active,True,True,2,440,880,True,True,True,1.0,1.0689017299683576,1.1856536900822978,1.3501092267530455,True,False,False,True,93.99999999999893,0,0,0,0,0,5.33585831957597,1.7132201861519831,0.25066209850688825,1.1089306670473889,32,3eef8a2a8c0cc11d7c76a2cb6eabf841feff74a3d9858aaac1f444ead9540b8e,4b38c8bc894915a88d4125cb283539f43290d03c56d77297d3a5f89bb4175892
86,48686,leader1_only,fixed_s_turn,leader1_only__fixed_s_turn,True,False,1,440,440,False,False,False,0.0,8.4812545696277,301.37402131022316,29.752666075014798,False,False,False,False,,0,0,0,0,0,94.86272122907785,,0.2629749601852736,0.3711923339869827,0,ca346df3a9fa16f11663653e4c737b4c2c8939867c2eea55690b541f497aea34,7a4fcaf84b0d523160e2819cf53b6f3605f8bb8b64498793e18806ab51f8d6c1
86,48686,leader1_only,belief_active,leader1_only__belief_active,True,False,1,440,440,False,False,False,0.0,0.14994341899670152,54.104160592932274,2.1657216180831727,True,False,False,True,183.99999999999383,0,0,0,0,0,77.71337068023433,0.2617035592189494,0.3794120705420754,0.4501654580235481,77,ca346df3a9fa16f11663653e4c737b4c2c8939867c2eea55690b541f497aea34,62999b90539bbd766d2d14614ee8257bff1029099cd270c45285ffb864ac30a0
86,48686,leader2_only,fixed_s_turn,leader2_only__fixed_s_turn,False,True,1,440,440,False,False,False,0.0,1.0778414378189736,87.10876212550062,25.564121566224017,False,False,False,True,304.0000000000006,0,0,0,0,0,28.240686014067727,1.57010756356677,0.22581686139499677,0.2849174999864772,0,ca346df3a9fa16f11663653e4c737b4c2c8939867c2eea55690b541f497aea34,13677ac22e8429016fb7b41c2bd55d2e4e45e6ee3b46f375dc5e79328fe9c5d2
86,48686,leader2_only,belief_active,leader2_only__belief_active,False,True,1,440,440,True,True,True,1.0,0.6592315031391008,0.7582124694351449,3.2403757036612792,True,False,False,True,123.99999999999723,0,0,0,0,0,34.86785665062111,0.7651978660341271,0.27691538115974434,0.34243583399802446,47,ca346df3a9fa16f11663653e4c737b4c2c8939867c2eea55690b541f497aea34,67338120705776df42c2276376d2365e346f49278b7f579b79948ad6b4f4c573
86,48686,both_leaders,fixed_s_turn,both_leaders__fixed_s_turn,True,True,2,440,880,True,True,True,1.0,0.8508103475933866,0.8405648894218044,4.5969613612372955,True,False,False,True,123.99999999999723,0,0,0,0,0,4.948081033865271,2.6617535120275173,0.15443178214451686,0.6088395420229062,0,ca346df3a9fa16f11663653e4c737b4c2c8939867c2eea55690b541f497aea34,4c43e42ca9fa33fde5a0424a9d3e24cc73bcffe4c2a4f41446edab4feaec8db6
86,48686,both_leaders,belief_active,both_leaders__belief_active,True,True,2,440,880,True,True,True,1.0,0.2297823135635802,0.1760818813508695,0.7775624119486112,True,False,False,True,64.00000000000064,0,0,0,0,0,3.3280495125191485,0.592205984866652,0.2576143576465185,0.5366439589997754,17,ca346df3a9fa16f11663653e4c737b4c2c8939867c2eea55690b541f497aea34,5f175d47ccfe9f243968434ebc13d7df2ce0c791f2d534311fa22dfd76cc66ac
87,48687,leader1_only,fixed_s_turn,leader1_only__fixed_s_turn,True,False,1,440,440,False,False,False,0.0,12.211191297222133,364.75324157590615,62.13762520144192,False,False,False,False,,0,0,0,0,0,114.9602379403883,,0.19780432740471857,1.0680496250279248,0,14f02df6bd98d1b81b7f03e722a0a1d528b272937949c5a270ddfb50b1b0b968,afde4776d3660ed1b3aaf17b98c54d625d5d0d66d3b5b52daa686fb4d2af1fcf
87,48687,leader1_only,belief_active,leader1_only__belief_active,True,False,1,440,440,True,True,True,1.0,0.21205455825551806,0.24170161115663194,1.4255049287029136,True,False,False,True,93.99999999999893,0,0,0,0,0,102.36185841948897,0.757188202480692,0.29907145361826726,0.5321222920902073,32,14f02df6bd98d1b81b7f03e722a0a1d528b272937949c5a270ddfb50b1b0b968,14b4739a742f53dc47e99cb152bd73759bf443185997388d0b8b3ed95d5a7aa1
87,48687,leader2_only,fixed_s_turn,leader2_only__fixed_s_turn,False,True,1,440,440,False,False,False,0.0,41.252291635254764,364.75324157590615,170.63889069524154,False,False,False,False,,0,0,0,0,0,219.10049658273059,,0.19780432740471857,0.5855528330430388,0,14f02df6bd98d1b81b7f03e722a0a1d528b272937949c5a270ddfb50b1b0b968,cf2f7ddade0468abf618c692bab3510f1fe923f07ca2102aceb2a12ec955c00f
87,48687,leader2_only,belief_active,leader2_only__belief_active,False,True,1,440,440,True,True,True,1.0,0.4897475450732128,0.4829050274084467,1.162620801963849,True,False,False,True,93.99999999999893,0,0,0,0,0,204.46772015707944,0.9264187326442921,0.2537371412662209,0.40464633400551975,32,14f02df6bd98d1b81b7f03e722a0a1d528b272937949c5a270ddfb50b1b0b968,6dad99a433020e8fc02ebe0260723a35a3fc4d5e7494cc1ba7a2a363e49841c6
87,48687,both_leaders,fixed_s_turn,both_leaders__fixed_s_turn,True,True,2,440,880,False,False,False,0.0,6.107182098119302,364.75324157590615,25.180099640657016,False,False,False,False,,0,0,0,0,0,57.97183217870857,,0.19780432740471857,0.9678502499591559,0,14f02df6bd98d1b81b7f03e722a0a1d528b272937949c5a270ddfb50b1b0b968,2066c0f4cb6e3dd155581198ef5dea3bc265bfcdb6ee420689da87ad46549d1e
87,48687,both_leaders,belief_active,both_leaders__belief_active,True,True,2,440,880,True,True,True,1.0,0.4291220188784226,0.47352221502507696,1.1299543841039275,True,False,False,True,93.99999999999893,0,0,0,0,0,57.97183217870857,0.5823323668848535,0.28503986527466363,0.8417088750284165,32,14f02df6bd98d1b81b7f03e722a0a1d528b272937949c5a270ddfb50b1b0b968,47cadc688113a6391dc3fbac4e62c4bfe37b82980f0307d72057a698daa6fc9e
88,48688,leader1_only,fixed_s_turn,leader1_only__fixed_s_turn,True,False,1,440,440,False,False,False,0.0,0.14991924377974108,96.9084919009865,9.760567977251505,False,False,False,True,364.00000000001427,0,0,0,0,0,10.711512555897077,1.2002381683905492,0.2914004866842721,0.6030913329450414,0,5d0b12b0c54d2da36eb8a2e242c5d462192ae19e542e872171f25f5c23fa2c9d,583ba58528ca974b34db4ae32952160844bd12fcba0e4db9c15a49f90b43bd05
88,48688,leader1_only,belief_active,leader1_only__belief_active,True,False,1,440,440,True,True,True,1.0,0.23740993012069303,0.25877950121677035,2.1710701105231056,True,False,False,True,123.99999999999723,0,0,0,0,0,10.337777572730992,0.3695863223604613,0.36779777540487246,0.5259199590655044,47,5d0b12b0c54d2da36eb8a2e242c5d462192ae19e542e872171f25f5c23fa2c9d,0157d6f7db140f3e3a4b4a5434b97a551673ad6a448d9ccba3ff7826fc6025c8
88,48688,leader2_only,fixed_s_turn,leader2_only__fixed_s_turn,False,True,1,440,440,False,False,False,0.0,2.462696944386448,231.18117435331942,6.477009947490025,True,False,False,False,,0,0,0,0,0,9.025203611036156,,0.30187880927842686,0.30883341701701283,0,5d0b12b0c54d2da36eb8a2e242c5d462192ae19e542e872171f25f5c23fa2c9d,144368a1660a0d7bea639fb0e8537a3f099a43cf2b1509fe3fe91e828b06721e
88,48688,leader2_only,belief_active,leader2_only__belief_active,False,True,1,440,440,True,True,True,1.0,0.3372932891570593,0.3542305475909686,0.2231627783246141,True,False,False,True,93.99999999999893,0,0,0,0,0,9.28578620576334,0.45277556691601384,0.33711940530384976,0.38641204207669944,32,5d0b12b0c54d2da36eb8a2e242c5d462192ae19e542e872171f25f5c23fa2c9d,1ab543f790de5c85a499dc0ef2c3077b5e82fee99b2d63f22860973f522700fa
88,48688,both_leaders,fixed_s_turn,both_leaders__fixed_s_turn,True,True,2,440,880,True,True,True,1.0,0.20370619204285856,0.16192054081340107,0.2157951042829423,True,False,False,True,183.99999999999383,0,0,0,0,0,5.346916550227311,1.1705005065844993,0.2204313775119447,0.6843236249405891,0,5d0b12b0c54d2da36eb8a2e242c5d462192ae19e542e872171f25f5c23fa2c9d,c1fe064080b3d9cb8790caa9f4bc3cc2a4093379dad57df2c052c4e5526c5042
88,48688,both_leaders,belief_active,both_leaders__belief_active,True,True,2,440,880,True,True,True,1.0,0.49758667871874573,0.4609350607952472,0.5370208980582285,True,False,False,True,93.99999999999893,0,0,0,0,0,5.346916550227311,0.5321057899468432,0.2740104583016264,0.929396832943894,32,5d0b12b0c54d2da36eb8a2e242c5d462192ae19e542e872171f25f5c23fa2c9d,e8c8a67e4217e796184ae331512062e76b86178d0b862e279965fc51f62aac3e
89,48689,leader1_only,fixed_s_turn,leader1_only__fixed_s_turn,True,False,1,440,440,True,True,True,1.0,0.44639685160991927,0.5043802549391431,2.778992687482016,True,False,False,True,243.99999999999042,0,0,0,0,0,6.440793861725475,0.7422367751867732,0.2225830470755648,0.581340542063117,0,d5427bf2c0df4f759aff6cd31294c12c28a609792a24837e52cc717aacccc8b0,87484e0ee880b7119a8149c6895bb1fcc8ad47592406193af32997592f3d1fc6
89,48689,leader1_only,belief_active,leader1_only__belief_active,True,False,1,440,440,True,True,True,1.0,0.33058506970765106,0.40099235036073516,1.1162838240743629,True,False,False,True,123.99999999999723,0,0,0,0,0,3.395044885532304,0.46574627790564094,0.2473195700807016,0.42079762497451156,47,d5427bf2c0df4f759aff6cd31294c12c28a609792a24837e52cc717aacccc8b0,0c7a2d784b894d20594862854d5b3d93894584eabee36b69dae720758f4d07e9
89,48689,leader2_only,fixed_s_turn,leader2_only__fixed_s_turn,False,True,1,440,440,False,False,False,0.0,3.3181782611798276,105.64263649643986,3.4312367117014815,True,False,False,False,,0,0,0,0,0,3.8529113188092556,,0.3090479812973098,0.7732110830256715,0,d5427bf2c0df4f759aff6cd31294c12c28a609792a24837e52cc717aacccc8b0,00d35f8e0a1fdab273236c759de61850e5e9675b348571e52dc1bf37306c3445
89,48689,leader2_only,belief_active,leader2_only__belief_active,False,True,1,440,440,True,True,True,1.0,0.2733889613084712,0.19017622689916386,1.6516983272398607,True,False,False,True,95.99999999999882,0,0,0,0,0,3.8529113188092556,0.49440710149811895,0.2574785253114963,0.3435012500267476,33,d5427bf2c0df4f759aff6cd31294c12c28a609792a24837e52cc717aacccc8b0,9c787b6963314e92536d896ec1ce92d298e8d2d4764660a9272045c6aad0315f
89,48689,both_leaders,fixed_s_turn,both_leaders__fixed_s_turn,True,True,2,440,880,True,True,True,1.0,0.6431550700255719,0.7525064914912278,0.8104130069360318,True,False,False,True,183.99999999999383,0,0,0,0,0,3.3842041432396592,2.060224937264789,0.1933066809006736,0.8084306661039591,0,d5427bf2c0df4f759aff6cd31294c12c28a609792a24837e52cc717aacccc8b0,8eafa59e44a92a6c1572fbb453f87b63fd0e044ba9fb32c4da723ab17f2853e3
89,48689,both_leaders,belief_active,both_leaders__belief_active,True,True,2,440,880,True,True,True,1.0,0.5205771126092796,0.6377705943902631,1.1670974440253874,True,False,False,True,64.00000000000064,0,0,0,0,0,3.44982504914451,0.526928508342319,0.2806238634545943,0.5724045829847455,17,d5427bf2c0df4f759aff6cd31294c12c28a609792a24837e52cc717aacccc8b0,3ce917eeabd1b5607ac7b7f6a610acf3e6a0f267f8f27a9c4f5cf68588c40d8b
90,48690,leader1_only,fixed_s_turn,leader1_only__fixed_s_turn,True,False,1,440,440,False,False,False,0.0,1.02883555903749,344.66471778370965,19.316265505607184,False,False,False,False,,0,0,0,0,0,59.73508032124081,,0.4025322266281147,0.34902883297763765,0,311071537f3b594e1eb9159623f9891b513619c9eb6e7c58538bc28f01a17589,a13bed1b6de43099cd59f8fd5f8811f933f3e43221ea094ae2ec1f15879e871b
90,48690,leader1_only,belief_active,leader1_only__belief_active,True,False,1,440,440,True,True,True,1.0,0.12239285465986915,0.041118842017153094,4.262185906217978,True,False,False,True,123.99999999999723,0,0,0,0,0,62.129981562297,0.21726794528503382,0.445409177854967,0.3598551250761375,47,311071537f3b594e1eb9159623f9891b513619c9eb6e7c58538bc28f01a17589,b79c29bff21707797234dacf9012a49a94469a65b63aa4fe1c0cb790510fad67
90,48690,leader2_only,fixed_s_turn,leader2_only__fixed_s_turn,False,True,1,440,440,False,False,False,0.0,4.449929702106587,344.66471778370965,7.200348602335749,False,False,False,False,,0,0,0,0,0,41.41611014231754,,0.4025322266281147,0.42779783299192786,0,311071537f3b594e1eb9159623f9891b513619c9eb6e7c58538bc28f01a17589,2391260f038eaf4e873f85a2b804f42b8bcd13910ea4ba5a25689581db338fbb
90,48690,leader2_only,belief_active,leader2_only__belief_active,False,True,1,440,440,True,True,True,1.0,0.33584504698476464,0.40672388967886886,7.697052430189664,False,False,False,True,123.99999999999723,0,0,0,0,0,41.41611014231754,0.38707684907099377,0.3109260675386754,0.4168133749626577,47,311071537f3b594e1eb9159623f9891b513619c9eb6e7c58538bc28f01a17589,1b61339716b01ced4a4ea5d54e29d8a07e2144a94bfad3789fa701e21e8027cf
90,48690,both_leaders,fixed_s_turn,both_leaders__fixed_s_turn,True,True,2,440,880,False,False,False,0.0,0.7413821917850733,317.9984830237282,7.380930043790649,False,False,False,True,424.0000000000279,0,0,0,0,0,8.627988184758701,1.2873431721784734,0.41960706069661396,0.5902726670028642,0,311071537f3b594e1eb9159623f9891b513619c9eb6e7c58538bc28f01a17589,a736b67d3434f8e36b6ff66340ce3a05e0332df61e46f8178dcf48401e20fd21
90,48690,both_leaders,belief_active,both_leaders__belief_active,True,True,2,440,880,True,True,True,1.0,0.2731011587896618,0.3008936661775279,2.038393675973992,True,False,False,True,123.99999999999723,0,0,0,0,0,7.500393852055828,0.27437521167297635,0.4091573812110683,0.9878561249934137,47,311071537f3b594e1eb9159623f9891b513619c9eb6e7c58538bc28f01a17589,2924aef15dacb6990df4590e5a906aeb4e5e03fa1a71dfb555b15ce297cabdd7
91,48691,leader1_only,fixed_s_turn,leader1_only__fixed_s_turn,True,False,1,440,440,False,False,False,0.0,8.996112801764255,327.4417376872432,82.98147182315356,False,False,False,False,,0,0,0,0,0,103.86090761547986,,0.391993573705363,0.3347374579170719,0,a5f0822f357258dca2054df1db64dfaa286d77cebc558e2ac158fa27d6cdbe7a,fc4ae01b24bf67c3fe95f4fc217401a179c66f6c37be921a96836f1bfeecf8de
91,48691,leader1_only,belief_active,leader1_only__belief_active,True,False,1,440,440,False,False,False,0.0,0.42398125143232546,125.41777615895009,4.6553125783760345,True,False,False,True,183.99999999999383,0,0,0,0,1,103.73638634347951,0.42398125143232546,0.3071138556197867,0.5768572080414742,77,a5f0822f357258dca2054df1db64dfaa286d77cebc558e2ac158fa27d6cdbe7a,643fac32e032169de36c1a4a89e56f1a4e39f00e44822489d94e89e05539c461
91,48691,leader2_only,fixed_s_turn,leader2_only__fixed_s_turn,False,True,1,440,440,False,False,False,0.0,4.413295964779535,327.4417376872432,53.70828356814691,False,False,False,False,,0,0,0,0,0,85.94936191031537,,0.391993573705363,0.28936691698618233,0,a5f0822f357258dca2054df1db64dfaa286d77cebc558e2ac158fa27d6cdbe7a,906e66c206e97f7b18776d20525210110b7cc58c1e1bf8d7c6dd1cc06fda94d9
91,48691,leader2_only,belief_active,leader2_only__belief_active,False,True,1,440,440,True,True,True,1.0,0.5382311522550948,0.5099098075840682,1.4593600830959634,True,False,False,True,123.99999999999723,0,0,0,0,0,120.25830304199319,0.5382311522550948,0.3443466568427172,0.319782416918315,47,a5f0822f357258dca2054df1db64dfaa286d77cebc558e2ac158fa27d6cdbe7a,460e65f5a9eeeef04cc953900c8ef2b4a5b2b0572ca18da21dd39c5137ff54a2
91,48691,both_leaders,fixed_s_turn,both_leaders__fixed_s_turn,True,True,2,440,880,False,False,False,0.0,1.7742648944900035,327.4417376872432,3.1587288552120065,True,False,False,False,,0,0,0,0,0,13.284796401350619,,0.391993573705363,0.6945732920430601,0,a5f0822f357258dca2054df1db64dfaa286d77cebc558e2ac158fa27d6cdbe7a,5eec66cb579a253318950c625fbbf9dc1e7d7d22aade1714f5817648d32033aa
91,48691,both_leaders,belief_active,both_leaders__belief_active,True,True,2,440,880,True,True,True,1.0,0.29806134938337264,0.32053081836874814,0.937834309207789,True,False,False,True,93.99999999999893,0,0,0,0,0,9.161993239290057,0.29806134938337264,0.31520626927223,0.8960113329812884,32,a5f0822f357258dca2054df1db64dfaa286d77cebc558e2ac158fa27d6cdbe7a,9f4e74bd6d2ee6d7b19afc99aa0ba1ea3f9b6f07eacebd8713261dc44d2e50d3
92,48692,leader1_only,fixed_s_turn,leader1_only__fixed_s_turn,True,False,1,440,440,False,False,False,0.0,2.0072286672331257,412.8786988085946,66.06912166897126,False,False,False,False,,0,0,0,0,0,130.34134714346285,,0.3684071587956672,0.2907800419488922,0,9d8b110eaba9ac4081b2dc58bb3b085f4406a5bcd65c45915c42627e4984a0aa,2c48066f4844eee6ff0cd73f74af121840d2245ed1c804672c4355af5960161b
92,48692,leader1_only,belief_active,leader1_only__belief_active,True,False,1,440,440,True,False,True,0.62,0.36029571335224425,0.3839271846944155,1.655422597066132,True,False,False,True,183.99999999999383,0,0,0,0,0,140.17265776883508,0.4658760617218496,0.33362338717512485,0.38189966697245836,77,9d8b110eaba9ac4081b2dc58bb3b085f4406a5bcd65c45915c42627e4984a0aa,33fb6afc0a774306b0b74e425954a7dc4635c9a8a286feec6e92e04dbcd96f76
92,48692,leader2_only,fixed_s_turn,leader2_only__fixed_s_turn,False,True,1,440,440,False,False,False,0.0,10.878589683368414,412.8786988085946,3.5308277096108056,True,False,False,False,,0,0,0,0,0,57.494886830115306,,0.3684071587956672,0.8207824999699369,0,9d8b110eaba9ac4081b2dc58bb3b085f4406a5bcd65c45915c42627e4984a0aa,d013c894c8e245f4d56f25482552372bb225deafc3f213f70a2e2771baa2697a
92,48692,leader2_only,belief_active,leader2_only__belief_active,False,True,1,440,440,True,True,True,1.0,1.3354998495658095,1.374858854142252,2.5381782772044463,True,False,False,True,93.99999999999893,0,0,0,0,0,19.1949741708139,1.9603746961620705,0.2875980938542724,0.47017791599500924,32,9d8b110eaba9ac4081b2dc58bb3b085f4406a5bcd65c45915c42627e4984a0aa,bc743aa5978474277d97d254aad8a75a47d255f696bf3bca94c2277a5fc7956c
92,48692,both_leaders,fixed_s_turn,both_leaders__fixed_s_turn,True,True,2,440,880,False,False,False,0.0,2.3213403498979246,412.8786988085946,3.8519743351517923,True,False,False,False,,0,0,0,0,0,7.888143577527482,,0.3684071587956672,1.0458048330619931,0,9d8b110eaba9ac4081b2dc58bb3b085f4406a5bcd65c45915c42627e4984a0aa,97266fb6a9d251f64a7d8cf948eb13868334558a6bcbcb9116cc9afc9695f621
92,48692,both_leaders,belief_active,both_leaders__belief_active,True,True,2,440,880,True,True,True,1.0,0.37092963423962394,0.4084734902374979,1.1603894208554961,True,False,False,True,95.99999999999882,0,0,0,0,0,6.67427579017118,0.4223026395406558,0.31388688537487236,0.6040502079995349,33,9d8b110eaba9ac4081b2dc58bb3b085f4406a5bcd65c45915c42627e4984a0aa,834d07938d5d88b45e19f1460d17896868df46bdbc6b1438eea3f90058339977
93,48693,leader1_only,fixed_s_turn,leader1_only__fixed_s_turn,True,False,1,440,440,True,True,True,1.0,0.18512316964970146,0.3764982222116712,1.5511300121716673,True,False,False,True,123.99999999999723,0,0,0,0,0,4.602710835192038,0.6327961880776369,0.1371164158442536,0.4667812919942662,0,67954e195293ab5b4471ba002a2f8dd3933295a2e46dec0ab65a07db47088f79,d2aeb37717742aef225fb3667b06f8d51b587703844adc5c226a3cd6c5a27b70
93,48693,leader1_only,belief_active,leader1_only__belief_active,True,False,1,440,440,True,True,True,1.0,0.25850412798068034,0.543064341888234,0.1397869889636886,True,False,False,True,93.99999999999893,0,0,0,0,0,6.2164857190088245,0.35290935095851594,0.2713615127351982,0.3739589579636231,32,67954e195293ab5b4471ba002a2f8dd3933295a2e46dec0ab65a07db47088f79,acfb9a46937b7ceec84925c3623ac95a7707714ef7011f2659ad7d00ba4d26c6
93,48693,leader2_only,fixed_s_turn,leader2_only__fixed_s_turn,False,True,1,440,440,False,False,False,0.0,0.4431159793625331,245.05866657771273,7.779025126323105,False,False,False,False,,0,0,0,0,0,137.29320470237653,,0.23069497608804515,0.3679661250207573,0,67954e195293ab5b4471ba002a2f8dd3933295a2e46dec0ab65a07db47088f79,b065cfe70f59ae69122760a02e75bb7dc0269c5f772f08a01c75599574a77246
93,48693,leader2_only,belief_active,leader2_only__belief_active,False,True,1,440,440,True,True,True,1.0,0.5754546509889938,0.6325978056949799,1.017687919501224,True,False,False,True,123.99999999999723,0,0,0,0,0,225.10153555181932,0.6319688239836878,0.33261162499717606,0.318413166096434,47,67954e195293ab5b4471ba002a2f8dd3933295a2e46dec0ab65a07db47088f79,2b8a0c7b4fdf1ba24c97f3d4092e104f469c0baae14443d6b85bde548b8afb69
93,48693,both_leaders,fixed_s_turn,both_leaders__fixed_s_turn,True,True,2,440,880,True,True,True,1.0,0.1859639074021809,0.37872128508754593,2.0532512832398853,True,False,False,True,123.99999999999723,0,0,0,0,0,4.595106725808652,0.6683830364218276,0.13711542320669204,0.7954230000032112,0,67954e195293ab5b4471ba002a2f8dd3933295a2e46dec0ab65a07db47088f79,97eccdd42fc44d6ffc4ae5db3be1f39bc30758d3d2c3a2b64bae60d1b6e0575f
93,48693,both_leaders,belief_active,both_leaders__belief_active,True,True,2,440,880,True,True,True,1.0,0.3261727516768709,0.3676114399495219,0.144815540275608,True,False,False,True,93.99999999999893,0,0,0,0,0,5.625000929966028,0.41783719908755584,0.2893840652266297,0.6091167500708252,32,67954e195293ab5b4471ba002a2f8dd3933295a2e46dec0ab65a07db47088f79,e013ad5a25d2a6bf9c6a0d2e85b6f3ec2314ccb4ab8543060ea153387e561ac4
94,48694,leader1_only,fixed_s_turn,leader1_only__fixed_s_turn,True,False,1,440,440,False,False,False,0.0,8.27111629675839,314.80935672648195,30.428604481863065,False,False,False,False,,0,0,0,0,0,91.88330643439225,,0.42937936065321314,0.4134294999530539,0,5f0acbb56a23d3754b201293e4dc3e1fb1f2dd75f8ad67a3ef8a5a852845fc14,a0028714d96554f00b88b8859717ee7ba976fa32853ffde096735fe8647fd800
94,48694,leader1_only,belief_active,leader1_only__belief_active,True,False,1,440,440,True,True,True,1.0,0.3772708179130223,0.482883546958384,4.169561754644938,True,False,False,True,93.99999999999893,0,0,0,0,0,91.88330643439225,3.838741103935513,0.40965620937060965,0.32100900006480515,32,5f0acbb56a23d3754b201293e4dc3e1fb1f2dd75f8ad67a3ef8a5a852845fc14,7ce321b67dd5fbd47c1f5deeb64fdebc0efb4896bc62030c11446ef48755ca98
94,48694,leader2_only,fixed_s_turn,leader2_only__fixed_s_turn,False,True,1,440,440,False,False,False,0.0,8.874576352213102,314.80935672648195,49.082738137284295,False,False,False,False,,0,0,0,0,0,57.87828236752467,,0.42937936065321314,0.28838391695171595,0,5f0acbb56a23d3754b201293e4dc3e1fb1f2dd75f8ad67a3ef8a5a852845fc14,825a30f946646177355e8d4f2817983331f0c0e96cd3f7f30457def63f6cb697
94,48694,leader2_only,belief_active,leader2_only__belief_active,False,True,1,440,440,True,True,True,1.0,0.16769916379134148,0.21210389530048984,1.6202252603463012,True,False,False,True,123.99999999999723,0,0,0,0,0,38.125455496615,0.3571265330350092,0.33759722998317704,0.4010797500377521,47,5f0acbb56a23d3754b201293e4dc3e1fb1f2dd75f8ad67a3ef8a5a852845fc14,7a8926635169fc23a41202aed8a9d033e92d51e6e3f421a722b3b092a3778274
94,48694,both_leaders,fixed_s_turn,both_leaders__fixed_s_turn,True,True,2,440,880,False,False,False,0.0,0.6747940427768063,48.10340951868444,2.664870934737465,True,False,False,True,304.0000000000006,0,0,0,0,0,4.739150338949306,1.5629815005198937,0.3456761391689111,0.5769020840525627,0,5f0acbb56a23d3754b201293e4dc3e1fb1f2dd75f8ad67a3ef8a5a852845fc14,57df2acd3fdc9dd5e5daf5c05528057d48f6b63ed00d8da85a86420dc925ba99
94,48694,both_leaders,belief_active,both_leaders__belief_active,True,True,2,440,880,True,True,True,1.0,0.3310946098463323,0.420802712446833,3.2970265316722784,True,False,False,True,123.99999999999723,0,0,0,0,0,4.883306415869547,0.33506475055983226,0.31940815676227097,0.645490541937761,47,5f0acbb56a23d3754b201293e4dc3e1fb1f2dd75f8ad67a3ef8a5a852845fc14,55f4c120b27452f7eb5867d48363f48d0356a8693a6023ef6d7fa491da154524
95,48695,leader1_only,fixed_s_turn,leader1_only__fixed_s_turn,True,False,1,440,440,False,False,False,0.0,1.6265004106094674,235.45218817005338,62.52122808917322,False,False,False,False,,0,0,0,0,0,98.81890919523303,,0.30406833830782254,0.29286987497471273,0,2d191386c6e491e0555522d7e5442b1790c50174799d216fe58e255ca5f69961,7da8b91cccf3e261236a91d78ad8611b8e86de026b8d751f9969c9bb480eb7f2
95,48695,leader1_only,belief_active,leader1_only__belief_active,True,False,1,440,440,True,True,True,1.0,2.0632533453025244,1.9336505240810093,1.8519647557920949,True,False,False,True,93.99999999999893,0,0,0,0,0,73.05738117386099,2.0708900557982326,0.22361906535477283,0.3814210830023512,32,2d191386c6e491e0555522d7e5442b1790c50174799d216fe58e255ca5f69961,d46dc1e21b699895da9643dbf138ac02a33fc7149a1f5c3aaf3fb16bbc10dfca
95,48695,leader2_only,fixed_s_turn,leader2_only__fixed_s_turn,False,True,1,440,440,False,False,False,0.0,0.7472377517434367,235.45218817005338,75.49126111071872,False,False,False,False,,0,0,0,0,0,94.85892619461394,,0.30406833830782254,0.30469699995592237,0,2d191386c6e491e0555522d7e5442b1790c50174799d216fe58e255ca5f69961,b96f5ac52299d445b8027ed82b079eb873e6100d213e87e21fcfd2c6f000d53c
95,48695,leader2_only,belief_active,leader2_only__belief_active,False,True,1,440,440,True,True,True,1.0,1.813029176660479,1.837494684765394,9.027851232968336,False,False,False,True,123.99999999999723,0,0,0,0,0,89.92798532368228,3.595962398253605,0.26883275816734903,0.5089553330326453,47,2d191386c6e491e0555522d7e5442b1790c50174799d216fe58e255ca5f69961,63b62a33f63af66af4ae76c89059df7a37073db36801a2e5e87d26cc769bdc13
95,48695,both_leaders,fixed_s_turn,both_leaders__fixed_s_turn,True,True,2,440,880,False,False,False,0.0,0.9438153826622537,140.95423125325618,4.551729660231173,True,False,False,True,364.00000000001427,0,0,0,0,0,21.193759541445623,1.9662441691758605,0.2794370665135149,0.569433500058949,0,2d191386c6e491e0555522d7e5442b1790c50174799d216fe58e255ca5f69961,b7990dec0b7cbb1d678b906dfb494540b6e32c545cc9c555271be2813439040d
95,48695,both_leaders,belief_active,both_leaders__belief_active,True,True,2,440,880,True,True,True,1.0,1.445858919980335,1.4513240184845138,1.7024043985839037,True,False,False,True,93.99999999999893,0,0,0,0,0,21.193759541445623,1.6719262344688257,0.22526049818892918,0.5539527500513941,32,2d191386c6e491e0555522d7e5442b1790c50174799d216fe58e255ca5f69961,950d5c2ef01767bc584004b9f6ec68cc74acffd2b840ce8a713f780df631d583
96,48696,leader1_only,fixed_s_turn,leader1_only__fixed_s_turn,True,False,1,440,440,False,False,False,0.0,12.160110526766777,244.06413508977693,21.73935542682168,False,False,False,False,,0,0,0,0,0,39.91253806322905,,0.3576734012583382,0.29403424996417016,0,b976bf3a358d44395236e06c045a2507390938a459d7e3b913647b289e6c8ee2,a88aa685c2fbad1b12bf93594f5c602c21827c2d7f0f229309fffb20b8613ac1
96,48696,leader1_only,belief_active,leader1_only__belief_active,True,False,1,440,440,True,True,True,1.0,0.4844470155265594,0.6318663315432124,1.3204297972428467,True,False,False,True,93.99999999999893,0,0,0,0,0,38.31856952545376,0.8900887085579631,0.37144033535035387,0.41828099999111146,32,b976bf3a358d44395236e06c045a2507390938a459d7e3b913647b289e6c8ee2,40bc8b1e02fb0b2b9ccf1ce2bea8e5dac4daf3fb30093e43c305f8806ff28050
96,48696,leader2_only,fixed_s_turn,leader2_only__fixed_s_turn,False,True,1,440,440,False,False,False,0.0,0.792034657103765,244.06413508977693,34.81408254389186,False,False,False,False,,0,0,0,0,0,37.953893995075425,,0.3576734012583382,0.3006639159284532,0,b976bf3a358d44395236e06c045a2507390938a459d7e3b913647b289e6c8ee2,4eeaddfa8eecf0d4660dec1da88f1632271881abd1d56a548e57e3ee0d33c6e6
96,48696,leader2_only,belief_active,leader2_only__belief_active,False,True,1,440,440,True,True,True,1.0,0.35905062850893876,0.40715055225182567,0.663853400702156,True,False,False,True,123.99999999999723,0,0,0,0,0,44.97645075829991,0.435759115194026,0.37478471864135815,0.5049580830382183,47,b976bf3a358d44395236e06c045a2507390938a459d7e3b913647b289e6c8ee2,94ea4560eb71b3d5a98010e91f565c0df9e50d592b1df3f27c9271ba4b00ce52
96,48696,both_leaders,fixed_s_turn,both_leaders__fixed_s_turn,True,True,2,440,880,False,False,False,0.0,0.5847789696378193,57.298169375138144,3.8946451312431773,True,False,False,True,364.00000000001427,0,0,0,0,0,6.171582147887381,2.199530685941489,0.3441479810201735,0.567764165927656,0,b976bf3a358d44395236e06c045a2507390938a459d7e3b913647b289e6c8ee2,19848c1f85c9264b8650223f8f8a3c3120a3b327068a9640b9b7162cf8cf3e8b
96,48696,both_leaders,belief_active,both_leaders__belief_active,True,True,2,440,880,True,True,True,1.0,0.22469594516110641,0.2965252673528104,1.9926166109433834,True,False,False,True,93.99999999999893,0,0,0,0,0,4.992280194669833,0.5619460878418808,0.3903915645620673,1.155208291951567,32,b976bf3a358d44395236e06c045a2507390938a459d7e3b913647b289e6c8ee2,433bb0cf01a29230b80defeb6010492b3a4564a26d63d1f237b57695d4e9d26f
97,48697,leader1_only,fixed_s_turn,leader1_only__fixed_s_turn,True,False,1,440,440,False,False,False,0.0,3.455380094248961,206.8225207335334,7.280182713322256,False,False,False,False,,0,0,0,0,0,17.192053122459807,,0.2251019994186767,0.3220877079293132,0,136c2edcfd95fc90c1804ba263290b19fb35481c445a79422463e3b48c3895b3,e48a31152fb0d67796797659d2bb01a3c53d828823f64dfe3015227d9abf4fd1
97,48697,leader1_only,belief_active,leader1_only__belief_active,True,False,1,440,440,True,True,True,1.0,0.8250979366967802,0.9760687142208648,3.717246775932943,True,False,False,True,123.99999999999723,0,0,0,0,0,18.877598254132764,1.2799182863224536,0.32234346454253204,0.7587066669948399,47,136c2edcfd95fc90c1804ba263290b19fb35481c445a79422463e3b48c3895b3,1c5bf4c68abbd2e5ac1c343e1c22dfccf1441d6557493cdfaeb76e2690f82804
97,48697,leader2_only,fixed_s_turn,leader2_only__fixed_s_turn,False,True,1,440,440,False,False,False,0.0,1.4782182678685873,206.8225207335334,4.677054205568073,True,False,False,False,,0,0,0,0,0,45.06001691540811,,0.2251019994186767,0.5876883330056444,0,136c2edcfd95fc90c1804ba263290b19fb35481c445a79422463e3b48c3895b3,8c9a461a9f8e9036b93145933708b9c1ed7dd97f32ea835fd8a48b69f9832e3c
97,48697,leader2_only,belief_active,leader2_only__belief_active,False,True,1,440,440,True,True,True,1.0,0.5787027034063905,0.6993572032018726,0.34884645876201903,True,False,False,True,93.99999999999893,0,0,0,0,0,21.422740960802702,1.2508546941545495,0.28367541084841785,0.35505354194901884,32,136c2edcfd95fc90c1804ba263290b19fb35481c445a79422463e3b48c3895b3,8b75aa97536f948240a4597186cfe1bc610e171ad2cb8edfe5ef7f9dfb6aa016
97,48697,both_leaders,fixed_s_turn,both_leaders__fixed_s_turn,True,True,2,440,880,True,False,True,0.46,1.7470855301904402,1.8270670229613943,1.2413387972864556,True,False,False,True,243.99999999999042,0,0,0,0,0,18.631325425018836,2.2116938876617427,0.18734899475764288,0.5994786249939352,0,136c2edcfd95fc90c1804ba263290b19fb35481c445a79422463e3b48c3895b3,b7328d91ec0a8d0c4203b9154ae569657c021fb28bfad4e4ce53d0b6c79dea50
97,48697,both_leaders,belief_active,both_leaders__belief_active,True,True,2,440,880,True,True,True,1.0,0.5289962152197333,0.6076026130683558,0.9457396376008357,True,False,False,True,93.99999999999893,0,0,0,0,0,19.782056708595114,0.8582494452613771,0.264423178495366,0.6051199160283431,32,136c2edcfd95fc90c1804ba263290b19fb35481c445a79422463e3b48c3895b3,afebf63394663a06d9c61536d370bd882a7ca9750aef57f2dc915ee2ab8b7c92
98,48698,leader1_only,fixed_s_turn,leader1_only__fixed_s_turn,True,False,1,440,440,False,False,False,0.0,2.309192104446617,282.856321822879,146.6027534988107,False,False,False,False,,0,0,0,0,0,172.17806277906297,,0.4237452983772481,0.2975460409652442,0,254985b4a9bcec19c830af1e4585653e0b4fb5fcd89dd0148f9fc741a2ceb776,de5c46afce78dc73b1650e0adca0cb4b0edde7c04dc62005820311be8d458c3f
98,48698,leader1_only,belief_active,leader1_only__belief_active,True,False,1,440,440,True,True,True,1.0,0.3725940445670162,0.499683937530657,1.0210457840318696,True,False,False,True,93.99999999999893,0,0,0,0,0,172.0796271634437,2.2093841711246536,0.3919069178785906,0.31316991697531193,32,254985b4a9bcec19c830af1e4585653e0b4fb5fcd89dd0148f9fc741a2ceb776,544bc498d5ad5fa7155b6d64382603f840e35067c6d6c1c5d7ee612bfb8c111b
98,48698,leader2_only,fixed_s_turn,leader2_only__fixed_s_turn,False,True,1,440,440,False,False,False,0.0,1.7972806039463025,282.856321822879,13.467814581189671,False,False,False,False,,0,0,0,0,0,16.824783171795744,,0.4237452983772481,0.2938785000005737,0,254985b4a9bcec19c830af1e4585653e0b4fb5fcd89dd0148f9fc741a2ceb776,d7c8e3c9a54e7a73ee98bab25ddf3f6495afb61c76e52de4c5cc206d7d8b2c5e
98,48698,leader2_only,belief_active,leader2_only__belief_active,False,True,1,440,440,True,True,True,1.0,0.1975404108768464,0.22920758891112925,3.041450346946602,True,False,False,True,123.99999999999723,0,0,0,0,0,16.63908877861317,0.24590493145113618,0.39750029825784794,0.3889919170178473,47,254985b4a9bcec19c830af1e4585653e0b4fb5fcd89dd0148f9fc741a2ceb776,61a8455791d8839cbaecf353777a53059e3c4717969e562f2297caa10c61d8b3
98,48698,both_leaders,fixed_s_turn,both_leaders__fixed_s_turn,True,True,2,440,880,False,False,False,0.0,0.48421117411019954,112.65888884248628,2.3487062259360454,True,False,False,True,364.00000000001427,0,0,0,0,0,7.593091233139706,1.3964927441073718,0.4075955943570102,0.590779957943596,0,254985b4a9bcec19c830af1e4585653e0b4fb5fcd89dd0148f9fc741a2ceb776,f61a4218c19b3af6f9f02126c548a3a07df1aa714e95543fc35a60810fea1685
98,48698,both_leaders,belief_active,both_leaders__belief_active,True,True,2,440,880,True,True,True,1.0,0.45437004127660996,0.4763126705162686,1.1818407164680758,True,False,False,True,93.99999999999893,0,0,0,0,0,7.593091233139706,0.5031689822438805,0.28472832942569876,0.6339833750389516,32,254985b4a9bcec19c830af1e4585653e0b4fb5fcd89dd0148f9fc741a2ceb776,9bdeb1a056147587f1c24f893f996789ea1171186720062b16dca04bfa02ea05
99,48699,leader1_only,fixed_s_turn,leader1_only__fixed_s_turn,True,False,1,440,440,False,False,False,0.0,6.0142974812160555,276.6357721236794,46.95212513369852,False,False,False,False,,0,0,0,0,0,46.95212513369852,,0.3975305818401174,0.3437669579870999,0,e14a6480545aef7ac828d359869eb9835fd98ccb1e2d843ba70938c4460415b6,4cbcf0b40a016841db1ce3d3f4b0b6c5bda96d6e030fef1aa21cd215d0824849
99,48699,leader1_only,belief_active,leader1_only__belief_active,True,False,1,440,440,True,True,True,1.0,2.3518558933404154,2.376530668884832,2.4895457071179,True,False,False,True,93.99999999999893,0,0,0,0,0,44.65578510124733,2.6768348277992815,0.2798710811248329,0.3354846660513431,32,e14a6480545aef7ac828d359869eb9835fd98ccb1e2d843ba70938c4460415b6,80b6cf9cbabcce5612f29a19ca30409f6011a1f0dc14e92eb2281a965de0a1d8
99,48699,leader2_only,fixed_s_turn,leader2_only__fixed_s_turn,False,True,1,440,440,False,False,False,0.0,6.924357250882516,276.6357721236794,25.001967517194117,False,False,False,False,,0,0,0,0,0,47.114886626169735,,0.3975305818401174,0.29092575004324317,0,e14a6480545aef7ac828d359869eb9835fd98ccb1e2d843ba70938c4460415b6,3d2b8716ccaf033cb14aa7f93ac310efd9d280f6175098e8e23b7653a98285ba
99,48699,leader2_only,belief_active,leader2_only__belief_active,False,True,1,440,440,True,False,True,0.62,1.9196158294822603,1.7985634218906341,2.942602081996026,True,False,False,True,123.99999999999723,0,0,0,0,0,51.92090427194255,2.6334929908997196,0.2695192523182197,0.5505669590784237,47,e14a6480545aef7ac828d359869eb9835fd98ccb1e2d843ba70938c4460415b6,bb09f0edcf38e4b34029f9292500fe603b7a4e966b5acb3afb0f3a92024d3289
99,48699,both_leaders,fixed_s_turn,both_leaders__fixed_s_turn,True,True,2,440,880,False,False,False,0.0,0.9785332266131526,276.6357721236794,2.6384594791905305,True,False,False,False,,0,0,0,0,0,5.361538371071743,,0.3975305818401174,0.722234999993816,0,e14a6480545aef7ac828d359869eb9835fd98ccb1e2d843ba70938c4460415b6,d78b61e467a5afb1423e809bf46686515fd982d19600cc83aa8e856de8106b98
99,48699,both_leaders,belief_active,both_leaders__belief_active,True,True,2,440,880,True,True,True,1.0,1.5339322827636581,1.531748009986059,1.9019046911480668,True,False,False,True,113.9999999999978,0,0,0,0,0,6.888676899428548,1.7154105815711567,0.2420566034586675,0.5485534589970484,42,e14a6480545aef7ac828d359869eb9835fd98ccb1e2d843ba70938c4460415b6,0d7293e728734d624549e4244e7c25d333a92d96efd311cf8a9b197d6034f818
