episode_index,episode_seed,arm,source_mask_l1,source_mask_l2,measurement_row_count,active_scalar_measurement_count,action_count,terminal_joint_success,tail80_joint_success,dwell15_joint_success,tail50_joint_occupancy,terminal_localization_error_m,terminal_formation_error_m,ever_locked,first_track_action_time_s,first_track_analysis_time_s,unsafe_transition_count,unsafe_track_start_count,unsafe_track_end_count,audit_release_violation_count,false_confidence_action_count,maximum_localization_error_m,maximum_track_localization_error_m,mean_squared_action,maximum_combined_decision_runtime_s,planner_kind,planner_decision_count,maximum_saved_hypothesis_count,policy_seed,policy_index_stream_sha256,noise_tape_sha256,noise_cursor_json,mission_support_json
0,48800,full_active,True,True,440,880,220,True,True,True,1.0,0.547655546753007,0.6040739133775218,True,93.99999999999893,93.99999999999893,0,0,0,0,0,6.295719658376,0.7946048960110683,0.28374263812860817,0.9163791250030044,belief_conditioned,32,8,,,ac525deda05e26fedef60849e6591435e17c9a0a9f6aa072373b07771fe2126b,"{""measurement_index"":440,""substep_index"":4400}","{""center_m"":[0.0,0.0,-45.619234922632465],""radius_max_m"":350.0,""radius_min_m"":120.0,""source"":""shared_reset_time_leader_centroid_and_frozen_mission_radii""}"
0,48800,no_pair_term,True,True,440,880,220,True,True,True,1.0,0.4862470082098746,0.5341658102893466,True,93.99999999999893,93.99999999999893,0,0,0,0,0,5.964749423102594,0.8398415189300941,0.27005719440774284,0.924576707999222,belief_conditioned,32,8,,,ac525deda05e26fedef60849e6591435e17c9a0a9f6aa072373b07771fe2126b,"{""measurement_index"":440,""substep_index"":4400}","{""center_m"":[0.0,0.0,-45.619234922632465],""radius_max_m"":350.0,""radius_min_m"":120.0,""source"":""shared_reset_time_leader_centroid_and_frozen_mission_radii""}"
0,48800,best_hypothesis_only,True,True,440,880,220,True,True,True,1.0,0.3834944399864576,0.3652973401317365,True,123.99999999999723,123.99999999999723,0,0,0,0,0,5.964749423102594,0.6066683765551074,0.322583123324173,0.8694707079994259,belief_conditioned,47,1,,,ac525deda05e26fedef60849e6591435e17c9a0a9f6aa072373b07771fe2126b,"{""measurement_index"":440,""substep_index"":4400}","{""center_m"":[0.0,0.0,-45.619234922632465],""radius_max_m"":350.0,""radius_min_m"":120.0,""source"":""shared_reset_time_leader_centroid_and_frozen_mission_radii""}"
0,48800,random_feasible,True,True,440,880,220,True,False,True,0.42,0.8120400128164035,1.0431310256694304,True,243.99999999999042,243.99999999999042,0,0,0,0,0,4.727945892594814,0.8505500400971123,1.0665422696674085,0.8658112080011051,uniform_random_feasible,107,0,8230842961652700008,3f8e80bd6c345b9bda73f483243d42a5d348902dd67035a67b083ca04cd26005,ac525deda05e26fedef60849e6591435e17c9a0a9f6aa072373b07771fe2126b,"{""measurement_index"":440,""substep_index"":4400}","{""center_m"":[0.0,0.0,-45.619234922632465],""radius_max_m"":350.0,""radius_min_m"":120.0,""source"":""shared_reset_time_leader_centroid_and_frozen_mission_radii""}"
1,48801,full_active,True,True,440,880,220,True,True,True,1.0,0.2569971174793716,0.18615859095157053,True,93.99999999999893,93.99999999999893,0,0,0,0,0,19.537809444596157,0.5889623273695864,0.20763299266898463,1.330476458009798,belief_conditioned,32,8,,,0d60af60000786ba4abf4cf6d8a34552f9651d19dc7f879b4773785326e43305,"{""measurement_index"":440,""substep_index"":4400}","{""center_m"":[0.0,0.0,-52.47579293785233],""radius_max_m"":350.0,""radius_min_m"":120.0,""source"":""shared_reset_time_leader_centroid_and_frozen_mission_radii""}"
1,48801,no_pair_term,True,True,440,880,220,True,True,True,1.0,0.22285003084645516,0.1278590714932303,True,93.99999999999893,93.99999999999893,0,0,0,0,0,19.537809444596157,0.5332379182171519,0.2088104882220907,0.9020331670035375,belief_conditioned,32,8,,,0d60af60000786ba4abf4cf6d8a34552f9651d19dc7f879b4773785326e43305,"{""measurement_index"":440,""substep_index"":4400}","{""center_m"":[0.0,0.0,-52.47579293785233],""radius_max_m"":350.0,""radius_min_m"":120.0,""source"":""shared_reset_time_leader_centroid_and_frozen_mission_radii""}"
1,48801,best_hypothesis_only,True,True,440,880,220,True,True,True,1.0,0.27812709177718425,0.25543918501042534,True,93.99999999999893,93.99999999999893,0,0,0,0,0,21.897040234465553,0.7949361874358484,0.22137300655380035,0.8923377920000348,belief_conditioned,32,1,,,0d60af60000786ba4abf4cf6d8a34552f9651d19dc7f879b4773785326e43305,"{""measurement_index"":440,""substep_index"":4400}","{""center_m"":[0.0,0.0,-52.47579293785233],""radius_max_m"":350.0,""radius_min_m"":120.0,""source"":""shared_reset_time_leader_centroid_and_frozen_mission_radii""}"
1,48801,random_feasible,True,True,440,880,220,True,True,True,1.0,0.9731324252662663,1.0160961669523305,True,183.99999999999383,183.99999999999383,0,0,0,0,0,22.112161046904415,2.894222005922722,0.7518911243548811,0.9212242079956923,uniform_random_feasible,77,0,12182798997604923225,9a685a07525cf9492086f1622e5f91809b16f11d0c67f6e73c9db0771581818c,0d60af60000786ba4abf4cf6d8a34552f9651d19dc7f879b4773785326e43305,"{""measurement_index"":440,""substep_index"":4400}","{""center_m"":[0.0,0.0,-52.47579293785233],""radius_max_m"":350.0,""radius_min_m"":120.0,""source"":""shared_reset_time_leader_centroid_and_frozen_mission_radii""}"
2,48802,full_active,True,True,440,880,220,True,True,True,1.0,0.3947842290242613,0.40801188776670944,True,64.00000000000064,64.00000000000064,0,0,0,0,0,1.726283758266707,0.8801071146498323,0.2880311201238268,0.9052427080023335,belief_conditioned,17,8,,,09f16a9c7751cc13ea3e14cd8ec25064f5af57e5cd8b8aad32a79ca33f0d36a2,"{""measurement_index"":440,""substep_index"":4400}","{""center_m"":[0.0,0.0,-45.2072231716881],""radius_max_m"":350.0,""radius_min_m"":120.0,""source"":""shared_reset_time_leader_centroid_and_frozen_mission_radii""}"
2,48802,no_pair_term,True,True,440,880,220,True,True,True,1.0,0.3804350173824965,0.41517915809132894,True,64.00000000000064,64.00000000000064,0,0,0,0,0,1.726283758266707,0.8489260865334908,0.2837612326118011,0.929527041997062,belief_conditioned,17,8,,,09f16a9c7751cc13ea3e14cd8ec25064f5af57e5cd8b8aad32a79ca33f0d36a2,"{""measurement_index"":440,""substep_index"":4400}","{""center_m"":[0.0,0.0,-45.2072231716881],""radius_max_m"":350.0,""radius_min_m"":120.0,""source"":""shared_reset_time_leader_centroid_and_frozen_mission_radii""}"
2,48802,best_hypothesis_only,True,True,440,880,220,True,True,True,1.0,0.3804350173824965,0.41517915809132894,True,64.00000000000064,64.00000000000064,0,0,0,0,0,1.726283758266707,0.8489260865334908,0.2837612326118011,1.2211057499953313,belief_conditioned,17,1,,,09f16a9c7751cc13ea3e14cd8ec25064f5af57e5cd8b8aad32a79ca33f0d36a2,"{""measurement_index"":440,""substep_index"":4400}","{""center_m"":[0.0,0.0,-45.2072231716881],""radius_max_m"":350.0,""radius_min_m"":120.0,""source"":""shared_reset_time_leader_centroid_and_frozen_mission_radii""}"
2,48802,random_feasible,True,True,440,880,220,False,False,False,0.0,0.7051058415815653,50.98096856574245,True,243.99999999999042,243.99999999999042,0,0,0,0,0,6.401856779466032,1.7169243754774666,0.965663432747939,1.0698872919892892,uniform_random_feasible,107,0,14401301512833388321,bd40fd1b67d72fdcaecacbdde18579146fd2edf5786bc6a30594fba424900f02,09f16a9c7751cc13ea3e14cd8ec25064f5af57e5cd8b8aad32a79ca33f0d36a2,"{""measurement_index"":440,""substep_index"":4400}","{""center_m"":[0.0,0.0,-45.2072231716881],""radius_max_m"":350.0,""radius_min_m"":120.0,""source"":""shared_reset_time_leader_centroid_and_frozen_mission_radii""}"
3,48803,full_active,True,True,440,880,220,True,True,True,1.0,0.9110748461659196,1.056276150155839,True,93.99999999999893,93.99999999999893,0,0,0,0,0,5.042084446406196,0.9992005359057814,0.24957761914836749,1.125293083008728,belief_conditioned,32,8,,,017b74541b48ab4ea176127c916a8f71c131e4be01705ebddba6e04229f38eba,"{""measurement_index"":440,""substep_index"":4400}","{""center_m"":[0.0,0.0,-59.49843586354523],""radius_max_m"":350.0,""radius_min_m"":120.0,""source"":""shared_reset_time_leader_centroid_and_frozen_mission_radii""}"
3,48803,no_pair_term,True,True,440,880,220,True,True,True,1.0,0.8258725656018874,0.7815498720482733,True,93.99999999999893,93.99999999999893,0,0,0,0,0,5.042084446406196,1.2779113255362178,0.2212177814396543,1.149305083003128,belief_conditioned,32,8,,,017b74541b48ab4ea176127c916a8f71c131e4be01705ebddba6e04229f38eba,"{""measurement_index"":440,""substep_index"":4400}","{""center_m"":[0.0,0.0,-59.49843586354523],""radius_max_m"":350.0,""radius_min_m"":120.0,""source"":""shared_reset_time_leader_centroid_and_frozen_mission_radii""}"
3,48803,best_hypothesis_only,True,True,440,880,220,True,True,True,1.0,0.7450730093174978,0.7048917714815941,True,93.99999999999893,93.99999999999893,0,0,0,0,0,5.042084446406196,1.0719812662126391,0.2460699074657858,0.987020874992595,belief_conditioned,32,1,,,017b74541b48ab4ea176127c916a8f71c131e4be01705ebddba6e04229f38eba,"{""measurement_index"":440,""substep_index"":4400}","{""center_m"":[0.0,0.0,-59.49843586354523],""radius_max_m"":350.0,""radius_min_m"":120.0,""source"":""shared_reset_time_leader_centroid_and_frozen_mission_radii""}"
3,48803,random_feasible,True,True,440,880,220,True,True,True,1.0,1.4647696239074472,1.5418360548554748,True,93.99999999999893,93.99999999999893,0,0,0,0,0,5.082362007652129,1.7827358509802032,0.3276950685087533,1.1638720409973757,uniform_random_feasible,32,0,14401520891516611609,79da734e0fb1a8bd836377790829bbe806060ad9bd330b2969232fdf9c3a060a,017b74541b48ab4ea176127c916a8f71c131e4be01705ebddba6e04229f38eba,"{""measurement_index"":440,""substep_index"":4400}","{""center_m"":[0.0,0.0,-59.49843586354523],""radius_max_m"":350.0,""radius_min_m"":120.0,""source"":""shared_reset_time_leader_centroid_and_frozen_mission_radii""}"
4,48804,full_active,True,True,440,880,220,True,True,True,1.0,1.1860956625410675,1.217162190419092,True,123.99999999999723,123.99999999999723,0,0,0,0,0,10.29031969955463,1.1922904327052224,0.30550152529475577,1.077176499995403,belief_conditioned,47,8,,,21d458c0ab1de6ddccc4dce84938d8997726986c595971155c7723037a2057e4,"{""measurement_index"":440,""substep_index"":4400}","{""center_m"":[0.0,0.0,-52.088918179886775],""radius_max_m"":350.0,""radius_min_m"":120.0,""source"":""shared_reset_time_leader_centroid_and_frozen_mission_radii""}"
4,48804,no_pair_term,True,True,440,880,220,True,True,True,0.82,0.7858285806959996,0.9430509815101755,True,123.99999999999723,123.99999999999723,0,0,0,0,0,10.29031969955463,0.8065443264266926,0.32013653861254465,1.0639578749978682,belief_conditioned,47,8,,,21d458c0ab1de6ddccc4dce84938d8997726986c595971155c7723037a2057e4,"{""measurement_index"":440,""substep_index"":4400}","{""center_m"":[0.0,0.0,-52.088918179886775],""radius_max_m"":350.0,""radius_min_m"":120.0,""source"":""shared_reset_time_leader_centroid_and_frozen_mission_radii""}"
4,48804,best_hypothesis_only,True,True,440,880,220,True,True,True,1.0,0.9954336075914182,0.9929926388266883,True,93.99999999999893,93.99999999999893,0,0,0,0,0,10.29031969955463,1.002019802576367,0.32688470049900553,0.5986084159958409,belief_conditioned,32,1,,,21d458c0ab1de6ddccc4dce84938d8997726986c595971155c7723037a2057e4,"{""measurement_index"":440,""substep_index"":4400}","{""center_m"":[0.0,0.0,-52.088918179886775],""radius_max_m"":350.0,""radius_min_m"":120.0,""source"":""shared_reset_time_leader_centroid_and_frozen_mission_radii""}"
4,48804,random_feasible,True,True,440,880,220,True,False,True,0.6,1.6801281531488643,1.9585183169822928,True,183.99999999999383,183.99999999999383,0,0,0,0,0,11.513264769509815,2.2543402461950195,0.7450849205311479,0.5899068750004517,uniform_random_feasible,77,0,12933632395290675966,6fbd3619d362e9203c82ce85860866d301f74c0a6deda1679de3560ca10c263a,21d458c0ab1de6ddccc4dce84938d8997726986c595971155c7723037a2057e4,"{""measurement_index"":440,""substep_index"":4400}","{""center_m"":[0.0,0.0,-52.088918179886775],""radius_max_m"":350.0,""radius_min_m"":120.0,""source"":""shared_reset_time_leader_centroid_and_frozen_mission_radii""}"
5,48805,full_active,True,True,440,880,220,True,True,True,1.0,0.3528755211555981,0.39747167142392514,True,183.99999999999383,183.99999999999383,0,0,0,0,0,11.962936604717816,0.3528755211555981,0.4459493626271951,0.7095196669979487,belief_conditioned,77,8,,,fdfecc2a3e4a8a50b5e30857bba6f8166f8c3e22e9447f93d88770c467dbd5db,"{""measurement_index"":440,""substep_index"":4400}","{""center_m"":[0.0,0.0,-45.80935324666546],""radius_max_m"":350.0,""radius_min_m"":120.0,""source"":""shared_reset_time_leader_centroid_and_frozen_mission_radii""}"
5,48805,no_pair_term,True,True,440,880,220,True,False,False,0.2,0.43829534498690154,2.525405570313681,True,183.99999999999383,183.99999999999383,0,0,0,0,0,11.962936604717816,0.5229676410165277,0.28424588375278187,0.6313831659936113,belief_conditioned,77,8,,,fdfecc2a3e4a8a50b5e30857bba6f8166f8c3e22e9447f93d88770c467dbd5db,"{""measurement_index"":440,""substep_index"":4400}","{""center_m"":[0.0,0.0,-45.80935324666546],""radius_max_m"":350.0,""radius_min_m"":120.0,""source"":""shared_reset_time_leader_centroid_and_frozen_mission_radii""}"
5,48805,best_hypothesis_only,True,True,440,880,220,True,False,True,0.66,0.3009664087057418,0.2761242256328741,True,183.99999999999383,183.99999999999383,0,0,0,0,0,11.962936604717816,0.3229181677732881,0.2771146777700246,0.631003625006997,belief_conditioned,77,1,,,fdfecc2a3e4a8a50b5e30857bba6f8166f8c3e22e9447f93d88770c467dbd5db,"{""measurement_index"":440,""substep_index"":4400}","{""center_m"":[0.0,0.0,-45.80935324666546],""radius_max_m"":350.0,""radius_min_m"":120.0,""source"":""shared_reset_time_leader_centroid_and_frozen_mission_radii""}"
5,48805,random_feasible,True,True,440,880,220,False,False,False,0.0,0.8005837739199068,134.2933987837764,True,183.99999999999383,183.99999999999383,0,0,0,0,0,10.681976607072473,1.2907298730504757,0.7854351465247986,0.6164992499980144,uniform_random_feasible,77,0,16150412194038191450,f0674f553e62f8ff487bd953cb95e0873efa152daa401c9b5f521ccc4469416e,fdfecc2a3e4a8a50b5e30857bba6f8166f8c3e22e9447f93d88770c467dbd5db,"{""measurement_index"":440,""substep_index"":4400}","{""center_m"":[0.0,0.0,-45.80935324666546],""radius_max_m"":350.0,""radius_min_m"":120.0,""source"":""shared_reset_time_leader_centroid_and_frozen_mission_radii""}"
6,48806,full_active,True,True,440,880,220,True,True,True,1.0,0.2503950443447415,0.5557750711487632,True,123.99999999999723,123.99999999999723,0,0,0,0,0,12.430003549583216,0.4596867661257047,0.3151407571465619,0.6494017919903854,belief_conditioned,47,8,,,c6fd3399da06740a900f8ead69ba387325e79985f8f5e5ff475b888ebbd44471,"{""measurement_index"":440,""substep_index"":4400}","{""center_m"":[0.0,0.0,-60.655769729898076],""radius_max_m"":350.0,""radius_min_m"":120.0,""source"":""shared_reset_time_leader_centroid_and_frozen_mission_radii""}"
6,48806,no_pair_term,True,True,440,880,220,True,True,True,1.0,0.8576329145371159,0.9192340089573413,True,123.99999999999723,123.99999999999723,0,0,0,0,0,12.430003549583216,0.9947295740497342,0.23978356767550263,0.6474883749906439,belief_conditioned,47,8,,,c6fd3399da06740a900f8ead69ba387325e79985f8f5e5ff475b888ebbd44471,"{""measurement_index"":440,""substep_index"":4400}","{""center_m"":[0.0,0.0,-60.655769729898076],""radius_max_m"":350.0,""radius_min_m"":120.0,""source"":""shared_reset_time_leader_centroid_and_frozen_mission_radii""}"
6,48806,best_hypothesis_only,True,True,440,880,220,True,True,True,1.0,0.8333667764620826,0.9292282753342965,True,123.99999999999723,123.99999999999723,0,0,0,0,0,12.430003549583216,1.0240409370049854,0.22079355931117897,0.6252217090077465,belief_conditioned,47,1,,,c6fd3399da06740a900f8ead69ba387325e79985f8f5e5ff475b888ebbd44471,"{""measurement_index"":440,""substep_index"":4400}","{""center_m"":[0.0,0.0,-60.655769729898076],""radius_max_m"":350.0,""radius_min_m"":120.0,""source"":""shared_reset_time_leader_centroid_and_frozen_mission_radii""}"
6,48806,random_feasible,True,True,440,880,220,True,True,True,1.0,0.3470080924488132,0.5659767462965059,True,183.99999999999383,183.99999999999383,0,0,0,0,0,12.430003549583216,1.4742196948618267,0.7291016026856341,0.6210284589906223,uniform_random_feasible,77,0,11237231711246953643,66b6d93fd744b6748f2e1e4381832aeecd7918815d185f0891d02a03b16d092d,c6fd3399da06740a900f8ead69ba387325e79985f8f5e5ff475b888ebbd44471,"{""measurement_index"":440,""substep_index"":4400}","{""center_m"":[0.0,0.0,-60.655769729898076],""radius_max_m"":350.0,""radius_min_m"":120.0,""source"":""shared_reset_time_leader_centroid_and_frozen_mission_radii""}"
7,48807,full_active,True,True,440,880,220,True,True,True,0.86,0.6121629990254231,0.7651130165121188,True,183.99999999999383,183.99999999999383,0,0,0,0,0,14.625076775440514,0.9863302004884109,0.29952731653781894,0.7584892079903511,belief_conditioned,77,8,,,69adf973d0d668a11c9cf8f5c788638526ab57e8ac3a9534bccf7380eb374f5f,"{""measurement_index"":440,""substep_index"":4400}","{""center_m"":[0.0,0.0,-47.97212413362321],""radius_max_m"":350.0,""radius_min_m"":120.0,""source"":""shared_reset_time_leader_centroid_and_frozen_mission_radii""}"
7,48807,no_pair_term,True,True,440,880,220,True,True,True,1.0,0.9173614099811034,0.9398812023572831,True,123.99999999999723,123.99999999999723,0,0,0,0,0,13.020654912187352,1.316169515174348,0.26719433221078837,0.8256710839923471,belief_conditioned,47,8,,,69adf973d0d668a11c9cf8f5c788638526ab57e8ac3a9534bccf7380eb374f5f,"{""measurement_index"":440,""substep_index"":4400}","{""center_m"":[0.0,0.0,-47.97212413362321],""radius_max_m"":350.0,""radius_min_m"":120.0,""source"":""shared_reset_time_leader_centroid_and_frozen_mission_radii""}"
7,48807,best_hypothesis_only,True,True,440,880,220,True,True,True,1.0,0.9554797566119552,0.9897573863106648,True,123.99999999999723,123.99999999999723,0,0,0,0,0,13.020654912187352,1.394816747497645,0.2642633731960499,0.7453966659959406,belief_conditioned,47,1,,,69adf973d0d668a11c9cf8f5c788638526ab57e8ac3a9534bccf7380eb374f5f,"{""measurement_index"":440,""substep_index"":4400}","{""center_m"":[0.0,0.0,-47.97212413362321],""radius_max_m"":350.0,""radius_min_m"":120.0,""source"":""shared_reset_time_leader_centroid_and_frozen_mission_radii""}"
7,48807,random_feasible,True,True,440,880,220,False,False,False,0.0,1.6027173764960287,191.55206707479047,True,245.9999999999903,245.9999999999903,0,0,0,0,0,16.83736740342071,1.8832717721221162,0.9522148773127438,0.7426586669898825,uniform_random_feasible,108,0,2026754404889086483,f6637f58abe0879cf0c3305a033bc3cc3a6df5074939dec1601f2ccbc33679d4,69adf973d0d668a11c9cf8f5c788638526ab57e8ac3a9534bccf7380eb374f5f,"{""measurement_index"":440,""substep_index"":4400}","{""center_m"":[0.0,0.0,-47.97212413362321],""radius_max_m"":350.0,""radius_min_m"":120.0,""source"":""shared_reset_time_leader_centroid_and_frozen_mission_radii""}"
8,48808,full_active,True,True,440,880,220,True,True,True,1.0,0.6566660417572787,0.7392127821005758,True,74.00000000000007,74.00000000000007,0,0,0,0,0,5.297164296341944,2.1238692447892005,0.2696644548908636,0.7151694579952164,belief_conditioned,22,8,,,4618a661a4e8a657ab48ba9f6e0974930696a7e7bff4050d8c39bc797bdc66b8,"{""measurement_index"":440,""substep_index"":4400}","{""center_m"":[0.0,0.0,-50.19844714720523],""radius_max_m"":350.0,""radius_min_m"":120.0,""source"":""shared_reset_time_leader_centroid_and_frozen_mission_radii""}"
8,48808,no_pair_term,True,True,440,880,220,True,True,True,1.0,0.505432128929064,0.5990229154435982,True,183.99999999999383,183.99999999999383,0,0,0,0,0,5.302289425308939,1.5972691370376988,0.27772275000056873,0.6700337919901358,belief_conditioned,77,8,,,4618a661a4e8a657ab48ba9f6e0974930696a7e7bff4050d8c39bc797bdc66b8,"{""measurement_index"":440,""substep_index"":4400}","{""center_m"":[0.0,0.0,-50.19844714720523],""radius_max_m"":350.0,""radius_min_m"":120.0,""source"":""shared_reset_time_leader_centroid_and_frozen_mission_radii""}"
8,48808,best_hypothesis_only,True,True,440,880,220,True,True,True,1.0,0.34991577198570434,0.5129683302794538,True,93.99999999999893,93.99999999999893,0,0,0,0,0,5.158490317778173,0.9986821303600406,0.29576076864204515,0.8860758749942761,belief_conditioned,32,1,,,4618a661a4e8a657ab48ba9f6e0974930696a7e7bff4050d8c39bc797bdc66b8,"{""measurement_index"":440,""substep_index"":4400}","{""center_m"":[0.0,0.0,-50.19844714720523],""radius_max_m"":350.0,""radius_min_m"":120.0,""source"":""shared_reset_time_leader_centroid_and_frozen_mission_radii""}"
8,48808,random_feasible,True,True,440,880,220,True,True,True,0.8,0.12824159451435127,0.1940470865653633,True,183.99999999999383,183.99999999999383,0,0,0,0,0,7.362243221034249,0.7477592097195076,0.732671278628062,0.7736675409978488,uniform_random_feasible,77,0,2100320739119165817,cae8078c7b935ff79c1c80cac97bf26f055f9b0f1a0b0973b6d2621032a68a34,4618a661a4e8a657ab48ba9f6e0974930696a7e7bff4050d8c39bc797bdc66b8,"{""measurement_index"":440,""substep_index"":4400}","{""center_m"":[0.0,0.0,-50.19844714720523],""radius_max_m"":350.0,""radius_min_m"":120.0,""source"":""shared_reset_time_leader_centroid_and_frozen_mission_radii""}"
9,48809,full_active,True,True,440,880,220,True,True,True,1.0,0.5099036210800938,0.7256596644342124,True,93.99999999999893,93.99999999999893,0,0,0,0,0,4.702077640204898,1.0218946398629698,0.20675224252240834,1.1750285830057692,belief_conditioned,32,8,,,b8fc0a9cf2b863bb77da945106bed4d83c488d6edf8d32afab952d310ec37742,"{""measurement_index"":440,""substep_index"":4400}","{""center_m"":[0.0,0.0,-55.37618835465646],""radius_max_m"":350.0,""radius_min_m"":120.0,""source"":""shared_reset_time_leader_centroid_and_frozen_mission_radii""}"
9,48809,no_pair_term,True,True,440,880,220,True,True,True,1.0,0.41804538813022973,0.48875042544846076,True,93.99999999999893,93.99999999999893,0,0,0,0,0,4.702077640204898,0.6928102940666742,0.2107314806092959,1.3781147499976214,belief_conditioned,32,8,,,b8fc0a9cf2b863bb77da945106bed4d83c488d6edf8d32afab952d310ec37742,"{""measurement_index"":440,""substep_index"":4400}","{""center_m"":[0.0,0.0,-55.37618835465646],""radius_max_m"":350.0,""radius_min_m"":120.0,""source"":""shared_reset_time_leader_centroid_and_frozen_mission_radii""}"
9,48809,best_hypothesis_only,True,True,440,880,220,True,True,True,1.0,0.41804538813022973,0.48875042544846076,True,93.99999999999893,93.99999999999893,0,0,0,0,0,4.702077640204898,0.6928102940666742,0.2107314806092959,1.4063411249953788,belief_conditioned,32,1,,,b8fc0a9cf2b863bb77da945106bed4d83c488d6edf8d32afab952d310ec37742,"{""measurement_index"":440,""substep_index"":4400}","{""center_m"":[0.0,0.0,-55.37618835465646],""radius_max_m"":350.0,""radius_min_m"":120.0,""source"":""shared_reset_time_leader_centroid_and_frozen_mission_radii""}"
9,48809,random_feasible,True,True,440,880,220,True,True,True,1.0,0.6053426416580737,0.5953902684861643,True,93.99999999999893,93.99999999999893,0,0,0,0,0,4.702077640204898,1.6459657612152148,0.42418085064416405,1.4924174999905517,uniform_random_feasible,32,0,6641079450571865055,6817f1971c349eccff3dcd58cbccaf921e731a4382e0698531fff48c6cf82952,b8fc0a9cf2b863bb77da945106bed4d83c488d6edf8d32afab952d310ec37742,"{""measurement_index"":440,""substep_index"":4400}","{""center_m"":[0.0,0.0,-55.37618835465646],""radius_max_m"":350.0,""radius_min_m"":120.0,""source"":""shared_reset_time_leader_centroid_and_frozen_mission_radii""}"
10,48810,full_active,True,True,440,880,220,True,True,True,1.0,0.85956655413117,0.9684457946875467,True,93.99999999999893,93.99999999999893,0,0,0,0,0,22.72152229524846,1.8353071985029445,0.2463781450353817,1.4505942499963567,belief_conditioned,32,8,,,df52b9cfe712958e1402e980095fe9d74cef48133f239d2b8e04998dee04d450,"{""measurement_index"":440,""substep_index"":4400}","{""center_m"":[0.0,0.0,-63.216613814697055],""radius_max_m"":350.0,""radius_min_m"":120.0,""source"":""shared_reset_time_leader_centroid_and_frozen_mission_radii""}"
10,48810,no_pair_term,True,True,440,880,220,True,True,True,1.0,1.7753839267439129,1.6688544815915236,True,93.99999999999893,93.99999999999893,0,0,0,0,0,22.72152229524846,2.9186327248754766,0.19396275807912905,1.4583234589954372,belief_conditioned,32,8,,,df52b9cfe712958e1402e980095fe9d74cef48133f239d2b8e04998dee04d450,"{""measurement_index"":440,""substep_index"":4400}","{""center_m"":[0.0,0.0,-63.216613814697055],""radius_max_m"":350.0,""radius_min_m"":120.0,""source"":""shared_reset_time_leader_centroid_and_frozen_mission_radii""}"
10,48810,best_hypothesis_only,True,True,440,880,220,True,True,True,1.0,0.8923202027703282,0.8666904468512113,True,93.99999999999893,93.99999999999893,0,0,0,0,0,22.72152229524846,2.2373224028977075,0.1874313929846319,1.402146125008585,belief_conditioned,32,1,,,df52b9cfe712958e1402e980095fe9d74cef48133f239d2b8e04998dee04d450,"{""measurement_index"":440,""substep_index"":4400}","{""center_m"":[0.0,0.0,-63.216613814697055],""radius_max_m"":350.0,""radius_min_m"":120.0,""source"":""shared_reset_time_leader_centroid_and_frozen_mission_radii""}"
10,48810,random_feasible,True,True,440,880,220,True,True,True,1.0,1.1457910120969563,0.8525936422811816,True,123.99999999999723,123.99999999999723,0,0,0,0,0,30.75966792163108,1.6565095510370604,0.49496674151328046,1.4289440409920644,uniform_random_feasible,47,0,3888441348297871920,24f345ffcb39894b00aaee63b0b0fb6ef6953c31f762c0e0fe078d8dc9f5cca3,df52b9cfe712958e1402e980095fe9d74cef48133f239d2b8e04998dee04d450,"{""measurement_index"":440,""substep_index"":4400}","{""center_m"":[0.0,0.0,-63.216613814697055],""radius_max_m"":350.0,""radius_min_m"":120.0,""source"":""shared_reset_time_leader_centroid_and_frozen_mission_radii""}"
11,48811,full_active,True,True,440,880,220,True,True,True,1.0,0.7295989705962015,0.8727430561705541,True,93.99999999999893,93.99999999999893,0,0,0,0,0,3.7446521298257114,2.6914395218218967,0.1933701273060103,1.47133716600365,belief_conditioned,32,8,,,1e9c239eff8c985a4fadf4c111620c8950535122a58dcf65b0c3044ed2ad6bd5,"{""measurement_index"":440,""substep_index"":4400}","{""center_m"":[0.0,0.0,-42.01733871437975],""radius_max_m"":350.0,""radius_min_m"":120.0,""source"":""shared_reset_time_leader_centroid_and_frozen_mission_radii""}"
11,48811,no_pair_term,True,True,440,880,220,True,True,True,1.0,0.4163482145369121,0.5341991481915741,True,127.999999999997,127.999999999997,0,0,0,0,0,3.7446521298257114,1.0745484270225645,0.23955991184999648,1.4183448340045288,belief_conditioned,49,8,,,1e9c239eff8c985a4fadf4c111620c8950535122a58dcf65b0c3044ed2ad6bd5,"{""measurement_index"":440,""substep_index"":4400}","{""center_m"":[0.0,0.0,-42.01733871437975],""radius_max_m"":350.0,""radius_min_m"":120.0,""source"":""shared_reset_time_leader_centroid_and_frozen_mission_radii""}"
11,48811,best_hypothesis_only,True,True,440,880,220,True,True,True,1.0,0.3274869360494435,0.4514534649088087,True,127.999999999997,127.999999999997,0,0,0,0,0,3.7446521298257114,0.9122490466311095,0.24273504589220304,1.4135832920001121,belief_conditioned,49,1,,,1e9c239eff8c985a4fadf4c111620c8950535122a58dcf65b0c3044ed2ad6bd5,"{""measurement_index"":440,""substep_index"":4400}","{""center_m"":[0.0,0.0,-42.01733871437975],""radius_max_m"":350.0,""radius_min_m"":120.0,""source"":""shared_reset_time_leader_centroid_and_frozen_mission_radii""}"
11,48811,random_feasible,True,True,440,880,220,False,False,False,0.0,1.0859253539586786,655.6105210544997,False,,442.0,0,0,0,0,0,4.706984268844666,,1.89591810149856,1.492985499004135,uniform_random_feasible,205,0,6149837401559306461,1ef2e24315b556a8d9debaf4321458878519ac7ecca75ec1a6c1e534bad4b07e,1e9c239eff8c985a4fadf4c111620c8950535122a58dcf65b0c3044ed2ad6bd5,"{""measurement_index"":440,""substep_index"":4400}","{""center_m"":[0.0,0.0,-42.01733871437975],""radius_max_m"":350.0,""radius_min_m"":120.0,""source"":""shared_reset_time_leader_centroid_and_frozen_mission_radii""}"
12,48812,full_active,True,True,440,880,220,True,True,True,1.0,0.13838772274052813,0.2741158503279546,True,64.00000000000064,64.00000000000064,0,0,0,0,0,3.9481303007051634,0.3579053368979698,0.3305137202678448,1.2647013749956386,belief_conditioned,17,8,,,f33daf218e24aedbf29dc58b180cd55831883eec65b828d3b152fd9a89ee3a7b,"{""measurement_index"":440,""substep_index"":4400}","{""center_m"":[0.0,0.0,-48.96747709291648],""radius_max_m"":350.0,""radius_min_m"":120.0,""source"":""shared_reset_time_leader_centroid_and_frozen_mission_radii""}"
12,48812,no_pair_term,True,True,440,880,220,True,True,True,1.0,0.1595095572997278,0.26960749978244464,True,64.00000000000064,64.00000000000064,0,0,0,0,0,3.2831724080509828,0.4131755526248149,0.3153331232037319,1.3509927919949405,belief_conditioned,17,8,,,f33daf218e24aedbf29dc58b180cd55831883eec65b828d3b152fd9a89ee3a7b,"{""measurement_index"":440,""substep_index"":4400}","{""center_m"":[0.0,0.0,-48.96747709291648],""radius_max_m"":350.0,""radius_min_m"":120.0,""source"":""shared_reset_time_leader_centroid_and_frozen_mission_radii""}"
12,48812,best_hypothesis_only,True,True,440,880,220,True,True,True,1.0,0.1595095572997278,0.26960749978244464,True,64.00000000000064,64.00000000000064,0,0,0,0,0,3.2831724080509828,0.4131755526248149,0.3153331232037319,1.32898262499657,belief_conditioned,17,1,,,f33daf218e24aedbf29dc58b180cd55831883eec65b828d3b152fd9a89ee3a7b,"{""measurement_index"":440,""substep_index"":4400}","{""center_m"":[0.0,0.0,-48.96747709291648],""radius_max_m"":350.0,""radius_min_m"":120.0,""source"":""shared_reset_time_leader_centroid_and_frozen_mission_radii""}"
12,48812,random_feasible,True,True,440,880,220,True,False,True,0.32,0.775251703861497,1.2165360488032453,True,123.99999999999723,123.99999999999723,0,0,0,0,0,3.385215098753245,2.123005638872628,0.6017884319643869,1.1828732079884503,uniform_random_feasible,47,0,4503959289772105212,3b6321902768c42be67b9ee1c7dd3431d6b401599bd8d8aab407d6510ef58adb,f33daf218e24aedbf29dc58b180cd55831883eec65b828d3b152fd9a89ee3a7b,"{""measurement_index"":440,""substep_index"":4400}","{""center_m"":[0.0,0.0,-48.96747709291648],""radius_max_m"":350.0,""radius_min_m"":120.0,""source"":""shared_reset_time_leader_centroid_and_frozen_mission_radii""}"
13,48813,full_active,True,True,440,880,220,True,True,True,1.0,1.6982976785809825,1.6346064642544331,True,93.99999999999893,93.99999999999893,0,0,0,0,0,10.433353133656553,2.227106323468649,0.201307415976229,1.1286063340085093,belief_conditioned,32,8,,,97e9109885292a76e83d8ace7f1d2fe6a5f512aef22d5860502083c927c9dce5,"{""measurement_index"":440,""substep_index"":4400}","{""center_m"":[0.0,0.0,-41.31094457285181],""radius_max_m"":350.0,""radius_min_m"":120.0,""source"":""shared_reset_time_leader_centroid_and_frozen_mission_radii""}"
13,48813,no_pair_term,True,True,440,880,220,True,True,True,1.0,1.5352089319903195,1.4387324291710648,True,93.99999999999893,93.99999999999893,0,0,0,0,0,10.433353133656553,2.1166449422171514,0.21024563340165953,1.0764845000085188,belief_conditioned,32,8,,,97e9109885292a76e83d8ace7f1d2fe6a5f512aef22d5860502083c927c9dce5,"{""measurement_index"":440,""substep_index"":4400}","{""center_m"":[0.0,0.0,-41.31094457285181],""radius_max_m"":350.0,""radius_min_m"":120.0,""source"":""shared_reset_time_leader_centroid_and_frozen_mission_radii""}"
13,48813,best_hypothesis_only,True,True,440,880,220,True,True,True,1.0,1.551951527752089,1.431005286659958,True,93.99999999999893,93.99999999999893,0,0,0,0,0,10.433353133656553,1.914660920867932,0.2023033179231642,0.9566137499932665,belief_conditioned,32,1,,,97e9109885292a76e83d8ace7f1d2fe6a5f512aef22d5860502083c927c9dce5,"{""measurement_index"":440,""substep_index"":4400}","{""center_m"":[0.0,0.0,-41.31094457285181],""radius_max_m"":350.0,""radius_min_m"":120.0,""source"":""shared_reset_time_leader_centroid_and_frozen_mission_radii""}"
13,48813,random_feasible,True,True,440,880,220,False,False,False,0.0,4.236205455686805,376.9413544802921,True,364.00000000001427,364.00000000001427,0,0,0,0,0,10.433353133656553,4.798608126177854,1.451960239049097,0.9652879579953151,uniform_random_feasible,167,0,15114964429726622709,282ff9a83e977c39e8b7b5029b0ad9f4c51c90b84832b6c6bcf69bb7d23e393b,97e9109885292a76e83d8ace7f1d2fe6a5f512aef22d5860502083c927c9dce5,"{""measurement_index"":440,""substep_index"":4400}","{""center_m"":[0.0,0.0,-41.31094457285181],""radius_max_m"":350.0,""radius_min_m"":120.0,""source"":""shared_reset_time_leader_centroid_and_frozen_mission_radii""}"
14,48814,full_active,True,True,440,880,220,True,True,True,1.0,0.9313923390664446,0.9765504739607246,True,93.99999999999893,93.99999999999893,0,0,0,0,0,19.477575580043318,1.3848493392051553,0.18890449212091778,0.964083833998302,belief_conditioned,32,8,,,60125ec18a672f2459bd0719337cafa1e6a80b9dc5514df24b5a6c356d79a3bb,"{""measurement_index"":440,""substep_index"":4400}","{""center_m"":[0.0,0.0,-53.86938088380243],""radius_max_m"":350.0,""radius_min_m"":120.0,""source"":""shared_reset_time_leader_centroid_and_frozen_mission_radii""}"
14,48814,no_pair_term,True,True,440,880,220,True,True,True,1.0,0.8561900189309152,1.069042489322982,True,93.99999999999893,93.99999999999893,0,0,0,0,0,19.477575580043318,1.8540360892019734,0.19183929788099685,1.047625084000174,belief_conditioned,32,8,,,60125ec18a672f2459bd0719337cafa1e6a80b9dc5514df24b5a6c356d79a3bb,"{""measurement_index"":440,""substep_index"":4400}","{""center_m"":[0.0,0.0,-53.86938088380243],""radius_max_m"":350.0,""radius_min_m"":120.0,""source"":""shared_reset_time_leader_centroid_and_frozen_mission_radii""}"
14,48814,best_hypothesis_only,True,True,440,880,220,True,True,True,1.0,0.959454870909157,1.1277688655721316,True,93.99999999999893,93.99999999999893,0,0,0,0,0,19.477575580043318,1.833546065805357,0.18763295258811805,0.8937741670088144,belief_conditioned,32,1,,,60125ec18a672f2459bd0719337cafa1e6a80b9dc5514df24b5a6c356d79a3bb,"{""measurement_index"":440,""substep_index"":4400}","{""center_m"":[0.0,0.0,-53.86938088380243],""radius_max_m"":350.0,""radius_min_m"":120.0,""source"":""shared_reset_time_leader_centroid_and_frozen_mission_radii""}"
14,48814,random_feasible,True,True,440,880,220,True,True,True,1.0,0.9880987153101103,1.2032166497813113,True,123.99999999999723,123.99999999999723,0,0,0,0,0,23.75158468241831,1.2097555295773457,0.45268156125230274,1.2252144999947632,uniform_random_feasible,47,0,7308562565840842003,243e634016c259491a87a3be011c4e66463006584a42dfb8e85ae425c4ad6fdf,60125ec18a672f2459bd0719337cafa1e6a80b9dc5514df24b5a6c356d79a3bb,"{""measurement_index"":440,""substep_index"":4400}","{""center_m"":[0.0,0.0,-53.86938088380243],""radius_max_m"":350.0,""radius_min_m"":120.0,""source"":""shared_reset_time_leader_centroid_and_frozen_mission_radii""}"
15,48815,full_active,True,True,440,880,220,True,True,True,1.0,0.40916339101520705,0.38944354327408476,True,93.99999999999893,93.99999999999893,0,0,0,0,0,3.1429159195333525,0.8901363673770745,0.31842661165619224,0.9369873329997063,belief_conditioned,32,8,,,eecd74a5b853b88e3fa5fef24fd0155e7e720698c609619eea49a95fe9977adb,"{""measurement_index"":440,""substep_index"":4400}","{""center_m"":[0.0,0.0,-58.71360220347708],""radius_max_m"":350.0,""radius_min_m"":120.0,""source"":""shared_reset_time_leader_centroid_and_frozen_mission_radii""}"
15,48815,no_pair_term,True,True,440,880,220,True,True,True,1.0,0.46024960227713646,0.4768523142939737,True,64.00000000000064,64.00000000000064,0,0,0,0,0,3.1429159195333525,1.1368913359918875,0.2658892851629641,0.9158947079995414,belief_conditioned,17,8,,,eecd74a5b853b88e3fa5fef24fd0155e7e720698c609619eea49a95fe9977adb,"{""measurement_index"":440,""substep_index"":4400}","{""center_m"":[0.0,0.0,-58.71360220347708],""radius_max_m"":350.0,""radius_min_m"":120.0,""source"":""shared_reset_time_leader_centroid_and_frozen_mission_radii""}"
15,48815,best_hypothesis_only,True,True,440,880,220,True,True,True,1.0,0.42596225190504944,0.44565970237466884,True,64.00000000000064,64.00000000000064,0,0,0,0,0,3.1429159195333525,1.15405765438371,0.26192300378096556,0.8325480829953449,belief_conditioned,17,1,,,eecd74a5b853b88e3fa5fef24fd0155e7e720698c609619eea49a95fe9977adb,"{""measurement_index"":440,""substep_index"":4400}","{""center_m"":[0.0,0.0,-58.71360220347708],""radius_max_m"":350.0,""radius_min_m"":120.0,""source"":""shared_reset_time_leader_centroid_and_frozen_mission_radii""}"
15,48815,random_feasible,True,True,440,880,220,True,True,True,1.0,0.3063741865574443,0.2010253135077736,True,93.99999999999893,93.99999999999893,0,0,0,0,0,2.7808047602118515,1.2689640713059953,0.3644571802626588,0.9967305419995682,uniform_random_feasible,32,0,9387632519784483870,37eacc4856f88f620e214d1e96a3f96b082530a4fc2fda5dd02a3c03d8cbb02c,eecd74a5b853b88e3fa5fef24fd0155e7e720698c609619eea49a95fe9977adb,"{""measurement_index"":440,""substep_index"":4400}","{""center_m"":[0.0,0.0,-58.71360220347708],""radius_max_m"":350.0,""radius_min_m"":120.0,""source"":""shared_reset_time_leader_centroid_and_frozen_mission_radii""}"
16,48816,full_active,True,True,440,880,220,True,True,True,1.0,0.4617001786854741,0.45541285973387063,True,64.00000000000064,64.00000000000064,0,0,0,0,0,2.219400534080383,0.5633012612327454,0.24610122470521206,1.0200897089962382,belief_conditioned,17,8,,,66fdf2c85a83133107065a96b3f9d5ca20f2c38fc52119736020e8eb01db5d49,"{""measurement_index"":440,""substep_index"":4400}","{""center_m"":[0.0,0.0,-53.32334541498558],""radius_max_m"":350.0,""radius_min_m"":120.0,""source"":""shared_reset_time_leader_centroid_and_frozen_mission_radii""}"
16,48816,no_pair_term,True,True,440,880,220,True,True,True,1.0,0.4617001786854741,0.45541285973387063,True,64.00000000000064,64.00000000000064,0,0,0,0,0,2.219400534080383,0.5633012612327454,0.24610122470521206,1.1518626659963047,belief_conditioned,17,8,,,66fdf2c85a83133107065a96b3f9d5ca20f2c38fc52119736020e8eb01db5d49,"{""measurement_index"":440,""substep_index"":4400}","{""center_m"":[0.0,0.0,-53.32334541498558],""radius_max_m"":350.0,""radius_min_m"":120.0,""source"":""shared_reset_time_leader_centroid_and_frozen_mission_radii""}"
16,48816,best_hypothesis_only,True,True,440,880,220,True,True,True,1.0,0.4617001786854741,0.45541285973387063,True,64.00000000000064,64.00000000000064,0,0,0,0,0,2.219400534080383,0.5633012612327454,0.24610122470521206,1.1326757089991588,belief_conditioned,17,1,,,66fdf2c85a83133107065a96b3f9d5ca20f2c38fc52119736020e8eb01db5d49,"{""measurement_index"":440,""substep_index"":4400}","{""center_m"":[0.0,0.0,-53.32334541498558],""radius_max_m"":350.0,""radius_min_m"":120.0,""source"":""shared_reset_time_leader_centroid_and_frozen_mission_radii""}"
16,48816,random_feasible,True,True,440,880,220,True,True,True,1.0,0.39629589952333255,0.3824149342891741,True,64.00000000000064,64.00000000000064,0,0,0,0,0,2.4104279572008185,1.299200413108489,0.307667690515837,1.0619757920067059,uniform_random_feasible,17,0,4228334018892019681,15b89af6713328bd7a0f5404c8b7c74c4efd3e1eb548d4889a95e1d882cbef90,66fdf2c85a83133107065a96b3f9d5ca20f2c38fc52119736020e8eb01db5d49,"{""measurement_index"":440,""substep_index"":4400}","{""center_m"":[0.0,0.0,-53.32334541498558],""radius_max_m"":350.0,""radius_min_m"":120.0,""source"":""shared_reset_time_leader_centroid_and_frozen_mission_radii""}"
17,48817,full_active,True,True,440,880,220,True,True,True,1.0,0.29387452884150733,0.6256758575278643,True,93.99999999999893,93.99999999999893,0,0,0,0,0,20.111650038795304,0.44217326216200226,0.2885579790367751,0.955788291990757,belief_conditioned,32,8,,,a349207594a52fd02658a02c40f80b89a5650e3d1b7b1042cf15ba6010ac7fc4,"{""measurement_index"":440,""substep_index"":4400}","{""center_m"":[0.0,0.0,-54.81070742037926],""radius_max_m"":350.0,""radius_min_m"":120.0,""source"":""shared_reset_time_leader_centroid_and_frozen_mission_radii""}"
17,48817,no_pair_term,True,True,440,880,220,True,True,True,1.0,0.5461510909393287,0.94196998618706,True,93.99999999999893,93.99999999999893,0,0,0,0,0,20.111650038795304,0.5931696284430314,0.276951576230093,1.1706647079990944,belief_conditioned,32,8,,,a349207594a52fd02658a02c40f80b89a5650e3d1b7b1042cf15ba6010ac7fc4,"{""measurement_index"":440,""substep_index"":4400}","{""center_m"":[0.0,0.0,-54.81070742037926],""radius_max_m"":350.0,""radius_min_m"":120.0,""source"":""shared_reset_time_leader_centroid_and_frozen_mission_radii""}"
17,48817,best_hypothesis_only,True,True,440,880,220,True,True,True,1.0,0.4765469698211766,0.83549830663308,True,93.99999999999893,93.99999999999893,0,0,0,0,0,19.794085019661594,0.5636406925499817,0.28823409074439227,1.131224665994523,belief_conditioned,32,1,,,a349207594a52fd02658a02c40f80b89a5650e3d1b7b1042cf15ba6010ac7fc4,"{""measurement_index"":440,""substep_index"":4400}","{""center_m"":[0.0,0.0,-54.81070742037926],""radius_max_m"":350.0,""radius_min_m"":120.0,""source"":""shared_reset_time_leader_centroid_and_frozen_mission_radii""}"
17,48817,random_feasible,True,True,440,880,220,True,True,True,1.0,0.07614804205188429,0.4664577862337815,True,183.99999999999383,183.99999999999383,0,0,0,0,0,14.475320996785456,0.28401669910381777,0.7646300260462232,1.1334381250053411,uniform_random_feasible,77,0,12408669231993377211,fbfe346ea1160df4b04dadbcf7f8bc04759ad92051b90567c0c0c736655bd55c,a349207594a52fd02658a02c40f80b89a5650e3d1b7b1042cf15ba6010ac7fc4,"{""measurement_index"":440,""substep_index"":4400}","{""center_m"":[0.0,0.0,-54.81070742037926],""radius_max_m"":350.0,""radius_min_m"":120.0,""source"":""shared_reset_time_leader_centroid_and_frozen_mission_radii""}"
18,48818,full_active,True,True,440,880,220,True,True,True,1.0,0.34321268699889845,0.45787836643710195,True,123.99999999999723,123.99999999999723,0,0,0,0,0,7.653451300304114,0.37857370098971144,0.2658395019625425,1.16525524998724,belief_conditioned,47,8,,,96887a5bca09ccaec6fc3cc0a35f304f486397c426c4dc7cbd7914cf497139a7,"{""measurement_index"":440,""substep_index"":4400}","{""center_m"":[0.0,0.0,-54.38377739356311],""radius_max_m"":350.0,""radius_min_m"":120.0,""source"":""shared_reset_time_leader_centroid_and_frozen_mission_radii""}"
18,48818,no_pair_term,True,True,440,880,220,True,True,True,1.0,0.4952569762968886,0.4874554486171292,True,93.99999999999893,93.99999999999893,0,0,0,0,0,7.653451300304114,0.5398834816753456,0.20991795989132833,1.3003245419968152,belief_conditioned,32,8,,,96887a5bca09ccaec6fc3cc0a35f304f486397c426c4dc7cbd7914cf497139a7,"{""measurement_index"":440,""substep_index"":4400}","{""center_m"":[0.0,0.0,-54.38377739356311],""radius_max_m"":350.0,""radius_min_m"":120.0,""source"":""shared_reset_time_leader_centroid_and_frozen_mission_radii""}"
18,48818,best_hypothesis_only,True,True,440,880,220,True,True,True,1.0,0.3394954720263132,0.3879988134692138,True,93.99999999999893,93.99999999999893,0,0,0,0,0,7.653451300304114,0.37335351224764873,0.2513901835556878,1.0811844170093536,belief_conditioned,32,1,,,96887a5bca09ccaec6fc3cc0a35f304f486397c426c4dc7cbd7914cf497139a7,"{""measurement_index"":440,""substep_index"":4400}","{""center_m"":[0.0,0.0,-54.38377739356311],""radius_max_m"":350.0,""radius_min_m"":120.0,""source"":""shared_reset_time_leader_centroid_and_frozen_mission_radii""}"
18,48818,random_feasible,True,True,440,880,220,True,True,True,1.0,0.5566461856310314,0.48812598730139806,True,123.99999999999723,123.99999999999723,0,0,0,0,0,7.653451300304114,1.0420862919774487,0.4596684512439557,1.4457673750002868,uniform_random_feasible,47,0,3404694687647472600,00da93ac69878953dee2166ba52db1e3001f1ba7b51bc8cb69bf754e37aac209,96887a5bca09ccaec6fc3cc0a35f304f486397c426c4dc7cbd7914cf497139a7,"{""measurement_index"":440,""substep_index"":4400}","{""center_m"":[0.0,0.0,-54.38377739356311],""radius_max_m"":350.0,""radius_min_m"":120.0,""source"":""shared_reset_time_leader_centroid_and_frozen_mission_radii""}"
19,48819,full_active,True,True,440,880,220,True,True,True,1.0,0.3567713592454344,0.4345626850327809,True,123.99999999999723,123.99999999999723,0,0,0,0,0,6.726887313306411,0.3746835396961543,0.2903753493824655,1.1411234590050299,belief_conditioned,47,8,,,aa55a277d70d775503593c4efb819d119625f5e856d9ecc479b9708e4f1ce0f7,"{""measurement_index"":440,""substep_index"":4400}","{""center_m"":[0.0,0.0,-52.66592426812601],""radius_max_m"":350.0,""radius_min_m"":120.0,""source"":""shared_reset_time_leader_centroid_and_frozen_mission_radii""}"
19,48819,no_pair_term,True,True,440,880,220,True,True,True,1.0,0.2515122285685561,0.2907414366452893,True,123.99999999999723,123.99999999999723,0,0,0,0,0,6.726887313306411,0.2515122285685561,0.26408641862628657,1.5775514169945382,belief_conditioned,47,8,,,aa55a277d70d775503593c4efb819d119625f5e856d9ecc479b9708e4f1ce0f7,"{""measurement_index"":440,""substep_index"":4400}","{""center_m"":[0.0,0.0,-52.66592426812601],""radius_max_m"":350.0,""radius_min_m"":120.0,""source"":""shared_reset_time_leader_centroid_and_frozen_mission_radii""}"
19,48819,best_hypothesis_only,True,True,440,880,220,True,True,True,1.0,0.32765305763835234,0.3960576975915748,True,123.99999999999723,123.99999999999723,0,0,0,0,0,6.726887313306411,0.32765305763835234,0.25698391529414133,1.2544037089974154,belief_conditioned,47,1,,,aa55a277d70d775503593c4efb819d119625f5e856d9ecc479b9708e4f1ce0f7,"{""measurement_index"":440,""substep_index"":4400}","{""center_m"":[0.0,0.0,-52.66592426812601],""radius_max_m"":350.0,""radius_min_m"":120.0,""source"":""shared_reset_time_leader_centroid_and_frozen_mission_radii""}"
19,48819,random_feasible,True,True,440,880,220,True,False,False,0.14,0.9203268390919467,3.3641720148746725,True,243.99999999999042,243.99999999999042,0,0,0,0,0,9.550811703485998,1.2018371128774565,1.0614077177195174,0.9713861659984104,uniform_random_feasible,107,0,2070560940567158396,0ff85a9ae59ab08f96a69c667cae34601029ca60437150f3da1bd27f9d01deba,aa55a277d70d775503593c4efb819d119625f5e856d9ecc479b9708e4f1ce0f7,"{""measurement_index"":440,""substep_index"":4400}","{""center_m"":[0.0,0.0,-52.66592426812601],""radius_max_m"":350.0,""radius_min_m"":120.0,""source"":""shared_reset_time_leader_centroid_and_frozen_mission_radii""}"
20,48820,full_active,True,True,440,880,220,True,True,True,1.0,0.48448985832908037,0.5002202365286242,True,93.99999999999893,93.99999999999893,0,0,0,0,0,9.688241687390594,0.5039579495256957,0.31618962373356463,1.060388875004719,belief_conditioned,32,8,,,286b7bf558f7f65a662b3900cdd2422536be6ed75154a9e8702cb1b45a4e7d19,"{""measurement_index"":440,""substep_index"":4400}","{""center_m"":[0.0,0.0,-46.78254851725866],""radius_max_m"":350.0,""radius_min_m"":120.0,""source"":""shared_reset_time_leader_centroid_and_frozen_mission_radii""}"
20,48820,no_pair_term,True,True,440,880,220,True,True,True,1.0,0.8449005710065487,0.6870620971670236,True,93.99999999999893,93.99999999999893,0,0,0,0,0,9.688241687390594,1.3555694569629917,0.31226021786164937,1.2440185000014026,belief_conditioned,32,8,,,286b7bf558f7f65a662b3900cdd2422536be6ed75154a9e8702cb1b45a4e7d19,"{""measurement_index"":440,""substep_index"":4400}","{""center_m"":[0.0,0.0,-46.78254851725866],""radius_max_m"":350.0,""radius_min_m"":120.0,""source"":""shared_reset_time_leader_centroid_and_frozen_mission_radii""}"
20,48820,best_hypothesis_only,True,True,440,880,220,True,True,True,1.0,0.35692909234861353,0.47165964980895153,True,123.99999999999723,123.99999999999723,0,0,0,0,0,13.010447451030556,0.4283486476154365,0.2505002115656767,1.0222885840048548,belief_conditioned,47,1,,,286b7bf558f7f65a662b3900cdd2422536be6ed75154a9e8702cb1b45a4e7d19,"{""measurement_index"":440,""substep_index"":4400}","{""center_m"":[0.0,0.0,-46.78254851725866],""radius_max_m"":350.0,""radius_min_m"":120.0,""source"":""shared_reset_time_leader_centroid_and_frozen_mission_radii""}"
20,48820,random_feasible,True,True,440,880,220,True,True,True,1.0,0.4742434492019978,0.5228746069045359,True,123.99999999999723,123.99999999999723,0,0,0,0,0,7.984062534460602,2.768148688314274,0.4360135813478257,1.1039202919928357,uniform_random_feasible,47,0,13237126848281214495,8e6863db2a657b24321524a3901dba9f790f5d615fb4bb0f33b162f57603050d,286b7bf558f7f65a662b3900cdd2422536be6ed75154a9e8702cb1b45a4e7d19,"{""measurement_index"":440,""substep_index"":4400}","{""center_m"":[0.0,0.0,-46.78254851725866],""radius_max_m"":350.0,""radius_min_m"":120.0,""source"":""shared_reset_time_leader_centroid_and_frozen_mission_radii""}"
21,48821,full_active,True,True,440,880,220,True,True,True,1.0,0.2392266972033042,0.26089141420700857,True,123.99999999999723,123.99999999999723,0,0,0,0,0,19.189471396935932,0.44130595202435047,0.28991994735201804,1.0080375420075143,belief_conditioned,47,8,,,7626ed618b29ced911e5b72401881c254d0788fca5ee2cdaf8b9cc48f59c1201,"{""measurement_index"":440,""substep_index"":4400}","{""center_m"":[0.0,0.0,-54.67131539385593],""radius_max_m"":350.0,""radius_min_m"":120.0,""source"":""shared_reset_time_leader_centroid_and_frozen_mission_radii""}"
21,48821,no_pair_term,True,True,440,880,220,True,True,True,1.0,0.310124233901266,0.31333795172942,True,123.99999999999723,123.99999999999723,0,0,0,0,0,19.189471396935932,0.5414471784847915,0.2587224658915474,1.0687110839935485,belief_conditioned,47,8,,,7626ed618b29ced911e5b72401881c254d0788fca5ee2cdaf8b9cc48f59c1201,"{""measurement_index"":440,""substep_index"":4400}","{""center_m"":[0.0,0.0,-54.67131539385593],""radius_max_m"":350.0,""radius_min_m"":120.0,""source"":""shared_reset_time_leader_centroid_and_frozen_mission_radii""}"
21,48821,best_hypothesis_only,True,True,440,880,220,True,True,True,1.0,0.2930557812259735,0.2950238071333568,True,123.99999999999723,123.99999999999723,0,0,0,0,0,19.189471396935932,0.5120823123682641,0.2582967769812211,0.9271649169968441,belief_conditioned,47,1,,,7626ed618b29ced911e5b72401881c254d0788fca5ee2cdaf8b9cc48f59c1201,"{""measurement_index"":440,""substep_index"":4400}","{""center_m"":[0.0,0.0,-54.67131539385593],""radius_max_m"":350.0,""radius_min_m"":120.0,""source"":""shared_reset_time_leader_centroid_and_frozen_mission_radii""}"
21,48821,random_feasible,True,True,440,880,220,False,False,False,0.0,0.760560688458203,13.852790024290774,True,183.99999999999383,183.99999999999383,0,0,0,0,0,19.16164931938502,0.8629366559512066,0.7898837128893118,0.9853968750103377,uniform_random_feasible,77,0,13701244570949448470,c9ef8029cc663fa58576d8aececdfa8ae958787bd67a8a9d2eefc27f55539bcb,7626ed618b29ced911e5b72401881c254d0788fca5ee2cdaf8b9cc48f59c1201,"{""measurement_index"":440,""substep_index"":4400}","{""center_m"":[0.0,0.0,-54.67131539385593],""radius_max_m"":350.0,""radius_min_m"":120.0,""source"":""shared_reset_time_leader_centroid_and_frozen_mission_radii""}"
22,48822,full_active,True,True,440,880,220,True,True,True,1.0,0.4420479632183714,0.41269294038156323,True,123.99999999999723,123.99999999999723,0,0,0,0,0,11.273763093494654,0.5567189363731907,0.31194547057150807,1.098850249996758,belief_conditioned,47,8,,,da0f078e9d1ac4cd8fe776a234c1c932355ac5b8e9127747697b62f481a9cac9,"{""measurement_index"":440,""substep_index"":4400}","{""center_m"":[0.0,0.0,-54.561527341225236],""radius_max_m"":350.0,""radius_min_m"":120.0,""source"":""shared_reset_time_leader_centroid_and_frozen_mission_radii""}"
22,48822,no_pair_term,True,True,440,880,220,True,True,True,1.0,0.40500529213280606,0.36706448418918547,True,123.99999999999723,123.99999999999723,0,0,0,0,0,11.273763093494654,0.8095791129642481,0.33380853672464333,0.889233542009606,belief_conditioned,47,8,,,da0f078e9d1ac4cd8fe776a234c1c932355ac5b8e9127747697b62f481a9cac9,"{""measurement_index"":440,""substep_index"":4400}","{""center_m"":[0.0,0.0,-54.561527341225236],""radius_max_m"":350.0,""radius_min_m"":120.0,""source"":""shared_reset_time_leader_centroid_and_frozen_mission_radii""}"
22,48822,best_hypothesis_only,True,True,440,880,220,True,True,True,1.0,0.5149684896744987,0.4976942671238633,True,123.99999999999723,123.99999999999723,0,0,0,0,0,11.273763093494654,0.7820715169813482,0.3072684297894621,1.0157662499987055,belief_conditioned,47,1,,,da0f078e9d1ac4cd8fe776a234c1c932355ac5b8e9127747697b62f481a9cac9,"{""measurement_index"":440,""substep_index"":4400}","{""center_m"":[0.0,0.0,-54.561527341225236],""radius_max_m"":350.0,""radius_min_m"":120.0,""source"":""shared_reset_time_leader_centroid_and_frozen_mission_radii""}"
22,48822,random_feasible,True,True,440,880,220,False,False,False,0.0,0.8833010125119861,93.76953704409047,True,183.99999999999383,183.99999999999383,0,0,0,0,0,12.903663230651889,2.200234173610856,0.8205733011409247,0.9009397919871844,uniform_random_feasible,77,0,3198117476243544476,1178cb177a5948b869cc35b97d0616bbfbed8b5bff4e946f4c679ee9f58ed4b7,da0f078e9d1ac4cd8fe776a234c1c932355ac5b8e9127747697b62f481a9cac9,"{""measurement_index"":440,""substep_index"":4400}","{""center_m"":[0.0,0.0,-54.561527341225236],""radius_max_m"":350.0,""radius_min_m"":120.0,""source"":""shared_reset_time_leader_centroid_and_frozen_mission_radii""}"
23,48823,full_active,True,True,440,880,220,True,True,True,1.0,0.5715319246783517,0.49446352565247664,True,93.99999999999893,93.99999999999893,0,0,0,0,0,16.74861069681254,0.5998251861705972,0.2559528959229246,0.9058215830009431,belief_conditioned,32,8,,,f3d006fd4ec9b52d4c6514264f87f27736b227f94affde2d574b741e00d1a651,"{""measurement_index"":440,""substep_index"":4400}","{""center_m"":[0.0,0.0,-55.06932800310941],""radius_max_m"":350.0,""radius_min_m"":120.0,""source"":""shared_reset_time_leader_centroid_and_frozen_mission_radii""}"
23,48823,no_pair_term,True,True,440,880,220,True,True,True,1.0,0.3933671715927327,0.3777146788562622,True,93.99999999999893,93.99999999999893,0,0,0,0,0,16.74861069681254,0.4556343811769901,0.2262154504524797,0.9359751250012778,belief_conditioned,32,8,,,f3d006fd4ec9b52d4c6514264f87f27736b227f94affde2d574b741e00d1a651,"{""measurement_index"":440,""substep_index"":4400}","{""center_m"":[0.0,0.0,-55.06932800310941],""radius_max_m"":350.0,""radius_min_m"":120.0,""source"":""shared_reset_time_leader_centroid_and_frozen_mission_radii""}"
23,48823,best_hypothesis_only,True,True,440,880,220,True,True,True,1.0,0.40606705645311103,0.3907785785606227,True,93.99999999999893,93.99999999999893,0,0,0,0,0,16.74861069681254,0.4686195293920824,0.22652353504507355,1.3426539999927627,belief_conditioned,32,1,,,f3d006fd4ec9b52d4c6514264f87f27736b227f94affde2d574b741e00d1a651,"{""measurement_index"":440,""substep_index"":4400}","{""center_m"":[0.0,0.0,-55.06932800310941],""radius_max_m"":350.0,""radius_min_m"":120.0,""source"":""shared_reset_time_leader_centroid_and_frozen_mission_radii""}"
23,48823,random_feasible,True,True,440,880,220,False,False,False,0.0,1.6911580734062932,632.0056837859003,True,424.0000000000279,424.0000000000279,0,0,0,0,0,19.81038985001558,2.3453413963177443,1.8301192765069934,1.1311521250027,uniform_random_feasible,197,0,17302934990691922338,6df82cf6c9c60ebe80cacf3fd7d86f6ba5be1a07ff68b67e6e4159a6d4effd68,f3d006fd4ec9b52d4c6514264f87f27736b227f94affde2d574b741e00d1a651,"{""measurement_index"":440,""substep_index"":4400}","{""center_m"":[0.0,0.0,-55.06932800310941],""radius_max_m"":350.0,""radius_min_m"":120.0,""source"":""shared_reset_time_leader_centroid_and_frozen_mission_radii""}"
24,48824,full_active,True,True,440,880,220,True,True,True,1.0,0.44747381498120625,0.35856598623787256,True,93.99999999999893,93.99999999999893,0,0,0,0,0,6.98952065533552,0.5875386661680483,0.36763968346321924,1.1646133750036824,belief_conditioned,32,8,,,bb9108591e60b95ce003cc97bdedb24b4999f906c64c55d968393eb2d2568ac3,"{""measurement_index"":440,""substep_index"":4400}","{""center_m"":[0.0,0.0,-56.342061063305025],""radius_max_m"":350.0,""radius_min_m"":120.0,""source"":""shared_reset_time_leader_centroid_and_frozen_mission_radii""}"
24,48824,no_pair_term,True,True,440,880,220,True,True,True,1.0,0.5082281276920162,0.41460952977732995,True,93.99999999999893,93.99999999999893,0,0,0,0,0,6.98952065533552,0.6374713351674457,0.3095223974208985,0.9753420410124818,belief_conditioned,32,8,,,bb9108591e60b95ce003cc97bdedb24b4999f906c64c55d968393eb2d2568ac3,"{""measurement_index"":440,""substep_index"":4400}","{""center_m"":[0.0,0.0,-56.342061063305025],""radius_max_m"":350.0,""radius_min_m"":120.0,""source"":""shared_reset_time_leader_centroid_and_frozen_mission_radii""}"
24,48824,best_hypothesis_only,True,True,440,880,220,True,True,True,1.0,0.22051766043713117,0.14475219174577397,True,93.99999999999893,93.99999999999893,0,0,0,0,0,6.98952065533552,0.5509779405373385,0.33561748916720807,1.1423415419994853,belief_conditioned,32,1,,,bb9108591e60b95ce003cc97bdedb24b4999f906c64c55d968393eb2d2568ac3,"{""measurement_index"":440,""substep_index"":4400}","{""center_m"":[0.0,0.0,-56.342061063305025],""radius_max_m"":350.0,""radius_min_m"":120.0,""source"":""shared_reset_time_leader_centroid_and_frozen_mission_radii""}"
24,48824,random_feasible,True,True,440,880,220,True,True,True,1.0,0.543276308985202,0.6349592511935632,True,123.99999999999723,123.99999999999723,0,0,0,0,0,8.44957988027247,0.7108779844214695,0.47261030131607656,1.2452137499931268,uniform_random_feasible,47,0,5870765695063857372,6b642bdfc610b80bfaad41d48319c3eca73c52142bde536f2ce37f1237dcf7b9,bb9108591e60b95ce003cc97bdedb24b4999f906c64c55d968393eb2d2568ac3,"{""measurement_index"":440,""substep_index"":4400}","{""center_m"":[0.0,0.0,-56.342061063305025],""radius_max_m"":350.0,""radius_min_m"":120.0,""source"":""shared_reset_time_leader_centroid_and_frozen_mission_radii""}"
25,48825,full_active,True,True,440,880,220,True,True,True,1.0,0.5065302010901642,0.5653247294813524,True,93.99999999999893,93.99999999999893,0,0,0,0,0,7.093548154200976,1.0981958008199497,0.31931854554753675,0.9807625419925898,belief_conditioned,32,8,,,557819fcd48ad878c9f2f5501896a1a3a608e785ec79dedf1dfad171a0ced0e0,"{""measurement_index"":440,""substep_index"":4400}","{""center_m"":[0.0,0.0,-48.99724603523421],""radius_max_m"":350.0,""radius_min_m"":120.0,""source"":""shared_reset_time_leader_centroid_and_frozen_mission_radii""}"
25,48825,no_pair_term,True,True,440,880,220,True,True,True,1.0,0.806339867088889,0.882414711160992,True,93.99999999999893,93.99999999999893,0,0,0,0,0,7.093548154200976,1.1974207448328535,0.2472769576940561,1.1385205419937847,belief_conditioned,32,8,,,557819fcd48ad878c9f2f5501896a1a3a608e785ec79dedf1dfad171a0ced0e0,"{""measurement_index"":440,""substep_index"":4400}","{""center_m"":[0.0,0.0,-48.99724603523421],""radius_max_m"":350.0,""radius_min_m"":120.0,""source"":""shared_reset_time_leader_centroid_and_frozen_mission_radii""}"
25,48825,best_hypothesis_only,True,True,440,880,220,True,True,True,1.0,0.4677341267228355,0.5112393834008429,True,93.99999999999893,93.99999999999893,0,0,0,0,0,7.093548154200976,0.9225630504585252,0.27208613029882905,0.9907325420062989,belief_conditioned,32,1,,,557819fcd48ad878c9f2f5501896a1a3a608e785ec79dedf1dfad171a0ced0e0,"{""measurement_index"":440,""substep_index"":4400}","{""center_m"":[0.0,0.0,-48.99724603523421],""radius_max_m"":350.0,""radius_min_m"":120.0,""source"":""shared_reset_time_leader_centroid_and_frozen_mission_radii""}"
25,48825,random_feasible,True,True,440,880,220,True,True,True,1.0,0.39550563852513826,0.4403678722337363,True,123.99999999999723,123.99999999999723,0,0,0,0,0,9.511089123800096,1.0526567028680462,0.5006109828018076,1.1811621250089956,uniform_random_feasible,47,0,10031306269660027545,dc5a6f2c5935874e5ab2973e6188d384e484b1e3d23d1c631d78bcfab5dbe92e,557819fcd48ad878c9f2f5501896a1a3a608e785ec79dedf1dfad171a0ced0e0,"{""measurement_index"":440,""substep_index"":4400}","{""center_m"":[0.0,0.0,-48.99724603523421],""radius_max_m"":350.0,""radius_min_m"":120.0,""source"":""shared_reset_time_leader_centroid_and_frozen_mission_radii""}"
26,48826,full_active,True,True,440,880,220,True,True,True,1.0,0.4629243112318998,0.4050031238654431,True,123.99999999999723,123.99999999999723,0,0,0,0,0,9.382161669812376,1.3820719590285826,0.2458814338757896,1.1234582920005778,belief_conditioned,47,8,,,44ae2b127550d3af7b78c7e90504bdc63d1a27af19f0a2b74743a18ba8bc2c0b,"{""measurement_index"":440,""substep_index"":4400}","{""center_m"":[0.0,0.0,-55.13315303463045],""radius_max_m"":350.0,""radius_min_m"":120.0,""source"":""shared_reset_time_leader_centroid_and_frozen_mission_radii""}"
26,48826,no_pair_term,True,True,440,880,220,True,True,True,1.0,0.8513242205460692,0.8103134643078652,True,123.99999999999723,123.99999999999723,0,0,0,0,0,10.578109648546114,1.8934161310387951,0.23208139623762117,1.044835166001576,belief_conditioned,47,8,,,44ae2b127550d3af7b78c7e90504bdc63d1a27af19f0a2b74743a18ba8bc2c0b,"{""measurement_index"":440,""substep_index"":4400}","{""center_m"":[0.0,0.0,-55.13315303463045],""radius_max_m"":350.0,""radius_min_m"":120.0,""source"":""shared_reset_time_leader_centroid_and_frozen_mission_radii""}"
26,48826,best_hypothesis_only,True,True,440,880,220,True,True,True,1.0,0.6316406854230072,0.676522851898254,True,123.99999999999723,123.99999999999723,0,0,0,0,0,9.647657977331365,0.7432322602532229,0.25813593980015476,1.0200230420014123,belief_conditioned,47,1,,,44ae2b127550d3af7b78c7e90504bdc63d1a27af19f0a2b74743a18ba8bc2c0b,"{""measurement_index"":440,""substep_index"":4400}","{""center_m"":[0.0,0.0,-55.13315303463045],""radius_max_m"":350.0,""radius_min_m"":120.0,""source"":""shared_reset_time_leader_centroid_and_frozen_mission_radii""}"
26,48826,random_feasible,True,True,440,880,220,False,False,False,0.0,1.2383306658276574,123.89075446021339,True,243.99999999999042,243.99999999999042,0,0,0,0,0,5.626003457254608,1.9617524685481187,0.9799744262726698,1.0730044590018224,uniform_random_feasible,107,0,1610641707221282829,5e18fec15b865694827e8097e6d3a3b5d2f1bab35d3aca18a440047c305c074e,44ae2b127550d3af7b78c7e90504bdc63d1a27af19f0a2b74743a18ba8bc2c0b,"{""measurement_index"":440,""substep_index"":4400}","{""center_m"":[0.0,0.0,-55.13315303463045],""radius_max_m"":350.0,""radius_min_m"":120.0,""source"":""shared_reset_time_leader_centroid_and_frozen_mission_radii""}"
27,48827,full_active,True,True,440,880,220,True,True,True,1.0,0.8233261928393453,0.9797842591012252,True,93.99999999999893,93.99999999999893,0,0,0,0,0,19.49373043399849,1.8208959185808984,0.23877416445113744,1.015547917006188,belief_conditioned,32,8,,,5b4a0afa9ba8ac64107499eafd3646ec5af5296cf59c35c86ca5b38816e61985,"{""measurement_index"":440,""substep_index"":4400}","{""center_m"":[0.0,0.0,-45.19476092585392],""radius_max_m"":350.0,""radius_min_m"":120.0,""source"":""shared_reset_time_leader_centroid_and_frozen_mission_radii""}"
27,48827,no_pair_term,True,True,440,880,220,True,True,True,1.0,0.4214165557163766,0.3645927631725714,True,123.99999999999723,123.99999999999723,0,0,0,0,0,21.82189677594343,0.5403801968946024,0.24690601131366713,1.0141552499990212,belief_conditioned,47,8,,,5b4a0afa9ba8ac64107499eafd3646ec5af5296cf59c35c86ca5b38816e61985,"{""measurement_index"":440,""substep_index"":4400}","{""center_m"":[0.0,0.0,-45.19476092585392],""radius_max_m"":350.0,""radius_min_m"":120.0,""source"":""shared_reset_time_leader_centroid_and_frozen_mission_radii""}"
27,48827,best_hypothesis_only,True,True,440,880,220,True,True,True,1.0,0.411023333382877,0.3468171439426502,True,123.99999999999723,123.99999999999723,0,0,0,0,0,21.979709844554762,0.547561094533123,0.24409155492252316,1.1386348749947501,belief_conditioned,47,1,,,5b4a0afa9ba8ac64107499eafd3646ec5af5296cf59c35c86ca5b38816e61985,"{""measurement_index"":440,""substep_index"":4400}","{""center_m"":[0.0,0.0,-45.19476092585392],""radius_max_m"":350.0,""radius_min_m"":120.0,""source"":""shared_reset_time_leader_centroid_and_frozen_mission_radii""}"
27,48827,random_feasible,True,True,440,880,220,False,False,False,0.0,1.683935155716551,273.1798192544898,True,304.0000000000006,304.0000000000006,0,0,0,0,0,23.181774153471295,2.2877390387232825,1.188526297922159,0.9887859169975854,uniform_random_feasible,137,0,10326566455196593876,ed8b9c8f6d4377f047a8e144f9ba5ea2d671a6de0a8e8b7185ae3da8cb684a5b,5b4a0afa9ba8ac64107499eafd3646ec5af5296cf59c35c86ca5b38816e61985,"{""measurement_index"":440,""substep_index"":4400}","{""center_m"":[0.0,0.0,-45.19476092585392],""radius_max_m"":350.0,""radius_min_m"":120.0,""source"":""shared_reset_time_leader_centroid_and_frozen_mission_radii""}"
28,48828,full_active,True,True,440,880,220,True,True,True,1.0,1.0151470168596848,1.0960644027830202,True,93.99999999999893,93.99999999999893,0,0,0,0,0,18.655132927624276,1.6238349107241719,0.30447477773858933,1.0045443330018315,belief_conditioned,32,8,,,3f93f317993fb8b7051d46bd405e0f9fc848eac44a9f1d9afdde97f4dd8d9cf2,"{""measurement_index"":440,""substep_index"":4400}","{""center_m"":[0.0,0.0,-52.93074019099091],""radius_max_m"":350.0,""radius_min_m"":120.0,""source"":""shared_reset_time_leader_centroid_and_frozen_mission_radii""}"
28,48828,no_pair_term,True,True,440,880,220,True,True,True,1.0,1.5695354825138905,1.9849063894449996,True,93.99999999999893,93.99999999999893,0,0,0,0,0,18.655132927624276,2.1822684240073493,0.3211292849226593,1.0010849999962375,belief_conditioned,32,8,,,3f93f317993fb8b7051d46bd405e0f9fc848eac44a9f1d9afdde97f4dd8d9cf2,"{""measurement_index"":440,""substep_index"":4400}","{""center_m"":[0.0,0.0,-52.93074019099091],""radius_max_m"":350.0,""radius_min_m"":120.0,""source"":""shared_reset_time_leader_centroid_and_frozen_mission_radii""}"
28,48828,best_hypothesis_only,True,True,440,880,220,True,True,True,1.0,1.070563862617858,1.1501678672060172,True,93.99999999999893,93.99999999999893,0,0,0,0,0,18.655132927624276,1.6135545191034453,0.2836370952821436,0.9720470419997582,belief_conditioned,32,1,,,3f93f317993fb8b7051d46bd405e0f9fc848eac44a9f1d9afdde97f4dd8d9cf2,"{""measurement_index"":440,""substep_index"":4400}","{""center_m"":[0.0,0.0,-52.93074019099091],""radius_max_m"":350.0,""radius_min_m"":120.0,""source"":""shared_reset_time_leader_centroid_and_frozen_mission_radii""}"
28,48828,random_feasible,True,True,440,880,220,True,False,False,0.04,0.3514679670612686,6.543654414679586,True,183.99999999999383,183.99999999999383,0,0,0,0,0,19.350671826567286,2.6151357322737376,0.7796488726767355,0.9223238750128075,uniform_random_feasible,77,0,16312946726517724908,ecef066fc1be710a7366637f217f61585bfad3d35d4d2e5cc2c525aa83c1cd42,3f93f317993fb8b7051d46bd405e0f9fc848eac44a9f1d9afdde97f4dd8d9cf2,"{""measurement_index"":440,""substep_index"":4400}","{""center_m"":[0.0,0.0,-52.93074019099091],""radius_max_m"":350.0,""radius_min_m"":120.0,""source"":""shared_reset_time_leader_centroid_and_frozen_mission_radii""}"
29,48829,full_active,True,True,440,880,220,True,True,True,1.0,1.2501055424514917,1.2761038335931782,True,93.99999999999893,93.99999999999893,0,0,0,0,0,5.434263860381276,1.3602300985601032,0.18342562518123562,0.9591729160019895,belief_conditioned,32,8,,,7a816cbff91bf47155dddef0fc92a29b4e0b75cb6265968e9e3ac5298814a28a,"{""measurement_index"":440,""substep_index"":4400}","{""center_m"":[0.0,0.0,-56.2106962106523],""radius_max_m"":350.0,""radius_min_m"":120.0,""source"":""shared_reset_time_leader_centroid_and_frozen_mission_radii""}"
29,48829,no_pair_term,True,True,440,880,220,True,True,True,1.0,1.2347766365546526,1.25911742184026,True,93.99999999999893,93.99999999999893,0,0,0,0,0,5.434263860381276,1.4113972466876712,0.18001438305181824,0.9756528750003781,belief_conditioned,32,8,,,7a816cbff91bf47155dddef0fc92a29b4e0b75cb6265968e9e3ac5298814a28a,"{""measurement_index"":440,""substep_index"":4400}","{""center_m"":[0.0,0.0,-56.2106962106523],""radius_max_m"":350.0,""radius_min_m"":120.0,""source"":""shared_reset_time_leader_centroid_and_frozen_mission_radii""}"
29,48829,best_hypothesis_only,True,True,440,880,220,True,True,True,1.0,1.436030346893851,1.4663884522899975,True,93.99999999999893,93.99999999999893,0,0,0,0,0,5.434263860381276,1.5273289662631937,0.18609317610104184,0.8942067500029225,belief_conditioned,32,1,,,7a816cbff91bf47155dddef0fc92a29b4e0b75cb6265968e9e3ac5298814a28a,"{""measurement_index"":440,""substep_index"":4400}","{""center_m"":[0.0,0.0,-56.2106962106523],""radius_max_m"":350.0,""radius_min_m"":120.0,""source"":""shared_reset_time_leader_centroid_and_frozen_mission_radii""}"
29,48829,random_feasible,True,True,440,880,220,True,True,True,1.0,0.7010833242011539,0.6890568411215958,True,183.99999999999383,183.99999999999383,0,0,0,0,0,8.669347392377311,1.6165958935905869,0.7672890206763285,0.8922202090034261,uniform_random_feasible,77,0,7638035123403112164,4f577646a864cbe86987b0b6e6f50a8576ea30c77566b5f52512a268cf5badda,7a816cbff91bf47155dddef0fc92a29b4e0b75cb6265968e9e3ac5298814a28a,"{""measurement_index"":440,""substep_index"":4400}","{""center_m"":[0.0,0.0,-56.2106962106523],""radius_max_m"":350.0,""radius_min_m"":120.0,""source"":""shared_reset_time_leader_centroid_and_frozen_mission_radii""}"
30,48830,full_active,True,True,440,880,220,True,True,True,1.0,0.6752634207323756,0.7466348901287612,True,123.99999999999723,123.99999999999723,0,0,0,0,0,15.917079164518595,1.3561501219978218,0.21627920467791265,0.9049537079990841,belief_conditioned,47,8,,,412a07981d1fd2cd762f64f0ec10be318522e0cf72db9a7a3bd72dfe7e8c64d2,"{""measurement_index"":440,""substep_index"":4400}","{""center_m"":[0.0,0.0,-54.2146006768947],""radius_max_m"":350.0,""radius_min_m"":120.0,""source"":""shared_reset_time_leader_centroid_and_frozen_mission_radii""}"
30,48830,no_pair_term,True,True,440,880,220,True,True,True,1.0,0.6660735542909808,0.7361241725466765,True,123.99999999999723,123.99999999999723,0,0,0,0,0,15.917079164518595,1.4416958690479453,0.21209813232940636,0.9088594159984495,belief_conditioned,47,8,,,412a07981d1fd2cd762f64f0ec10be318522e0cf72db9a7a3bd72dfe7e8c64d2,"{""measurement_index"":440,""substep_index"":4400}","{""center_m"":[0.0,0.0,-54.2146006768947],""radius_max_m"":350.0,""radius_min_m"":120.0,""source"":""shared_reset_time_leader_centroid_and_frozen_mission_radii""}"
30,48830,best_hypothesis_only,True,True,440,880,220,True,True,True,1.0,0.7001726767746541,0.7718751604125138,True,123.99999999999723,123.99999999999723,0,0,0,0,0,15.917079164518595,1.381083528688466,0.21900051615306002,0.9439159579924308,belief_conditioned,47,1,,,412a07981d1fd2cd762f64f0ec10be318522e0cf72db9a7a3bd72dfe7e8c64d2,"{""measurement_index"":440,""substep_index"":4400}","{""center_m"":[0.0,0.0,-54.2146006768947],""radius_max_m"":350.0,""radius_min_m"":120.0,""source"":""shared_reset_time_leader_centroid_and_frozen_mission_radii""}"
30,48830,random_feasible,True,True,440,880,220,False,False,False,0.0,0.9585076258589564,527.0818374009062,True,364.00000000001427,364.00000000001427,0,0,0,0,0,8.478101660615815,1.2652077772070547,1.501410398489434,0.8980837080016499,uniform_random_feasible,167,0,8315074545311135438,1aa4065b09441cff80aa1886e5bb1d471ebbca44508ab0cd42ac3118954aa70d,412a07981d1fd2cd762f64f0ec10be318522e0cf72db9a7a3bd72dfe7e8c64d2,"{""measurement_index"":440,""substep_index"":4400}","{""center_m"":[0.0,0.0,-54.2146006768947],""radius_max_m"":350.0,""radius_min_m"":120.0,""source"":""shared_reset_time_leader_centroid_and_frozen_mission_radii""}"
31,48831,full_active,True,True,440,880,220,True,True,True,1.0,0.7157109654125154,0.6683145091394005,True,66.00000000000053,66.00000000000053,0,0,0,0,0,4.4052995348876705,1.6825953019121183,0.23884203747837604,0.9368015839863801,belief_conditioned,18,8,,,90953d9cbab6d27a212ac7c0b253597dff19ebe0f6523a858ce8ebae882142a5,"{""measurement_index"":440,""substep_index"":4400}","{""center_m"":[0.0,0.0,-56.27588081659914],""radius_max_m"":350.0,""radius_min_m"":120.0,""source"":""shared_reset_time_leader_centroid_and_frozen_mission_radii""}"
31,48831,no_pair_term,True,True,440,880,220,True,True,True,1.0,1.0203798742210632,0.9748382282487124,True,64.00000000000064,64.00000000000064,0,0,0,0,0,4.4052995348876705,1.441279141198305,0.2136168328107678,0.9083664579957258,belief_conditioned,17,8,,,90953d9cbab6d27a212ac7c0b253597dff19ebe0f6523a858ce8ebae882142a5,"{""measurement_index"":440,""substep_index"":4400}","{""center_m"":[0.0,0.0,-56.27588081659914],""radius_max_m"":350.0,""radius_min_m"":120.0,""source"":""shared_reset_time_leader_centroid_and_frozen_mission_radii""}"
31,48831,best_hypothesis_only,True,True,440,880,220,True,True,True,1.0,1.0203798742210632,0.9748382282487124,True,64.00000000000064,64.00000000000064,0,0,0,0,0,4.4052995348876705,1.441279141198305,0.2136168328107678,0.8746330839931034,belief_conditioned,17,1,,,90953d9cbab6d27a212ac7c0b253597dff19ebe0f6523a858ce8ebae882142a5,"{""measurement_index"":440,""substep_index"":4400}","{""center_m"":[0.0,0.0,-56.27588081659914],""radius_max_m"":350.0,""radius_min_m"":120.0,""source"":""shared_reset_time_leader_centroid_and_frozen_mission_radii""}"
31,48831,random_feasible,True,True,440,880,220,True,False,False,0.16,0.12135607535940963,3.1604653180237694,True,243.99999999999042,243.99999999999042,0,0,0,0,0,2.9206481485632283,0.6983385158635964,1.078709988853341,0.9298399580002297,uniform_random_feasible,107,0,8401027435652007878,1ec3a845c2ee79b105b2dfe87df8d5d46471ad8c96003e9086aad899d8da1123,90953d9cbab6d27a212ac7c0b253597dff19ebe0f6523a858ce8ebae882142a5,"{""measurement_index"":440,""substep_index"":4400}","{""center_m"":[0.0,0.0,-56.27588081659914],""radius_max_m"":350.0,""radius_min_m"":120.0,""source"":""shared_reset_time_leader_centroid_and_frozen_mission_radii""}"
32,48832,full_active,True,True,440,880,220,True,True,True,1.0,0.5064440974996242,0.6588685424475819,True,64.00000000000064,64.00000000000064,0,0,0,0,0,1.8346845965613703,1.103056735432794,0.19622596963826142,0.9414693750004517,belief_conditioned,17,7,,,5603af10f46f6153c88bf71d2b3e4c009b06239776f64da6c0be14d26b53cd84,"{""measurement_index"":440,""substep_index"":4400}","{""center_m"":[0.0,0.0,-51.60601225185473],""radius_max_m"":350.0,""radius_min_m"":120.0,""source"":""shared_reset_time_leader_centroid_and_frozen_mission_radii""}"
32,48832,no_pair_term,True,True,440,880,220,True,True,True,1.0,0.47911582743868414,0.6161668429037976,True,64.00000000000064,64.00000000000064,0,0,0,0,0,1.8346845965613703,0.9489102211666322,0.22062786914560287,0.8802112500125077,belief_conditioned,17,7,,,5603af10f46f6153c88bf71d2b3e4c009b06239776f64da6c0be14d26b53cd84,"{""measurement_index"":440,""substep_index"":4400}","{""center_m"":[0.0,0.0,-51.60601225185473],""radius_max_m"":350.0,""radius_min_m"":120.0,""source"":""shared_reset_time_leader_centroid_and_frozen_mission_radii""}"
32,48832,best_hypothesis_only,True,True,440,880,220,True,True,True,1.0,0.47911582743868414,0.6161668429037976,True,64.00000000000064,64.00000000000064,0,0,0,0,0,1.8346845965613703,0.9489102211666322,0.22062786914560287,0.9111359590024222,belief_conditioned,17,1,,,5603af10f46f6153c88bf71d2b3e4c009b06239776f64da6c0be14d26b53cd84,"{""measurement_index"":440,""substep_index"":4400}","{""center_m"":[0.0,0.0,-51.60601225185473],""radius_max_m"":350.0,""radius_min_m"":120.0,""source"":""shared_reset_time_leader_centroid_and_frozen_mission_radii""}"
32,48832,random_feasible,True,True,440,880,220,True,True,True,1.0,0.3137593021895103,0.4231776149354852,True,64.00000000000064,64.00000000000064,0,0,0,0,0,1.1815960508068835,1.1276952488314824,0.2694119008675079,0.8797861670027487,uniform_random_feasible,17,0,3569433067717362476,ac18fb35bbf1ab9889a72ae104550354322add587d94519921f1eb99ab6ccc8d,5603af10f46f6153c88bf71d2b3e4c009b06239776f64da6c0be14d26b53cd84,"{""measurement_index"":440,""substep_index"":4400}","{""center_m"":[0.0,0.0,-51.60601225185473],""radius_max_m"":350.0,""radius_min_m"":120.0,""source"":""shared_reset_time_leader_centroid_and_frozen_mission_radii""}"
33,48833,full_active,True,True,440,880,220,True,False,True,0.38,0.5409400793236856,1.0844327180120603,True,243.99999999999042,243.99999999999042,0,0,0,0,0,20.55082477210329,0.5409400793236856,0.41846048753072607,0.9795500000036554,belief_conditioned,107,8,,,15f8984080e6b3d72e73b56ea3aa63a88a3043512b876b10cea906fc777a9186,"{""measurement_index"":440,""substep_index"":4400}","{""center_m"":[0.0,0.0,-57.50003975176237],""radius_max_m"":350.0,""radius_min_m"":120.0,""source"":""shared_reset_time_leader_centroid_and_frozen_mission_radii""}"
33,48833,no_pair_term,True,True,440,880,220,True,True,True,1.0,0.5129180015218399,0.46266767750044663,True,123.99999999999723,123.99999999999723,0,0,0,0,0,20.55082477210329,0.9232264920443248,0.22832032294701082,0.8731384169950616,belief_conditioned,47,8,,,15f8984080e6b3d72e73b56ea3aa63a88a3043512b876b10cea906fc777a9186,"{""measurement_index"":440,""substep_index"":4400}","{""center_m"":[0.0,0.0,-57.50003975176237],""radius_max_m"":350.0,""radius_min_m"":120.0,""source"":""shared_reset_time_leader_centroid_and_frozen_mission_radii""}"
33,48833,best_hypothesis_only,True,True,440,880,220,True,True,True,1.0,0.7077318730534118,0.60458732170003,True,123.99999999999723,123.99999999999723,0,0,0,0,0,21.086321800695544,1.1675063966561001,0.23141895941383325,0.9719936250039609,belief_conditioned,47,1,,,15f8984080e6b3d72e73b56ea3aa63a88a3043512b876b10cea906fc777a9186,"{""measurement_index"":440,""substep_index"":4400}","{""center_m"":[0.0,0.0,-57.50003975176237],""radius_max_m"":350.0,""radius_min_m"":120.0,""source"":""shared_reset_time_leader_centroid_and_frozen_mission_radii""}"
33,48833,random_feasible,True,True,440,880,220,True,False,False,0.28,0.5255896864996452,1.379566398800645,True,243.99999999999042,243.99999999999042,0,0,0,0,0,20.629753766590984,1.4659701828184473,1.025639947120166,0.9347827499877894,uniform_random_feasible,107,0,17182690556983270511,f9470725214efcc16b6d2f1ebd6c98da1fea1cb3c94c2b6fbaf280a54ec7d02b,15f8984080e6b3d72e73b56ea3aa63a88a3043512b876b10cea906fc777a9186,"{""measurement_index"":440,""substep_index"":4400}","{""center_m"":[0.0,0.0,-57.50003975176237],""radius_max_m"":350.0,""radius_min_m"":120.0,""source"":""shared_reset_time_leader_centroid_and_frozen_mission_radii""}"
34,48834,full_active,True,True,440,880,220,True,True,True,1.0,0.5961077431380383,0.6994361007094861,True,93.99999999999893,93.99999999999893,0,0,0,0,0,16.36705626112779,1.1354038785105223,0.21387613922914164,0.9096127910015639,belief_conditioned,32,8,,,27d99a9bf0e9029cae60545cb73ba6cd4e7161246fff732d342bf17d637aacee,"{""measurement_index"":440,""substep_index"":4400}","{""center_m"":[0.0,0.0,-49.314690991678745],""radius_max_m"":350.0,""radius_min_m"":120.0,""source"":""shared_reset_time_leader_centroid_and_frozen_mission_radii""}"
34,48834,no_pair_term,True,True,440,880,220,True,True,True,1.0,0.5961077431380383,0.6994361007094861,True,93.99999999999893,93.99999999999893,0,0,0,0,0,16.36705626112779,1.1354038785105223,0.21387613922914164,0.8592285420018015,belief_conditioned,32,8,,,27d99a9bf0e9029cae60545cb73ba6cd4e7161246fff732d342bf17d637aacee,"{""measurement_index"":440,""substep_index"":4400}","{""center_m"":[0.0,0.0,-49.314690991678745],""radius_max_m"":350.0,""radius_min_m"":120.0,""source"":""shared_reset_time_leader_centroid_and_frozen_mission_radii""}"
34,48834,best_hypothesis_only,True,True,440,880,220,True,True,True,1.0,0.6760818774310475,0.7714481798322056,True,93.99999999999893,93.99999999999893,0,0,0,0,0,16.36705626112779,1.091266091181501,0.21237372002183186,0.8718968340108404,belief_conditioned,32,1,,,27d99a9bf0e9029cae60545cb73ba6cd4e7161246fff732d342bf17d637aacee,"{""measurement_index"":440,""substep_index"":4400}","{""center_m"":[0.0,0.0,-49.314690991678745],""radius_max_m"":350.0,""radius_min_m"":120.0,""source"":""shared_reset_time_leader_centroid_and_frozen_mission_radii""}"
34,48834,random_feasible,True,True,440,880,220,True,True,True,1.0,1.1046022666057977,1.2303351347145135,True,183.99999999999383,183.99999999999383,0,0,0,0,0,16.36705626112779,3.1949757747053162,0.691617226076597,0.8835503330046777,uniform_random_feasible,77,0,11454612636561854078,4b3c2fe60aa2baeaaa0497f2f027b74729f5131811de9c26404cf0bc367e912a,27d99a9bf0e9029cae60545cb73ba6cd4e7161246fff732d342bf17d637aacee,"{""measurement_index"":440,""substep_index"":4400}","{""center_m"":[0.0,0.0,-49.314690991678745],""radius_max_m"":350.0,""radius_min_m"":120.0,""source"":""shared_reset_time_leader_centroid_and_frozen_mission_radii""}"
35,48835,full_active,True,True,440,880,220,True,True,True,1.0,0.28994486354585247,0.2999463601417326,True,123.99999999999723,123.99999999999723,0,0,0,0,0,5.711321201486955,0.40221094376086486,0.2864307084631915,0.9289132920093834,belief_conditioned,47,8,,,8e1e1002aaa739f9ee0ef10eac700ff7c23fff413d7fa0666879b142cc709953,"{""measurement_index"":440,""substep_index"":4400}","{""center_m"":[0.0,0.0,-52.21607095772153],""radius_max_m"":350.0,""radius_min_m"":120.0,""source"":""shared_reset_time_leader_centroid_and_frozen_mission_radii""}"
35,48835,no_pair_term,True,True,440,880,220,True,True,True,1.0,0.7596573767995944,0.794910247879026,True,93.99999999999893,93.99999999999893,0,0,0,0,0,9.584255030688007,0.7708003606848843,0.233220017641747,0.9691394590045093,belief_conditioned,32,8,,,8e1e1002aaa739f9ee0ef10eac700ff7c23fff413d7fa0666879b142cc709953,"{""measurement_index"":440,""substep_index"":4400}","{""center_m"":[0.0,0.0,-52.21607095772153],""radius_max_m"":350.0,""radius_min_m"":120.0,""source"":""shared_reset_time_leader_centroid_and_frozen_mission_radii""}"
35,48835,best_hypothesis_only,True,True,440,880,220,True,True,True,1.0,0.4324784224346139,0.5638890384492568,True,93.99999999999893,93.99999999999893,0,0,0,0,0,4.938155180792269,0.5750422578770475,0.23855479479987188,1.0768544169986853,belief_conditioned,32,1,,,8e1e1002aaa739f9ee0ef10eac700ff7c23fff413d7fa0666879b142cc709953,"{""measurement_index"":440,""substep_index"":4400}","{""center_m"":[0.0,0.0,-52.21607095772153],""radius_max_m"":350.0,""radius_min_m"":120.0,""source"":""shared_reset_time_leader_centroid_and_frozen_mission_radii""}"
35,48835,random_feasible,True,True,440,880,220,True,True,True,0.9,0.26938180409800455,0.35561474916079344,True,183.99999999999383,183.99999999999383,0,0,0,0,0,7.780749068470641,0.605642854905405,0.7985554753454718,0.939852208000957,uniform_random_feasible,77,0,11278126680830704193,280e60978fe83d2419fbd9c9948d3dd79151f70960b50add3f2056fe09b83741,8e1e1002aaa739f9ee0ef10eac700ff7c23fff413d7fa0666879b142cc709953,"{""measurement_index"":440,""substep_index"":4400}","{""center_m"":[0.0,0.0,-52.21607095772153],""radius_max_m"":350.0,""radius_min_m"":120.0,""source"":""shared_reset_time_leader_centroid_and_frozen_mission_radii""}"
36,48836,full_active,True,True,440,880,220,True,True,True,1.0,1.0256780413870594,1.0982899405281026,True,123.99999999999723,123.99999999999723,0,0,0,0,0,13.24629024194739,1.3003119188051675,0.23485521401830625,0.9391738749982323,belief_conditioned,47,9,,,5fc6f79c2ba38dcb6f9e345eb8655c987118e995761a992cfc487d79685fc6a3,"{""measurement_index"":440,""substep_index"":4400}","{""center_m"":[0.0,0.0,-52.27538195820805],""radius_max_m"":350.0,""radius_min_m"":120.0,""source"":""shared_reset_time_leader_centroid_and_frozen_mission_radii""}"
36,48836,no_pair_term,True,True,440,880,220,True,True,True,1.0,0.35365002241260013,0.4053781702636318,True,123.99999999999723,123.99999999999723,0,0,0,0,0,13.24629024194739,0.806338034650316,0.24571210877963923,0.9091248750046361,belief_conditioned,47,9,,,5fc6f79c2ba38dcb6f9e345eb8655c987118e995761a992cfc487d79685fc6a3,"{""measurement_index"":440,""substep_index"":4400}","{""center_m"":[0.0,0.0,-52.27538195820805],""radius_max_m"":350.0,""radius_min_m"":120.0,""source"":""shared_reset_time_leader_centroid_and_frozen_mission_radii""}"
36,48836,best_hypothesis_only,True,True,440,880,220,True,True,True,1.0,0.34107413963700495,0.39455412353624153,True,123.99999999999723,123.99999999999723,0,0,0,0,0,13.24629024194739,0.7959458239068516,0.24563447963395788,0.8766058750043157,belief_conditioned,47,1,,,5fc6f79c2ba38dcb6f9e345eb8655c987118e995761a992cfc487d79685fc6a3,"{""measurement_index"":440,""substep_index"":4400}","{""center_m"":[0.0,0.0,-52.27538195820805],""radius_max_m"":350.0,""radius_min_m"":120.0,""source"":""shared_reset_time_leader_centroid_and_frozen_mission_radii""}"
36,48836,random_feasible,True,True,440,880,220,False,False,False,0.0,1.138460143870079,91.25593823547769,True,183.99999999999383,183.99999999999383,0,0,0,0,0,7.216145162326153,1.4636670606957345,0.736066828448103,0.9279337500047404,uniform_random_feasible,77,0,2558796991459684621,c2fbf4c29e3cdf93a4dd00ffe0fe83d90e2f23b2d13451640da2bd08e850e09f,5fc6f79c2ba38dcb6f9e345eb8655c987118e995761a992cfc487d79685fc6a3,"{""measurement_index"":440,""substep_index"":4400}","{""center_m"":[0.0,0.0,-52.27538195820805],""radius_max_m"":350.0,""radius_min_m"":120.0,""source"":""shared_reset_time_leader_centroid_and_frozen_mission_radii""}"
37,48837,full_active,True,True,440,880,220,True,True,True,1.0,0.4703880622299113,0.5009759424605427,True,64.00000000000064,64.00000000000064,0,0,0,0,0,5.505684721727241,0.7310460580401713,0.2733070224291934,0.9590815410047071,belief_conditioned,17,8,,,736ef6d75505c6594ec7678fb16708fedc2243ce3b8e3e0ca40a28ca06d2af46,"{""measurement_index"":440,""substep_index"":4400}","{""center_m"":[0.0,0.0,-58.67216619348399],""radius_max_m"":350.0,""radius_min_m"":120.0,""source"":""shared_reset_time_leader_centroid_and_frozen_mission_radii""}"
37,48837,no_pair_term,True,True,440,880,220,True,True,True,1.0,0.1364737447905984,0.1628940359550726,True,64.00000000000064,64.00000000000064,0,0,0,0,0,2.2212233765942155,0.4140249799245897,0.2534105068081964,0.8956512080039829,belief_conditioned,17,8,,,736ef6d75505c6594ec7678fb16708fedc2243ce3b8e3e0ca40a28ca06d2af46,"{""measurement_index"":440,""substep_index"":4400}","{""center_m"":[0.0,0.0,-58.67216619348399],""radius_max_m"":350.0,""radius_min_m"":120.0,""source"":""shared_reset_time_leader_centroid_and_frozen_mission_radii""}"
37,48837,best_hypothesis_only,True,True,440,880,220,True,True,True,1.0,0.21102121631893436,0.23213154631428787,True,64.00000000000064,64.00000000000064,0,0,0,0,0,2.2212233765942155,0.665733378976483,0.2512683985848241,0.8741296250082087,belief_conditioned,17,1,,,736ef6d75505c6594ec7678fb16708fedc2243ce3b8e3e0ca40a28ca06d2af46,"{""measurement_index"":440,""substep_index"":4400}","{""center_m"":[0.0,0.0,-58.67216619348399],""radius_max_m"":350.0,""radius_min_m"":120.0,""source"":""shared_reset_time_leader_centroid_and_frozen_mission_radii""}"
37,48837,random_feasible,True,True,440,880,220,True,True,True,1.0,0.48070906801590246,0.5018046288854744,True,123.99999999999723,123.99999999999723,0,0,0,0,0,2.0027883080581907,1.7277206406937358,0.5081473452212665,0.8379394589865115,uniform_random_feasible,47,0,8141966655540582798,d8b92cb282b128de6f329429c807ab52e79fcf5d3c6f7d49b5b144e561ff8ae5,736ef6d75505c6594ec7678fb16708fedc2243ce3b8e3e0ca40a28ca06d2af46,"{""measurement_index"":440,""substep_index"":4400}","{""center_m"":[0.0,0.0,-58.67216619348399],""radius_max_m"":350.0,""radius_min_m"":120.0,""source"":""shared_reset_time_leader_centroid_and_frozen_mission_radii""}"
38,48838,full_active,True,True,440,880,220,True,True,True,1.0,0.4903709388954679,0.359793695190653,True,93.99999999999893,93.99999999999893,0,0,0,0,0,7.092202074324785,0.6426323071957714,0.25162894545599057,0.876559249998536,belief_conditioned,32,8,,,1fbd383c05c9f2d8f1c1e2eacf3000d6ebb956e21d5d1d0af3afb2caf40295c7,"{""measurement_index"":440,""substep_index"":4400}","{""center_m"":[0.0,0.0,-51.80012394004555],""radius_max_m"":350.0,""radius_min_m"":120.0,""source"":""shared_reset_time_leader_centroid_and_frozen_mission_radii""}"
38,48838,no_pair_term,True,True,440,880,220,True,True,True,1.0,0.3116123370156221,0.4457860208026716,True,93.99999999999893,93.99999999999893,0,0,0,0,0,7.092202074324785,0.7592552724578392,0.26521819941803426,1.015667041996494,belief_conditioned,32,8,,,1fbd383c05c9f2d8f1c1e2eacf3000d6ebb956e21d5d1d0af3afb2caf40295c7,"{""measurement_index"":440,""substep_index"":4400}","{""center_m"":[0.0,0.0,-51.80012394004555],""radius_max_m"":350.0,""radius_min_m"":120.0,""source"":""shared_reset_time_leader_centroid_and_frozen_mission_radii""}"
38,48838,best_hypothesis_only,True,True,440,880,220,True,True,True,1.0,0.15751940438298603,0.23965201404748762,True,93.99999999999893,93.99999999999893,0,0,0,0,0,7.092202074324785,0.3991722748093831,0.24093278736539614,0.923950957992929,belief_conditioned,32,1,,,1fbd383c05c9f2d8f1c1e2eacf3000d6ebb956e21d5d1d0af3afb2caf40295c7,"{""measurement_index"":440,""substep_index"":4400}","{""center_m"":[0.0,0.0,-51.80012394004555],""radius_max_m"":350.0,""radius_min_m"":120.0,""source"":""shared_reset_time_leader_centroid_and_frozen_mission_radii""}"
38,48838,random_feasible,True,True,440,880,220,False,False,False,0.0,2.1363052057477816,705.5531960507763,True,304.0000000000006,304.0000000000006,0,0,0,0,0,9.01473674810609,2.4361657021843355,1.2731805937511058,0.8905417909991229,uniform_random_feasible,137,0,9438600964149054082,e84e8834e6d3cb94a1bca22bbd2b209bde7935fe2199aa89a4ab00054ba4c980,1fbd383c05c9f2d8f1c1e2eacf3000d6ebb956e21d5d1d0af3afb2caf40295c7,"{""measurement_index"":440,""substep_index"":4400}","{""center_m"":[0.0,0.0,-51.80012394004555],""radius_max_m"":350.0,""radius_min_m"":120.0,""source"":""shared_reset_time_leader_centroid_and_frozen_mission_radii""}"
39,48839,full_active,True,True,440,880,220,True,True,True,1.0,0.25717081268215514,0.24644519367910722,True,93.99999999999893,93.99999999999893,0,0,0,0,0,26.965060977183505,0.43670878039135036,0.31322654179141396,0.8756630419957219,belief_conditioned,32,8,,,1405a3622407539f0e30acad488ec71d64b44f98dee705cb6f26a1f62d7153b4,"{""measurement_index"":440,""substep_index"":4400}","{""center_m"":[0.0,0.0,-54.22863801778179],""radius_max_m"":350.0,""radius_min_m"":120.0,""source"":""shared_reset_time_leader_centroid_and_frozen_mission_radii""}"
39,48839,no_pair_term,True,True,440,880,220,True,True,True,1.0,0.25717081268215514,0.24644519367910722,True,93.99999999999893,93.99999999999893,0,0,0,0,0,26.965060977183505,0.43670878039135036,0.29504472360959577,0.8999087090051034,belief_conditioned,32,8,,,1405a3622407539f0e30acad488ec71d64b44f98dee705cb6f26a1f62d7153b4,"{""measurement_index"":440,""substep_index"":4400}","{""center_m"":[0.0,0.0,-54.22863801778179],""radius_max_m"":350.0,""radius_min_m"":120.0,""source"":""shared_reset_time_leader_centroid_and_frozen_mission_radii""}"
39,48839,best_hypothesis_only,True,True,440,880,220,True,True,True,1.0,0.24413760537445547,0.23488244600971742,True,93.99999999999893,93.99999999999893,0,0,0,0,0,26.965060977183505,0.4571082933938472,0.2927306267344894,0.9882827499968698,belief_conditioned,32,1,,,1405a3622407539f0e30acad488ec71d64b44f98dee705cb6f26a1f62d7153b4,"{""measurement_index"":440,""substep_index"":4400}","{""center_m"":[0.0,0.0,-54.22863801778179],""radius_max_m"":350.0,""radius_min_m"":120.0,""source"":""shared_reset_time_leader_centroid_and_frozen_mission_radii""}"
39,48839,random_feasible,True,True,440,880,220,False,False,False,0.0,1.340261074490164,1308.4964023729242,False,,442.0,0,0,0,0,0,27.03746631524215,,1.7943150509769534,0.9474704589956673,uniform_random_feasible,205,0,11706790418905372794,359d1d186ccf006b0bf23c9d7e42349f244c9b6f247c28504dc9fd8473789ff5,1405a3622407539f0e30acad488ec71d64b44f98dee705cb6f26a1f62d7153b4,"{""measurement_index"":440,""substep_index"":4400}","{""center_m"":[0.0,0.0,-54.22863801778179],""radius_max_m"":350.0,""radius_min_m"":120.0,""source"":""shared_reset_time_leader_centroid_and_frozen_mission_radii""}"
40,48840,full_active,True,True,440,880,220,True,True,True,1.0,0.4434100706507134,0.3737678193599991,True,93.99999999999893,93.99999999999893,0,0,0,0,0,28.533016135606733,0.7975668702051635,0.25143508379911317,0.8440776659990661,belief_conditioned,32,8,,,2ded0f412c3a09875c5c1081619aa170d13513f39ba332d88b5bc180fa6296fb,"{""measurement_index"":440,""substep_index"":4400}","{""center_m"":[0.0,0.0,-57.61755487031319],""radius_max_m"":350.0,""radius_min_m"":120.0,""source"":""shared_reset_time_leader_centroid_and_frozen_mission_radii""}"
40,48840,no_pair_term,True,True,440,880,220,True,True,True,1.0,0.4434100706507134,0.3737678193599991,True,93.99999999999893,93.99999999999893,0,0,0,0,0,28.533016135606733,0.7975668702051635,0.23779872016274953,0.8572134170099162,belief_conditioned,32,8,,,2ded0f412c3a09875c5c1081619aa170d13513f39ba332d88b5bc180fa6296fb,"{""measurement_index"":440,""substep_index"":4400}","{""center_m"":[0.0,0.0,-57.61755487031319],""radius_max_m"":350.0,""radius_min_m"":120.0,""source"":""shared_reset_time_leader_centroid_and_frozen_mission_radii""}"
40,48840,best_hypothesis_only,True,True,440,880,220,True,True,True,1.0,0.4445500948990022,0.3728923017402198,True,93.99999999999893,93.99999999999893,0,0,0,0,0,39.03524692771282,0.6671611771034484,0.2146006344673758,0.9813482500030659,belief_conditioned,32,1,,,2ded0f412c3a09875c5c1081619aa170d13513f39ba332d88b5bc180fa6296fb,"{""measurement_index"":440,""substep_index"":4400}","{""center_m"":[0.0,0.0,-57.61755487031319],""radius_max_m"":350.0,""radius_min_m"":120.0,""source"":""shared_reset_time_leader_centroid_and_frozen_mission_radii""}"
40,48840,random_feasible,True,True,440,880,220,True,False,True,0.52,0.568897131363972,0.43843750589204256,True,123.99999999999723,123.99999999999723,0,0,0,0,0,26.603107634975796,1.68874291769435,0.5661967072402281,0.9835977920010919,uniform_random_feasible,47,0,4040386015556125893,b5b2d25cd061c1d18f01bbb10857b82fcb4c3e4de04edcea328e0a3cde09717a,2ded0f412c3a09875c5c1081619aa170d13513f39ba332d88b5bc180fa6296fb,"{""measurement_index"":440,""substep_index"":4400}","{""center_m"":[0.0,0.0,-57.61755487031319],""radius_max_m"":350.0,""radius_min_m"":120.0,""source"":""shared_reset_time_leader_centroid_and_frozen_mission_radii""}"
41,48841,full_active,True,True,440,880,220,True,True,True,1.0,0.3791338936282209,0.29687018321536174,True,123.99999999999723,123.99999999999723,0,0,0,0,0,44.27092446254159,0.5468864189779727,0.356195862390625,0.9749806250038091,belief_conditioned,47,8,,,9468c7d7d6a94f1a615f4c4bde77640ef03a760b7589fcb5fdf32a982ec10142,"{""measurement_index"":440,""substep_index"":4400}","{""center_m"":[0.0,0.0,-52.630337341629996],""radius_max_m"":350.0,""radius_min_m"":120.0,""source"":""shared_reset_time_leader_centroid_and_frozen_mission_radii""}"
41,48841,no_pair_term,True,True,440,880,220,True,True,True,1.0,0.5131632530546395,0.5443371781095978,True,93.99999999999893,93.99999999999893,0,0,0,0,0,44.27092446254159,1.6724533432115538,0.3434528057243372,1.013163458002964,belief_conditioned,32,8,,,9468c7d7d6a94f1a615f4c4bde77640ef03a760b7589fcb5fdf32a982ec10142,"{""measurement_index"":440,""substep_index"":4400}","{""center_m"":[0.0,0.0,-52.630337341629996],""radius_max_m"":350.0,""radius_min_m"":120.0,""source"":""shared_reset_time_leader_centroid_and_frozen_mission_radii""}"
41,48841,best_hypothesis_only,True,True,440,880,220,True,True,True,1.0,0.4394312913385986,0.3586627663124733,True,123.99999999999723,123.99999999999723,0,0,0,0,0,44.27092446254159,0.5767357458300304,0.34946537371742803,1.1215078329987591,belief_conditioned,47,1,,,9468c7d7d6a94f1a615f4c4bde77640ef03a760b7589fcb5fdf32a982ec10142,"{""measurement_index"":440,""substep_index"":4400}","{""center_m"":[0.0,0.0,-52.630337341629996],""radius_max_m"":350.0,""radius_min_m"":120.0,""source"":""shared_reset_time_leader_centroid_and_frozen_mission_radii""}"
41,48841,random_feasible,True,True,440,880,220,True,False,True,0.74,0.38574356585926045,0.4963444900062411,True,97.9999999999987,97.9999999999987,0,0,0,0,0,67.49389918343991,1.5580734015348963,0.41111707990031116,1.369799417007016,uniform_random_feasible,34,0,3345264205535859433,0636da49aa525ffd729f53ea027279014e0f4434b9641eceb455328826ba1b13,9468c7d7d6a94f1a615f4c4bde77640ef03a760b7589fcb5fdf32a982ec10142,"{""measurement_index"":440,""substep_index"":4400}","{""center_m"":[0.0,0.0,-52.630337341629996],""radius_max_m"":350.0,""radius_min_m"":120.0,""source"":""shared_reset_time_leader_centroid_and_frozen_mission_radii""}"
42,48842,full_active,True,True,440,880,220,True,True,True,1.0,0.7294869599411188,0.5868157471359083,True,64.00000000000064,64.00000000000064,0,0,0,0,0,5.058226680181146,0.7437076844965995,0.20445629726321884,1.0225182919966755,belief_conditioned,17,8,,,a018fb6138f7cb29e197e30704585610cd58c69fa3734ecac0069d53d89c1333,"{""measurement_index"":440,""substep_index"":4400}","{""center_m"":[0.0,0.0,-47.68955033647812],""radius_max_m"":350.0,""radius_min_m"":120.0,""source"":""shared_reset_time_leader_centroid_and_frozen_mission_radii""}"
42,48842,no_pair_term,True,True,440,880,220,True,True,True,1.0,0.31569116779518896,0.1580181844467066,True,64.00000000000064,64.00000000000064,0,0,0,0,0,5.058226680181146,0.4439404594913991,0.19541436394469489,1.0048735000018496,belief_conditioned,17,8,,,a018fb6138f7cb29e197e30704585610cd58c69fa3734ecac0069d53d89c1333,"{""measurement_index"":440,""substep_index"":4400}","{""center_m"":[0.0,0.0,-47.68955033647812],""radius_max_m"":350.0,""radius_min_m"":120.0,""source"":""shared_reset_time_leader_centroid_and_frozen_mission_radii""}"
42,48842,best_hypothesis_only,True,True,440,880,220,True,True,True,1.0,0.5718123385946331,0.4494623870983435,True,64.00000000000064,64.00000000000064,0,0,0,0,0,5.058226680181146,0.5718123385946331,0.19418608840257257,1.0778456250118325,belief_conditioned,17,1,,,a018fb6138f7cb29e197e30704585610cd58c69fa3734ecac0069d53d89c1333,"{""measurement_index"":440,""substep_index"":4400}","{""center_m"":[0.0,0.0,-47.68955033647812],""radius_max_m"":350.0,""radius_min_m"":120.0,""source"":""shared_reset_time_leader_centroid_and_frozen_mission_radii""}"
42,48842,random_feasible,True,True,440,880,220,True,True,True,1.0,0.8098130719690223,0.9919625571336435,True,123.99999999999723,123.99999999999723,0,0,0,0,0,3.306783460422048,2.4365302625141982,0.4787953905749053,1.1499209169996902,uniform_random_feasible,47,0,16873670075655592304,366f77606447434ffbac70c377867a4cbda5da7b296bb9ba28af3fc9f85fb74b,a018fb6138f7cb29e197e30704585610cd58c69fa3734ecac0069d53d89c1333,"{""measurement_index"":440,""substep_index"":4400}","{""center_m"":[0.0,0.0,-47.68955033647812],""radius_max_m"":350.0,""radius_min_m"":120.0,""source"":""shared_reset_time_leader_centroid_and_frozen_mission_radii""}"
43,48843,full_active,True,True,440,880,220,True,True,True,1.0,0.555088481454289,0.4100560678768482,True,123.99999999999723,123.99999999999723,0,0,0,0,1,8.300744199715988,0.6230609862393665,0.2894113261252646,1.0762629170058062,belief_conditioned,47,8,,,ec65c0b68fc658c680d5164ce6a41e92f2f289de3043599cb065318d32918ccc,"{""measurement_index"":440,""substep_index"":4400}","{""center_m"":[0.0,0.0,-57.49564776789215],""radius_max_m"":350.0,""radius_min_m"":120.0,""source"":""shared_reset_time_leader_centroid_and_frozen_mission_radii""}"
43,48843,no_pair_term,True,True,440,880,220,True,True,True,1.0,0.981714251382587,0.8285343396634954,True,123.99999999999723,123.99999999999723,0,0,0,0,0,8.300744199715988,1.0318082290608412,0.2598564570747857,1.061414750001859,belief_conditioned,47,8,,,ec65c0b68fc658c680d5164ce6a41e92f2f289de3043599cb065318d32918ccc,"{""measurement_index"":440,""substep_index"":4400}","{""center_m"":[0.0,0.0,-57.49564776789215],""radius_max_m"":350.0,""radius_min_m"":120.0,""source"":""shared_reset_time_leader_centroid_and_frozen_mission_radii""}"
43,48843,best_hypothesis_only,True,True,440,880,220,True,True,True,1.0,1.0823170274467062,0.9404525385957383,True,123.99999999999723,123.99999999999723,0,0,0,0,0,8.300744199715988,1.112784715372544,0.25106520114213204,0.9107301250041928,belief_conditioned,47,1,,,ec65c0b68fc658c680d5164ce6a41e92f2f289de3043599cb065318d32918ccc,"{""measurement_index"":440,""substep_index"":4400}","{""center_m"":[0.0,0.0,-57.49564776789215],""radius_max_m"":350.0,""radius_min_m"":120.0,""source"":""shared_reset_time_leader_centroid_and_frozen_mission_radii""}"
43,48843,random_feasible,True,True,440,880,220,True,True,True,1.0,0.6023013985309761,0.49035567077499526,True,123.99999999999723,123.99999999999723,0,0,0,0,0,9.403868956308203,0.9122885693965946,0.4703841350501275,0.9507637500064448,uniform_random_feasible,47,0,3609936435602682688,3103942b180036b42396a2dd1d15347c54d9813bb9cec06499fc30b30da073fe,ec65c0b68fc658c680d5164ce6a41e92f2f289de3043599cb065318d32918ccc,"{""measurement_index"":440,""substep_index"":4400}","{""center_m"":[0.0,0.0,-57.49564776789215],""radius_max_m"":350.0,""radius_min_m"":120.0,""source"":""shared_reset_time_leader_centroid_and_frozen_mission_radii""}"
44,48844,full_active,True,True,440,880,220,True,True,True,1.0,0.47853554827028577,0.4775858178042009,True,93.99999999999893,93.99999999999893,0,0,0,0,0,9.925841940679938,2.5744335614886,0.2357947013587692,1.0942197919939645,belief_conditioned,32,8,,,ef2e32f9667350b7aaae36ab83de063c4f98da6192a835cdf7c2bda11f25cdba,"{""measurement_index"":440,""substep_index"":4400}","{""center_m"":[0.0,0.0,-50.3748158389273],""radius_max_m"":350.0,""radius_min_m"":120.0,""source"":""shared_reset_time_leader_centroid_and_frozen_mission_radii""}"
44,48844,no_pair_term,True,True,440,880,220,True,True,True,1.0,0.303238034951755,0.33123162547465856,True,93.99999999999893,93.99999999999893,0,0,0,0,0,9.925841940679938,2.4889232350749526,0.23720715982597734,1.429841959004989,belief_conditioned,32,8,,,ef2e32f9667350b7aaae36ab83de063c4f98da6192a835cdf7c2bda11f25cdba,"{""measurement_index"":440,""substep_index"":4400}","{""center_m"":[0.0,0.0,-50.3748158389273],""radius_max_m"":350.0,""radius_min_m"":120.0,""source"":""shared_reset_time_leader_centroid_and_frozen_mission_radii""}"
44,48844,best_hypothesis_only,True,True,440,880,220,True,True,True,1.0,0.5123471081663584,0.5376611358358423,True,93.99999999999893,93.99999999999893,0,0,0,0,0,9.925841940679938,2.7995220864342825,0.24821738200417268,1.0312167079973733,belief_conditioned,32,1,,,ef2e32f9667350b7aaae36ab83de063c4f98da6192a835cdf7c2bda11f25cdba,"{""measurement_index"":440,""substep_index"":4400}","{""center_m"":[0.0,0.0,-50.3748158389273],""radius_max_m"":350.0,""radius_min_m"":120.0,""source"":""shared_reset_time_leader_centroid_and_frozen_mission_radii""}"
44,48844,random_feasible,True,True,440,880,220,False,False,False,0.0,0.8635787987384553,169.60736181493098,True,304.0000000000006,304.0000000000006,0,0,0,0,0,9.782969304932086,1.4936185008249443,1.2358693828826803,0.9813836249959422,uniform_random_feasible,137,0,3133225500387044525,0cb5cf200bb035c96dc562377b4153e7802fa936aeb80a4a647002e753dd7af7,ef2e32f9667350b7aaae36ab83de063c4f98da6192a835cdf7c2bda11f25cdba,"{""measurement_index"":440,""substep_index"":4400}","{""center_m"":[0.0,0.0,-50.3748158389273],""radius_max_m"":350.0,""radius_min_m"":120.0,""source"":""shared_reset_time_leader_centroid_and_frozen_mission_radii""}"
45,48845,full_active,True,True,440,880,220,True,True,True,1.0,0.4839683993712092,0.6254979366488213,True,64.00000000000064,64.00000000000064,0,0,0,0,0,5.531898971323282,2.612129004462273,0.20697868079120446,0.9697526669915533,belief_conditioned,17,8,,,5b3e3641dbe704dd16e509dc0a7c2c70689427e4c558c52844790bcc2d2a5538,"{""measurement_index"":440,""substep_index"":4400}","{""center_m"":[0.0,0.0,-48.72475540819807],""radius_max_m"":350.0,""radius_min_m"":120.0,""source"":""shared_reset_time_leader_centroid_and_frozen_mission_radii""}"
45,48845,no_pair_term,True,True,440,880,220,True,True,True,1.0,0.4839683993712092,0.6254979366488213,True,64.00000000000064,64.00000000000064,0,0,0,0,0,5.531898971323282,2.612129004462273,0.20697868079120446,0.854017332996591,belief_conditioned,17,8,,,5b3e3641dbe704dd16e509dc0a7c2c70689427e4c558c52844790bcc2d2a5538,"{""measurement_index"":440,""substep_index"":4400}","{""center_m"":[0.0,0.0,-48.72475540819807],""radius_max_m"":350.0,""radius_min_m"":120.0,""source"":""shared_reset_time_leader_centroid_and_frozen_mission_radii""}"
45,48845,best_hypothesis_only,True,True,440,880,220,True,True,True,1.0,0.4820655028499476,0.6237360428751147,True,64.00000000000064,64.00000000000064,0,0,0,0,0,5.531898971323282,2.6527465569652247,0.20682122172040088,0.8447211250022519,belief_conditioned,17,1,,,5b3e3641dbe704dd16e509dc0a7c2c70689427e4c558c52844790bcc2d2a5538,"{""measurement_index"":440,""substep_index"":4400}","{""center_m"":[0.0,0.0,-48.72475540819807],""radius_max_m"":350.0,""radius_min_m"":120.0,""source"":""shared_reset_time_leader_centroid_and_frozen_mission_radii""}"
45,48845,random_feasible,True,True,440,880,220,True,False,False,0.28,0.8427797396914773,0.9085591700209957,True,183.99999999999383,183.99999999999383,0,0,0,0,0,11.19222749292249,3.7662474456546886,0.7321593621553606,0.8005865419982001,uniform_random_feasible,77,0,4270361024073153715,0317938acd3d20847bc446aae76416fb4977735e3aeef276684d3b9461332588,5b3e3641dbe704dd16e509dc0a7c2c70689427e4c558c52844790bcc2d2a5538,"{""measurement_index"":440,""substep_index"":4400}","{""center_m"":[0.0,0.0,-48.72475540819807],""radius_max_m"":350.0,""radius_min_m"":120.0,""source"":""shared_reset_time_leader_centroid_and_frozen_mission_radii""}"
46,48846,full_active,True,True,440,880,220,True,True,True,1.0,0.24516943123132662,0.2635112561360211,True,93.99999999999893,93.99999999999893,0,0,0,0,0,6.484505599962973,0.7803738302694115,0.2510531726802631,0.9360593339952175,belief_conditioned,32,8,,,37a4098067eeb33c9aff3e692f83426e5f61e2309bfe1acf0fe06daaa57966ab,"{""measurement_index"":440,""substep_index"":4400}","{""center_m"":[0.0,0.0,-57.760463738799295],""radius_max_m"":350.0,""radius_min_m"":120.0,""source"":""shared_reset_time_leader_centroid_and_frozen_mission_radii""}"
46,48846,no_pair_term,True,True,440,880,220,True,True,True,1.0,0.2238420924063013,0.2067093218668483,True,93.99999999999893,93.99999999999893,0,0,0,0,0,6.484505599962973,0.9538628059672636,0.2508729357637716,0.8273895419988548,belief_conditioned,32,8,,,37a4098067eeb33c9aff3e692f83426e5f61e2309bfe1acf0fe06daaa57966ab,"{""measurement_index"":440,""substep_index"":4400}","{""center_m"":[0.0,0.0,-57.760463738799295],""radius_max_m"":350.0,""radius_min_m"":120.0,""source"":""shared_reset_time_leader_centroid_and_frozen_mission_radii""}"
46,48846,best_hypothesis_only,True,True,440,880,220,True,True,True,1.0,0.22867374733955462,0.21466133006936242,True,93.99999999999893,93.99999999999893,0,0,0,0,0,6.484505599962973,0.971126538027454,0.24785574183257394,0.8725799999956507,belief_conditioned,32,1,,,37a4098067eeb33c9aff3e692f83426e5f61e2309bfe1acf0fe06daaa57966ab,"{""measurement_index"":440,""substep_index"":4400}","{""center_m"":[0.0,0.0,-57.760463738799295],""radius_max_m"":350.0,""radius_min_m"":120.0,""source"":""shared_reset_time_leader_centroid_and_frozen_mission_radii""}"
46,48846,random_feasible,True,True,440,880,220,True,True,True,1.0,0.3828217062334611,0.34128934943718564,True,93.99999999999893,93.99999999999893,0,0,0,0,0,5.260944352030376,1.3283378806922712,0.34118903834644504,0.8641918750072364,uniform_random_feasible,32,0,13672075885211269253,4da2894174928b47ad0a7df4bf1301316360b3f92489719e80f9c04ec44bb8e3,37a4098067eeb33c9aff3e692f83426e5f61e2309bfe1acf0fe06daaa57966ab,"{""measurement_index"":440,""substep_index"":4400}","{""center_m"":[0.0,0.0,-57.760463738799295],""radius_max_m"":350.0,""radius_min_m"":120.0,""source"":""shared_reset_time_leader_centroid_and_frozen_mission_radii""}"
47,48847,full_active,True,True,440,880,220,True,True,True,1.0,0.5890870304723765,0.6496736168961903,True,93.99999999999893,93.99999999999893,0,0,0,0,0,6.03474638116309,0.6175556625648639,0.3676128930213874,0.9120395419886336,belief_conditioned,32,8,,,4f5956b2a2319b2d0f60ac944884affad965d2f9e7e96756e9609ed2b3277857,"{""measurement_index"":440,""substep_index"":4400}","{""center_m"":[0.0,0.0,-49.91159585361333],""radius_max_m"":350.0,""radius_min_m"":120.0,""source"":""shared_reset_time_leader_centroid_and_frozen_mission_radii""}"
47,48847,no_pair_term,True,True,440,880,220,True,True,True,1.0,0.6697825905543585,0.5841759906574839,True,93.99999999999893,93.99999999999893,0,0,0,0,0,6.03474638116309,1.2575663846635032,0.26559620869998557,0.8817797499941662,belief_conditioned,32,8,,,4f5956b2a2319b2d0f60ac944884affad965d2f9e7e96756e9609ed2b3277857,"{""measurement_index"":440,""substep_index"":4400}","{""center_m"":[0.0,0.0,-49.91159585361333],""radius_max_m"":350.0,""radius_min_m"":120.0,""source"":""shared_reset_time_leader_centroid_and_frozen_mission_radii""}"
47,48847,best_hypothesis_only,True,True,440,880,220,True,True,True,1.0,0.6697825905543585,0.5841759906574839,True,93.99999999999893,93.99999999999893,0,0,0,0,0,6.03474638116309,1.2575663846635032,0.26559620869998557,0.8176165829936508,belief_conditioned,32,1,,,4f5956b2a2319b2d0f60ac944884affad965d2f9e7e96756e9609ed2b3277857,"{""measurement_index"":440,""substep_index"":4400}","{""center_m"":[0.0,0.0,-49.91159585361333],""radius_max_m"":350.0,""radius_min_m"":120.0,""source"":""shared_reset_time_leader_centroid_and_frozen_mission_radii""}"
47,48847,random_feasible,True,True,440,880,220,True,True,True,1.0,0.42682021804945847,0.41502288520935,True,123.99999999999723,123.99999999999723,0,0,0,0,0,6.392586191864763,1.21260902173482,0.47956365399394196,0.8450123749935301,uniform_random_feasible,47,0,5194343243767927334,0a475917c8bd06f43d8820fa96605d380d69bd27bb684fb2478d224ec9e7ddc3,4f5956b2a2319b2d0f60ac944884affad965d2f9e7e96756e9609ed2b3277857,"{""measurement_index"":440,""substep_index"":4400}","{""center_m"":[0.0,0.0,-49.91159585361333],""radius_max_m"":350.0,""radius_min_m"":120.0,""source"":""shared_reset_time_leader_centroid_and_frozen_mission_radii""}"
48,48848,full_active,True,True,440,880,220,True,True,True,1.0,0.3971949157437908,0.5110413045331239,True,93.99999999999893,93.99999999999893,0,0,0,0,0,4.91423151969837,0.5959376782776235,0.22371791784938092,0.7978644579998218,belief_conditioned,32,8,,,04bd5d84dca8fa1e26f0d190d78ea92f6c7a62213930cae6c3bffc74dcf4eab5,"{""measurement_index"":440,""substep_index"":4400}","{""center_m"":[0.0,0.0,-48.87744997947964],""radius_max_m"":350.0,""radius_min_m"":120.0,""source"":""shared_reset_time_leader_centroid_and_frozen_mission_radii""}"
48,48848,no_pair_term,True,True,440,880,220,True,True,True,1.0,0.3754251675347778,0.4872376145601792,True,93.99999999999893,93.99999999999893,0,0,0,0,0,4.739867707899973,0.5088407258159319,0.21981687964369023,0.8052405000053113,belief_conditioned,32,8,,,04bd5d84dca8fa1e26f0d190d78ea92f6c7a62213930cae6c3bffc74dcf4eab5,"{""measurement_index"":440,""substep_index"":4400}","{""center_m"":[0.0,0.0,-48.87744997947964],""radius_max_m"":350.0,""radius_min_m"":120.0,""source"":""shared_reset_time_leader_centroid_and_frozen_mission_radii""}"
48,48848,best_hypothesis_only,True,True,440,880,220,True,True,True,1.0,0.5211232648040138,0.6898852089301828,True,93.99999999999893,93.99999999999893,0,0,0,0,0,5.332370129266183,0.7575005364898376,0.2027148952934946,0.7699182500073221,belief_conditioned,32,1,,,04bd5d84dca8fa1e26f0d190d78ea92f6c7a62213930cae6c3bffc74dcf4eab5,"{""measurement_index"":440,""substep_index"":4400}","{""center_m"":[0.0,0.0,-48.87744997947964],""radius_max_m"":350.0,""radius_min_m"":120.0,""source"":""shared_reset_time_leader_centroid_and_frozen_mission_radii""}"
48,48848,random_feasible,True,True,440,880,220,False,False,False,0.0,4.5846357023830695,785.2963038744213,True,364.00000000001427,364.00000000001427,0,0,0,0,7,9.006974656180788,4.915805170081821,1.4946312128860892,0.7726724999956787,uniform_random_feasible,167,0,10807866679661922625,3b49e2f9ee72ac9f2049869275cccc73d653259048f2546beaba27b94b179bdc,04bd5d84dca8fa1e26f0d190d78ea92f6c7a62213930cae6c3bffc74dcf4eab5,"{""measurement_index"":440,""substep_index"":4400}","{""center_m"":[0.0,0.0,-48.87744997947964],""radius_max_m"":350.0,""radius_min_m"":120.0,""source"":""shared_reset_time_leader_centroid_and_frozen_mission_radii""}"
49,48849,full_active,True,True,440,880,220,True,True,True,1.0,0.6362787249889994,0.49466158800716237,True,93.99999999999893,93.99999999999893,0,0,0,0,0,5.432939754697266,0.9907487550516701,0.33814550533024834,0.7494252080068691,belief_conditioned,32,8,,,8a435f082e7c2df2ba3785d56b585bcdcc2dfd28b1b4ffcfef9dee32a36cb1f5,"{""measurement_index"":440,""substep_index"":4400}","{""center_m"":[0.0,0.0,-56.59542328690425],""radius_max_m"":350.0,""radius_min_m"":120.0,""source"":""shared_reset_time_leader_centroid_and_frozen_mission_radii""}"
49,48849,no_pair_term,True,True,440,880,220,True,True,True,1.0,0.42528631940571426,0.35138368544424126,True,93.99999999999893,93.99999999999893,0,0,0,0,0,4.442396845511291,0.8964746060036131,0.2734592794060344,0.7542404169944348,belief_conditioned,32,8,,,8a435f082e7c2df2ba3785d56b585bcdcc2dfd28b1b4ffcfef9dee32a36cb1f5,"{""measurement_index"":440,""substep_index"":4400}","{""center_m"":[0.0,0.0,-56.59542328690425],""radius_max_m"":350.0,""radius_min_m"":120.0,""source"":""shared_reset_time_leader_centroid_and_frozen_mission_radii""}"
49,48849,best_hypothesis_only,True,True,440,880,220,True,True,True,1.0,0.23292850339931861,0.25439678856891473,True,93.99999999999893,93.99999999999893,0,0,0,0,0,4.579820063906707,0.46632109679599854,0.33683671979280183,0.8911019590013893,belief_conditioned,32,1,,,8a435f082e7c2df2ba3785d56b585bcdcc2dfd28b1b4ffcfef9dee32a36cb1f5,"{""measurement_index"":440,""substep_index"":4400}","{""center_m"":[0.0,0.0,-56.59542328690425],""radius_max_m"":350.0,""radius_min_m"":120.0,""source"":""shared_reset_time_leader_centroid_and_frozen_mission_radii""}"
49,48849,random_feasible,True,True,440,880,220,True,True,True,1.0,0.8076243340430475,0.9537487627005121,True,123.99999999999723,123.99999999999723,0,0,0,0,0,5.171300042135737,1.3365252497738282,0.5148438484804642,0.799393000008422,uniform_random_feasible,47,0,3383999590237500255,0848c0c205ef33ab572dbdf911fc1677068c8df95a11b965a940fec2e9dcd17d,8a435f082e7c2df2ba3785d56b585bcdcc2dfd28b1b4ffcfef9dee32a36cb1f5,"{""measurement_index"":440,""substep_index"":4400}","{""center_m"":[0.0,0.0,-56.59542328690425],""radius_max_m"":350.0,""radius_min_m"":120.0,""source"":""shared_reset_time_leader_centroid_and_frozen_mission_radii""}"
50,48850,full_active,True,True,440,880,220,True,True,True,1.0,0.27395753121785293,0.15959780172633098,True,123.99999999999723,123.99999999999723,0,0,0,0,0,8.526588914137736,0.4159820754503265,0.28549967172288676,0.7109006660029991,belief_conditioned,47,8,,,31589fe28b34af86e7d68873c140bdbaae45f1b3a2270af6841b8791d74762bf,"{""measurement_index"":440,""substep_index"":4400}","{""center_m"":[0.0,0.0,-59.245764416669964],""radius_max_m"":350.0,""radius_min_m"":120.0,""source"":""shared_reset_time_leader_centroid_and_frozen_mission_radii""}"
50,48850,no_pair_term,True,True,440,880,220,True,True,True,1.0,0.5270738532735695,0.6568981945884775,True,93.99999999999893,93.99999999999893,0,0,0,0,0,8.526588914137736,0.8291217999522977,0.3418585255071409,0.7403639170079259,belief_conditioned,32,8,,,31589fe28b34af86e7d68873c140bdbaae45f1b3a2270af6841b8791d74762bf,"{""measurement_index"":440,""substep_index"":4400}","{""center_m"":[0.0,0.0,-59.245764416669964],""radius_max_m"":350.0,""radius_min_m"":120.0,""source"":""shared_reset_time_leader_centroid_and_frozen_mission_radii""}"
50,48850,best_hypothesis_only,True,True,440,880,220,True,True,True,1.0,0.5270738532735695,0.6568981945884775,True,93.99999999999893,93.99999999999893,0,0,0,0,0,8.526588914137736,0.8291217999522977,0.3418585255071409,0.9048345829942264,belief_conditioned,32,1,,,31589fe28b34af86e7d68873c140bdbaae45f1b3a2270af6841b8791d74762bf,"{""measurement_index"":440,""substep_index"":4400}","{""center_m"":[0.0,0.0,-59.245764416669964],""radius_max_m"":350.0,""radius_min_m"":120.0,""source"":""shared_reset_time_leader_centroid_and_frozen_mission_radii""}"
50,48850,random_feasible,True,True,440,880,220,True,True,True,1.0,0.990843121077639,1.0788599788146456,True,97.9999999999987,97.9999999999987,0,0,0,0,0,8.425436241699709,1.9857020422423475,0.36841047921870396,1.0768653330014786,uniform_random_feasible,34,0,2535304572578843836,549422ec22d1de4dcc35338b3ef7cea553a6b859e57c19efb6c54e1be344c693,31589fe28b34af86e7d68873c140bdbaae45f1b3a2270af6841b8791d74762bf,"{""measurement_index"":440,""substep_index"":4400}","{""center_m"":[0.0,0.0,-59.245764416669964],""radius_max_m"":350.0,""radius_min_m"":120.0,""source"":""shared_reset_time_leader_centroid_and_frozen_mission_radii""}"
51,48851,full_active,True,True,440,880,220,True,True,True,1.0,0.7619684894763576,0.8408569506710748,True,70.0000000000003,70.0000000000003,0,0,0,0,0,3.8743819054490216,1.2110545503664953,0.2341701959630085,0.7817205419996753,belief_conditioned,20,8,,,7671164e278999ff1a015adf2ca3c87840ff3e957fc6bddc9f1d062e3470f744,"{""measurement_index"":440,""substep_index"":4400}","{""center_m"":[0.0,0.0,-49.18994278287],""radius_max_m"":350.0,""radius_min_m"":120.0,""source"":""shared_reset_time_leader_centroid_and_frozen_mission_radii""}"
51,48851,no_pair_term,True,True,440,880,220,True,True,True,1.0,1.135337124891717,1.2203839803875023,True,64.00000000000064,64.00000000000064,0,0,0,0,0,3.766829028219476,1.8698468273012292,0.23340850796976495,0.6886034589988412,belief_conditioned,17,8,,,7671164e278999ff1a015adf2ca3c87840ff3e957fc6bddc9f1d062e3470f744,"{""measurement_index"":440,""substep_index"":4400}","{""center_m"":[0.0,0.0,-49.18994278287],""radius_max_m"":350.0,""radius_min_m"":120.0,""source"":""shared_reset_time_leader_centroid_and_frozen_mission_radii""}"
51,48851,best_hypothesis_only,True,True,440,880,220,True,True,True,1.0,0.6679004216941024,0.7564862294412877,True,64.00000000000064,64.00000000000064,0,0,0,0,0,3.766829028219476,1.4850536273882666,0.21811668109375515,0.7513120000076015,belief_conditioned,17,1,,,7671164e278999ff1a015adf2ca3c87840ff3e957fc6bddc9f1d062e3470f744,"{""measurement_index"":440,""substep_index"":4400}","{""center_m"":[0.0,0.0,-49.18994278287],""radius_max_m"":350.0,""radius_min_m"":120.0,""source"":""shared_reset_time_leader_centroid_and_frozen_mission_radii""}"
51,48851,random_feasible,True,True,440,880,220,True,True,True,1.0,0.5202093202038752,0.5061663725415187,True,123.99999999999723,123.99999999999723,0,0,0,0,0,5.260369563041118,0.5202093202038752,0.5016244866376648,0.7538446669932455,uniform_random_feasible,47,0,12178163132554334699,a43e683757ad0f3fcb571ca14c7eecb7d5f035534b629db59e0da320f4efd850,7671164e278999ff1a015adf2ca3c87840ff3e957fc6bddc9f1d062e3470f744,"{""measurement_index"":440,""substep_index"":4400}","{""center_m"":[0.0,0.0,-49.18994278287],""radius_max_m"":350.0,""radius_min_m"":120.0,""source"":""shared_reset_time_leader_centroid_and_frozen_mission_radii""}"
52,48852,full_active,True,True,440,880,220,True,True,True,1.0,0.7799560520614408,0.8208370911658309,True,93.99999999999893,93.99999999999893,0,0,0,0,0,24.050239500472003,0.8082501854364338,0.25922212356353147,0.7263145839970093,belief_conditioned,32,9,,,96a1b653f3a51069aeb194a9ef159c83db280adc0f63633e8f1cff46805aa78e,"{""measurement_index"":440,""substep_index"":4400}","{""center_m"":[0.0,0.0,-52.36778850323049],""radius_max_m"":350.0,""radius_min_m"":120.0,""source"":""shared_reset_time_leader_centroid_and_frozen_mission_radii""}"
52,48852,no_pair_term,True,True,440,880,220,True,True,True,1.0,0.2006969813658511,0.1789509978501188,True,93.99999999999893,93.99999999999893,0,0,0,0,0,24.050239500472003,1.307474088366747,0.23413822410937893,0.8836842500022613,belief_conditioned,32,9,,,96a1b653f3a51069aeb194a9ef159c83db280adc0f63633e8f1cff46805aa78e,"{""measurement_index"":440,""substep_index"":4400}","{""center_m"":[0.0,0.0,-52.36778850323049],""radius_max_m"":350.0,""radius_min_m"":120.0,""source"":""shared_reset_time_leader_centroid_and_frozen_mission_radii""}"
52,48852,best_hypothesis_only,True,True,440,880,220,True,True,True,1.0,0.3161913233706799,0.26392825856259455,True,93.99999999999893,93.99999999999893,0,0,0,0,0,24.050239500472003,1.1646479560981147,0.22626183510174652,0.7441864169959445,belief_conditioned,32,1,,,96a1b653f3a51069aeb194a9ef159c83db280adc0f63633e8f1cff46805aa78e,"{""measurement_index"":440,""substep_index"":4400}","{""center_m"":[0.0,0.0,-52.36778850323049],""radius_max_m"":350.0,""radius_min_m"":120.0,""source"":""shared_reset_time_leader_centroid_and_frozen_mission_radii""}"
52,48852,random_feasible,True,True,440,880,220,False,False,False,0.0,2.299794254930753,804.8087973075735,False,,442.0,0,0,0,0,0,24.050239500472003,,1.6764505727695267,0.7353071670077043,uniform_random_feasible,205,0,11886666036588343689,b13dca10c635dc487486830b2a369d8a2e431c8938901b90a1f29a1124830486,96a1b653f3a51069aeb194a9ef159c83db280adc0f63633e8f1cff46805aa78e,"{""measurement_index"":440,""substep_index"":4400}","{""center_m"":[0.0,0.0,-52.36778850323049],""radius_max_m"":350.0,""radius_min_m"":120.0,""source"":""shared_reset_time_leader_centroid_and_frozen_mission_radii""}"
53,48853,full_active,True,True,440,880,220,True,True,True,1.0,0.9019720167462885,0.9962513924866103,True,123.99999999999723,123.99999999999723,0,0,0,0,0,22.308404845946566,1.3099306027179383,0.33299528215817,0.7798398330050986,belief_conditioned,47,8,,,805f387ae3c7afeca2e5e52e35a8cad3c91cf8013d4f3e4d9348214664818607,"{""measurement_index"":440,""substep_index"":4400}","{""center_m"":[0.0,0.0,-50.63883444430612],""radius_max_m"":350.0,""radius_min_m"":120.0,""source"":""shared_reset_time_leader_centroid_and_frozen_mission_radii""}"
53,48853,no_pair_term,True,True,440,880,220,False,False,False,0.0,0.6320353316463954,261.29218995775614,True,243.99999999999042,243.99999999999042,0,0,0,0,0,22.308404845946566,0.752656630043721,0.3410581201107974,0.7573160419997294,belief_conditioned,107,8,,,805f387ae3c7afeca2e5e52e35a8cad3c91cf8013d4f3e4d9348214664818607,"{""measurement_index"":440,""substep_index"":4400}","{""center_m"":[0.0,0.0,-50.63883444430612],""radius_max_m"":350.0,""radius_min_m"":120.0,""source"":""shared_reset_time_leader_centroid_and_frozen_mission_radii""}"
53,48853,best_hypothesis_only,True,True,440,880,220,True,True,True,1.0,1.3917337005566506,1.2952950381678252,True,123.99999999999723,123.99999999999723,0,0,0,0,0,22.308404845946566,2.193258931920669,0.3258678454694946,0.7888461660040775,belief_conditioned,47,1,,,805f387ae3c7afeca2e5e52e35a8cad3c91cf8013d4f3e4d9348214664818607,"{""measurement_index"":440,""substep_index"":4400}","{""center_m"":[0.0,0.0,-50.63883444430612],""radius_max_m"":350.0,""radius_min_m"":120.0,""source"":""shared_reset_time_leader_centroid_and_frozen_mission_radii""}"
53,48853,random_feasible,True,True,440,880,220,False,False,False,0.0,1.6606582477915945,96.61750170592843,True,364.00000000001427,364.00000000001427,0,0,0,0,0,22.308404845946566,1.7343369315572132,1.472008953216622,0.7345301250024932,uniform_random_feasible,167,0,3804722968854525837,89b71fb4a1d3ee5162d7c536ab033af15a5d485369066f53b0798cb20ae43049,805f387ae3c7afeca2e5e52e35a8cad3c91cf8013d4f3e4d9348214664818607,"{""measurement_index"":440,""substep_index"":4400}","{""center_m"":[0.0,0.0,-50.63883444430612],""radius_max_m"":350.0,""radius_min_m"":120.0,""source"":""shared_reset_time_leader_centroid_and_frozen_mission_radii""}"
54,48854,full_active,True,True,440,880,220,True,False,True,0.76,1.2051448265786222,1.299060830783256,True,145.999999999996,145.999999999996,0,0,0,0,0,11.411407927984376,2.5414035882108066,0.28690394643627154,0.7180180419964017,belief_conditioned,58,8,,,08e4caac70eed02c3459dd5d61d7aaa28e5ce1eb82cd813bf12f98cf7cfcd846,"{""measurement_index"":440,""substep_index"":4400}","{""center_m"":[0.0,0.0,-53.49646603525983],""radius_max_m"":350.0,""radius_min_m"":120.0,""source"":""shared_reset_time_leader_centroid_and_frozen_mission_radii""}"
54,48854,no_pair_term,True,True,440,880,220,False,False,False,0.0,2.1560094370479197,98.22105797418156,True,183.99999999999383,183.99999999999383,0,0,0,0,0,11.642599635497817,3.232891959140923,0.26864964479162534,0.8863727080024546,belief_conditioned,77,8,,,08e4caac70eed02c3459dd5d61d7aaa28e5ce1eb82cd813bf12f98cf7cfcd846,"{""measurement_index"":440,""substep_index"":4400}","{""center_m"":[0.0,0.0,-53.49646603525983],""radius_max_m"":350.0,""radius_min_m"":120.0,""source"":""shared_reset_time_leader_centroid_and_frozen_mission_radii""}"
54,48854,best_hypothesis_only,True,True,440,880,220,False,False,False,0.0,2.3235246140284964,257.99202409478755,True,243.99999999999042,243.99999999999042,0,0,0,0,0,11.642599635497817,2.7675954867402295,0.20024220408744187,0.7319705419940874,belief_conditioned,107,1,,,08e4caac70eed02c3459dd5d61d7aaa28e5ce1eb82cd813bf12f98cf7cfcd846,"{""measurement_index"":440,""substep_index"":4400}","{""center_m"":[0.0,0.0,-53.49646603525983],""radius_max_m"":350.0,""radius_min_m"":120.0,""source"":""shared_reset_time_leader_centroid_and_frozen_mission_radii""}"
54,48854,random_feasible,True,True,440,880,220,True,True,True,1.0,1.2168623555735125,1.5555584320746234,True,183.99999999999383,183.99999999999383,0,0,0,0,0,12.400104388136073,1.6036877342085063,0.735763036002765,0.7202175830025226,uniform_random_feasible,77,0,17907276969671558645,745aa34246612fcffec562b05c042ee1d601d26e0a5072c9147fbcc228aeeabd,08e4caac70eed02c3459dd5d61d7aaa28e5ce1eb82cd813bf12f98cf7cfcd846,"{""measurement_index"":440,""substep_index"":4400}","{""center_m"":[0.0,0.0,-53.49646603525983],""radius_max_m"":350.0,""radius_min_m"":120.0,""source"":""shared_reset_time_leader_centroid_and_frozen_mission_radii""}"
55,48855,full_active,True,True,440,880,220,True,True,True,1.0,0.409467789046497,0.48536518772230103,True,93.99999999999893,93.99999999999893,0,0,0,0,0,9.393886367423223,1.406908697171924,0.29048299957461104,0.7796916249935748,belief_conditioned,32,8,,,4895ad313f164af83afe19c1d924c45d44d2c234be7d3d2d7fa4e759b93ef7bb,"{""measurement_index"":440,""substep_index"":4400}","{""center_m"":[0.0,0.0,-50.733802025272745],""radius_max_m"":350.0,""radius_min_m"":120.0,""source"":""shared_reset_time_leader_centroid_and_frozen_mission_radii""}"
55,48855,no_pair_term,True,True,440,880,220,True,True,True,1.0,0.5149212852152576,0.5954058663174842,True,93.99999999999893,93.99999999999893,0,0,0,0,0,9.393886367423223,1.818143203558012,0.2906072755619957,0.7182378330035135,belief_conditioned,32,8,,,4895ad313f164af83afe19c1d924c45d44d2c234be7d3d2d7fa4e759b93ef7bb,"{""measurement_index"":440,""substep_index"":4400}","{""center_m"":[0.0,0.0,-50.733802025272745],""radius_max_m"":350.0,""radius_min_m"":120.0,""source"":""shared_reset_time_leader_centroid_and_frozen_mission_radii""}"
55,48855,best_hypothesis_only,True,True,440,880,220,True,True,True,1.0,0.409467789046497,0.48536518772230103,True,93.99999999999893,93.99999999999893,0,0,0,0,0,9.393886367423223,1.406908697171924,0.27684663593824743,0.7338366670010146,belief_conditioned,32,1,,,4895ad313f164af83afe19c1d924c45d44d2c234be7d3d2d7fa4e759b93ef7bb,"{""measurement_index"":440,""substep_index"":4400}","{""center_m"":[0.0,0.0,-50.733802025272745],""radius_max_m"":350.0,""radius_min_m"":120.0,""source"":""shared_reset_time_leader_centroid_and_frozen_mission_radii""}"
55,48855,random_feasible,True,True,440,880,220,False,False,False,0.0,1.8671371982172371,720.1495923736596,True,304.0000000000006,304.0000000000006,0,0,0,0,0,6.379553697961648,2.5374045260634337,1.2473068813863237,0.716288458002964,uniform_random_feasible,137,0,9875731910677880536,d058e393ad21c1bf4f2ee0deaa133346a90dc75aba546166ae071f2d463524e1,4895ad313f164af83afe19c1d924c45d44d2c234be7d3d2d7fa4e759b93ef7bb,"{""measurement_index"":440,""substep_index"":4400}","{""center_m"":[0.0,0.0,-50.733802025272745],""radius_max_m"":350.0,""radius_min_m"":120.0,""source"":""shared_reset_time_leader_centroid_and_frozen_mission_radii""}"
56,48856,full_active,True,True,440,880,220,True,True,True,1.0,0.2641238793312689,0.32477520568122287,True,93.99999999999893,93.99999999999893,0,0,0,0,0,11.940996630693745,0.7303391690963761,0.33370505531740596,0.8350480830122251,belief_conditioned,32,8,,,172c9a4f31d3ff96c253c3c24ffd5da05107b54d32b90e31073080395b420fee,"{""measurement_index"":440,""substep_index"":4400}","{""center_m"":[0.0,0.0,-47.921273696223736],""radius_max_m"":350.0,""radius_min_m"":120.0,""source"":""shared_reset_time_leader_centroid_and_frozen_mission_radii""}"
56,48856,no_pair_term,True,True,440,880,220,True,True,True,1.0,0.9196401741832858,0.9942469046125954,True,123.99999999999723,123.99999999999723,0,0,0,0,0,11.940996630693745,1.2705381252467023,0.27902044467436654,0.7320493750012247,belief_conditioned,47,8,,,172c9a4f31d3ff96c253c3c24ffd5da05107b54d32b90e31073080395b420fee,"{""measurement_index"":440,""substep_index"":4400}","{""center_m"":[0.0,0.0,-47.921273696223736],""radius_max_m"":350.0,""radius_min_m"":120.0,""source"":""shared_reset_time_leader_centroid_and_frozen_mission_radii""}"
56,48856,best_hypothesis_only,True,True,440,880,220,True,True,True,1.0,0.3575933889474807,0.4036116925952298,True,93.99999999999893,93.99999999999893,0,0,0,0,0,11.940996630693745,0.7485951990314634,0.35747704291646665,0.8796528749953723,belief_conditioned,32,1,,,172c9a4f31d3ff96c253c3c24ffd5da05107b54d32b90e31073080395b420fee,"{""measurement_index"":440,""substep_index"":4400}","{""center_m"":[0.0,0.0,-47.921273696223736],""radius_max_m"":350.0,""radius_min_m"":120.0,""source"":""shared_reset_time_leader_centroid_and_frozen_mission_radii""}"
56,48856,random_feasible,True,True,440,880,220,False,False,False,0.0,1.5269996845965355,414.0236035027457,True,364.00000000001427,364.00000000001427,0,0,0,0,0,14.548102827765373,1.7097089079373684,1.4750082451913364,0.7369731249928009,uniform_random_feasible,167,0,10718889317386032245,ced65db6921ecd5d3cd265756f72f5261c8663c75cc919ee65207f0a4c3ad609,172c9a4f31d3ff96c253c3c24ffd5da05107b54d32b90e31073080395b420fee,"{""measurement_index"":440,""substep_index"":4400}","{""center_m"":[0.0,0.0,-47.921273696223736],""radius_max_m"":350.0,""radius_min_m"":120.0,""source"":""shared_reset_time_leader_centroid_and_frozen_mission_radii""}"
57,48857,full_active,True,True,440,880,220,True,True,True,1.0,0.7853555454996904,0.8812980103628091,True,93.99999999999893,93.99999999999893,0,0,0,0,0,7.7122004677724725,1.4415094807917668,0.29866031029568024,0.7435479589912575,belief_conditioned,32,8,,,878f0743b40b6484bf5921dbb557e654914582f8fe68774ccc913df3de4c28d4,"{""measurement_index"":440,""substep_index"":4400}","{""center_m"":[0.0,0.0,-56.35902399233563],""radius_max_m"":350.0,""radius_min_m"":120.0,""source"":""shared_reset_time_leader_centroid_and_frozen_mission_radii""}"
57,48857,no_pair_term,True,True,440,880,220,True,True,True,1.0,1.0608436390309206,1.1388802238053959,True,123.99999999999723,123.99999999999723,0,0,0,0,0,7.7122004677724725,1.330581955090705,0.3008166812885378,0.7246784159942763,belief_conditioned,47,8,,,878f0743b40b6484bf5921dbb557e654914582f8fe68774ccc913df3de4c28d4,"{""measurement_index"":440,""substep_index"":4400}","{""center_m"":[0.0,0.0,-56.35902399233563],""radius_max_m"":350.0,""radius_min_m"":120.0,""source"":""shared_reset_time_leader_centroid_and_frozen_mission_radii""}"
57,48857,best_hypothesis_only,True,True,440,880,220,True,True,True,1.0,0.8877046746442978,0.9519455855126622,True,123.99999999999723,123.99999999999723,0,0,0,0,0,7.7122004677724725,1.1594308279081398,0.29438018056293985,0.7431812089926098,belief_conditioned,47,1,,,878f0743b40b6484bf5921dbb557e654914582f8fe68774ccc913df3de4c28d4,"{""measurement_index"":440,""substep_index"":4400}","{""center_m"":[0.0,0.0,-56.35902399233563],""radius_max_m"":350.0,""radius_min_m"":120.0,""source"":""shared_reset_time_leader_centroid_and_frozen_mission_radii""}"
57,48857,random_feasible,True,True,440,880,220,False,False,False,0.0,0.4607082347095742,219.70741884345776,True,243.99999999999042,243.99999999999042,0,0,0,0,0,7.668712709398245,1.0997944522361256,0.9430840178608826,0.7016179999918677,uniform_random_feasible,107,0,227922861801556025,5825e17cafa0f6c29e307d637751ab97a462c3bb2e11455fc297ba293f9e2991,878f0743b40b6484bf5921dbb557e654914582f8fe68774ccc913df3de4c28d4,"{""measurement_index"":440,""substep_index"":4400}","{""center_m"":[0.0,0.0,-56.35902399233563],""radius_max_m"":350.0,""radius_min_m"":120.0,""source"":""shared_reset_time_leader_centroid_and_frozen_mission_radii""}"
58,48858,full_active,True,True,440,880,220,True,True,True,1.0,0.5069774513059991,0.42211337177391456,True,64.00000000000064,64.00000000000064,0,0,0,0,0,1.685051614393697,0.5430188818088819,0.2649355019569354,0.7678017079888377,belief_conditioned,17,8,,,c363f61c63acb2e16641db9812e9cf2c8b1bf0a482d903eafc2756c162612203,"{""measurement_index"":440,""substep_index"":4400}","{""center_m"":[0.0,0.0,-50.68460162570101],""radius_max_m"":350.0,""radius_min_m"":120.0,""source"":""shared_reset_time_leader_centroid_and_frozen_mission_radii""}"
58,48858,no_pair_term,True,True,440,880,220,True,True,True,1.0,0.2431096692796117,0.2220044732656905,True,64.00000000000064,64.00000000000064,0,0,0,0,0,1.685051614393697,0.6202226731233248,0.1320242536039534,0.7376904590055346,belief_conditioned,17,8,,,c363f61c63acb2e16641db9812e9cf2c8b1bf0a482d903eafc2756c162612203,"{""measurement_index"":440,""substep_index"":4400}","{""center_m"":[0.0,0.0,-50.68460162570101],""radius_max_m"":350.0,""radius_min_m"":120.0,""source"":""shared_reset_time_leader_centroid_and_frozen_mission_radii""}"
58,48858,best_hypothesis_only,True,True,440,880,220,True,True,True,1.0,0.2431096692796117,0.2220044732656905,True,64.00000000000064,64.00000000000064,0,0,0,0,0,1.685051614393697,0.6202226731233248,0.1320242536039534,0.7257467079907656,belief_conditioned,17,1,,,c363f61c63acb2e16641db9812e9cf2c8b1bf0a482d903eafc2756c162612203,"{""measurement_index"":440,""substep_index"":4400}","{""center_m"":[0.0,0.0,-50.68460162570101],""radius_max_m"":350.0,""radius_min_m"":120.0,""source"":""shared_reset_time_leader_centroid_and_frozen_mission_radii""}"
58,48858,random_feasible,True,True,440,880,220,True,True,True,1.0,0.2464876587703704,0.2108374844687481,True,64.00000000000064,64.00000000000064,0,0,0,0,0,1.685051614393697,0.9526635855269563,0.2228790824785892,0.7225048340042122,uniform_random_feasible,17,0,7868253056113946013,0e8a13d93799867e9faa77542e542df3e0326344e6dede3e15c28fc8cff6a8b3,c363f61c63acb2e16641db9812e9cf2c8b1bf0a482d903eafc2756c162612203,"{""measurement_index"":440,""substep_index"":4400}","{""center_m"":[0.0,0.0,-50.68460162570101],""radius_max_m"":350.0,""radius_min_m"":120.0,""source"":""shared_reset_time_leader_centroid_and_frozen_mission_radii""}"
59,48859,full_active,True,True,440,880,220,True,True,True,1.0,0.4132414543087437,0.37468145883381976,True,64.00000000000064,64.00000000000064,0,0,0,0,0,3.4443645855841667,1.2108932657559925,0.23055607467330824,0.8577635419933358,belief_conditioned,17,8,,,6b0c0d61ea700fc39ede88eef2bcbe546ede66955c9809322677dba71d93251a,"{""measurement_index"":440,""substep_index"":4400}","{""center_m"":[0.0,0.0,-52.73965199501336],""radius_max_m"":350.0,""radius_min_m"":120.0,""source"":""shared_reset_time_leader_centroid_and_frozen_mission_radii""}"
59,48859,no_pair_term,True,True,440,880,220,True,True,True,1.0,0.3572220434157044,0.2858747057610799,True,64.00000000000064,64.00000000000064,0,0,0,0,0,3.524806177529516,1.2131921037405622,0.2196090134820997,0.7726547920028679,belief_conditioned,17,8,,,6b0c0d61ea700fc39ede88eef2bcbe546ede66955c9809322677dba71d93251a,"{""measurement_index"":440,""substep_index"":4400}","{""center_m"":[0.0,0.0,-52.73965199501336],""radius_max_m"":350.0,""radius_min_m"":120.0,""source"":""shared_reset_time_leader_centroid_and_frozen_mission_radii""}"
59,48859,best_hypothesis_only,True,True,440,880,220,True,True,True,1.0,0.3526221980815368,0.281429079773673,True,64.00000000000064,64.00000000000064,0,0,0,0,0,3.4141945786368266,1.1397622351600143,0.21962169841968718,0.7588761660008458,belief_conditioned,17,1,,,6b0c0d61ea700fc39ede88eef2bcbe546ede66955c9809322677dba71d93251a,"{""measurement_index"":440,""substep_index"":4400}","{""center_m"":[0.0,0.0,-52.73965199501336],""radius_max_m"":350.0,""radius_min_m"":120.0,""source"":""shared_reset_time_leader_centroid_and_frozen_mission_radii""}"
59,48859,random_feasible,True,True,440,880,220,True,True,True,1.0,0.38618837452490185,0.37225149922970807,True,123.99999999999723,123.99999999999723,0,0,0,0,0,5.227914124511912,1.2370870974301036,0.43452293143037,0.7689168749930104,uniform_random_feasible,47,0,4983852019467363063,6416b399ca795fc2abc367d35fdc6dca6739915b8f93e4ae7c50d2ded59f7a7e,6b0c0d61ea700fc39ede88eef2bcbe546ede66955c9809322677dba71d93251a,"{""measurement_index"":440,""substep_index"":4400}","{""center_m"":[0.0,0.0,-52.73965199501336],""radius_max_m"":350.0,""radius_min_m"":120.0,""source"":""shared_reset_time_leader_centroid_and_frozen_mission_radii""}"
60,48860,full_active,True,True,440,880,220,True,True,True,1.0,0.6454854161371109,0.7754851644344202,True,64.00000000000064,64.00000000000064,0,0,0,0,0,4.551886186270628,1.5279038387988044,0.22398359580938018,0.754363458006992,belief_conditioned,17,8,,,c712839960724ec0a1f6c8ac8b50f21366878e4a6005dd175dafa61acbd9f9de,"{""measurement_index"":440,""substep_index"":4400}","{""center_m"":[0.0,0.0,-56.264296824945646],""radius_max_m"":350.0,""radius_min_m"":120.0,""source"":""shared_reset_time_leader_centroid_and_frozen_mission_radii""}"
60,48860,no_pair_term,True,True,440,880,220,True,True,True,1.0,0.8098201863627338,0.9245109203730901,True,93.99999999999893,93.99999999999893,0,0,0,0,0,4.794106565449625,0.9117887165377078,0.25682311631832166,0.8229367080057273,belief_conditioned,32,8,,,c712839960724ec0a1f6c8ac8b50f21366878e4a6005dd175dafa61acbd9f9de,"{""measurement_index"":440,""substep_index"":4400}","{""center_m"":[0.0,0.0,-56.264296824945646],""radius_max_m"":350.0,""radius_min_m"":120.0,""source"":""shared_reset_time_leader_centroid_and_frozen_mission_radii""}"
60,48860,best_hypothesis_only,True,True,440,880,220,True,True,True,1.0,0.7883800048170607,0.9015529802651753,True,93.99999999999893,93.99999999999893,0,0,0,0,0,4.551886186270628,0.9323172741331551,0.2640069425385124,0.7873720829957165,belief_conditioned,32,1,,,c712839960724ec0a1f6c8ac8b50f21366878e4a6005dd175dafa61acbd9f9de,"{""measurement_index"":440,""substep_index"":4400}","{""center_m"":[0.0,0.0,-56.264296824945646],""radius_max_m"":350.0,""radius_min_m"":120.0,""source"":""shared_reset_time_leader_centroid_and_frozen_mission_radii""}"
60,48860,random_feasible,True,True,440,880,220,False,False,False,0.0,0.880868933666332,69.35936774055857,True,243.99999999999042,243.99999999999042,0,0,0,0,0,5.354329233138311,2.8598561367225357,1.0229672448190361,0.7751245410036063,uniform_random_feasible,107,0,17531965716210531609,f26574b64c3840a35bdd273b16cedd018fdf218de2bd4ae7b92f4e30c74e8047,c712839960724ec0a1f6c8ac8b50f21366878e4a6005dd175dafa61acbd9f9de,"{""measurement_index"":440,""substep_index"":4400}","{""center_m"":[0.0,0.0,-56.264296824945646],""radius_max_m"":350.0,""radius_min_m"":120.0,""source"":""shared_reset_time_leader_centroid_and_frozen_mission_radii""}"
61,48861,full_active,True,True,440,880,220,True,True,True,1.0,0.15234649893102545,0.15927141015911575,True,123.99999999999723,123.99999999999723,0,0,0,0,0,41.957482049306094,0.20256485973093127,0.36702714574303735,0.8469575409981189,belief_conditioned,47,8,,,a3b83d11b79e0a8c46bd08e0e8c0a3c7e9e517dfcf369d006f2dbaea516bf989,"{""measurement_index"":440,""substep_index"":4400}","{""center_m"":[0.0,0.0,-56.32007072258045],""radius_max_m"":350.0,""radius_min_m"":120.0,""source"":""shared_reset_time_leader_centroid_and_frozen_mission_radii""}"
61,48861,no_pair_term,True,True,440,880,220,True,True,True,1.0,0.06560163825766725,0.0570712500717898,True,123.99999999999723,123.99999999999723,0,0,0,0,0,41.957482049306094,0.15500905456484568,0.38496215798423034,0.8349768330081133,belief_conditioned,47,8,,,a3b83d11b79e0a8c46bd08e0e8c0a3c7e9e517dfcf369d006f2dbaea516bf989,"{""measurement_index"":440,""substep_index"":4400}","{""center_m"":[0.0,0.0,-56.32007072258045],""radius_max_m"":350.0,""radius_min_m"":120.0,""source"":""shared_reset_time_leader_centroid_and_frozen_mission_radii""}"
61,48861,best_hypothesis_only,True,True,440,880,220,True,True,True,1.0,0.15501727475857704,0.19807529183230824,True,123.99999999999723,123.99999999999723,0,0,0,0,0,41.603062841254626,0.3486279232078049,0.39946529358073696,0.7678511660051299,belief_conditioned,47,1,,,a3b83d11b79e0a8c46bd08e0e8c0a3c7e9e517dfcf369d006f2dbaea516bf989,"{""measurement_index"":440,""substep_index"":4400}","{""center_m"":[0.0,0.0,-56.32007072258045],""radius_max_m"":350.0,""radius_min_m"":120.0,""source"":""shared_reset_time_leader_centroid_and_frozen_mission_radii""}"
61,48861,random_feasible,True,True,440,880,220,False,False,False,0.0,0.18682736084305573,129.84299013945395,True,304.0000000000006,304.0000000000006,0,0,0,0,0,35.27118875885582,1.8992410792261276,1.3464434605615645,0.846359333008877,uniform_random_feasible,137,0,4021994083045323486,5c85dfd745f50762576e3cb11dbfb87a11fec81dc581b62f3f1b54a76f71c614,a3b83d11b79e0a8c46bd08e0e8c0a3c7e9e517dfcf369d006f2dbaea516bf989,"{""measurement_index"":440,""substep_index"":4400}","{""center_m"":[0.0,0.0,-56.32007072258045],""radius_max_m"":350.0,""radius_min_m"":120.0,""source"":""shared_reset_time_leader_centroid_and_frozen_mission_radii""}"
62,48862,full_active,True,True,440,880,220,True,True,True,1.0,0.32207975264686034,0.4038784252720541,True,93.99999999999893,93.99999999999893,0,0,0,0,0,6.764498533177445,0.4336812739854077,0.3140487316917101,1.0189625000057276,belief_conditioned,32,8,,,c6189d6b7b06b08fa0db5be3a0d815077ce0cc853e3dc52c3315eae6b859da79,"{""measurement_index"":440,""substep_index"":4400}","{""center_m"":[0.0,0.0,-56.27917522593315],""radius_max_m"":350.0,""radius_min_m"":120.0,""source"":""shared_reset_time_leader_centroid_and_frozen_mission_radii""}"
62,48862,no_pair_term,True,True,440,880,220,True,True,True,1.0,0.5611238070833027,0.6750075430482116,True,93.99999999999893,93.99999999999893,0,0,0,0,0,6.764498533177445,0.6176174224608462,0.27582948051391065,0.8124886249861447,belief_conditioned,32,8,,,c6189d6b7b06b08fa0db5be3a0d815077ce0cc853e3dc52c3315eae6b859da79,"{""measurement_index"":440,""substep_index"":4400}","{""center_m"":[0.0,0.0,-56.27917522593315],""radius_max_m"":350.0,""radius_min_m"":120.0,""source"":""shared_reset_time_leader_centroid_and_frozen_mission_radii""}"
62,48862,best_hypothesis_only,True,True,440,880,220,True,True,True,1.0,0.6478262837698998,0.748945314192088,True,93.99999999999893,93.99999999999893,0,0,0,0,0,6.764498533177445,0.7094398335553416,0.26561876126279726,0.7642950000008568,belief_conditioned,32,1,,,c6189d6b7b06b08fa0db5be3a0d815077ce0cc853e3dc52c3315eae6b859da79,"{""measurement_index"":440,""substep_index"":4400}","{""center_m"":[0.0,0.0,-56.27917522593315],""radius_max_m"":350.0,""radius_min_m"":120.0,""source"":""shared_reset_time_leader_centroid_and_frozen_mission_radii""}"
62,48862,random_feasible,True,True,440,880,220,True,True,True,1.0,0.5903500170093373,0.7239130894006515,True,93.99999999999893,93.99999999999893,0,0,0,0,0,6.764498533177445,1.8256374240043642,0.38362751634138326,0.9186744579928927,uniform_random_feasible,32,0,6013051171695180395,f0ffb53723e1aeb53dd51df93ae248e816dd46396e56b7b7168c454304a92308,c6189d6b7b06b08fa0db5be3a0d815077ce0cc853e3dc52c3315eae6b859da79,"{""measurement_index"":440,""substep_index"":4400}","{""center_m"":[0.0,0.0,-56.27917522593315],""radius_max_m"":350.0,""radius_min_m"":120.0,""source"":""shared_reset_time_leader_centroid_and_frozen_mission_radii""}"
63,48863,full_active,True,True,440,880,220,True,True,True,1.0,0.43200502866342627,0.61145677439858,True,64.00000000000064,64.00000000000064,0,0,0,0,0,2.259404875237903,0.43200502866342627,0.3337348295038991,0.7425498340016929,belief_conditioned,17,8,,,497f7933f586cca07f48bbc1338631dc579077909dd836c330eac717b576728f,"{""measurement_index"":440,""substep_index"":4400}","{""center_m"":[0.0,0.0,-49.07391549735545],""radius_max_m"":350.0,""radius_min_m"":120.0,""source"":""shared_reset_time_leader_centroid_and_frozen_mission_radii""}"
63,48863,no_pair_term,True,True,440,880,220,True,True,True,1.0,0.6409566033319477,0.8494840817075249,True,64.00000000000064,64.00000000000064,0,0,0,0,0,2.335084371016106,1.2585135677666743,0.17330065957680937,0.7822447090002242,belief_conditioned,17,8,,,497f7933f586cca07f48bbc1338631dc579077909dd836c330eac717b576728f,"{""measurement_index"":440,""substep_index"":4400}","{""center_m"":[0.0,0.0,-49.07391549735545],""radius_max_m"":350.0,""radius_min_m"":120.0,""source"":""shared_reset_time_leader_centroid_and_frozen_mission_radii""}"
63,48863,best_hypothesis_only,True,True,440,880,220,True,True,True,1.0,0.6409566033319477,0.8494840817075249,True,64.00000000000064,64.00000000000064,0,0,0,0,0,2.335084371016106,1.2585135677666743,0.17330065957680937,0.769810249999864,belief_conditioned,17,1,,,497f7933f586cca07f48bbc1338631dc579077909dd836c330eac717b576728f,"{""measurement_index"":440,""substep_index"":4400}","{""center_m"":[0.0,0.0,-49.07391549735545],""radius_max_m"":350.0,""radius_min_m"":120.0,""source"":""shared_reset_time_leader_centroid_and_frozen_mission_radii""}"
63,48863,random_feasible,True,True,440,880,220,True,True,True,1.0,0.37209857150937975,0.5567625471180218,True,64.00000000000064,64.00000000000064,0,0,0,0,0,1.7613597559523468,1.2089171181093554,0.286113970840924,0.7632887920044595,uniform_random_feasible,17,0,7518605235633717012,e91ad22b7dec96de9cdf29c07dbfd0e2a20e803a7e53cd1367ea7d98a67f5fac,497f7933f586cca07f48bbc1338631dc579077909dd836c330eac717b576728f,"{""measurement_index"":440,""substep_index"":4400}","{""center_m"":[0.0,0.0,-49.07391549735545],""radius_max_m"":350.0,""radius_min_m"":120.0,""source"":""shared_reset_time_leader_centroid_and_frozen_mission_radii""}"
64,48864,full_active,True,True,440,880,220,True,False,True,0.44,1.489068107939258,1.9236071960152774,True,123.99999999999723,123.99999999999723,0,0,0,0,2,8.42624883269672,2.0618887545949116,0.2591608586592367,0.7428550420008833,belief_conditioned,47,8,,,83c0441139d01c770657c27989a7555077e520aca3daf50ea093bc1f61c4cf7b,"{""measurement_index"":440,""substep_index"":4400}","{""center_m"":[0.0,0.0,-41.915848749827845],""radius_max_m"":350.0,""radius_min_m"":120.0,""source"":""shared_reset_time_leader_centroid_and_frozen_mission_radii""}"
64,48864,no_pair_term,True,True,440,880,220,True,False,True,0.44,1.489068107939258,1.9236071960152774,True,123.99999999999723,123.99999999999723,0,0,0,0,2,8.42624883269672,2.0618887545949116,0.2591608586592367,0.74918658300885,belief_conditioned,47,8,,,83c0441139d01c770657c27989a7555077e520aca3daf50ea093bc1f61c4cf7b,"{""measurement_index"":440,""substep_index"":4400}","{""center_m"":[0.0,0.0,-41.915848749827845],""radius_max_m"":350.0,""radius_min_m"":120.0,""source"":""shared_reset_time_leader_centroid_and_frozen_mission_radii""}"
64,48864,best_hypothesis_only,True,True,440,880,220,True,False,True,0.44,1.489068107939258,1.9236071960152774,True,123.99999999999723,123.99999999999723,0,0,0,0,2,8.42624883269672,2.0618887545949116,0.2591608586592367,0.7747193749964936,belief_conditioned,47,1,,,83c0441139d01c770657c27989a7555077e520aca3daf50ea093bc1f61c4cf7b,"{""measurement_index"":440,""substep_index"":4400}","{""center_m"":[0.0,0.0,-41.915848749827845],""radius_max_m"":350.0,""radius_min_m"":120.0,""source"":""shared_reset_time_leader_centroid_and_frozen_mission_radii""}"
64,48864,random_feasible,True,True,440,880,220,True,True,True,1.0,0.8719719807423112,0.8912114581724254,True,183.99999999999383,183.99999999999383,0,0,0,0,0,6.472151220873399,2.4890666768613277,0.7383748746883815,0.731727458012756,uniform_random_feasible,77,0,18406975617878474557,1a7296e61b3e80cf3b5fa3b16c80f16c366882ab958ecfa05aaa98df00e5826f,83c0441139d01c770657c27989a7555077e520aca3daf50ea093bc1f61c4cf7b,"{""measurement_index"":440,""substep_index"":4400}","{""center_m"":[0.0,0.0,-41.915848749827845],""radius_max_m"":350.0,""radius_min_m"":120.0,""source"":""shared_reset_time_leader_centroid_and_frozen_mission_radii""}"
65,48865,full_active,True,True,440,880,220,True,True,True,1.0,0.5917999114478764,0.7896994055240838,True,123.99999999999723,123.99999999999723,0,0,0,0,0,11.614829836823928,1.8048652101075673,0.22176943943696106,0.7420995839929674,belief_conditioned,47,8,,,f371b4fb1327c2d993870461298e3c5f62512908f28fa0d23043f2d19f05cb52,"{""measurement_index"":440,""substep_index"":4400}","{""center_m"":[0.0,0.0,-46.45466658556826],""radius_max_m"":350.0,""radius_min_m"":120.0,""source"":""shared_reset_time_leader_centroid_and_frozen_mission_radii""}"
65,48865,no_pair_term,True,True,440,880,220,True,True,True,1.0,0.6212412360651068,0.9200494041838293,True,123.99999999999723,123.99999999999723,0,0,0,0,0,11.614829836823928,2.357289296349637,0.25566278709976753,0.7228174589981791,belief_conditioned,47,8,,,f371b4fb1327c2d993870461298e3c5f62512908f28fa0d23043f2d19f05cb52,"{""measurement_index"":440,""substep_index"":4400}","{""center_m"":[0.0,0.0,-46.45466658556826],""radius_max_m"":350.0,""radius_min_m"":120.0,""source"":""shared_reset_time_leader_centroid_and_frozen_mission_radii""}"
65,48865,best_hypothesis_only,True,True,440,880,220,True,True,True,1.0,0.6171173867408893,0.9137062475867047,True,123.99999999999723,123.99999999999723,0,0,0,0,0,11.614829836823928,2.248881158703492,0.25102310054185484,0.7292949589900672,belief_conditioned,47,1,,,f371b4fb1327c2d993870461298e3c5f62512908f28fa0d23043f2d19f05cb52,"{""measurement_index"":440,""substep_index"":4400}","{""center_m"":[0.0,0.0,-46.45466658556826],""radius_max_m"":350.0,""radius_min_m"":120.0,""source"":""shared_reset_time_leader_centroid_and_frozen_mission_radii""}"
65,48865,random_feasible,True,True,440,880,220,True,True,True,1.0,1.2687522690514603,0.9747184447865309,True,183.99999999999383,183.99999999999383,0,0,0,0,0,11.614829836823928,1.8417176424672765,0.7760745286689797,0.8226563750067726,uniform_random_feasible,77,0,711519908029054475,c79a55fd32fed4c8fe1111f439ae2fc1a53537bf23cb39a0ea0c6dda84e7eea1,f371b4fb1327c2d993870461298e3c5f62512908f28fa0d23043f2d19f05cb52,"{""measurement_index"":440,""substep_index"":4400}","{""center_m"":[0.0,0.0,-46.45466658556826],""radius_max_m"":350.0,""radius_min_m"":120.0,""source"":""shared_reset_time_leader_centroid_and_frozen_mission_radii""}"
66,48866,full_active,True,True,440,880,220,True,True,True,1.0,0.20368343055512944,0.10013029672308359,True,64.00000000000064,64.00000000000064,0,0,0,0,0,2.3102527542002678,0.5920117657416097,0.3240348642716483,0.817028167002718,belief_conditioned,17,8,,,31256d65574f04c8fa3dbc5166b18e029aa31c609c83a02926c22fa7f6345d5d,"{""measurement_index"":440,""substep_index"":4400}","{""center_m"":[0.0,0.0,-50.12644679799973],""radius_max_m"":350.0,""radius_min_m"":120.0,""source"":""shared_reset_time_leader_centroid_and_frozen_mission_radii""}"
66,48866,no_pair_term,True,True,440,880,220,True,True,True,1.0,0.5789749092800295,0.4223619542329726,True,64.00000000000064,64.00000000000064,0,0,0,0,0,2.3102527542002678,0.6927072031083406,0.2400980268951709,0.6862893749930663,belief_conditioned,17,8,,,31256d65574f04c8fa3dbc5166b18e029aa31c609c83a02926c22fa7f6345d5d,"{""measurement_index"":440,""substep_index"":4400}","{""center_m"":[0.0,0.0,-50.12644679799973],""radius_max_m"":350.0,""radius_min_m"":120.0,""source"":""shared_reset_time_leader_centroid_and_frozen_mission_radii""}"
66,48866,best_hypothesis_only,True,True,440,880,220,True,True,True,1.0,0.18610165575606383,0.0994495455815616,True,64.00000000000064,64.00000000000064,0,0,0,0,0,2.3700717777922264,0.5471720154726479,0.3169422024730652,0.7333684170007473,belief_conditioned,17,1,,,31256d65574f04c8fa3dbc5166b18e029aa31c609c83a02926c22fa7f6345d5d,"{""measurement_index"":440,""substep_index"":4400}","{""center_m"":[0.0,0.0,-50.12644679799973],""radius_max_m"":350.0,""radius_min_m"":120.0,""source"":""shared_reset_time_leader_centroid_and_frozen_mission_radii""}"
66,48866,random_feasible,True,True,440,880,220,True,True,True,1.0,0.21603730799884258,0.1503568739274105,True,64.00000000000064,64.00000000000064,0,0,0,0,0,2.204656484091553,1.241465827397586,0.28712478635295735,0.7096231659961632,uniform_random_feasible,17,0,11074197837256834071,47b0fe1ac5def30c805b1646fec4faa66026979bf4698946bd09e6d1e1bb5278,31256d65574f04c8fa3dbc5166b18e029aa31c609c83a02926c22fa7f6345d5d,"{""measurement_index"":440,""substep_index"":4400}","{""center_m"":[0.0,0.0,-50.12644679799973],""radius_max_m"":350.0,""radius_min_m"":120.0,""source"":""shared_reset_time_leader_centroid_and_frozen_mission_radii""}"
67,48867,full_active,True,True,440,880,220,True,True,True,1.0,0.4090745313735865,0.4942385429662034,True,123.99999999999723,123.99999999999723,0,0,0,0,0,6.297594507626502,0.6834742808803536,0.2884267945161296,0.7457678329956252,belief_conditioned,47,8,,,150249be4b84292d8812b1c12c1976560981deef0a5f408d291929eca0aa1424,"{""measurement_index"":440,""substep_index"":4400}","{""center_m"":[0.0,0.0,-52.92467209752451],""radius_max_m"":350.0,""radius_min_m"":120.0,""source"":""shared_reset_time_leader_centroid_and_frozen_mission_radii""}"
67,48867,no_pair_term,True,True,440,880,220,True,True,True,1.0,0.25537084635245183,0.2955058859665562,True,123.99999999999723,123.99999999999723,0,0,0,0,0,6.297594507626502,0.5647461958764991,0.20137674811606493,0.7716170420026174,belief_conditioned,47,8,,,150249be4b84292d8812b1c12c1976560981deef0a5f408d291929eca0aa1424,"{""measurement_index"":440,""substep_index"":4400}","{""center_m"":[0.0,0.0,-52.92467209752451],""radius_max_m"":350.0,""radius_min_m"":120.0,""source"":""shared_reset_time_leader_centroid_and_frozen_mission_radii""}"
67,48867,best_hypothesis_only,True,True,440,880,220,True,True,True,1.0,0.25537084635245183,0.2955058859665562,True,123.99999999999723,123.99999999999723,0,0,0,0,0,6.297594507626502,0.5647461958764991,0.20137674811606493,0.7720807500008959,belief_conditioned,47,1,,,150249be4b84292d8812b1c12c1976560981deef0a5f408d291929eca0aa1424,"{""measurement_index"":440,""substep_index"":4400}","{""center_m"":[0.0,0.0,-52.92467209752451],""radius_max_m"":350.0,""radius_min_m"":120.0,""source"":""shared_reset_time_leader_centroid_and_frozen_mission_radii""}"
67,48867,random_feasible,True,True,440,880,220,True,True,True,0.94,0.3690143920953472,0.3322762834453291,True,183.99999999999383,183.99999999999383,0,0,0,0,0,6.297594507626502,0.7596726261607505,0.76326251694939,0.7717201249906793,uniform_random_feasible,77,0,3628600535812623571,e0cbf5e358e3120a15db89fbeea8cb97143d4de0ea3755ac5330bfe07dc9fe02,150249be4b84292d8812b1c12c1976560981deef0a5f408d291929eca0aa1424,"{""measurement_index"":440,""substep_index"":4400}","{""center_m"":[0.0,0.0,-52.92467209752451],""radius_max_m"":350.0,""radius_min_m"":120.0,""source"":""shared_reset_time_leader_centroid_and_frozen_mission_radii""}"
68,48868,full_active,True,True,440,880,220,True,True,True,1.0,0.6085978154292786,0.7684604682920134,True,64.00000000000064,64.00000000000064,0,0,0,0,0,3.7616750553566867,1.6226163097223663,0.21104498305430927,0.725257457990665,belief_conditioned,17,8,,,c8025d63064fb6b2b5c8633d2612596ddc4f7b054c4b55687aabfbf04c1f06a6,"{""measurement_index"":440,""substep_index"":4400}","{""center_m"":[0.0,0.0,-57.871958362414745],""radius_max_m"":350.0,""radius_min_m"":120.0,""source"":""shared_reset_time_leader_centroid_and_frozen_mission_radii""}"
68,48868,no_pair_term,True,True,440,880,220,True,True,True,1.0,0.5212793708550074,0.7107832614812835,True,64.00000000000064,64.00000000000064,0,0,0,0,0,3.7616750553566867,1.6045066645276669,0.21121176919569232,0.7209958750026999,belief_conditioned,17,8,,,c8025d63064fb6b2b5c8633d2612596ddc4f7b054c4b55687aabfbf04c1f06a6,"{""measurement_index"":440,""substep_index"":4400}","{""center_m"":[0.0,0.0,-57.871958362414745],""radius_max_m"":350.0,""radius_min_m"":120.0,""source"":""shared_reset_time_leader_centroid_and_frozen_mission_radii""}"
68,48868,best_hypothesis_only,True,True,440,880,220,True,True,True,1.0,0.5212793708550074,0.7107832614812835,True,64.00000000000064,64.00000000000064,0,0,0,0,0,3.7616750553566867,1.6045066645276669,0.21121176919569232,0.8386582919920329,belief_conditioned,17,1,,,c8025d63064fb6b2b5c8633d2612596ddc4f7b054c4b55687aabfbf04c1f06a6,"{""measurement_index"":440,""substep_index"":4400}","{""center_m"":[0.0,0.0,-57.871958362414745],""radius_max_m"":350.0,""radius_min_m"":120.0,""source"":""shared_reset_time_leader_centroid_and_frozen_mission_radii""}"
68,48868,random_feasible,True,True,440,880,220,True,True,True,1.0,1.0601176561899992,1.273208499218389,True,93.99999999999893,93.99999999999893,0,0,0,0,0,2.2111087578882587,1.549264362918082,0.36370542377993365,1.057192958003725,uniform_random_feasible,32,0,13214187597950405481,0186e689290c3ccb24d0226351fd363f2805271ee9c7a7818e501a15ac2900db,c8025d63064fb6b2b5c8633d2612596ddc4f7b054c4b55687aabfbf04c1f06a6,"{""measurement_index"":440,""substep_index"":4400}","{""center_m"":[0.0,0.0,-57.871958362414745],""radius_max_m"":350.0,""radius_min_m"":120.0,""source"":""shared_reset_time_leader_centroid_and_frozen_mission_radii""}"
69,48869,full_active,True,True,440,880,220,True,True,True,1.0,0.5312901342938028,0.4299916921740207,True,123.99999999999723,123.99999999999723,0,0,0,0,0,16.02152579053727,0.549167232702497,0.3376704568187716,0.7980769170098938,belief_conditioned,47,8,,,9b0f233d7e11a7275c0b4bf9ccb37bf20fa4ff5606e7d9e5b478707ce48074d2,"{""measurement_index"":440,""substep_index"":4400}","{""center_m"":[0.0,0.0,-49.0203117375528],""radius_max_m"":350.0,""radius_min_m"":120.0,""source"":""shared_reset_time_leader_centroid_and_frozen_mission_radii""}"
69,48869,no_pair_term,True,True,440,880,220,True,True,True,1.0,0.5290555272215116,0.42822936021648805,True,123.99999999999723,123.99999999999723,0,0,0,0,0,16.02152579053727,0.5908865192253939,0.33810450161561606,0.7728707079950254,belief_conditioned,47,8,,,9b0f233d7e11a7275c0b4bf9ccb37bf20fa4ff5606e7d9e5b478707ce48074d2,"{""measurement_index"":440,""substep_index"":4400}","{""center_m"":[0.0,0.0,-49.0203117375528],""radius_max_m"":350.0,""radius_min_m"":120.0,""source"":""shared_reset_time_leader_centroid_and_frozen_mission_radii""}"
69,48869,best_hypothesis_only,True,True,440,880,220,True,True,True,1.0,0.5463632368541832,0.44715063506243435,True,123.99999999999723,123.99999999999723,0,0,0,0,0,16.02152579053727,0.5515911329247152,0.3423267974034792,0.7979766659991583,belief_conditioned,47,1,,,9b0f233d7e11a7275c0b4bf9ccb37bf20fa4ff5606e7d9e5b478707ce48074d2,"{""measurement_index"":440,""substep_index"":4400}","{""center_m"":[0.0,0.0,-49.0203117375528],""radius_max_m"":350.0,""radius_min_m"":120.0,""source"":""shared_reset_time_leader_centroid_and_frozen_mission_radii""}"
69,48869,random_feasible,True,True,440,880,220,True,False,False,0.12,1.2105711359464137,3.8709197534957958,True,183.99999999999383,183.99999999999383,0,0,0,0,0,10.628744953067109,2.2496010006075724,0.7699273521133684,0.7874481250037206,uniform_random_feasible,77,0,13459145722606877239,9ebf2d2780868211a5abdc954845a930752b62a632ca7dd375766b41edcefe92,9b0f233d7e11a7275c0b4bf9ccb37bf20fa4ff5606e7d9e5b478707ce48074d2,"{""measurement_index"":440,""substep_index"":4400}","{""center_m"":[0.0,0.0,-49.0203117375528],""radius_max_m"":350.0,""radius_min_m"":120.0,""source"":""shared_reset_time_leader_centroid_and_frozen_mission_radii""}"
70,48870,full_active,True,True,440,880,220,True,True,True,1.0,0.3906203280129442,0.4272459079740916,True,64.00000000000064,64.00000000000064,0,0,0,0,0,2.9064813468340853,0.7045885039364467,0.2187868531140472,0.7983645000058459,belief_conditioned,17,8,,,9831a2a955ffc9b8f9143f1c9bfed99bc9a484d604f27f9816efc1a9ad2436e5,"{""measurement_index"":440,""substep_index"":4400}","{""center_m"":[0.0,0.0,-43.64446721316747],""radius_max_m"":350.0,""radius_min_m"":120.0,""source"":""shared_reset_time_leader_centroid_and_frozen_mission_radii""}"
70,48870,no_pair_term,True,True,440,880,220,True,True,True,1.0,0.4218710692967038,0.329767870128745,True,64.00000000000064,64.00000000000064,0,0,0,0,0,2.9064813468340853,1.0923578960868205,0.20873214126765896,0.7614074169978267,belief_conditioned,17,8,,,9831a2a955ffc9b8f9143f1c9bfed99bc9a484d604f27f9816efc1a9ad2436e5,"{""measurement_index"":440,""substep_index"":4400}","{""center_m"":[0.0,0.0,-43.64446721316747],""radius_max_m"":350.0,""radius_min_m"":120.0,""source"":""shared_reset_time_leader_centroid_and_frozen_mission_radii""}"
70,48870,best_hypothesis_only,True,True,440,880,220,True,True,True,1.0,0.4218710692967038,0.329767870128745,True,64.00000000000064,64.00000000000064,0,0,0,0,0,2.9064813468340853,1.0923578960868205,0.20873214126765896,0.777444541992736,belief_conditioned,17,1,,,9831a2a955ffc9b8f9143f1c9bfed99bc9a484d604f27f9816efc1a9ad2436e5,"{""measurement_index"":440,""substep_index"":4400}","{""center_m"":[0.0,0.0,-43.64446721316747],""radius_max_m"":350.0,""radius_min_m"":120.0,""source"":""shared_reset_time_leader_centroid_and_frozen_mission_radii""}"
70,48870,random_feasible,True,True,440,880,220,True,True,True,1.0,0.1853528290618605,0.3798773456579253,True,123.99999999999723,123.99999999999723,0,0,0,0,0,3.3477985017332808,0.33616280124227294,0.5050509447927848,0.767316125013167,uniform_random_feasible,47,0,18055522772370669836,93dfffee347905121be33c13575588773018ceebef0b79732198ea36a59fcd6c,9831a2a955ffc9b8f9143f1c9bfed99bc9a484d604f27f9816efc1a9ad2436e5,"{""measurement_index"":440,""substep_index"":4400}","{""center_m"":[0.0,0.0,-43.64446721316747],""radius_max_m"":350.0,""radius_min_m"":120.0,""source"":""shared_reset_time_leader_centroid_and_frozen_mission_radii""}"
71,48871,full_active,True,True,440,880,220,True,True,True,1.0,0.21044857499112196,0.3225981478592154,True,93.99999999999893,93.99999999999893,0,0,0,0,0,6.711735458288263,0.4751799887399304,0.2875604949459502,0.7405995830049505,belief_conditioned,32,8,,,2003875fc642a6c4345358a88172927db1201fceff3491b40b3a32f72633b115,"{""measurement_index"":440,""substep_index"":4400}","{""center_m"":[0.0,0.0,-55.52728033607731],""radius_max_m"":350.0,""radius_min_m"":120.0,""source"":""shared_reset_time_leader_centroid_and_frozen_mission_radii""}"
71,48871,no_pair_term,True,True,440,880,220,True,True,True,1.0,0.22445891674732793,0.33225013152389987,True,93.99999999999893,93.99999999999893,0,0,0,0,0,6.711735458288263,0.4803390170624003,0.2705197025029828,0.744400499999756,belief_conditioned,32,8,,,2003875fc642a6c4345358a88172927db1201fceff3491b40b3a32f72633b115,"{""measurement_index"":440,""substep_index"":4400}","{""center_m"":[0.0,0.0,-55.52728033607731],""radius_max_m"":350.0,""radius_min_m"":120.0,""source"":""shared_reset_time_leader_centroid_and_frozen_mission_radii""}"
71,48871,best_hypothesis_only,True,True,440,880,220,True,True,True,1.0,0.2652933019521108,0.3759594441170032,True,93.99999999999893,93.99999999999893,0,0,0,0,0,6.711735458288263,0.5301951779501534,0.27248290358468286,0.7873740829963936,belief_conditioned,32,1,,,2003875fc642a6c4345358a88172927db1201fceff3491b40b3a32f72633b115,"{""measurement_index"":440,""substep_index"":4400}","{""center_m"":[0.0,0.0,-55.52728033607731],""radius_max_m"":350.0,""radius_min_m"":120.0,""source"":""shared_reset_time_leader_centroid_and_frozen_mission_radii""}"
71,48871,random_feasible,True,True,440,880,220,True,True,True,1.0,0.7721564951210056,0.7737751031042401,True,123.99999999999723,123.99999999999723,0,0,0,0,0,6.6588819420326715,1.4509896369252828,0.5069592658935251,0.7130487910035299,uniform_random_feasible,47,0,8977761442950432901,909eb53eaf0dfcc9fe97810dccab71fb2e800bdb57c2ee50ed1ed2cba26087ee,2003875fc642a6c4345358a88172927db1201fceff3491b40b3a32f72633b115,"{""measurement_index"":440,""substep_index"":4400}","{""center_m"":[0.0,0.0,-55.52728033607731],""radius_max_m"":350.0,""radius_min_m"":120.0,""source"":""shared_reset_time_leader_centroid_and_frozen_mission_radii""}"
72,48872,full_active,True,True,440,880,220,True,True,True,1.0,0.6842689854895845,0.6276491724393326,True,93.99999999999893,93.99999999999893,0,0,0,0,0,19.94748936133146,1.2918764002642942,0.24421184629732806,0.7404454170027748,belief_conditioned,32,8,,,b727099878c62383767efc044c1affd6e193c70c092609114a97aa09b2c043cb,"{""measurement_index"":440,""substep_index"":4400}","{""center_m"":[0.0,0.0,-54.03615437934708],""radius_max_m"":350.0,""radius_min_m"":120.0,""source"":""shared_reset_time_leader_centroid_and_frozen_mission_radii""}"
72,48872,no_pair_term,True,True,440,880,220,True,True,True,1.0,0.8686144721877739,0.7501518892867798,True,93.99999999999893,93.99999999999893,0,0,0,0,0,19.94748936133146,1.3753565974867934,0.23059224723135155,0.7481230410048738,belief_conditioned,32,8,,,b727099878c62383767efc044c1affd6e193c70c092609114a97aa09b2c043cb,"{""measurement_index"":440,""substep_index"":4400}","{""center_m"":[0.0,0.0,-54.03615437934708],""radius_max_m"":350.0,""radius_min_m"":120.0,""source"":""shared_reset_time_leader_centroid_and_frozen_mission_radii""}"
72,48872,best_hypothesis_only,True,True,440,880,220,True,True,True,1.0,0.8686144721877739,0.7501518892867798,True,93.99999999999893,93.99999999999893,0,0,0,0,0,19.94748936133146,1.3753565974867934,0.23059224723135155,0.8797705409961054,belief_conditioned,32,1,,,b727099878c62383767efc044c1affd6e193c70c092609114a97aa09b2c043cb,"{""measurement_index"":440,""substep_index"":4400}","{""center_m"":[0.0,0.0,-54.03615437934708],""radius_max_m"":350.0,""radius_min_m"":120.0,""source"":""shared_reset_time_leader_centroid_and_frozen_mission_radii""}"
72,48872,random_feasible,True,True,440,880,220,False,False,False,0.0,1.6591370634661249,1391.4552275590254,False,,442.0,0,0,0,0,0,20.173069988546626,,1.6819379032973496,0.730403251000098,uniform_random_feasible,205,0,13430883859225970882,e9eeb16fecd7336dfec2b20fcec708809747fc0c68332f662dddee80f9f70dd5,b727099878c62383767efc044c1affd6e193c70c092609114a97aa09b2c043cb,"{""measurement_index"":440,""substep_index"":4400}","{""center_m"":[0.0,0.0,-54.03615437934708],""radius_max_m"":350.0,""radius_min_m"":120.0,""source"":""shared_reset_time_leader_centroid_and_frozen_mission_radii""}"
73,48873,full_active,True,True,440,880,220,True,True,True,1.0,0.2418600108439404,0.29792425577252063,True,93.99999999999893,93.99999999999893,0,0,0,0,0,4.4400286069174575,0.736413699651414,0.2549498644615317,0.730087417003233,belief_conditioned,32,8,,,4c12bf970b89b78a47d5d65cf763c6ae2fe7a2773b59d157bb153b33b440aa7a,"{""measurement_index"":440,""substep_index"":4400}","{""center_m"":[0.0,0.0,-56.87496409094074],""radius_max_m"":350.0,""radius_min_m"":120.0,""source"":""shared_reset_time_leader_centroid_and_frozen_mission_radii""}"
73,48873,no_pair_term,True,True,440,880,220,True,True,True,1.0,0.24169430833270017,0.26359149383776864,True,93.99999999999893,93.99999999999893,0,0,0,0,0,4.4400286069174575,0.8092664735649735,0.26056496862016243,0.7970526249991963,belief_conditioned,32,8,,,4c12bf970b89b78a47d5d65cf763c6ae2fe7a2773b59d157bb153b33b440aa7a,"{""measurement_index"":440,""substep_index"":4400}","{""center_m"":[0.0,0.0,-56.87496409094074],""radius_max_m"":350.0,""radius_min_m"":120.0,""source"":""shared_reset_time_leader_centroid_and_frozen_mission_radii""}"
73,48873,best_hypothesis_only,True,True,440,880,220,True,True,True,1.0,0.24169430833270017,0.26359149383776864,True,93.99999999999893,93.99999999999893,0,0,0,0,0,4.4400286069174575,0.8092664735649735,0.26056496862016243,0.7619586250075372,belief_conditioned,32,1,,,4c12bf970b89b78a47d5d65cf763c6ae2fe7a2773b59d157bb153b33b440aa7a,"{""measurement_index"":440,""substep_index"":4400}","{""center_m"":[0.0,0.0,-56.87496409094074],""radius_max_m"":350.0,""radius_min_m"":120.0,""source"":""shared_reset_time_leader_centroid_and_frozen_mission_radii""}"
73,48873,random_feasible,True,True,440,880,220,True,True,True,1.0,0.7704685246430505,0.8133962283345907,True,93.99999999999893,93.99999999999893,0,0,0,0,0,3.4739703448898642,1.8310148629437024,0.42509697149238584,0.7157815000100527,uniform_random_feasible,32,0,13870670729283364713,ad9d77a08ba3ab4178ca81564fb59eb7d229a1cf67588b48e3fde6cedd85f5a9,4c12bf970b89b78a47d5d65cf763c6ae2fe7a2773b59d157bb153b33b440aa7a,"{""measurement_index"":440,""substep_index"":4400}","{""center_m"":[0.0,0.0,-56.87496409094074],""radius_max_m"":350.0,""radius_min_m"":120.0,""source"":""shared_reset_time_leader_centroid_and_frozen_mission_radii""}"
74,48874,full_active,True,True,440,880,220,True,True,True,1.0,0.7232991360069528,0.6886319247189533,True,93.99999999999893,93.99999999999893,0,0,0,0,0,2.7851836479249794,0.7232991360069528,0.29389945243549875,0.7817858750058804,belief_conditioned,32,11,,,c07a0962dbe8629b5119fb235c29afdaaaaaa305d6ae6f1ca296761699e59a33,"{""measurement_index"":440,""substep_index"":4400}","{""center_m"":[0.0,0.0,-56.25872966027433],""radius_max_m"":350.0,""radius_min_m"":120.0,""source"":""shared_reset_time_leader_centroid_and_frozen_mission_radii""}"
74,48874,no_pair_term,True,True,440,880,220,True,False,False,0.28,1.0381720286196425,1.7391792438958733,True,183.99999999999383,183.99999999999383,0,0,0,0,0,2.7851836479249794,1.0381720286196425,0.2414917494747086,0.8637602499948116,belief_conditioned,77,16,,,c07a0962dbe8629b5119fb235c29afdaaaaaa305d6ae6f1ca296761699e59a33,"{""measurement_index"":440,""substep_index"":4400}","{""center_m"":[0.0,0.0,-56.25872966027433],""radius_max_m"":350.0,""radius_min_m"":120.0,""source"":""shared_reset_time_leader_centroid_and_frozen_mission_radii""}"
74,48874,best_hypothesis_only,True,True,440,880,220,True,False,False,0.28,1.0381720286196425,1.7391792438958733,True,183.99999999999383,183.99999999999383,0,0,0,0,0,2.7851836479249794,1.0381720286196425,0.2414917494747086,0.8630489170027431,belief_conditioned,77,1,,,c07a0962dbe8629b5119fb235c29afdaaaaaa305d6ae6f1ca296761699e59a33,"{""measurement_index"":440,""substep_index"":4400}","{""center_m"":[0.0,0.0,-56.25872966027433],""radius_max_m"":350.0,""radius_min_m"":120.0,""source"":""shared_reset_time_leader_centroid_and_frozen_mission_radii""}"
74,48874,random_feasible,True,True,440,880,220,True,True,True,1.0,0.3876913127973462,0.3349367501487608,True,243.99999999999042,243.99999999999042,0,0,0,0,0,2.207807416404128,0.4388914364276584,0.984480673383197,0.9424265420093434,uniform_random_feasible,107,0,6448857837150813563,541fe3b2729162fcdac2931d83a4f7895238da22bd2933ad5a32e15df05f7e27,c07a0962dbe8629b5119fb235c29afdaaaaaa305d6ae6f1ca296761699e59a33,"{""measurement_index"":440,""substep_index"":4400}","{""center_m"":[0.0,0.0,-56.25872966027433],""radius_max_m"":350.0,""radius_min_m"":120.0,""source"":""shared_reset_time_leader_centroid_and_frozen_mission_radii""}"
75,48875,full_active,True,True,440,880,220,True,True,True,1.0,0.26635577763726836,0.17940338593560298,True,64.00000000000064,64.00000000000064,0,0,0,0,0,3.2439992808047005,0.6330326101848263,0.25913138029262245,0.8126729579962557,belief_conditioned,17,8,,,dc36f48d698762cd42047c9d36d325a7c66d6f94b2bdf42f6e1ca73f5654502e,"{""measurement_index"":440,""substep_index"":4400}","{""center_m"":[0.0,0.0,-46.95298017252338],""radius_max_m"":350.0,""radius_min_m"":120.0,""source"":""shared_reset_time_leader_centroid_and_frozen_mission_radii""}"
75,48875,no_pair_term,True,True,440,880,220,True,True,True,1.0,0.17219911786566286,0.12005003016794885,True,123.99999999999723,123.99999999999723,0,0,0,0,0,3.2439992808047005,0.3102013978734195,0.23372152193503734,0.7840112499980023,belief_conditioned,47,8,,,dc36f48d698762cd42047c9d36d325a7c66d6f94b2bdf42f6e1ca73f5654502e,"{""measurement_index"":440,""substep_index"":4400}","{""center_m"":[0.0,0.0,-46.95298017252338],""radius_max_m"":350.0,""radius_min_m"":120.0,""source"":""shared_reset_time_leader_centroid_and_frozen_mission_radii""}"
75,48875,best_hypothesis_only,True,True,440,880,220,True,True,True,1.0,0.30160323428097296,0.20464616025395366,True,123.99999999999723,123.99999999999723,0,0,0,0,0,3.2439992808047005,0.398190448011929,0.23127869193265596,0.7871227080031531,belief_conditioned,47,1,,,dc36f48d698762cd42047c9d36d325a7c66d6f94b2bdf42f6e1ca73f5654502e,"{""measurement_index"":440,""substep_index"":4400}","{""center_m"":[0.0,0.0,-46.95298017252338],""radius_max_m"":350.0,""radius_min_m"":120.0,""source"":""shared_reset_time_leader_centroid_and_frozen_mission_radii""}"
75,48875,random_feasible,True,True,440,880,220,True,True,True,1.0,0.6288441377797527,0.5844224103652241,True,93.99999999999893,93.99999999999893,0,0,0,0,0,4.122058861560114,1.2655735564332988,0.38746551567691917,0.9399889579945011,uniform_random_feasible,32,0,15025354180542111828,2a2b58885feae1e86ead537c666f542a099b28dcd3c2954b5163ca5a1dcc94dc,dc36f48d698762cd42047c9d36d325a7c66d6f94b2bdf42f6e1ca73f5654502e,"{""measurement_index"":440,""substep_index"":4400}","{""center_m"":[0.0,0.0,-46.95298017252338],""radius_max_m"":350.0,""radius_min_m"":120.0,""source"":""shared_reset_time_leader_centroid_and_frozen_mission_radii""}"
76,48876,full_active,True,True,440,880,220,True,True,True,1.0,0.314511710027147,0.45452156648210945,True,64.00000000000064,64.00000000000064,0,0,0,0,0,3.2657386974881164,2.958409472162557,0.2447043506340834,0.7656349589960882,belief_conditioned,17,8,,,cb2c203ddc278ecb94c8ec889185748e7bd0c727502bfbc509f9134ccea1f2d2,"{""measurement_index"":440,""substep_index"":4400}","{""center_m"":[0.0,0.0,-46.2879591010768],""radius_max_m"":350.0,""radius_min_m"":120.0,""source"":""shared_reset_time_leader_centroid_and_frozen_mission_radii""}"
76,48876,no_pair_term,True,True,440,880,220,True,True,True,1.0,0.28924763018216665,0.37630669255289845,True,64.00000000000064,64.00000000000064,0,0,0,0,0,3.137435412350733,2.715228828998054,0.24273632183412686,0.76735845899384,belief_conditioned,17,8,,,cb2c203ddc278ecb94c8ec889185748e7bd0c727502bfbc509f9134ccea1f2d2,"{""measurement_index"":440,""substep_index"":4400}","{""center_m"":[0.0,0.0,-46.2879591010768],""radius_max_m"":350.0,""radius_min_m"":120.0,""source"":""shared_reset_time_leader_centroid_and_frozen_mission_radii""}"
76,48876,best_hypothesis_only,True,True,440,880,220,True,True,True,1.0,0.3629399048375504,0.4497170220175348,True,64.00000000000064,64.00000000000064,0,0,0,0,0,3.1412824297120414,2.9225890755355683,0.23941166371030004,0.74450312499539,belief_conditioned,17,1,,,cb2c203ddc278ecb94c8ec889185748e7bd0c727502bfbc509f9134ccea1f2d2,"{""measurement_index"":440,""substep_index"":4400}","{""center_m"":[0.0,0.0,-46.2879591010768],""radius_max_m"":350.0,""radius_min_m"":120.0,""source"":""shared_reset_time_leader_centroid_and_frozen_mission_radii""}"
76,48876,random_feasible,True,True,440,880,220,True,True,True,1.0,0.602921638700565,0.5576481474420659,True,243.99999999999042,243.99999999999042,0,0,0,0,0,2.690212467956321,1.2626765140276675,0.9869646695169817,0.7719947090081405,uniform_random_feasible,107,0,5866278685060050261,dc1f50278615ff28e45d383e6f80a64b0700f96a0c0a639d8ef272a84623ff32,cb2c203ddc278ecb94c8ec889185748e7bd0c727502bfbc509f9134ccea1f2d2,"{""measurement_index"":440,""substep_index"":4400}","{""center_m"":[0.0,0.0,-46.2879591010768],""radius_max_m"":350.0,""radius_min_m"":120.0,""source"":""shared_reset_time_leader_centroid_and_frozen_mission_radii""}"
77,48877,full_active,True,True,440,880,220,True,True,True,1.0,0.432116674027032,0.3227652288265909,True,93.99999999999893,93.99999999999893,0,0,0,0,0,17.333042417355802,0.5382067167725794,0.3098736751535654,0.9992072910099523,belief_conditioned,32,8,,,15aebf80eb6be75ded96a8812e674d3bcc74c744cfe414c802bbed09c53d3fb0,"{""measurement_index"":440,""substep_index"":4400}","{""center_m"":[0.0,0.0,-46.52754755816875],""radius_max_m"":350.0,""radius_min_m"":120.0,""source"":""shared_reset_time_leader_centroid_and_frozen_mission_radii""}"
77,48877,no_pair_term,True,True,440,880,220,True,True,True,1.0,0.4885044727424746,0.3795070495686104,True,93.99999999999893,93.99999999999893,0,0,0,0,0,17.333042417355802,0.6815759754509347,0.31022272873045975,0.8622044579969952,belief_conditioned,32,8,,,15aebf80eb6be75ded96a8812e674d3bcc74c744cfe414c802bbed09c53d3fb0,"{""measurement_index"":440,""substep_index"":4400}","{""center_m"":[0.0,0.0,-46.52754755816875],""radius_max_m"":350.0,""radius_min_m"":120.0,""source"":""shared_reset_time_leader_centroid_and_frozen_mission_radii""}"
77,48877,best_hypothesis_only,True,True,440,880,220,True,True,True,1.0,0.38883159960421704,0.2862573211193763,True,123.99999999999723,123.99999999999723,0,0,0,0,0,17.333042417355802,0.4019850654887268,0.3074171753962058,0.8652386660105549,belief_conditioned,47,1,,,15aebf80eb6be75ded96a8812e674d3bcc74c744cfe414c802bbed09c53d3fb0,"{""measurement_index"":440,""substep_index"":4400}","{""center_m"":[0.0,0.0,-46.52754755816875],""radius_max_m"":350.0,""radius_min_m"":120.0,""source"":""shared_reset_time_leader_centroid_and_frozen_mission_radii""}"
77,48877,random_feasible,True,True,440,880,220,False,False,False,0.0,0.4520234378759996,103.92136397744406,True,243.99999999999042,243.99999999999042,0,0,0,0,0,14.1819575882912,0.9834156222761388,0.9981845629285584,0.8309507920057513,uniform_random_feasible,107,0,2117425521549226653,8a5e1593e6a7d4108eadf00fdac83e4f710be3de4c6b36bbf7cdc36ca4142500,15aebf80eb6be75ded96a8812e674d3bcc74c744cfe414c802bbed09c53d3fb0,"{""measurement_index"":440,""substep_index"":4400}","{""center_m"":[0.0,0.0,-46.52754755816875],""radius_max_m"":350.0,""radius_min_m"":120.0,""source"":""shared_reset_time_leader_centroid_and_frozen_mission_radii""}"
78,48878,full_active,True,True,440,880,220,True,False,True,0.44,0.460540112333258,0.6348328747177274,True,183.99999999999383,183.99999999999383,0,0,0,0,0,17.45147580541136,0.49026493576896657,0.3176651838318499,0.8018329999904381,belief_conditioned,77,8,,,0c0e86b56f14dd23690a5d03a0bdb80d72b75cdce3d6d839cd78227e0f736cd5,"{""measurement_index"":440,""substep_index"":4400}","{""center_m"":[0.0,0.0,-51.385148406213226],""radius_max_m"":350.0,""radius_min_m"":120.0,""source"":""shared_reset_time_leader_centroid_and_frozen_mission_radii""}"
78,48878,no_pair_term,True,True,440,880,220,True,True,True,1.0,0.5764307397211627,0.5475201076527464,True,123.99999999999723,123.99999999999723,0,0,0,0,0,17.45147580541136,0.9581975549227747,0.27406957587511704,0.7735639160091523,belief_conditioned,47,8,,,0c0e86b56f14dd23690a5d03a0bdb80d72b75cdce3d6d839cd78227e0f736cd5,"{""measurement_index"":440,""substep_index"":4400}","{""center_m"":[0.0,0.0,-51.385148406213226],""radius_max_m"":350.0,""radius_min_m"":120.0,""source"":""shared_reset_time_leader_centroid_and_frozen_mission_radii""}"
78,48878,best_hypothesis_only,True,True,440,880,220,True,False,True,0.6,0.27262875631507594,0.3271750694121553,True,183.99999999999383,183.99999999999383,0,0,0,0,0,17.45147580541136,0.31028606765257466,0.3564948387135344,0.7776098750036908,belief_conditioned,77,1,,,0c0e86b56f14dd23690a5d03a0bdb80d72b75cdce3d6d839cd78227e0f736cd5,"{""measurement_index"":440,""substep_index"":4400}","{""center_m"":[0.0,0.0,-51.385148406213226],""radius_max_m"":350.0,""radius_min_m"":120.0,""source"":""shared_reset_time_leader_centroid_and_frozen_mission_radii""}"
78,48878,random_feasible,True,True,440,880,220,True,True,True,0.84,0.803824018950643,0.8296151419919154,True,243.99999999999042,243.99999999999042,0,0,0,0,0,10.670156305108305,1.084866556538844,1.0166752798485668,0.8010167500033276,uniform_random_feasible,107,0,6351529660083637216,d7dd68b049bfb5a740ecf9b8c2bf1eff24c9fb988ccdb4053e3b41b1fa091dd2,0c0e86b56f14dd23690a5d03a0bdb80d72b75cdce3d6d839cd78227e0f736cd5,"{""measurement_index"":440,""substep_index"":4400}","{""center_m"":[0.0,0.0,-51.385148406213226],""radius_max_m"":350.0,""radius_min_m"":120.0,""source"":""shared_reset_time_leader_centroid_and_frozen_mission_radii""}"
79,48879,full_active,True,True,440,880,220,True,True,True,1.0,0.3428568013117928,0.4529127611326007,True,123.99999999999723,123.99999999999723,0,0,0,0,0,7.367964398561533,0.4323836819490333,0.2665792657392277,0.771218209003564,belief_conditioned,47,8,,,d0d5afac75a9a057fd0bfc92a2ea61297e9ceeb653b67bf63e738e2aeca9b544,"{""measurement_index"":440,""substep_index"":4400}","{""center_m"":[0.0,0.0,-45.94993848277807],""radius_max_m"":350.0,""radius_min_m"":120.0,""source"":""shared_reset_time_leader_centroid_and_frozen_mission_radii""}"
79,48879,no_pair_term,True,True,440,880,220,True,True,True,1.0,0.27104022720256926,0.24561817578643172,True,93.99999999999893,93.99999999999893,0,0,0,0,0,7.367964398561533,0.4439530844006663,0.24453052824806729,0.7742622080113506,belief_conditioned,32,8,,,d0d5afac75a9a057fd0bfc92a2ea61297e9ceeb653b67bf63e738e2aeca9b544,"{""measurement_index"":440,""substep_index"":4400}","{""center_m"":[0.0,0.0,-45.94993848277807],""radius_max_m"":350.0,""radius_min_m"":120.0,""source"":""shared_reset_time_leader_centroid_and_frozen_mission_radii""}"
79,48879,best_hypothesis_only,True,True,440,880,220,True,True,True,1.0,0.27104022720256926,0.24561817578643172,True,93.99999999999893,93.99999999999893,0,0,0,0,0,7.367964398561533,0.4439530844006663,0.24453052824806729,0.768243500002427,belief_conditioned,32,1,,,d0d5afac75a9a057fd0bfc92a2ea61297e9ceeb653b67bf63e738e2aeca9b544,"{""measurement_index"":440,""substep_index"":4400}","{""center_m"":[0.0,0.0,-45.94993848277807],""radius_max_m"":350.0,""radius_min_m"":120.0,""source"":""shared_reset_time_leader_centroid_and_frozen_mission_radii""}"
79,48879,random_feasible,True,True,440,880,220,True,True,True,1.0,0.8540211963786047,0.9314119311452339,True,123.99999999999723,123.99999999999723,0,0,0,0,0,7.367964398561533,0.9665184482633938,0.470126393788971,0.7939437919994816,uniform_random_feasible,47,0,1081378743127106024,183412b198817940017808d6f7a52335c99d07b601441cb9becbf534a10e3154,d0d5afac75a9a057fd0bfc92a2ea61297e9ceeb653b67bf63e738e2aeca9b544,"{""measurement_index"":440,""substep_index"":4400}","{""center_m"":[0.0,0.0,-45.94993848277807],""radius_max_m"":350.0,""radius_min_m"":120.0,""source"":""shared_reset_time_leader_centroid_and_frozen_mission_radii""}"
80,48880,full_active,True,True,440,880,220,True,True,True,1.0,0.4954568152134716,0.6065936050237016,True,123.99999999999723,123.99999999999723,0,0,0,0,0,3.1219258400668295,0.6982103279302871,0.3672829103817993,0.7765674160036724,belief_conditioned,47,8,,,d00f3288b1de445164596209687990e0c38a5391e27383b5bc984ed0865b16b8,"{""measurement_index"":440,""substep_index"":4400}","{""center_m"":[0.0,0.0,-52.81511665539378],""radius_max_m"":350.0,""radius_min_m"":120.0,""source"":""shared_reset_time_leader_centroid_and_frozen_mission_radii""}"
80,48880,no_pair_term,True,True,440,880,220,True,True,True,1.0,1.2632238052676013,1.3680551152699096,True,77.99999999999984,77.99999999999984,0,0,0,0,0,3.1219258400668295,1.6172801133452677,0.22982967847713512,0.7829837080062134,belief_conditioned,24,8,,,d00f3288b1de445164596209687990e0c38a5391e27383b5bc984ed0865b16b8,"{""measurement_index"":440,""substep_index"":4400}","{""center_m"":[0.0,0.0,-52.81511665539378],""radius_max_m"":350.0,""radius_min_m"":120.0,""source"":""shared_reset_time_leader_centroid_and_frozen_mission_radii""}"
80,48880,best_hypothesis_only,True,True,440,880,220,True,True,True,1.0,1.1087296624404395,1.2059420525043691,True,79.99999999999973,79.99999999999973,0,0,0,0,0,4.802497119529155,1.4680155930108367,0.22131274908531023,0.7426833749923389,belief_conditioned,25,1,,,d00f3288b1de445164596209687990e0c38a5391e27383b5bc984ed0865b16b8,"{""measurement_index"":440,""substep_index"":4400}","{""center_m"":[0.0,0.0,-52.81511665539378],""radius_max_m"":350.0,""radius_min_m"":120.0,""source"":""shared_reset_time_leader_centroid_and_frozen_mission_radii""}"
80,48880,random_feasible,True,True,440,880,220,True,False,True,0.32,0.37529515537268615,1.0273441422874874,True,243.99999999999042,243.99999999999042,0,0,0,0,0,6.276072648650014,1.4628763960921036,1.0237075696551856,0.7781535829999484,uniform_random_feasible,107,0,4965897475226681542,18067f51f03516c548dc690fd80dc39a83f33be471b66f8b8d2683d056ed6d6e,d00f3288b1de445164596209687990e0c38a5391e27383b5bc984ed0865b16b8,"{""measurement_index"":440,""substep_index"":4400}","{""center_m"":[0.0,0.0,-52.81511665539378],""radius_max_m"":350.0,""radius_min_m"":120.0,""source"":""shared_reset_time_leader_centroid_and_frozen_mission_radii""}"
81,48881,full_active,True,True,440,880,220,True,True,True,1.0,0.8829362939247296,1.0886063871056755,True,93.99999999999893,93.99999999999893,0,0,0,0,0,13.540565679301256,2.7592857004687708,0.2636865706145087,0.9179180829960387,belief_conditioned,32,8,,,8b3c9be23bfcdf03a14fc5d837d882e8bba8933091478df928844e163c263c51,"{""measurement_index"":440,""substep_index"":4400}","{""center_m"":[0.0,0.0,-51.04896051496277],""radius_max_m"":350.0,""radius_min_m"":120.0,""source"":""shared_reset_time_leader_centroid_and_frozen_mission_radii""}"
81,48881,no_pair_term,True,True,440,880,220,False,False,False,0.0,0.3133082885020808,135.1664345653567,True,123.99999999999723,123.99999999999723,0,0,0,0,0,13.540565679301256,2.260342410646575,0.3212109129114348,0.8378418339998461,belief_conditioned,77,8,,,8b3c9be23bfcdf03a14fc5d837d882e8bba8933091478df928844e163c263c51,"{""measurement_index"":440,""substep_index"":4400}","{""center_m"":[0.0,0.0,-51.04896051496277],""radius_max_m"":350.0,""radius_min_m"":120.0,""source"":""shared_reset_time_leader_centroid_and_frozen_mission_radii""}"
81,48881,best_hypothesis_only,True,True,440,880,220,False,False,False,0.0,0.3133082885020808,135.1664345653567,True,123.99999999999723,123.99999999999723,0,0,0,0,0,13.540565679301256,2.260342410646575,0.3212109129114348,0.8728884169977391,belief_conditioned,77,1,,,8b3c9be23bfcdf03a14fc5d837d882e8bba8933091478df928844e163c263c51,"{""measurement_index"":440,""substep_index"":4400}","{""center_m"":[0.0,0.0,-51.04896051496277],""radius_max_m"":350.0,""radius_min_m"":120.0,""source"":""shared_reset_time_leader_centroid_and_frozen_mission_radii""}"
81,48881,random_feasible,True,True,440,880,220,False,False,False,0.0,1.5409611843313646,102.66569815416163,True,243.99999999999042,243.99999999999042,0,0,0,0,0,13.956347453449158,2.5651625808768133,0.9815428185499828,0.7510745830077212,uniform_random_feasible,107,0,16185076891581414437,0cde6e1bc5273acd4a613145fe176ef96a5c6622ce35d7a2de83948414b632b2,8b3c9be23bfcdf03a14fc5d837d882e8bba8933091478df928844e163c263c51,"{""measurement_index"":440,""substep_index"":4400}","{""center_m"":[0.0,0.0,-51.04896051496277],""radius_max_m"":350.0,""radius_min_m"":120.0,""source"":""shared_reset_time_leader_centroid_and_frozen_mission_radii""}"
82,48882,full_active,True,True,440,880,220,True,True,True,1.0,0.6513679681855132,0.8136018249305712,True,64.00000000000064,64.00000000000064,0,0,0,0,0,1.232570678927156,0.6698468702744184,0.16613860277076983,0.8644107909931336,belief_conditioned,17,5,,,c8cf9f9f0fb23e9ec093e400ed0ae212ccc25f8788d4d46776909a8410e87ac1,"{""measurement_index"":440,""substep_index"":4400}","{""center_m"":[0.0,0.0,-53.96210808026815],""radius_max_m"":350.0,""radius_min_m"":120.0,""source"":""shared_reset_time_leader_centroid_and_frozen_mission_radii""}"
82,48882,no_pair_term,True,True,440,880,220,True,True,True,1.0,0.6490299558053545,0.8113565118491569,True,64.00000000000064,64.00000000000064,0,0,0,0,0,1.199662225585156,0.6674989326717313,0.16573226826625312,0.8756948749942239,belief_conditioned,17,5,,,c8cf9f9f0fb23e9ec093e400ed0ae212ccc25f8788d4d46776909a8410e87ac1,"{""measurement_index"":440,""substep_index"":4400}","{""center_m"":[0.0,0.0,-53.96210808026815],""radius_max_m"":350.0,""radius_min_m"":120.0,""source"":""shared_reset_time_leader_centroid_and_frozen_mission_radii""}"
82,48882,best_hypothesis_only,True,True,440,880,220,True,True,True,1.0,0.6490299558053545,0.8113565118491569,True,64.00000000000064,64.00000000000064,0,0,0,0,0,1.199662225585156,0.6674989326717313,0.16573226826625312,0.7782730409962824,belief_conditioned,17,1,,,c8cf9f9f0fb23e9ec093e400ed0ae212ccc25f8788d4d46776909a8410e87ac1,"{""measurement_index"":440,""substep_index"":4400}","{""center_m"":[0.0,0.0,-53.96210808026815],""radius_max_m"":350.0,""radius_min_m"":120.0,""source"":""shared_reset_time_leader_centroid_and_frozen_mission_radii""}"
82,48882,random_feasible,True,True,440,880,220,True,True,True,1.0,0.4798993303483906,0.5878968129052333,True,64.00000000000064,64.00000000000064,0,0,0,0,0,1.6300319549267377,1.13119937845798,0.21382063822526637,0.8017047920002369,uniform_random_feasible,17,0,11150967172414755213,2d1c2721fc24d126f2c5d25d5dc68fdd5a1647bb18c81d6a373930afaeddeae8,c8cf9f9f0fb23e9ec093e400ed0ae212ccc25f8788d4d46776909a8410e87ac1,"{""measurement_index"":440,""substep_index"":4400}","{""center_m"":[0.0,0.0,-53.96210808026815],""radius_max_m"":350.0,""radius_min_m"":120.0,""source"":""shared_reset_time_leader_centroid_and_frozen_mission_radii""}"
83,48883,full_active,True,True,440,880,220,True,True,True,1.0,1.2008602477698793,1.210480897729629,True,93.99999999999893,93.99999999999893,0,0,0,0,0,17.018496245214667,1.2163081405037022,0.28566027909252034,0.8616717090044403,belief_conditioned,32,8,,,8cea9e34054e90bd1ebd3da7f8cfc6fb24cc62d29e1aa9bd378512b32b4a0e64,"{""measurement_index"":440,""substep_index"":4400}","{""center_m"":[0.0,0.0,-57.465837663074694],""radius_max_m"":350.0,""radius_min_m"":120.0,""source"":""shared_reset_time_leader_centroid_and_frozen_mission_radii""}"
83,48883,no_pair_term,True,True,440,880,220,True,True,True,1.0,0.8383871850786105,0.8528710086034023,True,123.99999999999723,123.99999999999723,0,0,0,0,0,17.018496245214667,1.3338953371665498,0.29692171865970407,0.8857231669971952,belief_conditioned,47,8,,,8cea9e34054e90bd1ebd3da7f8cfc6fb24cc62d29e1aa9bd378512b32b4a0e64,"{""measurement_index"":440,""substep_index"":4400}","{""center_m"":[0.0,0.0,-57.465837663074694],""radius_max_m"":350.0,""radius_min_m"":120.0,""source"":""shared_reset_time_leader_centroid_and_frozen_mission_radii""}"
83,48883,best_hypothesis_only,True,True,440,880,220,True,True,True,1.0,0.8750019426421984,0.806174444801628,True,123.99999999999723,123.99999999999723,0,0,0,0,0,17.018496245214667,0.910182776808639,0.3407808893698475,0.8391109579970362,belief_conditioned,47,1,,,8cea9e34054e90bd1ebd3da7f8cfc6fb24cc62d29e1aa9bd378512b32b4a0e64,"{""measurement_index"":440,""substep_index"":4400}","{""center_m"":[0.0,0.0,-57.465837663074694],""radius_max_m"":350.0,""radius_min_m"":120.0,""source"":""shared_reset_time_leader_centroid_and_frozen_mission_radii""}"
83,48883,random_feasible,True,True,440,880,220,True,True,True,1.0,0.38053436374399247,0.29288912389569277,True,123.99999999999723,123.99999999999723,0,0,0,0,0,21.17224788829942,1.8283849015697404,0.5225640157540321,0.7965669160039397,uniform_random_feasible,47,0,5605407750908391886,ded20140a112b97d7ffd3019a40daa0970b6bfa853c71d37a4fb668c65784bfc,8cea9e34054e90bd1ebd3da7f8cfc6fb24cc62d29e1aa9bd378512b32b4a0e64,"{""measurement_index"":440,""substep_index"":4400}","{""center_m"":[0.0,0.0,-57.465837663074694],""radius_max_m"":350.0,""radius_min_m"":120.0,""source"":""shared_reset_time_leader_centroid_and_frozen_mission_radii""}"
84,48884,full_active,True,True,440,880,220,True,True,True,1.0,0.2208691370277661,0.39596649956377766,True,93.99999999999893,93.99999999999893,0,0,0,0,0,8.37571376613318,0.28532534351782596,0.26060157244846666,0.7431337500020163,belief_conditioned,32,8,,,ca6c33bb34362780ab7874a9ca2b7ec7aefee07ba309f56bed462eaa99867da7,"{""measurement_index"":440,""substep_index"":4400}","{""center_m"":[0.0,0.0,-51.69891800871988],""radius_max_m"":350.0,""radius_min_m"":120.0,""source"":""shared_reset_time_leader_centroid_and_frozen_mission_radii""}"
84,48884,no_pair_term,True,True,440,880,220,True,True,True,1.0,0.5276856710673161,0.6788567931277514,True,93.99999999999893,93.99999999999893,0,0,0,0,0,7.871044916770545,0.6074310218139267,0.20235159560848406,0.7911679579992779,belief_conditioned,32,8,,,ca6c33bb34362780ab7874a9ca2b7ec7aefee07ba309f56bed462eaa99867da7,"{""measurement_index"":440,""substep_index"":4400}","{""center_m"":[0.0,0.0,-51.69891800871988],""radius_max_m"":350.0,""radius_min_m"":120.0,""source"":""shared_reset_time_leader_centroid_and_frozen_mission_radii""}"
84,48884,best_hypothesis_only,True,True,440,880,220,True,True,True,1.0,0.279226653043517,0.38038615546264254,True,93.99999999999893,93.99999999999893,0,0,0,0,0,7.322140433955107,0.4054849267294933,0.23071939031096,0.7232320409966633,belief_conditioned,32,1,,,ca6c33bb34362780ab7874a9ca2b7ec7aefee07ba309f56bed462eaa99867da7,"{""measurement_index"":440,""substep_index"":4400}","{""center_m"":[0.0,0.0,-51.69891800871988],""radius_max_m"":350.0,""radius_min_m"":120.0,""source"":""shared_reset_time_leader_centroid_and_frozen_mission_radii""}"
84,48884,random_feasible,True,True,440,880,220,True,True,True,1.0,0.21142283511993418,0.3702120416536054,True,93.99999999999893,93.99999999999893,0,0,0,0,0,5.493481604726181,0.2515835062828406,0.4502590789987728,0.7889518750016578,uniform_random_feasible,32,0,6504259322768558008,0529e28e1ce1216333a32bafaeb7e209a53c81ef97818ad89dbf0c752a2a1339,ca6c33bb34362780ab7874a9ca2b7ec7aefee07ba309f56bed462eaa99867da7,"{""measurement_index"":440,""substep_index"":4400}","{""center_m"":[0.0,0.0,-51.69891800871988],""radius_max_m"":350.0,""radius_min_m"":120.0,""source"":""shared_reset_time_leader_centroid_and_frozen_mission_radii""}"
85,48885,full_active,True,True,440,880,220,True,True,True,1.0,2.2311874085815,2.3215618100993884,True,93.99999999999893,93.99999999999893,0,0,0,0,0,8.244815618098144,2.7871806171493883,0.2298449177593096,0.8530948749976233,belief_conditioned,32,8,,,27470c494ed01f8ac6cc4b17702271a3281e129f6eee3446817ae154ccfdc95c,"{""measurement_index"":440,""substep_index"":4400}","{""center_m"":[0.0,0.0,-53.79528901148796],""radius_max_m"":350.0,""radius_min_m"":120.0,""source"":""shared_reset_time_leader_centroid_and_frozen_mission_radii""}"
85,48885,no_pair_term,True,True,440,880,220,True,True,True,1.0,1.20410734326917,1.323140108019341,True,93.99999999999893,93.99999999999893,0,0,0,0,0,7.753304712611515,2.0803112148500107,0.24084910620157507,0.8255409580015112,belief_conditioned,32,8,,,27470c494ed01f8ac6cc4b17702271a3281e129f6eee3446817ae154ccfdc95c,"{""measurement_index"":440,""substep_index"":4400}","{""center_m"":[0.0,0.0,-53.79528901148796],""radius_max_m"":350.0,""radius_min_m"":120.0,""source"":""shared_reset_time_leader_centroid_and_frozen_mission_radii""}"
85,48885,best_hypothesis_only,True,True,440,880,220,True,True,True,1.0,2.165358889573645,2.2616207553150702,True,93.99999999999893,93.99999999999893,0,0,0,0,0,7.753304712611515,2.760204237248842,0.221781333924865,0.7467471249983646,belief_conditioned,32,1,,,27470c494ed01f8ac6cc4b17702271a3281e129f6eee3446817ae154ccfdc95c,"{""measurement_index"":440,""substep_index"":4400}","{""center_m"":[0.0,0.0,-53.79528901148796],""radius_max_m"":350.0,""radius_min_m"":120.0,""source"":""shared_reset_time_leader_centroid_and_frozen_mission_radii""}"
85,48885,random_feasible,True,True,440,880,220,True,False,True,0.4,0.8779759946588774,0.8040276377719382,True,183.99999999999383,183.99999999999383,0,0,0,0,0,7.753304712611515,1.5458004873716216,0.7392839449661854,0.7846783330023754,uniform_random_feasible,77,0,13755997693495228698,ff0dab5d7f70085ec2e7cee1e7362ea555c8c60f78b0c7554babd3681323c742,27470c494ed01f8ac6cc4b17702271a3281e129f6eee3446817ae154ccfdc95c,"{""measurement_index"":440,""substep_index"":4400}","{""center_m"":[0.0,0.0,-53.79528901148796],""radius_max_m"":350.0,""radius_min_m"":120.0,""source"":""shared_reset_time_leader_centroid_and_frozen_mission_radii""}"
86,48886,full_active,True,True,440,880,220,True,True,True,1.0,1.014039664354578,0.9612246045142664,True,93.99999999999893,93.99999999999893,0,0,0,0,0,11.87952473235212,1.0451436812029968,0.2667089208716127,0.8059685000043828,belief_conditioned,32,8,,,4d0d3c85ae3a33c23671bee3b3c57cac4efa4b2af76c58ad45bc9c06364d9925,"{""measurement_index"":440,""substep_index"":4400}","{""center_m"":[0.0,0.0,-48.735315910535874],""radius_max_m"":350.0,""radius_min_m"":120.0,""source"":""shared_reset_time_leader_centroid_and_frozen_mission_radii""}"
86,48886,no_pair_term,True,True,440,880,220,True,True,True,1.0,0.9487684995350023,0.8068299880813437,True,93.99999999999893,93.99999999999893,0,0,0,0,0,11.87952473235212,1.0449144475041132,0.24841019246009727,0.8190393750119256,belief_conditioned,32,8,,,4d0d3c85ae3a33c23671bee3b3c57cac4efa4b2af76c58ad45bc9c06364d9925,"{""measurement_index"":440,""substep_index"":4400}","{""center_m"":[0.0,0.0,-48.735315910535874],""radius_max_m"":350.0,""radius_min_m"":120.0,""source"":""shared_reset_time_leader_centroid_and_frozen_mission_radii""}"
86,48886,best_hypothesis_only,True,True,440,880,220,True,True,True,1.0,0.9032794718712934,0.783291060412376,True,93.99999999999893,93.99999999999893,0,0,0,0,0,11.87952473235212,0.9453225436626289,0.22321275800430046,0.7331216250022408,belief_conditioned,32,1,,,4d0d3c85ae3a33c23671bee3b3c57cac4efa4b2af76c58ad45bc9c06364d9925,"{""measurement_index"":440,""substep_index"":4400}","{""center_m"":[0.0,0.0,-48.735315910535874],""radius_max_m"":350.0,""radius_min_m"":120.0,""source"":""shared_reset_time_leader_centroid_and_frozen_mission_radii""}"
86,48886,random_feasible,True,True,440,880,220,True,True,True,1.0,0.523303164639467,0.6181545472603857,True,183.99999999999383,183.99999999999383,0,0,0,0,0,11.87952473235212,0.5271464214333018,0.6240089263490439,0.8497041660011746,uniform_random_feasible,77,0,14487564949059715010,ef2d86ae4ea7ff0e374c4fbf5cda7e0c0c09a4660b02d69a23e6d04595dd5b69,4d0d3c85ae3a33c23671bee3b3c57cac4efa4b2af76c58ad45bc9c06364d9925,"{""measurement_index"":440,""substep_index"":4400}","{""center_m"":[0.0,0.0,-48.735315910535874],""radius_max_m"":350.0,""radius_min_m"":120.0,""source"":""shared_reset_time_leader_centroid_and_frozen_mission_radii""}"
87,48887,full_active,True,True,440,880,220,True,True,True,1.0,0.9861402948972828,1.112913837384177,True,93.99999999999893,93.99999999999893,0,0,0,0,0,2.4582097419384814,0.9977768595511559,0.33055713310950224,0.7518609590042615,belief_conditioned,32,8,,,c8a3ff4cb2d33f3acb0e19863fc32f950160e0d4f297da4d3f65216e536cb2a8,"{""measurement_index"":440,""substep_index"":4400}","{""center_m"":[0.0,0.0,-52.56150563091279],""radius_max_m"":350.0,""radius_min_m"":120.0,""source"":""shared_reset_time_leader_centroid_and_frozen_mission_radii""}"
87,48887,no_pair_term,True,True,440,880,220,True,True,True,1.0,0.4810810414473383,0.6163474387350475,True,64.00000000000064,64.00000000000064,0,0,0,0,0,2.305070153222031,0.767711426169953,0.1281801586137055,0.7943582500010962,belief_conditioned,17,8,,,c8a3ff4cb2d33f3acb0e19863fc32f950160e0d4f297da4d3f65216e536cb2a8,"{""measurement_index"":440,""substep_index"":4400}","{""center_m"":[0.0,0.0,-52.56150563091279],""radius_max_m"":350.0,""radius_min_m"":120.0,""source"":""shared_reset_time_leader_centroid_and_frozen_mission_radii""}"
87,48887,best_hypothesis_only,True,True,440,880,220,True,True,True,1.0,0.5151185101348087,0.65468288853965,True,64.00000000000064,64.00000000000064,0,0,0,0,0,2.305070153222031,1.1851101018944286,0.1363589539037431,0.7390268750023097,belief_conditioned,17,1,,,c8a3ff4cb2d33f3acb0e19863fc32f950160e0d4f297da4d3f65216e536cb2a8,"{""measurement_index"":440,""substep_index"":4400}","{""center_m"":[0.0,0.0,-52.56150563091279],""radius_max_m"":350.0,""radius_min_m"":120.0,""source"":""shared_reset_time_leader_centroid_and_frozen_mission_radii""}"
87,48887,random_feasible,True,True,440,880,220,True,True,True,1.0,0.36862091007852316,0.49401450142117104,True,64.00000000000064,64.00000000000064,0,0,0,0,0,1.3209328767609982,0.8928699800074964,0.2638877918547811,0.7665357920050155,uniform_random_feasible,17,0,6181926784730866687,77535eae718c1da3cc9c4e376ec95df64f9722909c72c9c04b935ecf45e135f0,c8a3ff4cb2d33f3acb0e19863fc32f950160e0d4f297da4d3f65216e536cb2a8,"{""measurement_index"":440,""substep_index"":4400}","{""center_m"":[0.0,0.0,-52.56150563091279],""radius_max_m"":350.0,""radius_min_m"":120.0,""source"":""shared_reset_time_leader_centroid_and_frozen_mission_radii""}"
88,48888,full_active,True,True,440,880,220,True,True,True,1.0,0.18897954807825684,0.09621879224263422,True,123.99999999999723,123.99999999999723,0,0,0,0,0,7.9278349813157805,0.24973855338762083,0.26076236500593875,0.8553414579946548,belief_conditioned,47,8,,,030d951350bdce4fc2a902229807f7c39aa296d2176237ed393095f304017af3,"{""measurement_index"":440,""substep_index"":4400}","{""center_m"":[0.0,0.0,-52.52432474381381],""radius_max_m"":350.0,""radius_min_m"":120.0,""source"":""shared_reset_time_leader_centroid_and_frozen_mission_radii""}"
88,48888,no_pair_term,True,True,440,880,220,True,True,True,1.0,0.557991425712689,0.7050258010155657,True,123.99999999999723,123.99999999999723,0,0,0,0,0,7.9278349813157805,0.8229211027551018,0.25747306378476714,0.7795194579957752,belief_conditioned,47,8,,,030d951350bdce4fc2a902229807f7c39aa296d2176237ed393095f304017af3,"{""measurement_index"":440,""substep_index"":4400}","{""center_m"":[0.0,0.0,-52.52432474381381],""radius_max_m"":350.0,""radius_min_m"":120.0,""source"":""shared_reset_time_leader_centroid_and_frozen_mission_radii""}"
88,48888,best_hypothesis_only,True,True,440,880,220,True,True,True,1.0,0.49955554602745456,0.6191011364947295,True,123.99999999999723,123.99999999999723,0,0,0,0,0,7.9278349813157805,0.690496503244633,0.28171398238822815,0.8343268749886192,belief_conditioned,47,1,,,030d951350bdce4fc2a902229807f7c39aa296d2176237ed393095f304017af3,"{""measurement_index"":440,""substep_index"":4400}","{""center_m"":[0.0,0.0,-52.52432474381381],""radius_max_m"":350.0,""radius_min_m"":120.0,""source"":""shared_reset_time_leader_centroid_and_frozen_mission_radii""}"
88,48888,random_feasible,True,True,440,880,220,True,True,True,1.0,0.5303648218620806,0.3086206959167937,True,123.99999999999723,123.99999999999723,0,0,0,0,0,7.9278349813157805,1.669835396054646,0.4386503170743356,0.7853962080116617,uniform_random_feasible,47,0,14186866481322785138,31d7a3e41f3716f7c8f1f0d01069ae0040c2e1303dd64c91aa4fb851671964f0,030d951350bdce4fc2a902229807f7c39aa296d2176237ed393095f304017af3,"{""measurement_index"":440,""substep_index"":4400}","{""center_m"":[0.0,0.0,-52.52432474381381],""radius_max_m"":350.0,""radius_min_m"":120.0,""source"":""shared_reset_time_leader_centroid_and_frozen_mission_radii""}"
89,48889,full_active,True,True,440,880,220,True,True,True,1.0,0.36580369208741587,0.46190331838260007,True,64.00000000000064,64.00000000000064,0,0,0,0,0,1.2357455150309253,0.9238097017171745,0.27519452238474285,0.7430536250030855,belief_conditioned,17,8,,,421b9dadc5c56f13d3f403e7e9b35d7044adaa2a8d3d1903822201688f3301ec,"{""measurement_index"":440,""substep_index"":4400}","{""center_m"":[0.0,0.0,-42.772575706750565],""radius_max_m"":350.0,""radius_min_m"":120.0,""source"":""shared_reset_time_leader_centroid_and_frozen_mission_radii""}"
89,48889,no_pair_term,True,True,440,880,220,True,True,True,1.0,0.9412095682774937,1.0537416219103308,True,64.00000000000064,64.00000000000064,0,0,0,0,0,1.2357455150309253,1.122613052871889,0.189392473306332,0.7653976669971598,belief_conditioned,17,8,,,421b9dadc5c56f13d3f403e7e9b35d7044adaa2a8d3d1903822201688f3301ec,"{""measurement_index"":440,""substep_index"":4400}","{""center_m"":[0.0,0.0,-42.772575706750565],""radius_max_m"":350.0,""radius_min_m"":120.0,""source"":""shared_reset_time_leader_centroid_and_frozen_mission_radii""}"
89,48889,best_hypothesis_only,True,True,440,880,220,True,True,True,1.0,0.9412095682774937,1.0537416219103308,True,64.00000000000064,64.00000000000064,0,0,0,0,0,1.2357455150309253,1.122613052871889,0.189392473306332,0.7637602499889908,belief_conditioned,17,1,,,421b9dadc5c56f13d3f403e7e9b35d7044adaa2a8d3d1903822201688f3301ec,"{""measurement_index"":440,""substep_index"":4400}","{""center_m"":[0.0,0.0,-42.772575706750565],""radius_max_m"":350.0,""radius_min_m"":120.0,""source"":""shared_reset_time_leader_centroid_and_frozen_mission_radii""}"
89,48889,random_feasible,True,True,440,880,220,True,True,True,1.0,0.2207579529835775,0.11819092552434302,True,93.99999999999893,93.99999999999893,0,0,0,0,0,2.231744602311496,1.7292420550508985,0.3717457181303521,0.8172132090112427,uniform_random_feasible,32,0,12177736650949221271,109d00367accb2df0bc0656869b33333f891ebed49f0ed444baa40900ac07289,421b9dadc5c56f13d3f403e7e9b35d7044adaa2a8d3d1903822201688f3301ec,"{""measurement_index"":440,""substep_index"":4400}","{""center_m"":[0.0,0.0,-42.772575706750565],""radius_max_m"":350.0,""radius_min_m"":120.0,""source"":""shared_reset_time_leader_centroid_and_frozen_mission_radii""}"
90,48890,full_active,True,True,440,880,220,True,True,True,1.0,0.5415693121604721,0.6902054276927967,True,123.99999999999723,123.99999999999723,0,0,0,0,0,4.7117164340013,0.5415693121604721,0.28828978827839785,0.7889546249934938,belief_conditioned,47,8,,,5e48ff8861f4cd66bf3abd3a99cfdd66d79da97362b37cdd5e8758a739b7a296,"{""measurement_index"":440,""substep_index"":4400}","{""center_m"":[0.0,0.0,-52.37544517023379],""radius_max_m"":350.0,""radius_min_m"":120.0,""source"":""shared_reset_time_leader_centroid_and_frozen_mission_radii""}"
90,48890,no_pair_term,True,True,440,880,220,True,True,True,1.0,0.6810233677604359,0.8313773633343028,True,93.99999999999893,93.99999999999893,0,0,0,0,0,4.7117164340013,0.6810233677604359,0.2805438881014363,0.9035075830033747,belief_conditioned,32,8,,,5e48ff8861f4cd66bf3abd3a99cfdd66d79da97362b37cdd5e8758a739b7a296,"{""measurement_index"":440,""substep_index"":4400}","{""center_m"":[0.0,0.0,-52.37544517023379],""radius_max_m"":350.0,""radius_min_m"":120.0,""source"":""shared_reset_time_leader_centroid_and_frozen_mission_radii""}"
90,48890,best_hypothesis_only,True,True,440,880,220,True,True,True,1.0,0.7358537284106614,0.8740071605039469,True,123.99999999999723,123.99999999999723,0,0,0,0,0,4.7117164340013,0.7358537284106614,0.2523444624338433,0.9590694580110721,belief_conditioned,47,1,,,5e48ff8861f4cd66bf3abd3a99cfdd66d79da97362b37cdd5e8758a739b7a296,"{""measurement_index"":440,""substep_index"":4400}","{""center_m"":[0.0,0.0,-52.37544517023379],""radius_max_m"":350.0,""radius_min_m"":120.0,""source"":""shared_reset_time_leader_centroid_and_frozen_mission_radii""}"
90,48890,random_feasible,True,True,440,880,220,True,True,True,1.0,0.7014945784274471,0.5176424394678416,True,123.99999999999723,123.99999999999723,0,0,0,0,0,4.735452664607583,2.00678784203992,0.4739009397223734,0.7614766249898821,uniform_random_feasible,47,0,8885908325085272296,01ca3b53c02f65d8985716bd1db9db64cb874ae63462c2b2d78a65408513c2a8,5e48ff8861f4cd66bf3abd3a99cfdd66d79da97362b37cdd5e8758a739b7a296,"{""measurement_index"":440,""substep_index"":4400}","{""center_m"":[0.0,0.0,-52.37544517023379],""radius_max_m"":350.0,""radius_min_m"":120.0,""source"":""shared_reset_time_leader_centroid_and_frozen_mission_radii""}"
91,48891,full_active,True,True,440,880,220,True,True,True,1.0,0.4088744761193285,0.3026727457542164,True,64.00000000000064,64.00000000000064,0,0,0,0,0,1.177749332374995,0.4743584652204045,0.2549661853944329,0.8438716670061694,belief_conditioned,17,7,,,0a89c1b61d5b6850787393baa70cea421bd096511f840bae01e49d2af00a3e4c,"{""measurement_index"":440,""substep_index"":4400}","{""center_m"":[0.0,0.0,-60.31656599999627],""radius_max_m"":350.0,""radius_min_m"":120.0,""source"":""shared_reset_time_leader_centroid_and_frozen_mission_radii""}"
91,48891,no_pair_term,True,True,440,880,220,True,True,True,1.0,0.40014930749546873,0.29387122432324486,True,64.00000000000064,64.00000000000064,0,0,0,0,0,1.177749332374995,0.4823005531911289,0.24778026971342362,0.7349321660003625,belief_conditioned,17,7,,,0a89c1b61d5b6850787393baa70cea421bd096511f840bae01e49d2af00a3e4c,"{""measurement_index"":440,""substep_index"":4400}","{""center_m"":[0.0,0.0,-60.31656599999627],""radius_max_m"":350.0,""radius_min_m"":120.0,""source"":""shared_reset_time_leader_centroid_and_frozen_mission_radii""}"
91,48891,best_hypothesis_only,True,True,440,880,220,True,True,True,1.0,0.3953347931358883,0.28928477330151037,True,64.00000000000064,64.00000000000064,0,0,0,0,0,1.177749332374995,0.4850233885097131,0.24778266265009163,0.8099036670027999,belief_conditioned,17,1,,,0a89c1b61d5b6850787393baa70cea421bd096511f840bae01e49d2af00a3e4c,"{""measurement_index"":440,""substep_index"":4400}","{""center_m"":[0.0,0.0,-60.31656599999627],""radius_max_m"":350.0,""radius_min_m"":120.0,""source"":""shared_reset_time_leader_centroid_and_frozen_mission_radii""}"
91,48891,random_feasible,True,True,440,880,220,True,True,True,1.0,0.5893782036283353,0.5159361826786643,True,64.00000000000064,64.00000000000064,0,0,0,0,0,1.177749332374995,0.6189363065744582,0.307089805249767,0.753692875005072,uniform_random_feasible,17,0,1231985172384889060,8b037dffcba80839871bc6d334384c51d88deb6ee04ce075da15f28f4445c7ca,0a89c1b61d5b6850787393baa70cea421bd096511f840bae01e49d2af00a3e4c,"{""measurement_index"":440,""substep_index"":4400}","{""center_m"":[0.0,0.0,-60.31656599999627],""radius_max_m"":350.0,""radius_min_m"":120.0,""source"":""shared_reset_time_leader_centroid_and_frozen_mission_radii""}"
92,48892,full_active,True,True,440,880,220,True,True,True,1.0,0.7419781078028614,0.3843707035215058,True,93.99999999999893,93.99999999999893,0,0,0,0,0,11.489411411625799,1.5146823019513187,0.22856938208171598,0.814613916008966,belief_conditioned,32,8,,,c77b2272a96b2627b19e42753280f930420ee4da8f908b306e02b3aa034fbb52,"{""measurement_index"":440,""substep_index"":4400}","{""center_m"":[0.0,0.0,-52.28234082053555],""radius_max_m"":350.0,""radius_min_m"":120.0,""source"":""shared_reset_time_leader_centroid_and_frozen_mission_radii""}"
92,48892,no_pair_term,True,True,440,880,220,True,True,True,1.0,0.8261398460943651,0.5191162826207285,True,93.99999999999893,93.99999999999893,0,0,0,0,0,11.489411411625799,1.7206339325353899,0.23296712529378993,0.7284203750023153,belief_conditioned,32,8,,,c77b2272a96b2627b19e42753280f930420ee4da8f908b306e02b3aa034fbb52,"{""measurement_index"":440,""substep_index"":4400}","{""center_m"":[0.0,0.0,-52.28234082053555],""radius_max_m"":350.0,""radius_min_m"":120.0,""source"":""shared_reset_time_leader_centroid_and_frozen_mission_radii""}"
92,48892,best_hypothesis_only,True,True,440,880,220,True,True,True,1.0,0.7873117269455614,0.40784621740652166,True,93.99999999999893,93.99999999999893,0,0,0,0,0,11.489411411625799,1.5006265224015172,0.23072176147142792,0.7995275409921305,belief_conditioned,32,1,,,c77b2272a96b2627b19e42753280f930420ee4da8f908b306e02b3aa034fbb52,"{""measurement_index"":440,""substep_index"":4400}","{""center_m"":[0.0,0.0,-52.28234082053555],""radius_max_m"":350.0,""radius_min_m"":120.0,""source"":""shared_reset_time_leader_centroid_and_frozen_mission_radii""}"
92,48892,random_feasible,True,True,440,880,220,True,False,True,0.62,0.39393745024978644,0.7808117283592552,True,183.99999999999383,183.99999999999383,0,0,0,0,0,9.461023933973042,1.0242368076329562,0.7056850399335053,0.7246835830010241,uniform_random_feasible,77,0,11625461883913736773,85ce62a00c6ef2c9430df5430ac7f599d42c0a646c75bb5f0f841a7f88cbbd93,c77b2272a96b2627b19e42753280f930420ee4da8f908b306e02b3aa034fbb52,"{""measurement_index"":440,""substep_index"":4400}","{""center_m"":[0.0,0.0,-52.28234082053555],""radius_max_m"":350.0,""radius_min_m"":120.0,""source"":""shared_reset_time_leader_centroid_and_frozen_mission_radii""}"
93,48893,full_active,True,True,440,880,220,True,True,True,1.0,0.5831919725333855,0.7224252029140253,True,93.99999999999893,93.99999999999893,0,0,0,0,0,6.934896089740111,0.6898964564966752,0.2133932227058916,0.7599862919887528,belief_conditioned,32,14,,,40ddf6a0acf5d27c10e9e19c6d7d3ad7db66cfc46028d501de89d62f90b71f16,"{""measurement_index"":440,""substep_index"":4400}","{""center_m"":[0.0,0.0,-55.46201631204052],""radius_max_m"":350.0,""radius_min_m"":120.0,""source"":""shared_reset_time_leader_centroid_and_frozen_mission_radii""}"
93,48893,no_pair_term,True,True,440,880,220,True,True,True,1.0,0.5738504434605728,0.7341478104453842,True,93.99999999999893,93.99999999999893,0,0,0,0,0,6.934896089740111,0.8111266702836872,0.21340338004540776,0.7917225830024108,belief_conditioned,32,11,,,40ddf6a0acf5d27c10e9e19c6d7d3ad7db66cfc46028d501de89d62f90b71f16,"{""measurement_index"":440,""substep_index"":4400}","{""center_m"":[0.0,0.0,-55.46201631204052],""radius_max_m"":350.0,""radius_min_m"":120.0,""source"":""shared_reset_time_leader_centroid_and_frozen_mission_radii""}"
93,48893,best_hypothesis_only,True,True,440,880,220,True,True,True,1.0,0.5239739659811616,0.715891930196969,True,93.99999999999893,93.99999999999893,0,0,0,0,0,6.934896089740111,0.591902410375861,0.23494891852996536,0.8206944999983534,belief_conditioned,32,1,,,40ddf6a0acf5d27c10e9e19c6d7d3ad7db66cfc46028d501de89d62f90b71f16,"{""measurement_index"":440,""substep_index"":4400}","{""center_m"":[0.0,0.0,-55.46201631204052],""radius_max_m"":350.0,""radius_min_m"":120.0,""source"":""shared_reset_time_leader_centroid_and_frozen_mission_radii""}"
93,48893,random_feasible,True,True,440,880,220,True,False,True,0.72,1.0710463540861206,1.2639515803677952,True,123.99999999999723,123.99999999999723,0,0,0,0,0,9.245122487155976,1.8244623075979425,0.488516607598741,0.764348249998875,uniform_random_feasible,47,0,9429786517310545380,a1be5d6eea8f9a0b00dc22c413ebdb37484175069e65264e1f74f8cacbc7c4ca,40ddf6a0acf5d27c10e9e19c6d7d3ad7db66cfc46028d501de89d62f90b71f16,"{""measurement_index"":440,""substep_index"":4400}","{""center_m"":[0.0,0.0,-55.46201631204052],""radius_max_m"":350.0,""radius_min_m"":120.0,""source"":""shared_reset_time_leader_centroid_and_frozen_mission_radii""}"
94,48894,full_active,True,True,440,880,220,True,True,True,1.0,0.8798700832978597,0.7665448211020726,True,93.99999999999893,93.99999999999893,0,0,0,0,0,11.59514392247858,1.48472831124053,0.2307831762466234,0.7727653749898309,belief_conditioned,32,8,,,36dbc72299936895135c824fad3f37c5add5079d01ff12b17b25fb1c004033d6,"{""measurement_index"":440,""substep_index"":4400}","{""center_m"":[0.0,0.0,-54.8683360850505],""radius_max_m"":350.0,""radius_min_m"":120.0,""source"":""shared_reset_time_leader_centroid_and_frozen_mission_radii""}"
94,48894,no_pair_term,True,True,440,880,220,True,True,True,1.0,0.7320321238691383,0.6637202313101213,True,123.99999999999723,123.99999999999723,0,0,0,0,0,11.59514392247858,0.8393770070873487,0.2618213359240517,0.7677265419915784,belief_conditioned,47,8,,,36dbc72299936895135c824fad3f37c5add5079d01ff12b17b25fb1c004033d6,"{""measurement_index"":440,""substep_index"":4400}","{""center_m"":[0.0,0.0,-54.8683360850505],""radius_max_m"":350.0,""radius_min_m"":120.0,""source"":""shared_reset_time_leader_centroid_and_frozen_mission_radii""}"
94,48894,best_hypothesis_only,True,True,440,880,220,True,True,True,1.0,0.859399971921556,0.9711044512769411,True,93.99999999999893,93.99999999999893,0,0,0,0,0,11.36504451230452,1.0926073258505224,0.2069781020546763,0.7883302919944981,belief_conditioned,32,1,,,36dbc72299936895135c824fad3f37c5add5079d01ff12b17b25fb1c004033d6,"{""measurement_index"":440,""substep_index"":4400}","{""center_m"":[0.0,0.0,-54.8683360850505],""radius_max_m"":350.0,""radius_min_m"":120.0,""source"":""shared_reset_time_leader_centroid_and_frozen_mission_radii""}"
94,48894,random_feasible,True,True,440,880,220,False,False,False,0.0,3.6388688116541448,856.8790057360444,False,,442.0,0,0,0,0,0,11.36504451230452,,1.7104580700362708,0.7779228750005132,uniform_random_feasible,205,0,9758186142599962075,03622e85c2caaf871970f293961030d13b53e1028904faca65f2e125b482a3ef,36dbc72299936895135c824fad3f37c5add5079d01ff12b17b25fb1c004033d6,"{""measurement_index"":440,""substep_index"":4400}","{""center_m"":[0.0,0.0,-54.8683360850505],""radius_max_m"":350.0,""radius_min_m"":120.0,""source"":""shared_reset_time_leader_centroid_and_frozen_mission_radii""}"
95,48895,full_active,True,True,440,880,220,True,True,True,1.0,0.20730292606832165,0.40799002757824393,True,64.00000000000064,64.00000000000064,0,0,0,0,0,4.832011142538319,1.717850342548952,0.24372679512967207,0.8063403330015717,belief_conditioned,17,8,,,78839688eeed4c6940cea6834c0c468e3576261abfd8636abd029908a9328d81,"{""measurement_index"":440,""substep_index"":4400}","{""center_m"":[0.0,0.0,-54.33820482780075],""radius_max_m"":350.0,""radius_min_m"":120.0,""source"":""shared_reset_time_leader_centroid_and_frozen_mission_radii""}"
95,48895,no_pair_term,True,True,440,880,220,True,True,True,1.0,0.2746068381329883,0.31670782871223224,True,70.0000000000003,70.0000000000003,0,0,0,0,0,5.316835073813041,1.1248315961146111,0.20159075727781856,0.9716552079917165,belief_conditioned,20,8,,,78839688eeed4c6940cea6834c0c468e3576261abfd8636abd029908a9328d81,"{""measurement_index"":440,""substep_index"":4400}","{""center_m"":[0.0,0.0,-54.33820482780075],""radius_max_m"":350.0,""radius_min_m"":120.0,""source"":""shared_reset_time_leader_centroid_and_frozen_mission_radii""}"
95,48895,best_hypothesis_only,True,True,440,880,220,True,True,True,1.0,0.09458675880022835,0.2820557465220068,True,70.0000000000003,70.0000000000003,0,0,0,0,0,5.57602930894397,1.0787620566622624,0.19860460997301593,0.8669780000054743,belief_conditioned,20,1,,,78839688eeed4c6940cea6834c0c468e3576261abfd8636abd029908a9328d81,"{""measurement_index"":440,""substep_index"":4400}","{""center_m"":[0.0,0.0,-54.33820482780075],""radius_max_m"":350.0,""radius_min_m"":120.0,""source"":""shared_reset_time_leader_centroid_and_frozen_mission_radii""}"
95,48895,random_feasible,True,True,440,880,220,True,True,True,1.0,0.2924653721180063,0.1968568809461246,True,183.99999999999383,183.99999999999383,0,0,0,0,0,5.221761095664366,1.4108786191218878,0.7591431493471834,0.7692575410037534,uniform_random_feasible,77,0,10193864793695268255,570037f47c36fc68c2a7956d3a06024c80018d61bfb571bb9c92c7da80c33018,78839688eeed4c6940cea6834c0c468e3576261abfd8636abd029908a9328d81,"{""measurement_index"":440,""substep_index"":4400}","{""center_m"":[0.0,0.0,-54.33820482780075],""radius_max_m"":350.0,""radius_min_m"":120.0,""source"":""shared_reset_time_leader_centroid_and_frozen_mission_radii""}"
96,48896,full_active,True,True,440,880,220,True,True,True,1.0,0.6490684282093253,0.731241682771667,True,93.99999999999893,93.99999999999893,0,0,0,0,0,6.519662858343262,0.6790733804430217,0.36169963909016356,0.8892975420021685,belief_conditioned,32,8,,,dacab68b039ee8a5b04ea46024c79f6ebe3910334a5291cc8743503d0992dd39,"{""measurement_index"":440,""substep_index"":4400}","{""center_m"":[0.0,0.0,-59.536187211123504],""radius_max_m"":350.0,""radius_min_m"":120.0,""source"":""shared_reset_time_leader_centroid_and_frozen_mission_radii""}"
96,48896,no_pair_term,True,True,440,880,220,True,True,True,1.0,0.5305489761016312,0.6882770845458659,True,93.99999999999893,93.99999999999893,0,0,0,0,0,6.519662858343262,0.5456552987517927,0.2832193364876671,0.7600110000057612,belief_conditioned,32,8,,,dacab68b039ee8a5b04ea46024c79f6ebe3910334a5291cc8743503d0992dd39,"{""measurement_index"":440,""substep_index"":4400}","{""center_m"":[0.0,0.0,-59.536187211123504],""radius_max_m"":350.0,""radius_min_m"":120.0,""source"":""shared_reset_time_leader_centroid_and_frozen_mission_radii""}"
96,48896,best_hypothesis_only,True,True,440,880,220,True,True,True,1.0,0.5305489761016312,0.6882770845458659,True,93.99999999999893,93.99999999999893,0,0,0,0,0,6.519662858343262,0.5456552987517927,0.2832193364876671,0.7461692499928176,belief_conditioned,32,1,,,dacab68b039ee8a5b04ea46024c79f6ebe3910334a5291cc8743503d0992dd39,"{""measurement_index"":440,""substep_index"":4400}","{""center_m"":[0.0,0.0,-59.536187211123504],""radius_max_m"":350.0,""radius_min_m"":120.0,""source"":""shared_reset_time_leader_centroid_and_frozen_mission_radii""}"
96,48896,random_feasible,True,True,440,880,220,True,True,True,0.86,0.3214789542545751,0.37868698656421046,True,183.99999999999383,183.99999999999383,0,0,0,0,0,6.519662858343262,0.455521472264602,1.080901462872004,0.7394495839980664,uniform_random_feasible,77,0,16274012505824697180,6c54c52c5ca2b42be42a3766445823025adc7587a129a408909e6b9c140903ef,dacab68b039ee8a5b04ea46024c79f6ebe3910334a5291cc8743503d0992dd39,"{""measurement_index"":440,""substep_index"":4400}","{""center_m"":[0.0,0.0,-59.536187211123504],""radius_max_m"":350.0,""radius_min_m"":120.0,""source"":""shared_reset_time_leader_centroid_and_frozen_mission_radii""}"
97,48897,full_active,True,True,440,880,220,True,True,True,1.0,0.8525076063321116,0.8167328522803595,True,64.00000000000064,64.00000000000064,0,0,0,0,0,2.2485723959561086,1.29931225245178,0.26867627041433406,0.8065854999877047,belief_conditioned,17,8,,,02ba88bd07e910c0ddb525f4ecaaaaaa091190655f88f5736adb41739d0af61a,"{""measurement_index"":440,""substep_index"":4400}","{""center_m"":[0.0,0.0,-48.79856499501846],""radius_max_m"":350.0,""radius_min_m"":120.0,""source"":""shared_reset_time_leader_centroid_and_frozen_mission_radii""}"
97,48897,no_pair_term,True,True,440,880,220,True,True,True,1.0,0.8525076063321116,0.8167328522803595,True,64.00000000000064,64.00000000000064,0,0,0,0,0,2.2485723959561086,1.29931225245178,0.26867627041433406,0.7685727920033969,belief_conditioned,17,8,,,02ba88bd07e910c0ddb525f4ecaaaaaa091190655f88f5736adb41739d0af61a,"{""measurement_index"":440,""substep_index"":4400}","{""center_m"":[0.0,0.0,-48.79856499501846],""radius_max_m"":350.0,""radius_min_m"":120.0,""source"":""shared_reset_time_leader_centroid_and_frozen_mission_radii""}"
97,48897,best_hypothesis_only,True,True,440,880,220,True,True,True,1.0,0.8940082251280834,0.8538717322460333,True,64.00000000000064,64.00000000000064,0,0,0,0,0,2.3315841521101497,1.3732609368297617,0.24134897698236105,0.7545691249979427,belief_conditioned,17,1,,,02ba88bd07e910c0ddb525f4ecaaaaaa091190655f88f5736adb41739d0af61a,"{""measurement_index"":440,""substep_index"":4400}","{""center_m"":[0.0,0.0,-48.79856499501846],""radius_max_m"":350.0,""radius_min_m"":120.0,""source"":""shared_reset_time_leader_centroid_and_frozen_mission_radii""}"
97,48897,random_feasible,True,True,440,880,220,True,True,True,1.0,0.45487164394350355,0.42157218331315655,True,183.99999999999383,183.99999999999383,0,0,0,0,0,3.00084028793202,0.891962154586439,0.8105508234558005,0.7806575839931611,uniform_random_feasible,77,0,11876890550388910068,5f2c44dde52cf84b07464e18cd8ffe2739255130c92de5e3b270ca3e0cf0a2c6,02ba88bd07e910c0ddb525f4ecaaaaaa091190655f88f5736adb41739d0af61a,"{""measurement_index"":440,""substep_index"":4400}","{""center_m"":[0.0,0.0,-48.79856499501846],""radius_max_m"":350.0,""radius_min_m"":120.0,""source"":""shared_reset_time_leader_centroid_and_frozen_mission_radii""}"
98,48898,full_active,True,True,440,880,220,True,True,True,1.0,1.9709331354708615,1.9557276934525913,True,93.99999999999893,93.99999999999893,0,0,0,0,0,12.581727976496982,2.1943895364651973,0.20449009587618208,0.7873113749956246,belief_conditioned,32,8,,,4178644e4dde828d7759370912ba384c7838a7a570fbcdbec6e50be216e5573c,"{""measurement_index"":440,""substep_index"":4400}","{""center_m"":[0.0,0.0,-44.651028836599686],""radius_max_m"":350.0,""radius_min_m"":120.0,""source"":""shared_reset_time_leader_centroid_and_frozen_mission_radii""}"
98,48898,no_pair_term,True,True,440,880,220,True,True,True,1.0,1.9709331354708615,1.9557276934525913,True,93.99999999999893,93.99999999999893,0,0,0,0,0,12.581727976496982,2.1943895364651973,0.20449009587618208,0.8000825419876492,belief_conditioned,32,8,,,4178644e4dde828d7759370912ba384c7838a7a570fbcdbec6e50be216e5573c,"{""measurement_index"":440,""substep_index"":4400}","{""center_m"":[0.0,0.0,-44.651028836599686],""radius_max_m"":350.0,""radius_min_m"":120.0,""source"":""shared_reset_time_leader_centroid_and_frozen_mission_radii""}"
98,48898,best_hypothesis_only,True,True,440,880,220,True,True,True,1.0,2.0531067137442878,2.0418789252543115,True,93.99999999999893,93.99999999999893,0,0,0,0,0,12.581727976496982,2.5405751288461325,0.20749687593863653,0.750535499988473,belief_conditioned,32,1,,,4178644e4dde828d7759370912ba384c7838a7a570fbcdbec6e50be216e5573c,"{""measurement_index"":440,""substep_index"":4400}","{""center_m"":[0.0,0.0,-44.651028836599686],""radius_max_m"":350.0,""radius_min_m"":120.0,""source"":""shared_reset_time_leader_centroid_and_frozen_mission_radii""}"
98,48898,random_feasible,True,True,440,880,220,False,False,False,0.0,0.9099648346491851,92.0787795998564,True,243.99999999999042,243.99999999999042,0,0,0,0,0,34.36171778995853,1.813863124108428,1.0155169929256735,0.7306882910052082,uniform_random_feasible,107,0,7783799689532707811,d7a0b40d7e617816997a67486a65a5f65799e61d10de1f9a9f8a4ba7857a217e,4178644e4dde828d7759370912ba384c7838a7a570fbcdbec6e50be216e5573c,"{""measurement_index"":440,""substep_index"":4400}","{""center_m"":[0.0,0.0,-44.651028836599686],""radius_max_m"":350.0,""radius_min_m"":120.0,""source"":""shared_reset_time_leader_centroid_and_frozen_mission_radii""}"
99,48899,full_active,True,True,440,880,220,True,True,True,1.0,1.3280681889485448,1.517478715288472,True,93.99999999999893,93.99999999999893,0,0,0,0,0,3.937126013159963,1.344826609404488,0.20330448514998273,0.7568299999984447,belief_conditioned,32,6,,,e0535831439f99dcbd0b59467e63bbd4c2a91bbb983202a34877b061eecedc39,"{""measurement_index"":440,""substep_index"":4400}","{""center_m"":[0.0,0.0,-49.840750089389616],""radius_max_m"":350.0,""radius_min_m"":120.0,""source"":""shared_reset_time_leader_centroid_and_frozen_mission_radii""}"
99,48899,no_pair_term,True,True,440,880,220,True,True,True,1.0,1.3280681889485448,1.517478715288472,True,93.99999999999893,93.99999999999893,0,0,0,0,0,3.937126013159963,1.344826609404488,0.20330448514998273,0.7248736250039656,belief_conditioned,32,6,,,e0535831439f99dcbd0b59467e63bbd4c2a91bbb983202a34877b061eecedc39,"{""measurement_index"":440,""substep_index"":4400}","{""center_m"":[0.0,0.0,-49.840750089389616],""radius_max_m"":350.0,""radius_min_m"":120.0,""source"":""shared_reset_time_leader_centroid_and_frozen_mission_radii""}"
99,48899,best_hypothesis_only,True,True,440,880,220,True,True,True,1.0,1.3280681889485448,1.517478715288472,True,93.99999999999893,93.99999999999893,0,0,0,0,0,3.937126013159963,1.344826609404488,0.20330448514998273,0.7870152909890749,belief_conditioned,32,1,,,e0535831439f99dcbd0b59467e63bbd4c2a91bbb983202a34877b061eecedc39,"{""measurement_index"":440,""substep_index"":4400}","{""center_m"":[0.0,0.0,-49.840750089389616],""radius_max_m"":350.0,""radius_min_m"":120.0,""source"":""shared_reset_time_leader_centroid_and_frozen_mission_radii""}"
99,48899,random_feasible,True,True,440,880,220,True,True,True,1.0,0.8419252865614104,0.9951403267971435,True,123.99999999999723,123.99999999999723,0,0,0,0,0,4.663742571591353,1.2700956121872276,0.48219139631617336,0.7638514579884941,uniform_random_feasible,47,0,463352914833550670,e17909a0ce50d137ae2c657359ef2453f70fbbfdb94fbf8d4d778dff3a5b620c,e0535831439f99dcbd0b59467e63bbd4c2a91bbb983202a34877b061eecedc39,"{""measurement_index"":440,""substep_index"":4400}","{""center_m"":[0.0,0.0,-49.840750089389616],""radius_max_m"":350.0,""radius_min_m"":120.0,""source"":""shared_reset_time_leader_centroid_and_frozen_mission_radii""}"
